Num_Acc;jour;mois;an;hrmn;lum;dep;com;agg;int;atm;col;adr;lat;long
536537753;1;5;2024;03:00;3;974;97411;1;9;1;6;VINH-SAN (BLD 1 DU PRINCE);;
536537754;13;8;2024;21:15;5;34;34129;2;1;1;6;D21 E1;;
536537755;30;4;2024;22:50;5;974;97411;2;9;1;3;LATTRE DE TASSIGNY (AVENUE MARECHAL DE);;
536537756;29;4;2024;19:02;5;973;97302;2;2;1;3;DE GAULLE (AVENUE);;
536537757;10;8;2024;19:00;1;34;34336;1;2;1;3;SALANCS (CHEMIN DES);;
536537758;30;4;2024;19:17;1;69;69387;2;1;1;6;Rue Sébastien Gryphe;;
536537760;30;4;2024;14:35;1;69;69383;2;6;1;6;Cours Richard Vitton;;
536537761;30;4;2024;16:10;1;972;97213;2;1;1;7;ROUTE NATIONALE 1;;
536537762;13;8;2024;19:45;1;31;31555;2;3;1;3;AV JULES JULIEN;;
536537763;30;4;2024;07:20;1;972;97209;1;1;1;1;CANAL ALARIC (RUE DU);;
536537764;12;8;2024;20:55;2;31;31555;2;8;1;3;RUE SAINT ROCH;;
536537765;30;4;2024;17:10;1;971;97113;1;1;1;6;SECTION TOMBEAU;;
536537766;12;8;2024;09:30;1;29;29019;2;1;1;6;rue Emile Rousse;;
536537767;29;4;2024;16:36;2;971;97113;1;3;1;2;RN4 - SECTION RIVIERA;;
536537768;30;4;2024;16:40;1;2A;2A004;1;1;1;2;#RICANTO ROUTE ET PLAGE#;;
536537769;12;8;2024;20:30;1;22;22113;1;1;1;3;MINIHY (CHEMIN DE);;
536537770;29;4;2024;15:30;1;95;95218;2;1;1;6;FERNAND CHATELAIN (AVENUE);;
536537771;26;2;2024;12:25;1;95;95018;2;1;1;6;D909;;
536537772;13;8;2024;10:32;1;13;13206;2;2;1;1;PIERRE PUGET (COURS);;
536537773;13;8;2024;08:30;1;13;13209;2;1;1;1;GAYE (BOULEVARD DE LA);;
536537774;29;4;2024;15:30;1;91;91570;2;5;1;3;ROSIERES (RUE);;
536537775;26;4;2024;23:10;5;88;88209;2;1;1;1;EPINAL (RUE D');;
536537776;29;4;2024;10:55;1;87;87085;2;1;1;7;DUSSOUBS (PLACE DENIS);;
536537777;13;8;2024;09:20;1;13;13216;2;3;1;3;Rue le pelletier;;
536537778;28;4;2024;23:07;5;87;87085;2;1;2;7;MIDI (AVENUE DU);;
536537779;13;8;2024;09:05;1;13;13047;2;6;1;6;EDOUARD GUIZONNIER BOULEVARD;;
536537780;26;4;2024;22:07;5;87;87085;2;2;2;5;RN520;;
536537781;12;8;2024;17:25;1;13;13098;1;1;1;2;D.51;;
536537782;30;4;2024;17:45;1;85;85191;2;6;1;3;Rond-point georges duval;;
536537783;12;8;2024;17:10;1;12;12084;1;1;1;1;BELAIR;;
536537784;30;4;2024;10:50;1;83;83062;1;1;1;6;FABRI DE PEIRESC (AVENUE);;
536537785;12;8;2024;18:10;1;10;10362;2;3;1;7;Avenue du General Gallieni;;
536537786;30;4;2024;07:40;1;83;83137;2;3;1;3;Avenue des Moulins;;
536537787;30;4;2024;05:15;3;80;80131;1;1;1;1;RD935;;
536537788;13;8;2024;10:15;1;75;75115;2;1;1;2;BD PERIPHERIQUE EXTERIEUR;;
536537789;25;4;2024;12:53;1;77;77326;1;3;1;1;D346;;
536537790;12;8;2024;10:15;1;75;75118;2;1;1;4;BD PERIPHERIQUE INTERIEUR;;
536537791;29;4;2024;15:20;1;77;77251;1;1;1;6;COTE DE LA BIENVENUE;;
536537792;12;8;2024;03:12;5;75;75118;2;7;1;6;BOULEVARD ORNANO;;
536537793;29;4;2024;13:33;1;77;77445;1;9;8;6;MENDES-FRANCE (AVENUE PIERRE);;
536537794;30;4;2024;07:30;1;76;76351;2;1;1;3;COLBERT (QUAI);;
536537795;12;8;2024;15:15;1;75;75120;2;2;1;3;RUE DES PYRENEES;;
536537796;30;4;2024;14:45;1;74;74012;2;1;1;6;AMOUREUX (RUE DES);;
536537797;30;4;2024;17:16;1;71;71153;2;1;8;6;MITTERRAND (AVENUE FRANCOIS);;
536537798;13;8;2024;19:30;1;75;75118;2;2;1;3;AVENUE DE LA PORTE DE CLIGNANCOURT;;
536537799;30;4;2024;19:10;1;67;67482;2;1;1;1;ALPES (QUAI DES);;
536537800;13;8;2024;17:20;1;75;75117;2;2;1;3;BOULEVARD GOUVION SAINT CYR;;
536537801;30;4;2024;12:40;1;67;67482;2;3;1;3;FRERES EBERTS (RUE DES);;
536537802;13;8;2024;08:45;1;75;75117;2;3;8;3;BOULEVARD DE L YSER;;
536537803;29;4;2024;19:40;1;67;67447;2;1;1;3;BISCHWILLER (ROUTE DE);;
536537804;13;8;2024;14:41;1;75;75113;2;1;1;6;BOULEVARD MASSENA;;
536537805;30;4;2024;10:30;1;66;66136;2;1;2;6;MERCADER (BOULEVARD FELIX);;
536537806;13;8;2024;13:20;1;75;75112;2;3;1;6;RUE DU FAUBOURG SAINT ANTOINE;;
536537807;13;8;2024;20:15;1;94;94073;1;1;1;7;N186;;
536537808;24;4;2024;09:40;1;59;59515;2;3;1;3;Charles Isbergues;;
536537809;5;4;2024;16:25;1;59;59606;2;1;1;6;EISEN (BOULEVARD);;
536537810;13;8;2024;12:01;1;94;94054;2;1;1;3;Allée des Bleuets;;
536537811;12;8;2024;13:35;1;94;94077;2;1;1;6;Quai du Halage;;
536537812;30;4;2024;19:30;1;59;59299;1;9;2;2;CD 700;;
536537813;12;8;2024;22:35;5;94;94079;2;1;1;6;Rue du Général de Gaulle;;
536537814;30;4;2024;10:10;1;59;59350;2;1;1;6;Rue de la Halle;;
536537815;30;4;2024;23:50;4;56;56260;2;4;1;6;Boulevard du Colonel Rémy;;
536537816;12;8;2024;15:25;1;94;94071;2;3;1;3;Rue du Général Leclerc;;
536537817;30;4;2024;17:17;1;56;56121;2;1;3;6;Place Alsace-Lorraine;;
536537818;13;8;2024;12:20;1;93;93066;2;1;1;3;Boulevard Carnot;;
536537819;29;4;2024;15:00;1;56;56098;2;3;7;2;Avenue Ambroise Croizat;;
536537820;13;8;2024;12:00;1;93;93066;2;9;8;6;Avenue du Président Wilson / Rue du Landy;;
536537821;30;4;2024;15:45;1;51;51454;2;2;1;3;BOUSSINESQ (RUE GEORGES);;
536537822;13;8;2024;19:15;1;93;93053;2;1;1;3;Rue de Brément;;
536537823;28;4;2024;17:43;1;51;51108;2;1;1;6;COMPERE (RUE GENERAL);;
536537824;13;8;2024;15:06;1;93;93053;2;1;1;3;Rue de Paris;;
536537825;29;4;2024;18:20;1;50;50129;2;3;1;3;MOULIN (RUE JEAN);;
536537826;13;8;2024;14:40;1;93;93048;2;1;8;1;Allée Eugénie Cotton;;
536537827;29;4;2024;13:42;1;49;49007;2;2;1;2;RAMON BOULEVARD;;
536537828;13;8;2024;01:00;5;93;93046;2;2;1;3;Avenue Vauban / Boulevard Gutenberg;;
536537829;30;4;2024;18:05;1;47;47001;2;1;1;2;LACOUR (BD EDOUARD);;
536537830;13;8;2024;18:35;1;93;93029;2;1;1;3;Avenue Sully;;
536537831;13;8;2024;19:00;1;93;93029;2;1;1;6;Rue Anatole France;;
536537832;30;4;2024;20:30;1;44;44109;2;6;1;3;11 Boulevard Général de Gaulle;;
536537833;30;4;2024;20:00;1;37;37214;2;1;1;6;BOCAGE (RUE DU);;
536537834;13;8;2024;18:15;1;93;93027;2;6;1;3;Avenue Jean Jaurès / Avenue Paul Vaillant-Couturier;;
536537835;30;4;2024;08:45;1;37;37122;2;6;1;1;DOUZILLIERE (RUE DE LA);;
536537836;28;7;2024;09:45;1;93;93008;2;1;7;6;PROSPERITE (RUE DE LA);;
536537837;30;4;2024;21:40;5;36;36044;2;1;1;3;Boulevard Le Corbusier;;
536537838;13;8;2024;13:12;1;92;92078;2;8;1;3;VERDUN (AVENUE) (IMPAIRS 1 A 25);;
536537839;30;4;2024;08:20;1;35;35238;1;1;1;6;PORTE DES LOGES;;
536537840;2;7;2024;18:30;1;92;92062;2;2;1;3;HUGO (RUE VICTOR);;
536537842;13;8;2024;18:20;1;92;92026;2;1;1;6;GAMBETTA;;
536537844;13;8;2024;06:20;2;92;92025;2;3;1;3;PAUL BERT (RUE);;
536537846;12;8;2024;14:30;1;92;92025;2;1;1;3;CHARLES DE GAULLE (BD);;
536537847;30;4;2024;17:46;1;31;31555;2;1;1;6;ALL DE BELLEFONTAINE;;
536537848;12;8;2024;14:30;1;60;60533;2;1;7;3;Rue de Gournay;;
536537849;29;4;2024;02:20;5;31;31555;2;9;2;2;BD DE BONREPOS;;
536537850;14;8;2024;09:00;1;34;34276;1;2;1;2;D1;;
536537852;30;4;2024;11:20;1;27;27229;2;1;1;6;MENDES FRANCE (RUE PIERRE);;
536537853;30;4;2024;16:10;1;25;25204;1;2;1;2;Grande rue;;
536537854;13;8;2024;23:00;3;06;06161;2;1;1;3;2520 route nationale 7;;
536537855;29;4;2024;14:50;1;25;25462;2;3;1;6;SAINT ETIENNE FAUBOURG;;
536537856;10;8;2024;13:00;1;974;97410;1;1;1;1;N 3 Pont Payet;;
536537857;30;4;2024;12:25;1;25;25056;2;1;1;6;STRASBOURG QUAI DE;;
536537858;12;8;2024;13:50;1;62;62405;2;3;1;1;D43;;
536537859;13;8;2024;11:20;1;19;19269;2;1;1;6;Rue Ignace Dumergue;;
536537860;30;4;2024;14:21;1;25;25056;2;1;1;7;LAGRANGE  AVENUE LEO;;
536537861;14;8;2024;11:15;1;76;76377;2;3;1;6;Route de Neufchatel;;
536537862;30;4;2024;08:55;1;22;22278;2;6;1;2;71° RI (DU);;
536537863;13;8;2024;06:50;2;82;82030;1;1;1;6;Route de Belleperche;;
536537864;27;2;2024;02:05;5;21;21231;2;3;1;3;MAYENCE (DE) (RUE);;
536537865;13;8;2024;15:00;1;82;82195;1;1;1;1;514 Route de Bordeaux;;
536537866;9;7;2024;17:10;1;69;69084;1;2;1;3;Route des Déduits;;
536537867;29;4;2024;16:35;1;19;19031;2;6;1;3;CHAUMEIL (RUE PIERRE);;
536537868;13;8;2024;11:50;1;32;32384;1;1;1;6;D930;;
536537869;30;4;2024;14:30;1;17;17306;2;6;1;3;ROCHEFORT (DE)  (AVENUE);;
536537870;14;8;2024;12:00;1;12;12133;2;6;2;6;2 Avenue de Toulouse;;
536537871;30;4;2024;09:25;1;17;17306;2;1;1;6;PONTAILLAC (DE) (AVENUE);;
536537872;30;4;2024;14:35;1;14;14366;2;1;1;7;84 Rue Henry Chéron;;
536537873;13;8;2024;17:00;1;46;46073;1;1;1;1;D911;;
536537874;30;4;2024;19:05;1;13;13211;2;3;1;3;SAINT MARCEL (BOULEVARD DE );;
536537875;14;8;2024;12:00;1;47;47185;1;1;2;7;Route de Tournon;;
536537876;30;4;2024;20:15;1;13;13216;2;1;1;2;LA PELOUQUE (CHEMIN);;
536537877;12;8;2024;14:59;1;47;47106;2;6;1;3;Avenue Léon Blum;;
536537878;30;4;2024;16:00;1;13;13213;2;2;1;3;Rue louis leprince ringuet;;
536537879;30;4;2024;07:06;1;13;13211;2;3;1;5;AUDIENCE (RUE DE L');;
536537880;13;8;2024;06:45;2;86;86064;2;1;2;3;Rue de l'Arboretum;;
536537881;13;8;2024;15:51;1;34;34293;1;1;1;6;RD 907;;
536537882;30;4;2024;17:30;1;13;13047;2;3;1;3;FLORE AVENUE DE LA;;
536537883;30;4;2024;13:25;1;13;13001;2;1;1;1;CLUB HIPPIQUE (AV);;
536537884;10;8;2024;20:20;1;39;39128;2;6;1;3;29 Route d’Asnans;;
536537885;30;4;2024;13:30;1;11;11069;2;1;1;7;21 Boulevard de Varsovie;;
536537886;14;8;2024;15:15;1;38;38444;2;1;1;1;Montee des Egats;;
536537887;29;4;2024;16:30;1;11;11069;2;2;2;3;34 Avenue du Général Leclerc;;
536537888;13;8;2024;11:00;1;05;05046;1;1;1;6;Avenue du Lac;;
536537889;29;4;2024;13:20;1;11;11069;1;4;3;3;ROCADE SUD RD 6161;;
536537890;14;8;2024;15:45;1;64;64436;2;4;2;3;Gaharduko errepidea;;
536537891;19;4;2024;20:10;1;10;10333;2;6;1;7;CHARLES DE REFUGE (RUE);;
536537892;13;8;2024;15:45;1;10;10423;2;1;7;1;Route Departementale 619;;
536537893;29;4;2024;08:30;1;06;06069;2;1;1;3;77 Chemin des Basses Moulières;;
536537894;13;8;2024;21:55;3;07;07009;1;1;6;6;D86;;
536537896;13;8;2024;21:00;2;24;24520;1;1;1;6;D704;;
536537897;30;4;2024;13:20;1;01;01053;2;2;8;3;JOLIOT CURIE ( BOULEVARD IRENE COTE IMPA;;
536537898;10;8;2024;04:55;3;04;04001;1;1;1;2;RN85;;
536537899;30;4;2024;16:10;1;75;75112;2;1;1;3;ECHANGEUR BERCY;;
536537900;30;4;2024;14:00;1;75;75116;2;1;1;3;BD PERIPHERIQUE EXTERIEUR;;
536537901;14;8;2024;04:30;3;17;17101;1;1;1;7;D221;;
536537902;30;4;2024;04:30;5;75;75112;2;1;1;3;BD PERIPHERIQUE EXTERIEUR;;
536537903;30;4;2024;01:50;5;75;75105;2;3;1;3;RUE MONGE;;
536537904;13;8;2024;13:50;1;48;48051;1;1;1;3;RN106 - PK 003;;
536537905;30;4;2024;17:03;1;75;75120;2;3;1;6;AVENUE GAMBETTA;;
536537906;14;8;2024;10:50;1;06;06152;1;1;1;6;447 Route d’Antibes;;
536537907;30;4;2024;08:20;1;75;75120;2;2;2;3;BOULEVARD DAVOUT;;
536537908;14;8;2024;01:00;3;60;60533;1;1;1;2;A1;;
536537909;30;4;2024;08:29;1;75;75120;2;2;8;3;BOULEVARD DE CHARONNE;;
536537910;13;8;2024;12:45;1;974;97408;2;1;1;2;Rue Leconte de Lisle;;
536537911;30;4;2024;19:50;1;75;75115;2;2;1;1;AVENUE DE LA PORTE BRANCION;;
536537912;30;7;2024;19:00;5;971;97114;2;1;1;3;Rue de l'hermitage - D43;;
536537913;29;4;2024;10:55;1;75;75114;2;3;1;6;AVENUE DU GENERAL LECLERC;;
536537914;11;8;2024;20:30;1;34;34145;1;2;1;1;D61;;
536537915;27;6;2024;17:30;1;34;34145;2;1;1;3;Avenue du General de Gaulle;;
536537916;29;4;2024;19:35;1;75;75112;2;3;1;3;BOULEVARD DIDEROT;;
536537917;14;8;2024;16:00;1;83;83047;2;1;1;3;1003 Chemin des Banons;;
536537918;14;8;2024;00:20;3;54;54186;1;6;1;7;D83C;;
536537919;29;4;2024;22:58;5;75;75108;2;3;1;3;BOULEVARD HAUSSMANN;;
536537920;14;8;2024;15:43;1;03;03200;1;1;1;6;RD 13 - PK 2+0000 - Route de Montilly;;
536537921;29;4;2024;13:30;1;75;75103;2;2;1;6;RUE REAUMUR;;
536537922;13;8;2024;18:19;1;63;63417;1;1;1;1;cd943;;
536537923;27;4;2024;20:40;2;94;94015;2;2;2;3;Boulevard Georges Méliès / Boulevard Pasteur;;
536537924;12;8;2024;11:30;1;38;38545;2;1;1;2;D1075;;
536537925;30;4;2024;20:20;1;94;94038;2;1;1;1;Rue Paul Hochart;;
536537926;14;8;2024;15:20;1;07;07324;2;1;1;6;Quai Farconnet;;
536537927;30;4;2024;18:15;1;94;94022;2;3;1;3;Avenue Léon Gourdault / Avenue du Général Leclerc;;
536537928;12;8;2024;11:35;1;69;69028;2;1;1;1;139 Chemin du Devay;;
536537929;30;4;2024;16:20;1;94;94069;2;5;1;3;Rue du Maréchal Leclerc / Rue du Val d'Osne;;
536537930;14;8;2024;18:30;1;81;81251;1;1;2;6;Route de la Gare;;
536537932;24;4;2024;07:55;1;94;94017;2;2;1;3;Voie Sonia Delaunay / Rue Rose;;
536537933;13;8;2024;22:13;3;40;40184;1;1;1;6;Route de Lespecier;;
536537935;26;4;2024;18:35;1;94;94002;2;2;1;6;Rue Charles de Gaulle / Quai Blanqui;;
536537938;22;7;2024;16:45;1;49;49298;2;6;1;3;route nationale;;
536537939;14;8;2024;08:10;1;14;14488;2;3;1;2;153 Avenue du Grand Large;;
536537940;14;8;2024;03:45;3;56;56241;1;9;1;6;fontenego;;
536537941;9;8;2024;17:25;1;22;22178;1;1;1;1;D79 lieu dit la justice;;
536537942;12;8;2024;17:20;1;13;13214;1;1;1;2;A507 sens Marseille - Aubagne;;
536537943;12;8;2024;11:10;1;69;69290;1;1;1;4;Autoroute 43;;
536537946;13;8;2024;12:20;1;75;75113;1;1;1;6;A6B;;
536537947;12;8;2024;20:30;1;91;91136;1;1;1;6;A10 PROVINCE / RD188 PARIS;;
536537948;13;8;2024;12:54;1;93;93051;1;1;1;2;A4;;
536537949;13;8;2024;11:30;1;77;77450;1;1;1;7;RN104;;
536537950;12;8;2024;18:20;1;94;94069;1;1;1;4;A4;;
536537951;12;8;2024;15:40;1;94;94074;1;1;1;6;N406;;
536537952;12;8;2024;09:18;1;94;94081;1;1;1;6;A86;;
536537953;12;8;2024;08:15;1;77;77146;1;1;1;6;A4.Y;;
536537955;17;8;2024;16:35;1;988;98818;2;2;1;3;RUE DE METZ/RUE DE MAUBEUGE;;
536537956;12;8;2024;11:45;1;974;97416;2;1;1;6;POUDRIERE(RUE DE LA);;
536537957;11;8;2024;00:05;5;974;97416;2;2;1;3;BONS ENFANTS (RUE DES);;
536537958;12;8;2024;16:30;1;973;97302;2;1;1;6;LALLOUETTE;;
536537959;12;8;2024;09:20;1;973;97302;2;1;1;3;BADUEL (ROUTE DE);;
536537960;12;8;2024;08:50;1;973;97302;2;3;1;3;CABASSOU (ROUTE DE);;
536537961;6;8;2024;20:40;5;972;97213;1;1;1;5;AUTOROUTE A1;;
536537962;11;8;2024;10:10;1;972;97209;2;1;1;2;GENERAL DE GAULLE (BLD DU);;
536537963;12;8;2024;03:30;5;69;69381;2;1;1;6;Quai André Lassagne;;
536537964;12;8;2024;15:15;1;2A;2A004;1;1;1;4;T21;;
536537965;12;8;2024;13:58;1;91;91434;2;2;1;6;DOCTEUR ROUX (PAIRS DU 2 AU 14)  (AVENUE;;
536537966;9;8;2024;20:05;1;89;89024;1;1;1;1;NEUVE (RUE);;
536537967;7;8;2024;16:30;1;30;30351;2;6;1;6;GENERAL LECLERC AVENUE DU;;
536537968;7;8;2024;12:00;1;84;84007;2;2;1;3;AULNES(Avenue des)-MONTFAVET;;
536537969;7;8;2024;08:45;1;30;30351;2;3;1;3;PERI AVENUE GABRIEL;;
536537970;11;8;2024;18:30;1;83;83061;1;1;1;1;N7;;
536537971;11;8;2024;19:10;1;80;80021;2;1;1;6;GEORGES GUYNEMER (RUE);;
536537972;12;8;2024;14:25;1;78;78551;2;1;1;3;ARMAGIS;;
536537973;4;8;2024;20:30;1;77;77083;2;1;1;6;GARENNE (RUE DE LA);;
536537974;12;8;2024;13:30;1;76;76322;2;1;7;6;Rue Antoine Laurent de Lavoisier (Parking);;
536537975;26;7;2024;09:10;1;76;76351;2;2;1;6;Rue des Peupliers;;
536537976;12;8;2024;18:30;1;69;69290;2;6;1;2;Avenue C Cité Berliet;;
536537977;12;8;2024;11:40;1;69;69290;2;3;1;3;Chemin du Lortaret;;
536537978;12;8;2024;19:10;1;67;67482;2;3;1;3;CICERON (RUE);;
536537979;11;8;2024;01:08;5;67;67462;2;1;1;6;STRASBOURG (ROUTE DE);;
536537980;12;8;2024;20:25;1;64;64483;2;1;1;6;SAINT PEE (VIEILLE ROUTE DE);;
536537981;12;8;2024;23:45;5;64;64102;2;1;2;7;AVRIL (AVENUE DU 14);;
536537982;12;8;2024;11:20;1;64;64102;2;1;1;7;TOMBELOLI (RUE);;
536537983;12;8;2024;09:49;1;61;61001;2;2;1;6;D438;;
536537984;12;8;2024;12:10;1;59;59599;2;2;1;3;COLBERT (RUE);;
536537985;12;8;2024;01:30;5;59;59512;2;2;1;3;VIVIER (RUE DU);;
536537986;11;8;2024;02:07;4;56;56036;1;1;1;6;Pendreff;;
536537987;11;8;2024;14:00;1;56;56162;2;6;7;3;Rue des Plages;;
536537988;11;8;2024;14:35;1;54;54395;2;1;1;3;Place de la Carriere;;
536537989;11;8;2024;19:30;1;51;51454;2;1;1;6;EPERNAY (AVENUE D') COTE PAIR;;
536537990;11;8;2024;17:10;1;51;51454;2;1;1;3;FOCH (BOULEVARD);;
536537991;10;8;2024;17:50;1;51;51454;2;6;1;3;JACOB (RUE FREDERIC) LA NEUVILLETTE;;
536537992;12;8;2024;16:00;1;35;35238;2;1;1;6;GERMAIN (GABRIEL);;
536537995;11;8;2024;22:20;4;29;29039;2;1;1;3;avenue de la gare;;
536537996;12;8;2024;17:50;1;29;29019;2;1;1;4;rue de l'Harteloire;;
536537997;12;8;2024;00:08;5;27;27375;2;1;1;6;AMOUREUX (AVENUE DES);;
536537998;12;8;2024;10:15;1;26;26198;1;1;1;1;Chemin de Colas;;
536537999;12;8;2024;20:00;1;22;22187;1;9;1;6;RUE DE LA CROIX LORMEL;;
536538000;12;8;2024;19:00;1;14;14220;2;1;1;3;71 Rue Désiré le Hoc;;
536538001;11;8;2024;01:00;4;14;14715;2;1;1;6;Rue Berthier;;
536538002;12;8;2024;22:15;5;13;13208;2;1;1;3;MENDES FRANCE (AVENUE);;
536538003;11;8;2024;12:55;1;13;13213;2;1;1;1;OLIVES (AVENUE DES);;
536538004;11;8;2024;03:14;5;13;13207;2;9;1;1;Corniche John Fitzgérald Kennedy;;
536538005;7;8;2024;16:00;1;13;13001;2;1;1;3;BELGES (AV DES);;
536538006;10;8;2024;18:25;1;07;07316;2;1;1;7;RUISSEAU (CHEMIN DU);;
536538007;8;7;2024;17:34;1;94;94028;1;1;1;2;Imp Louis Pasteur Vallery Radot;;
536538008;10;7;2024;10:45;1;93;93066;2;3;8;3;PONT SAINT LAZARE (RUE);;
536538009;10;7;2024;00:25;5;93;93051;2;6;1;2;Place Neptune / Boulevard du Levant / Avenue du Pave Neuf;;
536538010;10;7;2024;14:45;1;93;93029;2;1;1;3;Avenue Henri Barbusse;;
536538011;9;7;2024;18:20;1;93;93008;2;1;1;2;Avenue Henri Barbusse;;
536538012;9;7;2024;09:30;1;93;93005;2;1;1;6;QUATORZE JUILLET (AVENUE DU);;
536538013;9;7;2024;15:38;1;92;92076;2;1;2;6;FOCH;;
536538014;9;7;2024;23:00;5;92;92050;2;1;1;7;PICASSO PABLO AVENUE;;
536538015;8;7;2024;23:15;5;92;92024;2;2;1;1;CLICHY (QUAI DE) DE (104 A 202);;
536538016;10;7;2024;20:10;1;92;92012;2;1;1;3;JEAN JAURES (BOULEVARD) 217/FIN - 210/FI;;
536538017;10;7;2024;12:40;1;92;92012;2;1;1;3;DOME (RUE DU);;
536538018;9;7;2024;07:10;1;92;92007;2;6;1;6;CROIZAT (ROND-POINT AMBROISE);;
536538019;10;7;2024;20:00;1;92;92002;2;3;1;3;GENERAL DE GAULLE (AVENUE DU);;
536538020;11;7;2024;16:45;1;60;60232;1;2;1;3;D 929;;
536538021;11;7;2024;04:40;3;60;60102;1;6;1;6;Rue du Corroy;;
536538022;9;7;2024;20:30;1;63;63026;1;1;1;7;D213;;
536538023;10;7;2024;16:00;1;51;51433;1;1;1;7;D58;;
536538024;10;7;2024;22:30;2;85;85290;1;1;1;7;D8;;
536538025;10;7;2024;17:08;1;12;12098;2;3;7;6;D22;;
536538026;11;7;2024;05:45;2;71;71170;1;1;1;6;autoroute A6 PK318.450 sens Lyon Paris;;
536538027;11;2;2024;12:35;1;87;87085;2;1;2;7;ROUSSILLON (AVENUE DU);;
536538028;7;2;2024;15:12;1;87;87085;2;1;5;7;FITZ JAMES (RUE);;
536538029;10;2;2024;17:55;2;85;85194;2;6;2;2;RUE SIMONE VEIL;;
536538030;11;2;2024;16:30;1;84;84007;2;3;1;6;SAINT ROCH (Boulevard);;
536538031;10;2;2024;18:00;3;84;84007;1;1;2;4;MARSEILLE (Route de );;
536538032;11;2;2024;02:21;3;82;82033;1;1;6;6;Route de Montauban;;
536538033;10;2;2024;11:30;1;76;76351;2;1;1;7;MARECHAL JOFFRE (RUE);;
536538034;11;2;2024;20:55;5;76;76351;2;1;1;2;ARISTIDE BRIAND;;
536538035;11;2;2024;16:10;1;76;76351;1;1;1;2;RD 6015;;
536538036;10;2;2024;11:15;1;76;76351;2;2;2;3;THIRE ET BONFAIT (AV.);;
536538037;12;2;2024;19:30;5;70;70513;2;3;2;3;Avenue des Rives du Lac;;
536538038;12;2;2024;17:00;1;69;69266;2;2;1;3;Rue Jean Bertin;;
536538040;11;2;2024;19:09;5;64;64102;2;1;1;2;CAMILLE (AVENUE DELVAILLE);;
536538041;8;2;2024;18:05;5;61;61169;2;1;3;6;D424;;
536538043;10;2;2024;18:30;5;59;59574;2;1;2;6;WILSON(RUE);;
536538044;7;2;2024;08:00;1;55;55029;2;1;1;6;MARECHALE ( RUE DE LA );;
536538045;12;2;2024;16:47;1;51;51454;2;1;1;4;CHAMPAGNE   (  AVENUE DE);;
536538046;12;2;2024;07:36;5;49;49007;2;6;2;3;PAPIN;;
536538047;12;2;2024;07:34;5;45;45147;1;1;1;6;231 Rue des Fosses;;
536538048;12;2;2024;18:00;5;37;37261;2;1;1;2;WAGNER (BOULEVARD RICHARD);;
536538049;12;2;2024;19:00;5;34;34172;2;1;2;6;DEZEUZE (RUE FRANCOIS);;
536538052;12;2;2024;18:30;5;25;25056;2;1;1;3;ILE DE FRANCE AVENUE DE L';;
536538053;11;2;2024;03:19;3;15;15014;1;1;3;6;RD 35;;
536538054;11;2;2024;06:20;3;14;14243;1;1;2;6;870 Chemin de la Butte;;
536538055;11;2;2024;17:45;1;14;14118;2;1;2;7;81 Boulevard Leroy;;
536538056;12;2;2024;18:25;5;13;13212;2;1;1;3;KADDOUZ (CHEMIN);;
536538057;12;2;2024;18:30;2;13;13001;2;6;1;3;HUIT MAI (AV DU);;
536538058;11;2;2024;19:30;3;12;12145;1;1;2;1;CAVALERIE (COTE DE LA );;
536538059;8;2;2024;17:00;1;06;06083;2;1;1;2;31 Avenue de Verdun;;
536538060;12;2;2024;21:15;5;06;06069;2;9;1;3;Route de Draguignan;;
536538061;10;2;2024;20:45;5;75;75117;2;1;1;1;ECHANGEUR MAILLOT;;
536538062;12;2;2024;19:00;5;75;75117;2;3;1;6;RUE DE SAUSSURE;;
536538063;12;2;2024;12:20;1;75;75117;2;4;1;7;AVENUE DE VILLIERS;;
536538064;12;2;2024;20:00;5;75;75115;2;1;1;7;RUE DE LA CONVENTION;;
536538065;12;2;2024;08:55;1;75;75110;2;2;1;6;RUE DU FAUBOURG SAINT MARTIN;;
536538066;12;2;2024;10:00;1;75;75104;2;1;1;3;RUE SAINT LOUIS EN L ILE;;
536538067;12;2;2024;11:25;1;93;93046;2;1;1;1;Boulevard Robert Schuman;;
536538068;11;2;2024;02:00;5;93;93063;2;1;2;1;Rue des Noyers;;
536538069;12;2;2024;18:40;5;93;93079;2;3;1;6;Route de Saint-Leu / Avenue Jean-Baptiste Clément;;
536538070;12;2;2024;19:05;5;93;93014;2;3;1;3;Allée de Gagny / Allée Henri Barbusse;;
536538071;11;2;2024;23:30;5;93;93001;2;3;1;3;Avenue Jean Jaurès / Allée Charles Grosperrin;;
536538072;12;2;2024;11:00;1;92;92051;2;2;1;3;BINEAU (BOULEVARD, N°133 A 217 ET 134 A;;
536538073;12;2;2024;11:30;1;92;92040;2;6;1;2;STALINGRAD (QUAI DE);;
536538074;12;2;2024;11:08;1;92;92040;2;1;1;6;GALLIENI (BOULEVARD);;
536538075;12;2;2024;19:55;5;92;92035;2;1;1;2;Général de Gaulle  ( avenue du );;
536538076;6;6;2024;09:00;1;974;97411;2;2;1;3;RONTAUNAY (RUE);;
536538077;12;2;2024;14:09;1;92;92012;2;1;1;2;JEAN JAURES (BOULEVARD) 63/215 - 70/208;;
536538078;12;2;2024;17:15;1;972;97227;1;1;1;3;RN5;;
536538079;7;6;2024;09:50;1;971;97101;1;1;1;5;Frédéric JALTON;;