Num_Acc;jour;mois;an;hrmn;lum;dep;com;agg;int;atm;col;adr;lat;long
536538080;17;1;2024;22:20;3;22;22030;1;1;2;6;route départementale 767 pr 48+0000;;
536538081;6;6;2024;09:00;1;971;97113;2;1;1;3;RN4 - SECTION RIVIERA;;
536538082;13;2;2024;16:25;1;974;97410;2;1;1;3;Route Nationale 3;;
536538083;6;6;2024;09:45;1;971;97101;1;1;1;3;PERRIN (SECTEUR);;
536538084;8;2;2024;21:30;3;62;62260;1;1;3;6;D939;;
536538085;7;6;2024;16:50;1;2A;2A004;2;1;1;1;KENNEDY AV PRESIDENT;;
536538086;7;6;2024;15:00;1;91;91103;2;4;1;2;VC LA FRANCILIENNE;;
536538087;9;2;2024;17:15;1;83;83087;1;1;2;5;D560;;
536538088;13;2;2024;00:15;3;19;19241;1;1;2;6;D21;;
536538089;28;5;2024;18:20;1;91;91425;1;1;1;3;RTE DES TEMPLIERS;;
536538090;7;6;2024;18:50;1;91;91201;2;1;1;3;HENRI BARBUSSE (BOULEVARD);;
536538092;6;6;2024;15:50;1;87;87085;2;2;1;6;GIFFARD (RUE HENRI);;
536538093;13;2;2024;07:30;2;60;60299;1;2;1;1;D34;;
536538094;6;6;2024;13:33;1;87;87085;1;4;1;3;COUSSADES (chemin des);;
536538095;11;2;2024;23:50;3;64;64419;1;1;1;6;Route Departementale 817;;
536538097;12;2;2024;07:40;2;53;53147;2;6;1;2;90 Rue du Terras;;
536538098;7;6;2024;23:25;5;84;84007;2;4;1;1;C.De GAULLE (Rocade);;
536538099;13;2;2024;14:00;1;04;04209;2;1;1;6;Avenue de la Libération;;
536538100;13;2;2024;07:30;2;85;85140;2;1;5;3;28 Rue de la baudrière;;
536538101;7;6;2024;09:35;1;81;81065;2;1;1;6;AUDENET  (RUE SOEUR);;
536538102;7;2;2024;14:45;1;17;17008;1;2;2;3;D137;;
536538103;7;6;2024;08:47;1;81;81004;2;1;1;6;10 Boulevard Carnot;;
536538104;13;2;2024;10:00;1;973;97309;2;1;1;3;Route de Rémire;;
536538106;7;6;2024;06:30;1;80;80021;2;6;1;3;BEAUVILLE NORD (BOULEVARD DE);;
536538107;9;2;2024;02:00;3;974;97421;1;1;5;7;Chemin de Mare a Martin;;
536538108;7;6;2024;21:50;3;78;78311;2;1;1;7;MATTEOTI (RUE);;
536538109;12;2;2024;08:17;1;13;13040;1;3;1;2;D6;;
536538110;12;2;2024;14:00;1;11;11190;2;1;1;6;1 Port la Fabrique;;
536538111;13;2;2024;09:00;1;84;84036;1;1;1;1;1580 Route du Thor;;
536538112;7;6;2024;15:10;1;78;78401;2;1;1;2;RHIN ET DANUBE (PONT);;
536538113;12;2;2024;22:40;5;06;06011;2;1;1;6;Boulevard du Maréchal Leclerc;;
536538114;7;6;2024;14:15;1;78;78401;2;9;1;6;TESSANCOURT (RUE DE);;
536538115;12;2;2024;14:40;1;68;68154;2;6;1;2;Rue des Vosges;;
536538116;7;6;2024;15:45;1;77;77169;2;1;1;7;EUROPE (AVENUE DE L');;
536538117;12;2;2024;22:00;3;57;57413;1;1;1;6;lieu dit les 4 vents;;
536538118;5;6;2024;12:10;1;77;77288;2;1;1;6;GENERAL DE GAULLE  (RUE DU);;
536538119;13;2;2024;13:25;1;07;07324;2;1;1;3;Avenue du 8 Mai 1945;;
536538120;13;2;2024;14:05;1;65;65059;2;1;1;6;9 Allées Jean Jaurès;;
536538121;12;2;2024;18:15;2;86;86229;2;1;1;7;11 Rue des Grandes Caves;;
536538122;5;6;2024;12:26;1;77;77487;2;3;1;3;BUCHER (DU);;
536538123;11;2;2024;13:40;1;29;29046;2;6;1;3;rond point du carbon;;
536538124;7;6;2024;17:00;1;77;77243;2;1;1;6;Boulevard du General de Gaulle;;
536538125;1;2;2024;18:25;5;59;59611;1;1;1;2;162 Rue de Messines;;
536538126;12;2;2024;01:05;3;69;69288;1;1;1;6;Autoroute 43;;
536538127;7;6;2024;21:00;1;76;76540;2;1;1;7;Rue Lafayette;;
536538128;11;2;2024;10:10;1;59;59581;1;1;1;4;AUTOROUTE A25;;
536538129;7;6;2024;15:30;1;76;76540;2;2;1;6;Quai du Havre (Quai haut);;
536538130;9;2;2024;18:11;2;92;92050;1;1;2;3;A86;;
536538131;6;6;2024;16:00;1;76;76540;2;3;1;7;Rue Bourbaki;;
536538132;11;2;2024;19:50;3;78;78640;1;1;1;2;N118;;
536538133;7;6;2024;14:00;1;72;72181;2;1;1;2;MARIETTE (RUE DE LA) N° IMP 1 A 85;;
536538134;10;2;2024;18:30;3;92;92036;1;1;2;6;A86;;
536538135;11;2;2024;02:29;3;95;95500;1;1;1;1;A15;;
536538136;7;6;2024;09:00;1;72;72181;2;2;1;3;FERBER CAPITAINE (RUE DU);;
536538137;11;2;2024;07:30;2;93;93005;1;1;1;2;A3;;
536538138;7;6;2024;09:25;1;71;71270;2;2;1;6;HUGO (RUE VICTOR);;
536538139;10;2;2024;23:00;3;95;95500;1;1;1;2;A15;;
536538140;7;6;2024;13:18;1;69;69266;2;1;1;1;Rue Gabriel Péri;;
536538141;10;2;2024;22:30;3;93;93027;1;1;1;6;A16;;
536538142;10;2;2024;20:40;3;92;92036;1;1;1;3;AUTOROUTE A86;;
536538143;7;6;2024;23:35;5;67;67482;2;3;1;3;TURCKHEIM (QUAI DE);;
536538144;7;6;2024;17:30;1;66;66136;2;1;1;3;Avenue Maréchal Leclerc;;
536538145;10;2;2024;16:00;1;95;95241;1;1;2;1;N104;;
536538146;7;6;2024;15:30;1;66;66136;2;1;1;2;Boulevard Aristide Briand;;
536538147;12;2;2024;12:35;1;94;94081;1;1;1;5;A86;;
536538148;7;6;2024;13:50;1;66;66136;2;2;1;3;Boulevard John-Fitzgerald Kennedy;;
536538149;12;2;2024;01:44;3;94;94069;1;1;1;6;A4;;
536538150;7;6;2024;12:55;1;66;66136;2;1;1;6;FLANDRES/DUNKERQUE (CARREFOUR);;
536538151;7;6;2024;07:50;1;66;66136;2;1;1;7;Chemin de Saint-Roch;;
536538152;11;2;2024;09:40;1;973;97302;2;1;1;5;BADUEL (ROUTE DE);;
536538153;6;6;2024;17:35;1;65;65226;1;1;1;7;Route de Pau;;
536538154;9;2;2024;10:30;1;973;97302;2;3;1;3;MERE THERESA (rue);;
536538155;7;6;2024;18:50;1;64;64445;1;3;1;2;CAMI SALIE DU;;
536538156;11;2;2024;21:05;5;69;69386;2;3;1;3;Cours Vitton;;
536538157;6;6;2024;17:05;1;64;64445;2;1;1;3;PRESIDENT KENNEDY DU;;
536538158;12;2;2024;00:30;5;2A;2A004;2;1;1;6;NAPOLEON COURS APRES BEVERINI;;
536538159;11;2;2024;15:20;1;95;95219;2;1;2;6;JEAN DE FLORETTE (ALLEE);;
536538160;6;6;2024;18:15;1;63;63113;1;2;1;3;BEAULIEU (CHEMIN DE);;
536538161;12;2;2024;01:40;3;91;91685;1;3;1;6;CHASSE (ROUTE DE);;
536538162;6;6;2024;13:00;1;63;63113;2;2;2;3;RAYNAUD (RUE);;
536538163;11;2;2024;01:40;5;91;91161;2;2;1;3;MASSY (ROUTE DE);;
536538164;11;2;2024;18:40;1;81;81065;2;2;1;3;HENRI  IV (RUE);;
536538165;6;6;2024;23:20;5;62;62270;2;2;1;3;D941;;
536538166;11;2;2024;04:15;3;77;77350;1;1;1;7;D1004;;
536538167;7;6;2024;18:25;1;59;59009;2;1;1;6;BOIS AVENUE DU;;
536538168;11;2;2024;14:25;1;69;69266;2;2;2;2;Boulevard du 11 Novembre 1918;;
536538169;7;6;2024;17:10;1;59;59350;2;1;1;3;Rue du Faubourg d'Arras;;
536538170;11;2;2024;14:50;1;64;64249;2;3;1;3;GETARIA(AVENUE);;
536538171;5;6;2024;11:20;1;59;59328;2;1;1;3;Rue de Lille;;
536538172;11;2;2024;13:03;1;63;63113;2;1;1;6;PRADELLE (RUE DE LA);;
536538173;7;6;2024;19:15;1;54;54184;2;1;1;3;Avenue Foch;;
536538174;10;2;2024;18:29;1;60;60057;2;9;2;6;Rue de la Madeleine;;
536538175;5;6;2024;18:45;1;54;54300;2;3;1;3;Avenue du General de Gaulle;;
536538176;10;2;2024;23:05;5;59;59350;2;1;2;1;Rue Armand Carrel;;
536538177;11;2;2024;20:30;5;54;54521;2;1;3;6;Rue Paul Langevin;;
536538178;7;6;2024;17:29;1;54;54261;2;3;1;6;Avenue du Luxembourg;;
536538179;11;2;2024;13:05;1;54;54382;1;1;1;6;RD618;;
536538180;7;6;2024;07:50;1;51;51454;2;3;1;3;FABIEN (RUE DU COLONNEL);;
536538181;11;2;2024;12:00;1;54;54036;1;3;2;7;D139;;
536538182;11;2;2024;12:38;1;54;54099;1;4;2;7;D138;;
536538183;6;6;2024;22:35;3;51;51474;2;1;1;3;HARANG (RUE MARGUERITE);;
536538184;11;2;2024;06:05;5;45;45338;2;6;2;6;47bis Avenue de la Libération;;
536538185;6;6;2024;17:45;1;51;51454;2;1;1;3;CRAYERES (RUE DES);;
536538186;7;6;2024;08:45;1;50;50218;1;1;1;4;AVRANCHES (ROUTE D');;
536538187;11;2;2024;19:40;5;37;37261;2;1;8;3;MARECHAL JUIN (BD);;
536538188;6;6;2024;18:34;1;50;50532;2;1;1;3;MATHURIN (RUE CHARLES);;
536538189;11;2;2024;16:30;1;37;37233;2;2;1;3;BEAUFILS (RUE MAURICE);;
536538190;6;6;2024;18:15;1;50;50129;2;5;1;6;ABBAYE (RUE DE L');;
536538191;11;2;2024;18:00;1;34;34172;2;1;1;1;PEDRO DE LUNA (BOULEVARD);;
536538192;7;6;2024;19:55;1;45;45234;2;1;1;6;D14 PR 8 + 268;;
536538193;11;2;2024;18:50;2;34;34172;2;1;1;6;LOUISVILLE (AVENUE DE);;
536538194;7;6;2024;18:30;1;45;45286;2;1;7;3;121 Route de Sandillon;;
536538195;10;2;2024;20:05;5;25;25580;2;6;2;3;Avenue du 8 Mai;;
536538196;7;6;2024;08:30;1;45;45147;2;1;1;6;23 Rue Gustave Roland;;
536538197;15;5;2024;08:10;1;42;42218;2;6;3;6;Place Paul-Louis Courier;;
536538198;11;2;2024;07:57;5;25;25056;2;3;1;5;CHURCHILL BD WINSTON (inf 12);;
536538199;11;2;2024;08:25;2;22;22113;1;1;1;7;TREGUIER (ROUTE DE);;
536538200;5;6;2024;12:45;1;40;40192;2;3;1;3;DUCOM (AV ÉLOI);;
536538201;10;2;2024;18:10;2;22;22113;1;1;1;7;R.D.767;;
536538202;7;6;2024;18:00;1;38;38179;2;2;2;1;RUE DE LA CONDAMINE;;
536538203;9;2;2024;17:30;5;13;13209;2;1;3;7;MICHELET (BOULEVARD);;
536538204;6;6;2024;04:05;5;37;37261;2;3;1;6;CHURCHILL (BOULEVARD WINSTON);;
536538205;31;1;2024;10:45;1;05;05061;2;1;1;6;JEAN JAURES ( AVENUE );;
536538206;7;6;2024;09:15;1;35;35278;2;1;1;6;DE GAULLE (AVENUE GENERAL);;
536538207;9;2;2024;11:10;1;75;75117;2;1;8;2;PORTE DE CHAMPERRET;;
536538208;24;10;2024;14:40;1;31;31582;1;1;1;6;D25;;
536538209;7;6;2024;08:50;1;35;35238;2;2;1;3;SAINT-HELIER;;
536538210;11;2;2024;15:00;1;75;75119;2;3;1;6;AVENUE SECRETAN;;
536538211;10;2;2024;10:45;1;75;75117;2;2;2;6;RUE JACQUES KELLNER;;
536538212;7;6;2024;22:00;5;34;34172;2;1;1;2;LIBERTE (AVENUE DE LA;;
536538213;25;10;2024;15:50;1;03;03176;1;1;1;5;12 Route du Bourbonnais;;
536538214;7;6;2024;11:15;1;34;34172;2;1;1;2;BRANDT (CARREFOUR WILLY);;
536538215;11;2;2024;00:40;5;75;75115;2;3;1;6;RUE DU COMMERCE;;
536538216;10;2;2024;11:00;1;75;75115;2;3;2;6;RUE GRAMME;;
536538217;6;6;2024;20:05;1;34;34172;2;2;1;3;MAURIN (AVENUE DE;;
536538218;24;10;2024;14:30;1;58;58047;1;1;1;7;D945;;
536538219;11;2;2024;16:25;1;75;75115;2;2;2;6;RUE SAINT CHARLES;;
536538220;7;6;2024;19:25;2;34;34003;2;1;1;2;D 912 VIAS (ROUTE DE);;
536538221;24;10;2024;11:20;1;66;66016;2;9;1;6;Avenue de la Republique;;
536538222;9;2;2024;12:30;1;75;75112;2;7;1;3;PLACE DU BATAILLON DU PACIFIQUE;;
536538224;24;10;2024;16:20;1;72;72328;2;1;1;6;15 Rue du Bignon;;
536538226;11;2;2024;06:40;5;75;75110;2;2;2;7;BOULEVARD DE MAGENTA;;
536538228;11;2;2024;01:01;4;75;75108;2;7;1;3;PLACE DE LA CONCORDE;;
536538229;24;10;2024;22:45;5;06;06108;2;1;1;6;654 Boulevard des Mimosas;;
536538230;7;6;2024;19:00;1;29;29232;2;1;1;2;Rue de Benodet;;
536538231;25;10;2024;04:00;3;50;50182;1;1;2;6;D2;;
536538232;10;2;2024;17:00;1;75;75107;2;2;2;6;QUAI BRANLY;;
536538233;6;6;2024;10:30;1;29;29019;2;6;1;2;PEN AR CH'LEUZ;;
536538234;24;10;2024;10:14;1;09;09057;1;1;1;6;D618;;
536538235;11;2;2024;08:00;1;94;94022;2;3;2;1;Boulevard de Stalingrad / Bretelle A86;;
536538236;10;2;2024;22:15;5;94;94069;2;4;2;7;Rue Paul Verlaine / Rue du Maréchal Leclerc;;
536538237;21;10;2024;11:00;1;16;16044;1;2;1;3;La Croix du Charme;;
536538238;11;2;2024;15:35;1;93;93030;2;3;2;2;Avenue du Général de Gaulle / Rue du Pdt Georges Pompidou;;
536538239;6;6;2024;08:35;1;27;27229;2;6;1;3;DUGUESCLIN (RUE);;
536538240;24;10;2024;19:00;2;16;16303;1;1;1;1;départemental 5;;
536538241;11;2;2024;00:15;5;93;93005;2;1;1;7;Allée Circulaire;;
536538242;11;2;2024;07:00;4;92;92025;2;1;2;3;PONT DE BEZONS;;
536538243;7;6;2024;21:45;2;22;22106;1;3;1;1;CHEMIN DES NOUETTES;;
536538244;11;2;2024;02:38;5;92;92024;2;1;1;6;GENNEVILLIERS (PONT DE);;
536538245;5;6;2024;18:10;1;21;21054;2;1;1;6;Route de Pommard;;
536538246;24;10;2024;21:50;3;07;07090;1;1;2;3;RD104 GAGNE;;
536538247;11;2;2024;20:20;5;92;92012;2;9;1;3;ANDRE MORIZET (AVENUE) - 49/FIN - 54/FIN;;
536538248;7;6;2024;17:22;1;19;19031;2;1;1;6;POINCARE (AVENUE);;
536538249;12;2;2024;07:33;5;60;60223;2;6;1;6;Rue des Sablons;;
536538250;23;10;2024;12:00;1;53;53097;2;6;1;3;Boulevard de Rochemado;;
536538251;7;6;2024;22:25;5;17;17291;1;3;1;7;ONZE NOVEMBRE   RUE DU;;
536538252;25;10;2024;13:53;1;85;85039;1;1;1;6;Rue de la minée;;
536538253;12;2;2024;18:56;5;91;91235;2;2;2;6;Rue de l'Ecoute S'Il Pleut;;
536538254;7;6;2024;19:45;1;17;17274;2;9;1;3;GRANDE RUE   RUE;;
536538255;25;10;2024;02:15;3;85;85108;1;1;1;6;D763;;
536538256;12;2;2024;17:20;1;71;71286;1;1;1;1;D980;;
536538257;7;6;2024;00:20;5;13;13001;2;3;1;3;MALACRIDA HENRI (AV);;
536538258;7;6;2024;08:00;1;09;09225;2;3;8;3;RIJOLE AVENUE DE LA;;
536538260;10;2;2024;01:15;5;33;33081;2;2;3;1;D230;;
536538261;10;2;2024;07:05;2;31;31022;2;1;6;6;65 Route de Fronton;;
536538262;24;10;2024;20:10;3;987;98715;1;1;1;6;Route du mont MARAU, pk 5.5;;
536538263;6;6;2024;17:35;1;06;06069;2;3;1;2;77 Avenue Sidi Brahim;;
536538264;12;2;2024;19:30;1;974;97401;2;1;1;1;route départementale 11;;
536538265;7;6;2024;20:20;1;01;01451;1;9;1;2;PARIS (ROUTE DE);;
536538266;22;10;2024;14:15;1;69;69027;2;1;1;6;163 Rue du Général de Gaulle;;
536538267;6;6;2024;07:10;1;75;75119;2;1;1;3;PORTE DES LILAS;;
536538268;11;2;2024;19:10;3;40;40014;1;1;1;6;Autoroute A65 - PK 56.600 - sens vers PAU;;
536538269;23;10;2024;20:05;3;17;17157;1;1;1;2;A10;;
536538270;11;2;2024;18:00;3;21;21247;1;1;3;7;A6;;
536538271;21;10;2024;07:41;1;974;97408;1;1;1;6;Chemin Departemental 41;;
536538272;7;6;2024;16:30;1;75;75119;2;3;1;3;RUE D AUBERVILLIERS;;
536538273;11;2;2024;14:45;1;43;43191;1;1;1;2;a75 pk 52+800;;
536538274;7;6;2024;15:50;1;75;75118;2;3;1;3;RUE DE LA CHAPELLE;;
536538275;6;2;2024;13:30;1;37;37194;1;1;1;3;A10;;
536538276;21;6;2024;18:10;1;13;13087;1;3;1;3;D7N;;
536538277;7;6;2024;12:00;1;75;75116;2;3;1;3;BOULEVARD MURAT;;
536538278;12;2;2024;09:30;1;61;61385;1;1;1;7;A28 PK203+920;;
536538279;22;10;2024;01:20;4;45;45155;2;1;1;6;13 Place du Château;;
536538280;4;6;2024;16:45;1;75;75116;2;3;1;6;AVENUE RAYMOND POINCARE;;
536538281;25;10;2024;17:10;1;91;91376;1;1;1;7;Rue Panhard et Levassor;;
536538282;6;6;2024;18:30;1;75;75114;2;1;1;6;RUE GEORGES DE PORTO RICHE;;
536538283;10;2;2024;19:50;3;56;56031;1;1;2;5;8 le poteau;;
536538284;31;5;2024;18:30;1;75;75112;2;1;1;2;BD PERIPHERIQUE EXTERIEUR;;
536538285;12;10;2024;05:00;3;84;84129;1;1;5;6;D183;;
536538286;7;6;2024;18:25;1;75;75111;2;3;1;3;RUE SAINT MAUR;;
536538287;11;2;2024;19:45;3;81;81145;1;1;1;1;D999 - Route de MONTAUBAN;;
536538288;29;7;2024;21:00;2;83;83068;2;3;1;3;Route du Littoral;;
536538289;7;6;2024;09:33;1;75;75110;2;1;1;1;PLACE DE LA REPUBLIQUE;;
536538290;11;2;2024;09:55;1;42;42302;2;1;7;6;Rue de la Flache;;
536538291;25;10;2024;09:00;1;06;06048;1;1;8;6;2557 Route Departementale 2204;;
536538292;6;6;2024;18:50;1;75;75109;2;2;1;6;RUE CHORON;;
536538293;10;2;2024;15:50;1;47;47174;1;2;2;3;D930;;
536538294;24;10;2024;17:25;1;89;89257;2;3;7;3;81 Avenue Jean Jaures;;
536538295;7;6;2024;19:00;1;75;75116;2;1;1;3;BOULEVARD SUCHET;;
536538296;7;6;2024;13:05;1;75;75107;2;1;1;6;BOULEVARD DES INVALIDES;;
536538297;10;2;2024;13:05;1;29;29026;1;1;1;3;RN 164;;
536538298;22;10;2024;11:50;1;68;68163;2;9;1;3;Rue du Moulin;;
536538299;7;6;2024;10:00;1;75;75107;2;2;1;6;AVENUE DU MARECHAL GALLIENI;;
536538300;9;2;2024;14:00;1;31;31136;2;1;1;3;Avenue de Toulouse;;
536538301;7;6;2024;09:00;1;75;75107;2;3;1;7;QUAI D ORSAY;;
536538302;26;1;2024;19:40;3;03;03170;1;1;1;6;route départementale 73 03210;;
536538303;24;10;2024;21:40;5;57;57596;1;1;1;6;5 Rue du Hérapel;;
536538304;7;6;2024;04:18;5;75;75107;2;1;1;6;AVENUE DE LA BOURDONNAIS;;
536538305;12;2;2024;14:45;1;58;58065;2;1;1;6;7 Rue du Docteur Duret;;
536538306;12;2;2024;18:20;3;72;72247;1;1;1;7;lieu dit le tertre;;
536538307;6;6;2024;23:00;5;94;94078;2;7;1;2;Place Hector Berlioz / Rue Jean-jacques Rousseau;;
536538308;24;10;2024;14:20;1;07;07272;1;1;3;7;D1;;
536538309;5;2;2024;07:30;3;14;14311;1;2;1;5;D139;;
536538310;6;6;2024;20:30;1;94;94011;2;3;1;6;Mail de la Résistance / Rue Jean Macé;;
536538311;12;10;2024;15:00;1;01;01185;2;2;3;6;Rue du Col de la Lèbe;;
536538312;12;2;2024;12:15;1;50;50353;1;1;1;6;Boulevard de la Porte du Roy;;
536538313;7;6;2024;15:30;1;94;94073;2;3;7;6;Avenue René Panhard / Avenue Raymond Poincaré;;
536538314;12;2;2024;02:00;3;09;09285;1;1;1;6;D3;;
536538315;23;10;2024;11:43;1;01;01385;1;3;1;3;D936;;
536538316;11;2;2024;20:45;3;43;43153;1;1;8;7;RN 88;;
536538317;7;6;2024;08:12;1;94;94077;2;2;1;3;Avenue Victor Hugo / Rue Serge Voyer;;
536538318;11;2;2024;18:40;5;40;40122;2;1;1;7;Rue de Bayonne;;
536538320;8;2;2024;18:14;3;87;87203;1;1;1;6;Route des Intendants;;
536538321;7;6;2024;19:45;1;94;94018;2;1;7;3;Quai de Bercy;;
536538322;24;10;2024;02:30;3;14;14609;1;1;1;3;Route de Littry;;
536538323;7;6;2024;19:08;1;94;94011;2;1;1;6;Place des Libertés;;
536538324;25;10;2024;04:47;3;62;62876;1;1;1;6;D929;;
536538325;12;2;2024;14:45;1;13;13091;1;1;1;1;RD7 N ZONE DE LA PILE;;
536538326;7;6;2024;12:47;1;94;94002;2;2;1;3;Rue de Seine / Rue Véron;;
536538327;25;10;2024;13:00;1;59;59645;1;1;1;7;D148;;
536538328;10;2;2024;21:30;3;971;97115;1;1;2;6;Chemin de Ravine Houel;;
536538329;7;6;2024;17:25;1;93;93071;2;3;1;3;Rue d'Aulnay / Avenue de la Garenne de Fontenay;;
536538330;20;10;2024;04:21;5;13;13215;1;1;1;2;A7-Sens Lyon vers Marseille;;
536538331;10;2;2024;15:56;1;77;77382;2;2;2;6;Avenue du Marechal Foch;;
536538332;7;6;2024;02:40;5;93;93070;2;1;1;6;Rue des Bateliers;;
536538333;8;2;2024;18:00;5;77;77349;2;2;2;1;D13;;
536538335;7;6;2024;01:10;3;93;93055;2;1;1;3;OURCQ (QUAI DE L');;
536538336;11;2;2024;17:25;1;13;13035;1;1;1;3;D17;;
536538337;7;6;2024;08:10;1;93;93032;2;3;1;3;ARISTIDE BRIAND (RUE);;
536538338;9;2;2024;17:30;2;44;44047;2;1;1;6;62 Rue Alexandre Olivier;;
536538339;23;10;2024;17:58;1;59;59009;1;1;1;2;ROUTE NATIONALE 227;;
536538340;12;2;2024;07:45;2;27;27348;1;1;1;7;Rue de Paris;;
536538341;6;6;2024;09:15;1;93;93032;2;2;1;3;Rue du Rond Point / Rue du Chanoine Monsanglant;;
536538342;23;10;2024;18:07;1;59;59350;1;1;1;2;ROUTE NATIONALE 356;;
536538343;12;2;2024;01:45;3;60;60528;1;1;2;7;D153;;
536538344;7;6;2024;14:50;1;93;93008;2;3;1;6;Rue Pierre Sémard / Rue de Carency;;
536538345;21;10;2024;17:40;1;62;62637;1;1;2;2;A1;;
536538346;10;2;2024;07:40;2;59;59125;2;1;8;1;Pont de Cantigneul;;
536538347;22;10;2024;07:10;2;59;59491;1;1;1;7;AUTOROUTE A23;;
536538348;7;6;2024;15:28;1;92;92051;2;2;1;3;VICTOR HUGO (BOULEVARD, N° 9 A 49 ET 16;;
536538349;12;2;2024;08:45;1;59;59578;2;1;1;1;63 Rue d'Aire;;
536538350;6;6;2024;13:15;1;92;92050;2;1;1;6;STALINGRAD RUE DE;;
536538351;18;10;2024;19:30;3;62;62637;1;1;1;2;A1;;
536538352;11;2;2024;16:05;1;13;13215;1;1;1;2;A7-Sens Marseille vers Lyon;;
536538353;7;6;2024;16:50;1;92;92044;2;1;1;6;BINEAU (BOULEVARD);;
536538354;24;10;2024;19:30;3;91;91136;1;1;1;2;AUTOROUTE A10;;
536538355;11;2;2024;08:00;1;13;13043;1;1;1;7;A55-Sens Martigues vers Marseille;;
536538356;7;6;2024;20:54;1;92;92024;2;9;1;3;PIERRE CURIE (RUE);;
536538357;11;2;2024;00:45;3;13;13015;1;1;1;2;A51-Sens Aix en Provence vers Marseille;;
536538358;7;6;2024;08:25;1;92;92024;2;6;1;6;TROIS PAVILLONS (RUE DES);;
536538359;24;10;2024;08:55;1;91;91037;1;1;1;2;AUTOROUTE A6;;
536538360;7;6;2024;07:45;1;92;92012;2;1;1;2;JEAN JAURES (BOULEVARD) 2/68 - COTE PAIR;;
536538361;24;10;2024;18:20;1;92;92025;1;1;1;3;A86;;
536538362;11;2;2024;00:39;3;13;13015;1;1;1;2;A51-Sens Aix en Provence vers Marseille;;
536538363;9;2;2024;22:18;3;13;13033;1;1;3;3;A55-Sens Marseille vers Martigues;;
536538364;24;10;2024;17:30;1;92;92036;1;1;1;2;A86;;
536538365;5;6;2024;18:30;1;50;50541;1;1;1;4;6 Les Pas;;
536538366;10;2;2024;04:14;3;13;13085;1;1;3;3;A50-Sens Toulon vers Aubagne;;
536538367;23;10;2024;19:00;3;78;78322;1;1;1;4;A86 EXT;;
536538368;8;6;2024;12:00;1;47;47145;2;3;1;1;Chemin de MONSEIGNE;;
536538369;10;2;2024;03:22;3;13;13005;1;1;3;7;A52-Sens Toulon vers Pont de l'Etoile;;
536538370;23;10;2024;08:20;1;92;92025;1;1;5;3;A86;;
536538371;8;6;2024;00:30;3;35;35180;1;1;1;7;le Clos d'Ahaut;;
536538372;11;2;2024;21:15;3;91;91103;1;1;1;7;RN 104;;
536538373;8;6;2024;02:10;5;91;91235;2;6;1;6;Rue Edouard Aubert;;
536538374;23;10;2024;15:55;1;93;93005;1;1;1;4;AUTOROUTE A3;;
536538375;11;2;2024;18:20;3;91;91235;1;1;1;1;RN 104;;
536538376;6;6;2024;20:26;2;18;18070;1;3;7;1;La Sauloie;;
536538377;10;2;2024;21:20;3;91;91136;1;1;2;6;AUTOROUTE A10;;
536538378;23;10;2024;09:50;1;93;93007;1;1;1;3;AUTOROUTE A1;;
536538379;7;6;2024;07:55;2;49;49092;1;1;1;1;D 84;;
536538380;10;2;2024;23:35;3;91;91689;1;9;2;2;AUTOROUTE A6A;;
536538381;24;10;2024;15:45;1;94;94073;1;1;1;3;A86;;
536538382;8;6;2024;02:55;3;974;97414;1;1;1;3;81c Îlet Furcy;;
536538383;10;2;2024;22:00;3;91;91689;1;1;2;2;AUTOROUTE A6A;;
536538384;24;10;2024;12:06;1;94;94073;1;1;1;2;A86;;
536538385;8;6;2024;05:24;2;14;14436;1;1;1;2;N13;;
536538386;24;10;2024;07:00;3;94;94017;1;1;1;2;A4;;
536538387;10;2;2024;17:10;2;92;92036;1;1;3;2;A86;;
536538388;6;6;2024;13:45;1;71;71443;1;2;8;3;D970;;
536538389;24;10;2024;06:05;3;77;77083;1;1;1;2;A4.W;;
536538390;11;2;2024;02:35;4;95;95500;1;1;1;4;A15;;
536538391;7;6;2024;15:40;1;38;38429;1;1;1;7;D1075;;
536538392;8;6;2024;05:05;2;62;62081;1;1;1;6;D939;;
536538393;23;10;2024;22:15;3;77;77121;1;1;1;2;A4;;
536538394;10;2;2024;22:10;5;93;93007;1;1;8;5;A1;;
536538395;7;6;2024;16:30;1;27;27552;1;1;1;7;A28 PK 229+500 direction ROUEN;;
536538396;25;6;2024;22:25;2;35;35238;2;1;1;6;Cours du Président John Fitzgerald Kennedy;;
536538397;8;6;2024;11:30;1;57;57163;1;1;1;7;D45;;
536538398;31;5;2024;16:48;1;38;38544;2;1;1;6;Rue Pierre et Marie Curie;;
536538399;11;2;2024;05:30;4;94;94042;1;1;2;3;A4;;
536538400;7;6;2024;18:00;1;56;56231;1;3;1;3;Lieu Dit Keravel;;
536538401;11;2;2024;04:44;3;94;94044;1;1;2;6;N406;;
536538402;3;5;2024;20:35;1;38;38544;2;1;2;6;DELORME(RUE);;
536538403;7;6;2024;14:40;1;77;77242;1;2;1;3;route départementaler 209;;
536538404;11;2;2024;02:50;3;94;94079;1;1;8;4;A4;;
536538406;11;2;2024;02:15;3;93;93051;1;1;2;2;A4;;
536538408;8;6;2024;12:37;1;71;71516;1;3;1;6;5 Rue du Mont;;