Num_Acc;jour;mois;an;hrmn;lum;dep;com;agg;int;atm;col;adr;lat;long
536538409;8;6;2024;11:45;1;71;71248;2;1;1;3;2 Route de l’Arvoux;;
536538410;29;6;2024;20:30;1;01;01160;2;3;1;3;Avenue Voltaire;;
536538411;30;5;2024;10:20;1;61;61142;1;1;1;2;D955;;
536538412;23;10;2024;23:20;3;974;97416;1;1;1;1;RN1 (ROUTE NATIONALE);;
536538413;7;6;2024;17:55;1;61;61066;1;1;1;1;D651;;
536538414;23;10;2024;06:25;2;974;97416;2;6;1;6;RECHERCHANT(RUE ADRIEN);;
536538416;7;6;2024;16:30;1;44;44014;1;1;1;7;Rue de la Roche;;
536538417;22;10;2024;20:50;5;973;97302;2;1;1;7;MADELEINE (ROUTE DE LA);;
536538419;22;10;2024;17:10;1;973;97302;2;1;1;2;MERE THERESA (rue);;
536538420;8;6;2024;09:24;1;29;29281;1;2;1;3;Ty Men;;
536538421;23;10;2024;21:10;5;69;69388;2;2;1;3;Route de Vienne;;
536538422;7;6;2024;22:45;3;29;29056;1;1;1;6;Guerrus;;
536538423;16;10;2024;15:30;1;69;69387;2;1;2;6;Avenue Berthelot;;
536538424;7;6;2024;16:45;1;29;29220;1;3;1;3;route de plomeur;;
536538425;23;10;2024;15:15;1;69;69382;2;1;1;6;48 Rue Ferrandière;;
536538426;4;6;2024;07:30;1;31;31490;2;1;1;6;9 Chemin de la Plaine;;
536538427;22;10;2024;07:15;1;971;97101;2;3;1;3;HIBISCUS (RESIDENCE);;
536538428;23;10;2024;14:10;1;91;91027;2;1;1;2;AV FRANCOIS MITTERRAND;;
536538429;6;6;2024;06:15;2;84;84025;1;1;1;7;1579 Route d?Apt;;
536538430;8;6;2024;00:50;4;03;03118;2;6;1;6;D2009;;
536538431;23;10;2024;10:25;1;87;87050;2;3;1;3;GARE (AVENUE DE LA) RD125;;
536538432;7;6;2024;13:30;1;15;15170;2;1;1;7;VC lieu dit Loucheyre;;
536538433;22;10;2024;07:32;5;87;87085;2;1;1;7;BASSE-DES-CARRIERS;;
536538434;8;6;2024;07:45;2;01;01373;2;1;1;6;17 Rue de la Vie de l'Orme;;
536538435;22;10;2024;07:47;5;87;87085;2;1;1;6;VALIN (AVENUE DU GENERAL MARTIAL);;
536538436;7;6;2024;19:05;1;06;06125;1;1;1;6;D2202;;
536538437;12;10;2024;19:15;2;83;83129;2;9;1;6;JUIN MARECHAL (AV DU);;
536538438;22;10;2024;11:10;1;83;83069;2;1;1;6;OLBIA  (VOIE);;
536538439;7;6;2024;19:20;1;50;50419;2;2;1;3;D35;;
536538440;8;6;2024;10:10;1;43;43084;1;1;2;3;Les Ayeux;;
536538441;23;10;2024;13:10;1;82;82033;1;1;1;2;Route de Toulouse;;
536538442;21;10;2024;09:40;1;80;80021;1;1;2;6;Rue de la Dodane;;
536538443;7;6;2024;19:20;1;10;10094;1;1;1;1;départementale 6;;
536538444;7;6;2024;21:15;3;07;07313;1;9;1;3;Rue Michel Gautier;;
536538445;23;10;2024;20:20;5;78;78440;2;3;1;3;ARISTIDE BRIAND (RUE);;
536538446;23;10;2024;08:45;2;78;78401;2;2;5;2;AULNES (AVENUE DES);;
536538447;8;6;2024;14:40;1;24;24577;1;1;1;1;Route des Gabarres;;
536538448;23;10;2024;07:38;2;78;78401;2;3;5;3;AULNES (AVENUE DES);;
536538449;7;6;2024;17:30;1;17;17041;1;1;1;1;D116;;
536538450;23;10;2024;15:30;1;77;77337;2;6;1;6;D10p;;
536538451;8;6;2024;01:51;4;87;87072;1;1;1;6;1493 route de la gare;;
536538452;23;10;2024;21:00;5;76;76561;2;1;1;3;Avenue Winston Churchill;;
536538454;23;10;2024;10:10;1;76;76351;2;2;1;6;FREDERIC BELLANGER;;
536538455;8;6;2024;07:00;1;973;97309;2;1;1;3;1741 Route de Montjoly;;
536538456;8;6;2024;16:35;1;69;69102;1;1;1;6;Autoroute 89;;
536538457;23;10;2024;07:10;5;76;76351;2;3;1;3;NICOLAS VALLARD (RUE);;
536538458;8;6;2024;20:13;1;06;06088;1;1;1;6;A8 PR 193 24;;
536538459;8;6;2024;00:15;3;13;13032;1;1;1;3;Route de Rognes;;
536538460;22;10;2024;12:35;1;72;72181;2;1;1;6;GENESLAY FELIX (AV) N° PAIRS 146 A 234;;
536538461;6;6;2024;13:55;1;30;30347;1;1;1;6;A9 - PK 65+500;;
536538462;22;10;2024;11:50;1;72;72181;2;3;1;3;RHIN ET DANUBE (AV) N° PAIRS 194 A 338;;
536538463;7;6;2024;13:25;1;17;17465;1;1;1;7;Saint-Jean d'Angély (Embranchement d'autoroute);;
536538464;8;6;2024;11:30;1;62;62355;1;1;1;7;A1;;
536538465;23;10;2024;21:49;5;69;69256;2;3;1;3;Rue de la République;;
536538466;8;6;2024;04:40;2;77;77407;1;1;1;2;Autoroute A6, PK 039+500 dans le sens de circulation Province vers Paris.;;
536538467;23;10;2024;19:00;5;69;69256;2;3;1;2;Avenue de Böhlen;;
536538468;7;6;2024;18:40;1;77;77023;1;1;1;7;D97;;
536538469;7;6;2024;23:10;3;77;77420;1;1;1;6;N2;;
536538470;23;10;2024;05:10;5;67;67218;2;3;1;3;JEU DES ENFANTS (RUE DU);;
536538471;8;6;2024;13:58;1;78;78531;1;1;1;6;D113;;
536538472;8;6;2024;05:40;2;84;84150;1;1;1;1;D976;;
536538473;23;10;2024;07:30;3;63;63308;2;3;2;3;GRAVENOIRE (ROUTE DE);;
536538474;7;6;2024;20:19;1;84;84042;1;1;1;6;D27;;
536538475;20;10;2024;14:30;1;62;62244;1;9;1;3;D943;;
536538476;6;6;2024;17:25;1;13;13053;1;1;1;6;D23;;
536538477;30;11;2024;17:05;1;987;98729;1;1;2;1;PK 7.800 District de Patae - Afareaitu;;
536538478;14;4;2024;09:00;1;13;13041;2;1;1;1;Boulevard Paul Cezanne;;
536538479;30;11;2024;15:30;1;47;47293;1;1;5;7;Route du Fleuve;;
536538480;23;10;2024;13:00;1;59;59090;2;1;1;4;Avenue du Général De Gaulle;;
536538481;7;6;2024;10:39;1;68;68063;2;1;1;6;Rue Gustave Eiffel;;
536538482;30;11;2024;07:10;2;11;11151;1;1;1;2;A61, PK 333.500;;
536538483;7;6;2024;18:20;1;68;68298;1;1;1;1;D48;;
536538484;1;12;2024;00:24;3;76;76320;1;1;1;1;4 La Hetrelle;;
536538485;23;10;2024;15:42;1;58;58194;2;1;1;4;HENRI BOUQUILLARD;;
536538486;31;5;2024;14:00;1;67;67345;2;3;2;4;Rue des Prés;;
536538487;30;11;2024;00:04;3;77;77382;1;1;1;2;A140;;
536538488;23;10;2024;17:15;1;57;57463;2;1;1;3;PAUL CLAUDEL (RUE );;
536538489;30;11;2024;18:20;3;972;97229;1;1;1;6;Fond Bernier;;
536538490;8;6;2024;09:20;1;38;38562;1;1;2;2;N85;;
536538491;22;10;2024;06:55;3;56;56098;1;1;1;7;Lann Sévelin;;
536538492;1;12;2024;19:20;3;35;35226;1;1;1;1;Le Paillet;;
536538493;8;6;2024;12:05;1;69;69117;1;1;1;6;Route Départementale 306;;
536538494;8;6;2024;01:00;4;65;65370;1;1;1;7;Route départementale 935 - PK 60;;
536538495;30;11;2024;11:45;1;26;26138;1;1;1;2;Aire de Pierrelatte (Aire de repos);;
536538496;8;6;2024;05:45;2;72;72244;1;1;1;7;D24;;
536538497;23;10;2024;19:25;5;54;54528;2;5;1;3;Avenue Georges Clémenceau;;
536538498;1;12;2024;19:20;5;59;59088;2;1;1;1;300 Rue Jean-Baptiste Messean;;
536538499;22;10;2024;16:15;1;54;54395;2;1;1;6;Avenue Maréchal de Lattre de Tassigny;;
536538500;30;11;2024;20:45;5;85;85196;2;1;1;1;RD11;;
536538501;8;6;2024;10:55;1;22;22273;1;4;1;1;Le Puits Merpault;;
536538502;22;10;2024;21:25;5;51;51454;2;1;1;2;JAURES (AVENUE JEAN ) DU N° 61 A FIN;;
536538503;30;11;2024;15:15;1;34;34169;2;1;1;1;ROUTE M112;;
536538504;22;10;2024;15:32;1;51;51454;2;1;1;6;MULHOUSE (RUE);;
536538505;29;11;2024;18:05;3;57;57262;1;1;1;7;D674;;
536538506;8;6;2024;12:00;1;60;60138;2;1;1;2;D1330;;
536538507;30;11;2024;12:33;1;2B;2B242;1;1;1;3;RT10;;
536538508;7;6;2024;20:57;1;60;60041;2;1;1;7;Rue de Bresles;;
536538509;21;10;2024;20:55;3;50;50129;2;1;1;6;BRETON (RUE DU);;
536538511;8;6;2024;15:20;1;80;80458;1;1;1;1;chemin communale c201;;
536538512;1;12;2024;02:45;3;69;69214;1;1;9;6;Route Départementale 308;;
536538513;8;6;2024;12:35;1;80;80383;1;1;1;6;A1;;
536538514;1;12;2024;03:50;3;71;71404;1;1;5;6;RN 80;;
536538515;30;11;2024;22:10;5;71;71190;2;1;5;6;22 Av du Mal de Lattre de Tassigny;;
536538516;22;10;2024;19:30;5;49;49246;2;1;1;4;A87;;
536538517;8;6;2024;12:15;1;59;59400;1;1;1;3;471 Route d'Estaires;;
536538518;1;12;2024;00:12;3;89;89246;1;1;5;1;D12;;
536538519;23;10;2024;11:15;1;42;42218;2;1;1;3;Boulevard Alexandre de Fraissinette;;
536538520;7;6;2024;17:45;1;13;13214;1;1;1;2;A7-Sens Marseille vers Lyon;;
536538521;1;12;2024;10:55;1;63;63366;1;1;1;1;D999;;
536538522;27;5;2024;13:30;1;57;57039;1;1;8;2;RN 431;;
536538523;30;11;2024;13:40;1;63;63409;1;1;1;6;départementale 621;;
536538524;22;10;2024;17:15;1;38;38185;2;1;1;2;RUE ALBERT REYNIER;;
536538526;1;12;2024;16:30;1;55;55253;2;1;1;6;25 Chemin du Roy;;
536538527;23;10;2024;07:20;5;37;37233;2;6;1;3;FARGES (AVENUE YVES);;
536538528;30;11;2024;02:00;3;22;22025;1;1;1;6;Lieu Dit les Mais;;
536538529;6;6;2024;08:00;1;62;62186;1;1;1;5;A21;;
536538530;23;10;2024;09:10;1;34;34172;2;1;1;1;LIBERTE (AVENUE DE LA;;
536538531;7;6;2024;21:48;2;91;91216;1;1;1;3;AUTOROUTE A6;;
536538533;7;6;2024;17:30;1;94;94043;1;1;1;5;A6B;;
536538537;12;10;2024;14:30;1;30;30189;2;3;2;2;BOISSY D ANGLAS (ALLEE);;
536538538;22;10;2024;18:00;1;29;29019;2;6;1;3;rue du Commandant Drogou;;
536538539;23;10;2024;16:35;1;27;27299;2;3;7;3;BRIAND (AVENUE ARISTIDE);;
536538540;22;10;2024;09:55;1;27;27229;2;1;1;6;ARTOIS (RUE D');;
536538541;23;10;2024;06:40;3;22;22360;1;1;1;5;RD 222;;
536538542;23;10;2024;11:55;1;21;21054;2;1;1;2;Route de Savigny;;
536538543;23;10;2024;18:10;1;17;17415;1;1;1;6;VARZAY ROUTE DE;;
536538545;23;10;2024;14:20;1;10;10387;2;2;1;3;QUATORZE JUILLET (RUE DU);;
536538546;22;10;2024;17:15;1;10;10387;2;1;1;6;BEAUSEJOUR (RUE DU);;
536538547;22;10;2024;22:40;5;75;75119;2;4;1;4;BD PERIPHERIQUE EXTERIEUR;;
536538548;23;10;2024;16:45;1;75;75118;2;2;1;3;RUE BELLIARD;;
536538549;23;10;2024;10:00;1;75;75118;2;4;1;3;RUE D AUBERVILLIERS;;
536538550;23;10;2024;09:35;1;75;75117;2;2;1;3;AVENUE DE CLICHY;;
536538551;23;10;2024;08:35;1;75;75117;2;2;1;6;RUE DES BATIGNOLLES;;
536538552;23;10;2024;17:22;1;75;75116;2;1;1;2;QUAI LOUIS BLERIOT;;
536538553;23;10;2024;10:00;1;75;75116;2;1;1;6;RUE DU GENERAL DELESTRAINT;;
536538554;23;10;2024;12:17;1;75;75113;2;3;1;3;QUAI D AUSTERLITZ;;
536538555;23;10;2024;19:00;3;75;75112;2;1;1;6;BOULEVARD DIDEROT;;
536538556;23;10;2024;16:15;1;75;75112;2;4;1;1;BOULEVARD DE LA BASTILLE;;
536538557;23;10;2024;08:20;1;75;75109;2;2;8;3;BOULEVARD POISSONNIERE;;
536538558;22;10;2024;22:50;5;75;75109;2;2;1;6;RUE DES MATHURINS;;
536538559;23;10;2024;20:10;5;75;75108;2;1;1;6;AVENUE MONTAIGNE;;
536538560;23;10;2024;21:40;5;75;75104;2;2;1;6;RUE SAINT ANTOINE;;
536538561;23;10;2024;15:50;1;75;75103;2;4;1;6;RUE DE TURBIGO;;
536538562;23;10;2024;13:00;1;75;75104;2;1;1;7;QUAI DE L HOTEL DE VILLE;;
536538563;22;10;2024;22:30;5;94;94054;2;1;1;1;Route Charles Tillon;;
536538564;22;10;2024;20:00;5;94;94019;2;3;1;3;Route de la Libération;;
536538565;23;10;2024;18:35;3;93;93078;2;2;1;2;PETITS PONTS (ROUTE DES);;
536538566;22;10;2024;03:30;3;93;93073;1;1;2;6;CHAPIT RE ( RUE DU);;
536538567;23;10;2024;15:20;1;93;93059;2;1;1;2;JEAN MERMOZ (BOULEVARD) DES N°1A57 ET N°;;
536538568;23;10;2024;18:10;1;93;93079;2;1;1;6;SAINT LEU (ROUTE);;
536538569;22;10;2024;21:25;5;93;93027;2;6;1;3;BARBUSSE (AVENUE HENRI);;
536538570;22;10;2024;14:15;1;93;93027;2;2;1;2;VAILLANT-COUTURIER (AVENUE PAUL);;
536538571;22;10;2024;09:54;1;93;93030;2;2;1;6;DE GAULLE (AVENUE DU GENERAL);;
536538572;22;10;2024;20:35;5;93;93057;2;1;1;1;EUROPE ( PONT DE L');;
536538573;23;10;2024;16:30;1;93;93005;2;3;1;6;CHARLES FLOQUET (BOULEVARD);;
536538574;23;10;2024;09:15;1;93;93078;2;1;1;6;DAMBEL (AVENUE EMILE);;
536538575;23;10;2024;10:35;1;93;93001;2;1;1;3;LEOPOLD RECHOSSIERE (RUE)  (RESTE);;
536538576;21;10;2024;12:05;1;93;93001;2;2;1;1;CHARRON (RUE);;
536538577;22;10;2024;16:00;1;92;92078;2;1;1;6;CHARLES DE GAULLE (BD) (15 AU 69);;
536538578;23;10;2024;09:35;1;92;92075;2;1;1;3;MARCEL MARTINIE (AVENUE);;
536538579;22;10;2024;16:15;1;92;92046;2;1;1;6;DE STALINGRAD;;
536538580;23;10;2024;15:25;1;92;92072;2;1;1;6;CRISTALLERIE (AVENUE DE LA);;
536538581;22;10;2024;08:25;1;92;92063;2;4;1;3;JUIN (AVENUE DU MARECHAL);;
536538582;23;10;2024;14:29;1;92;92044;2;1;1;2;BINEAU (BOULEVARD);;
536538583;23;10;2024;13:30;1;92;92040;2;1;1;6;BOURGAIN (AVENE);;
536538584;23;10;2024;09:19;1;92;92040;2;1;1;3;JEANNE D'ARC;;
536538585;23;10;2024;11:27;1;92;92026;2;1;1;2;PRÉSIDENT PAUL DOUMER (QUAI DU);;
536538586;22;10;2024;17:30;1;92;92004;2;1;1;2;REDOUTE (AVENUE DE LA );;
536538587;23;10;2024;17:50;1;92;92002;2;1;1;1;ALPES (SQUARE DES);;
536538588;23;10;2024;17:05;1;37;37022;2;3;1;3;5 Rue du Parc;;
536538591;20;10;2024;20:10;3;60;60281;1;1;1;6;D1017;;
536538592;23;10;2024;17:40;1;60;60216;1;3;1;3;D101;;
536538593;23;10;2024;11:50;1;31;31113;2;3;1;6;Rue des Ormes;;
536538594;4;10;2024;18:15;3;972;97220;2;1;1;6;Quartier Lourdes;;
536538595;23;10;2024;18:30;1;59;59107;2;1;1;6;575 Boulevard Georges Pompidou;;
536538596;23;10;2024;19:15;3;68;68315;1;1;1;1;Route de Raedersheim;;
536538597;24;10;2024;01:10;5;77;77398;2;1;1;6;D31;;
536538598;23;10;2024;10:45;1;35;35003;1;2;1;3;Rue du Gué;;
536538599;24;10;2024;13:10;1;59;59562;1;1;1;3;39 Rue Nationale;;
536538600;24;10;2024;04:00;3;56;56123;1;1;1;6;la ville auray;;
536538601;23;10;2024;14:30;1;59;59282;1;1;1;3;Route de Dunkerque;;
536538602;23;10;2024;15:45;1;2B;2B238;1;1;1;1;RT50;;
536538603;23;10;2024;15:50;1;82;82079;1;1;1;1;Chemin de Rabany;;
536538605;23;10;2024;22:20;4;71;71244;1;1;1;6;D971;;
536538606;23;10;2024;21:00;3;71;71014;1;1;1;7;62 Route de Saint Denis;;
536538607;24;10;2024;13:50;1;55;55102;1;3;1;1;D38;;
536538608;23;10;2024;23:00;3;42;42140;1;1;1;6;Route de Valinches;;
536538609;21;10;2024;06:15;3;34;34310;2;1;1;3;D19;;
536538610;22;10;2024;18:20;5;68;68135;1;2;1;1;D105;;
536538612;24;10;2024;17:20;1;39;39411;1;1;1;3;pk 5 D471;;
536538613;22;10;2024;16:35;1;44;44064;1;1;1;5;la Grande Metairie;;
536538614;23;10;2024;09:50;2;44;44131;2;6;1;3;1 Boulevard de Linz;;
536538615;23;10;2024;20:35;3;29;29190;1;9;1;6;D789;;
536538616;23;10;2024;16:00;1;15;15004;2;1;1;6;Route des Fontanilles;;
536538617;13;9;2024;21:10;5;01;01093;2;3;1;6;Avenue Pierre Marcault;;
536538618;24;10;2024;08:00;2;72;72134;1;1;5;6;Lieu Dit La Petite Clergerie;;
536538619;24;10;2024;17:10;5;06;06032;2;1;9;2;tunnel rainier III;;
536538620;24;10;2024;14:40;1;60;60616;2;2;1;3;D915;;
536538621;23;10;2024;17:35;1;64;64493;2;3;7;3;31 Avenue du Bois de la ville;;
536538622;22;10;2024;14:00;1;07;07151;1;1;2;2;D15 lieu dit la batterie - PR 39+700;;
536538623;23;10;2024;19:50;5;40;40046;2;3;1;3;888 Avenue Marechal Lyautey;;
536538624;23;3;2024;18:00;1;34;34172;2;1;1;2;TOULOUSE (AVENUE DE;;
536538625;23;3;2024;10:10;1;34;34172;2;1;1;3;FONT FROIDE (RUE DE LA);;
536538626;22;3;2024;14:30;1;34;34003;2;3;1;3;SAINT CHRIST (M7 A H11;;
536538628;23;3;2024;16:20;1;30;30007;2;1;1;3;Quai du 8 mai 1945;;
536538629;23;3;2024;09:30;1;28;28404;1;1;1;3;RD 828A;;
536538630;23;3;2024;00:50;5;16;16102;2;6;1;3;RN 141;;
536538631;22;3;2024;16:25;1;13;13210;2;2;1;3;TIMONE (AVENUE DE LA);;
536538632;23;3;2024;11:00;1;13;13005;2;9;1;3;BONNES NOUVELLES (CH.DES);;
536538633;23;3;2024;08:15;1;13;13005;2;1;1;3;CAMP DE SARLIER ROUTE DE GEMENOS;;
536538635;23;3;2024;21:00;5;06;06088;2;1;1;3;Avenue Maréchal Lyautey;;
536538636;22;3;2024;05:30;5;06;06029;2;6;1;3;Avenue Michel Jourdan;;
536538637;23;3;2024;13:20;1;75;75115;2;1;1;2;BD PERIPHERIQUE EXTERIEUR;;
536538638;22;3;2024;23:30;5;75;75114;2;4;3;6;RUE FRIANT;;
536538639;23;3;2024;13:30;1;75;75118;2;1;1;6;RUE CUSTINE;;
536538640;23;3;2024;14:45;1;75;75116;2;1;2;2;ALLEE DE LONGCHAMP;;
536538641;23;3;2024;01:30;5;75;75115;2;2;1;1;RUE DE VAUGIRARD;;
536538642;22;3;2024;17:25;1;75;75114;2;2;1;3;AVENUE DE LA PORTE DE MONTROUGE;;
536538643;23;3;2024;02:00;5;75;75109;2;3;1;3;BOULEVARD HAUSSMANN;;
536538644;23;3;2024;01:01;5;75;75108;2;7;1;6;COURS ALBERT 1ER;;
536538645;23;3;2024;05:30;2;75;75107;2;2;1;1;PONT ALEXANDRE III;;
536538646;23;3;2024;19:35;5;94;94068;2;1;1;6;Place des Marronniers;;
536538647;23;3;2024;07:00;2;94;94068;2;1;1;6;Avenue de l’Alma;;
536538648;22;3;2024;15:40;1;94;94076;2;3;1;3;Avenue de Fontainebleau / Rue Anatole France;;
536538649;23;3;2024;05:00;5;94;94017;2;1;2;6;Avenue Roger Salengro;;
536538650;10;7;2024;10:55;1;59;59402;1;3;1;1;Rue du Bister;;
536538651;23;3;2024;20:15;5;93;93071;2;1;2;6;Avenue Berlioz;;
536538652;23;3;2024;12:45;1;93;93071;2;1;1;6;Boulevard Stalingrad;;
536538654;23;3;2024;07:40;1;93;93072;2;3;1;3;Rue de Fontenay / Rue du Président Harding;;
536538655;10;7;2024;19:10;1;2A;2A271;2;1;1;2;RT22;;
536538656;23;3;2024;13:30;1;93;93010;2;5;1;3;Avenue de Rosny / Chemin des Carouges;;
536538657;10;7;2024;09:35;1;65;65126;2;1;1;7;1 chemin de la chapelle;;
536538658;23;3;2024;11:23;1;93;93063;2;1;1;3;Boulevard Edouard Branly;;
536538659;23;3;2024;19:30;5;93;93008;2;2;2;4;Avenue du Président Salvador Allende / Rue Bernard Birsinger;;
536538660;10;7;2024;18:50;1;81;81070;1;3;1;3;Route de Giroussens;;
536538661;23;3;2024;08:35;1;92;92075;2;1;8;2;MARY BESSEYRE (RUE);;
536538662;11;7;2024;13:20;1;47;47052;2;2;7;3;Avenue d?Albret;;
536538663;23;3;2024;21:00;5;92;92072;2;1;1;2;EUROPE (AVENUE DE L');;
536538664;11;7;2024;17:10;1;68;68338;1;2;3;3;Route de Colmar;;
536538665;23;3;2024;11:35;1;92;92020;2;2;1;3;TIMBAUD RUE JEAN-PIERRE N° PAIRS;;
536538666;22;3;2024;23:15;5;92;92040;2;3;2;3;FRERES VOISIN (BOULEVARD DES);;
536538668;23;3;2024;16:22;1;92;92024;2;1;2;3;VICTOR HUGO (BD);;
536538669;23;3;2024;01:45;5;92;92023;2;9;9;3;PORTE DE TRIVAUX (RUE DE) N°57 A 197 ET;;
536538670;23;3;2024;19:30;5;92;92012;2;1;2;3;VICTOR HUGO (AVENUE) 49/FIN - 60/FIN;;
536538671;10;7;2024;18:35;1;25;25154;1;1;8;1;Route Nationale;;
536538672;23;3;2024;20:10;5;92;92012;2;1;9;6;SILLY (RUE DE) 1/87 - 2/88;;
536538673;9;7;2024;10:30;1;44;44069;2;1;2;6;3 avenue de la brière;;
536538674;23;3;2024;14:05;1;92;92012;2;1;2;3;ANDRE MORIZET (AVENUE) 1/47 - 2/52;;
536538675;23;3;2024;09:55;1;35;35176;2;2;1;6;Rue de la Résistance;;
536538676;23;3;2024;23:40;3;37;37058;1;1;2;6;1239 Rue des Gravets;;
536538677;6;7;2024;18:30;1;44;44111;1;2;1;3;l'Arche du Fouan;;
536538678;23;3;2024;17:50;1;76;76287;1;1;4;6;A 151;;
536538679;10;7;2024;18:10;1;38;38184;1;1;1;1;Communale 7;;
536538680;24;3;2024;09:20;1;71;71273;1;1;1;6;D973;;
536538681;10;7;2024;11:16;1;38;38529;1;1;1;1;Avenue du Golf;;
536538683;23;3;2024;19:00;1;76;76210;2;1;2;3;Route de Neufchatel;;
536538684;11;7;2024;13:18;1;02;02634;2;1;1;6;56 Grande Rue;;
536538685;23;3;2024;19:50;3;31;31445;2;1;1;6;253 Route de Castres;;
536538686;11;7;2024;15:00;1;50;50151;1;3;1;6;départementale 652;;
536538687;24;3;2024;16:10;1;51;51192;1;1;1;7;route departementale 3;;
536538688;24;3;2024;15:15;1;974;97414;2;1;1;6;55 Rue Pente des Vacoas;;
536538689;11;7;2024;12:45;1;50;50021;1;4;1;1;Le Broc;;
536538690;23;3;2024;15:45;1;59;59309;1;5;1;3;Route de Killem;;
536538691;11;7;2024;18:07;1;18;18092;2;1;1;7;13 Rue des Epinettes;;
536538692;24;3;2024;03:50;3;60;60380;2;1;2;6;Avenue du Grenier à Sel;;
536538694;22;3;2024;13:23;1;63;63091;1;9;1;6;A75 - diff 18 bretelle sortie sens NORD/SUD;;
536538695;22;3;2024;18:17;1;63;63411;1;2;1;3;Autoroute A75 échangeur N°9 sens NORD/SUD;;
536538696;7;7;2024;17:45;1;04;04031;1;1;1;1;D907;;
536538697;23;3;2024;20:00;5;30;30202;2;3;1;1;Avenue André de Philip;;
536538698;11;7;2024;05:50;3;85;85288;1;2;1;3;D21;;
536538699;22;3;2024;18:40;2;34;34270;2;4;1;3;Route de Sete;;
536538700;11;7;2024;03:20;3;85;85294;2;1;1;7;Rue des sables;;
536538701;24;3;2024;00:30;3;57;57426;1;2;2;3;Route de Luttange;;
536538702;8;7;2024;18:20;1;17;17091;1;1;1;3;Route de Villedoux;;
536538703;14;3;2024;10:45;1;57;57370;2;9;1;6;33 Rue de Thionville;;
536538704;10;7;2024;19:41;1;48;48094;1;1;1;7;Route de la Canourgue;;
536538705;24;3;2024;11:00;1;62;62524;2;1;1;1;VC;;
536538706;27;5;2024;11:40;1;52;52017;1;1;1;7;départementale 3;;
536538707;23;3;2024;16:45;1;51;51171;1;1;2;7;Rue de l'église (Gernicourt);;
536538708;23;3;2024;23:05;3;19;19229;1;1;1;6;lieu-dit les guierles;;
536538709;24;3;2024;09:05;1;61;61081;1;1;1;7;D50 PR3+820;;
536538710;10;7;2024;14:17;1;21;21581;1;1;2;6;A36 PK 179+800 sens BESANCON/BEAUNE;;
536538711;23;3;2024;22:35;3;13;13045;1;1;1;1;Route d'Arles;;
536538712;22;3;2024;16:27;1;02;02806;1;1;1;6;D310;;
536538713;11;7;2024;09:05;1;69;69206;1;1;1;2;Autoroute 6;;
536538714;24;3;2024;16:00;1;26;26069;1;1;1;6;pk 41 D518;;
536538715;10;7;2024;19:15;2;13;13103;1;1;1;7;Autoroute A54, échangeur 13, pk 063.960, direction NIMES;;
536538716;22;3;2024;17:52;1;06;06105;2;7;1;3;Route de Grasse;;
536538717;24;3;2024;15:24;1;60;60253;1;1;6;4;D11;;
536538718;10;7;2024;15:55;1;987;98722;1;1;1;1;RT2, PK 27+500, vers PAPEETE;;
536538719;23;3;2024;23:00;3;64;64082;1;2;1;3;D28;;
536538720;10;4;2024;13:55;1;988;98802;1;1;1;2;RT1 - PORT OUENGHI;;
536538721;23;3;2024;18:24;2;43;43018;1;2;7;3;D589;;
536538722;11;7;2024;10:00;1;974;97408;2;1;1;6;Avenue de la Palestine;;
536538723;20;2;2024;09:40;1;27;27001;1;3;1;3;D438;;
536538724;11;7;2024;17:25;1;77;77089;1;2;1;3;D213;;
536538725;11;7;2024;11:15;1;95;95199;2;1;1;6;45 JEAN JAURES (AVENUE);;
536538726;18;3;2024;15:34;1;17;17317;1;1;1;1;D730;;
536538727;24;3;2024;15:40;1;73;73241;1;1;2;6;A430 Péage Sainte-Hélène-sur-Isère;;
536538728;24;3;2024;05:55;5;42;42279;2;2;2;3;Route de Saint-Étienne;;
536538729;10;7;2024;16:40;1;78;78615;1;1;1;5;D30;;
536538730;23;3;2024;00:08;3;69;69050;1;1;1;3;Autoroute 89;;
536538731;9;7;2024;20:55;2;30;30211;2;1;1;1;Route de Beaucaire;;
536538732;23;5;2024;16:45;1;34;34157;2;1;1;6;boulevard paul valery;;
536538733;23;3;2024;18:35;1;13;13013;1;6;1;7;A52,bretelle entrée, S2,Pk 07.479;;
536538734;11;7;2024;03:55;3;34;34090;1;3;1;7;3 Rue Antoine Blanchemain;;
536538735;13;3;2024;10:00;1;976;97603;2;1;1;6;Hamouro;;
536538736;23;3;2024;15:25;1;987;98725;2;1;1;1;face tahiti menager;;
536538737;11;7;2024;10:40;1;84;84147;1;1;1;3;D973 Y;;
536538738;23;3;2024;20:50;5;971;97128;1;1;1;3;Route de Maudette;;
536538739;11;7;2024;14:54;1;13;13059;1;6;1;2;d556;;
536538740;24;3;2024;16:00;1;06;06058;2;6;1;6;Route Napoleon;;