Num_Acc;jour;mois;an;hrmn;lum;dep;com;agg;int;atm;col;adr;lat;long
536538741;24;3;2024;04:17;3;03;03298;1;1;2;6;N209 route de vichy;;
536538742;11;7;2024;19:50;1;58;58117;1;1;1;3;D47;;
536538743;24;3;2024;15:55;1;38;38097;2;1;1;1;Route de la Plaine;;
536538744;23;3;2024;19:10;3;26;26233;1;1;1;7;Route de Vaison;;
536538745;13;5;2024;09:15;1;67;67529;2;7;1;6;01 rue du Ried;;
536538746;23;3;2024;05:45;2;01;01262;2;3;1;3;160 Faubourg de Lyon;;
536538747;11;7;2024;18:10;1;03;03100;2;2;1;3;carrefour Grande Rue et Rue du port;;
536538748;23;3;2024;17:20;1;01;01405;1;1;1;1;D1083 lieu-dit les tiards;;
536538749;10;7;2024;20:45;1;63;63213;1;1;1;3;Chemin communal;;
536538750;23;3;2024;14:20;1;69;69254;1;1;1;6;Route D'Amplepuis;;
536538751;23;3;2024;15:52;1;86;86173;1;9;1;5;D759;;
536538753;23;3;2024;10:45;1;22;22282;1;1;8;7;Rue du Guebriant;;
536538755;11;7;2024;09:10;1;07;07324;2;1;1;2;avenue de lyon;;
536538756;23;3;2024;04:15;3;69;69199;1;1;1;2;Autoroute 7;;
536538757;10;7;2024;15:15;1;01;01202;2;1;1;3;8 Rue de l’Industrie;;
536538758;22;3;2024;14:04;5;92;92050;1;1;1;2;A14;;
536538759;11;7;2024;13:10;1;81;81271;1;1;1;6;D38;;
536538760;23;3;2024;10:45;1;93;93053;1;1;1;2;A3;;
536538761;22;3;2024;17:55;1;95;95176;1;1;1;2;A15;;
536538762;10;7;2024;18:40;1;17;17336;1;1;1;4;D137;;
536538763;21;3;2024;16:40;1;94;94002;2;3;1;3;Rue Etienne Dolet / Allee du 8 Mai 1945;;
536538765;22;3;2024;09:30;1;987;98735;2;1;1;2;PRINCE HINOI (AVENUE);;
536538766;22;3;2024;07:55;1;987;98735;2;1;1;3;CLEMENCEAU (RUE QTIER MANUHOE);;
536538767;11;7;2024;11:15;1;50;50444;1;1;1;1;D13;;
536538768;22;3;2024;18:00;1;974;97411;2;1;1;6;MACE (BOULEVARD GABRIEL);;
536538769;10;7;2024;14:10;1;14;14762;1;1;1;7;La Baziniere- Maisoncelles (Maisoncelles-la-Jourdan);;
536538770;22;3;2024;18:30;2;69;69388;2;1;1;6;Boulevard des Etats-Unis;;
536538771;9;7;2024;10:50;1;22;22070;2;1;2;6;Rue du Grand Trotrieux;;
536538772;10;7;2024;17:50;1;22;22162;2;1;1;6;Carrefour (Supermarché);;
536538773;22;3;2024;13:00;1;69;69387;2;3;1;3;Avenue Jean Jaurès;;
536538774;22;3;2024;16:30;1;69;69149;2;2;1;3;Route de Brignais;;
536538775;11;7;2024;07:10;1;76;76164;1;1;1;1;D490;;
536538776;22;3;2024;12:15;1;69;69389;2;3;1;6;40 Rue Marietton;;
536538777;9;7;2024;13:15;1;62;62128;2;1;1;6;D42;;
536538778;22;3;2024;19:15;4;971;97107;2;1;1;1;DUMANOIR ( ALLEE );;
536538779;11;7;2024;03:00;3;59;59614;2;1;1;7;ROUTE NATIONALE;;
536538780;22;3;2024;13:04;1;2A;2A004;2;3;1;3;21 Avenue Marechal Juin;;
536538781;10;7;2024;22:30;3;59;59139;2;1;1;6;Rue de Saint-quentin;;
536538782;10;7;2024;17:52;1;91;91228;1;1;1;3;RN 104;;
536538783;22;3;2024;22:50;3;95;95539;2;4;2;2;D301;;
536538784;10;7;2024;17:30;1;91;91136;1;9;1;6;AUTOROUTE A126;;
536538785;22;3;2024;17:35;1;95;95252;2;6;1;1;ANDRE CITROEN (RUE);;
536538786;10;7;2024;15:56;1;91;91064;1;1;1;7;RN 118;;
536538787;22;3;2024;16:20;1;95;95582;2;3;1;6;D14;;
536538788;10;7;2024;16:20;1;91;91687;1;1;1;3;AUTOROUTE A6;;
536538789;19;3;2024;16:45;1;95;95210;2;9;1;6;D311;;
536538790;10;7;2024;02:27;3;91;91617;1;1;2;6;RN 104;;
536538791;10;7;2024;19:40;1;95;95277;1;1;1;2;A1;;
536538792;22;3;2024;08:00;1;91;91345;2;1;1;4;RUE PDT FRANCOIS MITTERRAND;;
536538793;22;3;2024;10:35;1;91;91027;2;6;1;6;RUE EDOUARD VAILLANT;;
536538794;10;7;2024;08:20;1;93;93066;1;1;1;5;AUTOROUTE A1;;
536538795;22;3;2024;17:00;1;91;91174;2;1;1;6;RUE FERAY;;
536538796;21;3;2024;10:36;1;87;87085;2;1;1;6;LA FONTAINE (RUE);;
536538797;22;3;2024;18:45;2;86;86194;2;1;1;1;Rue du Faubourg du Pont Neuf;;
536538798;22;3;2024;17:30;1;84;84007;2;1;1;6;FOLCOAUD (COURS DES FRÈRES);;
536538799;10;7;2024;07:30;1;93;93029;1;1;1;4;A86;;
536538800;21;3;2024;10:15;1;30;30011;2;6;1;3;920 Avenue de la 2e Division Blindee;;
536538801;9;7;2024;23:40;3;95;95582;1;1;1;5;A115;;
536538802;22;3;2024;14:40;1;82;82033;2;2;1;3;Rue de la République;;
536538803;10;7;2024;19:05;1;93;93051;1;1;1;2;A4;;
536538804;21;3;2024;10:10;1;80;80021;2;3;1;3;Rue de Cagny;;
536538805;9;7;2024;04:30;3;77;77373;1;1;1;2;RN104;;
536538806;1;7;2024;08:30;2;44;44109;2;1;1;3;1 Boulevard Gabriel Lauriol;;
536538807;11;3;2024;11:45;1;77;77188;2;1;1;7;D.39;;
536538808;9;7;2024;10:28;1;45;45234;2;1;1;2;13 Avenue du Parc de l'Etuvée;;
536538809;20;3;2024;18:05;1;77;77067;2;1;1;6;Rue de l'Industrie;;
536538810;22;3;2024;15:20;1;77;77132;2;1;1;3;AV ROBERT SCHUMAN;;
536538811;4;3;2024;19:35;5;14;14752;2;1;2;1;20 Rue d’Aunay;;
536538812;22;3;2024;04:00;3;77;77186;2;1;1;6;CASCADES (AVENUE DES);;
536538813;17;4;2024;16:30;1;50;50099;2;1;1;6;boulevard de verdun;;
536538814;22;3;2024;00:40;5;76;76296;2;2;1;3;LIBERATION (RUE DE LA );;
536538815;22;3;2024;18:35;1;74;74010;1;1;1;3;LIONEL TERRAY;;
536538816;7;7;2024;17:35;5;988;98818;2;6;1;2;RUE BERTHELOT;;
536538817;23;3;2024;00:50;5;72;72181;2;1;2;6;RUBILLARD AV N° IMP 57 ET >;;
536538818;9;7;2024;12:05;1;987;98736;2;1;1;3;AFARERII (RUE);;
536538819;22;3;2024;16:45;1;72;72181;2;1;1;2;LEFAUCHEUX PIERRE (BD);;
536538820;22;3;2024;08:10;1;72;72181;2;1;1;2;TABACS (PONT DES);;
536538821;9;7;2024;06:55;1;976;97611;2;1;1;6;mamoudzou centre-Rassi Boina Kaïm (rue);;
536538822;9;7;2024;04:30;3;974;97416;1;1;1;7;RN1 (ROUTE NATIONALE);;
536538823;22;3;2024;01:04;5;72;72181;2;2;1;3;GAMBETTA (RUE) N° IMP 1 A 21;;
536538824;9;7;2024;17:25;2;974;97416;1;1;1;3;RN3 (2);;
536538825;21;3;2024;16:10;1;72;72181;2;1;1;2;BROSSOLETTE PIERRE (BD) N° IMP;;
536538826;22;3;2024;14:00;1;69;69276;1;1;1;1;Avenue Albert Ramboz;;
536538827;9;7;2024;17:00;1;974;97416;1;3;1;1;PERE MAITRE(RUE DU);;
536538828;22;3;2024;10:40;1;69;69271;1;1;1;3;3 Avenue des Frères Montgolfier;;
536538829;9;7;2024;16:30;1;974;97411;1;1;1;2;LITTORAL (ROUTE 1 DU);;
536538830;22;3;2024;08:35;1;66;66136;2;1;1;6;Rue de SAINT-NAZAIRE;;
536538831;8;7;2024;13:50;1;972;97209;1;1;1;3;AUTOROUTE (A1);;
536538832;22;3;2024;09:40;1;64;64125;1;1;1;1;AHETZE (ROUTE);;
536538833;22;3;2024;15:30;1;64;64024;2;1;1;3;BAYONNE (AVENUE DE);;
536538834;9;7;2024;12:25;1;971;97120;2;2;1;3;HANNE (BOULEVARD);;
536538835;22;3;2024;10:25;1;64;64102;2;1;1;7;AMADE  (ROND POINT);;
536538836;8;7;2024;16:00;1;971;97113;1;1;1;2;PETIT HAVRE (SECTEUR);;
536538837;22;3;2024;08:36;1;64;64024;2;1;5;3;LOUILLOT (RUE DE);;
536538838;9;7;2024;19:24;1;2A;2A004;2;1;1;6;HERMINIER GARE MARITIME QUAI;;
536538839;21;3;2024;16:55;1;63;63245;1;1;1;1;ROCADE RD 446;;
536538840;22;3;2024;15:16;1;63;63113;2;1;1;6;BONNEFONS (RUE JEAN);;
536538841;8;7;2024;09:50;1;84;84007;2;1;1;6;CHANGE (PLACE DU);;
536538842;22;3;2024;17:50;1;62;62244;2;1;2;6;Impasse Simone Veil;;
536538843;9;7;2024;14:30;1;83;83069;2;1;1;3;DECUGIS (AVENUE ALFRED);;
536538844;22;3;2024;07:40;1;62;62041;2;1;1;2;Rue Auguste Dumand;;
536538845;22;3;2024;20:30;5;59;59122;2;1;2;6;MICHELET (AVENUE);;
536538846;8;7;2024;14:00;1;80;80674;2;1;1;2;Route de Corbie;;
536538847;22;3;2024;11:55;1;58;58194;2;3;1;6;PREFECTURE;;
536538848;9;7;2024;10:00;1;78;78383;2;3;1;6;FOREZ (AVENUE DU);;
536538849;22;3;2024;16:58;1;57;57463;2;9;1;6;BOURBONNAIS (RUE DU );;
536538850;22;3;2024;17:55;2;56;56121;2;1;3;4;Rue colonel Jean Muller;;
536538851;21;3;2024;14:00;1;56;56098;2;3;1;3;ZEDE (RUE  GUSTAVE );;
536538852;22;3;2024;12:20;1;54;54395;2;1;1;3;Avenue du Maréchal Juin;;
536538853;8;7;2024;16:30;1;77;77083;1;1;1;2;MARNE VPN (ROUTE DE LA);;
536538854;21;3;2024;23:11;5;54;54395;2;5;1;3;Boulevard Lobau;;
536538855;22;3;2024;07:30;1;54;54575;1;1;1;6;RD17;;
536538856;22;3;2024;15:20;1;54;54099;2;6;1;7;D906;;
536538857;9;7;2024;16:20;1;77;77335;1;1;2;4;RN3 (ROUTE NATIONALE);;
536538858;20;3;2024;16:00;1;52;52448;2;2;1;6;CARNOT (RUE DU PRESIDENT) PAIR;;
536538859;8;7;2024;16:00;1;73;73065;2;1;7;2;REPUBLIQUE (RUE DE LA);;
536538860;21;3;2024;16:45;1;50;50129;2;2;8;3;BECQUET DE HAUT (RUE);;
536538861;8;7;2024;16:40;1;72;72181;2;1;1;6;MINIMES (RUE DES);;
536538862;20;3;2024;16:50;1;50;50129;2;1;1;2;SALINE (BOULEVARD DE LA);;
536538863;8;7;2024;20:40;1;72;72181;2;2;1;3;HOCHE (RUE) N° PAIRS 46 ET >;;
536538864;20;3;2024;17:45;1;50;50129;2;3;1;3;FOEDRE (RUE DE LA);;
536538865;22;3;2024;17:00;1;49;49007;2;1;1;3;TOUSSAINT RUE ET IMPASSE;;
536538866;7;7;2024;20:05;1;72;72181;2;3;1;3;PAVOINE PIERRE (RUE);;
536538867;22;3;2024;08:58;1;49;49007;2;6;1;3;RAMON BOULEVARD;;
536538868;9;7;2024;08:45;1;71;71306;2;3;1;1;DE LATTRE DE TASSIGNY (BLD DU MARECHAL);;
536538869;22;3;2024;11:10;1;47;47031;2;3;1;3;JEAN JAURES (Avenue);;
536538870;9;7;2024;09:18;1;71;71076;2;1;1;6;REMPART SAINT PIERRE;;
536538871;22;3;2024;17:37;1;45;45284;2;2;1;3;60 Rue d'Ambert;;
536538872;8;7;2024;11:40;1;69;69282;2;2;1;3;Avenue du Dauphiné;;
536538873;22;3;2024;11:40;1;45;45208;2;1;7;3;28bis Boulevard Paul Baudin;;
536538874;22;3;2024;16:00;1;42;42316;2;4;1;2;Rue Charles de Gaulle;;
536538875;9;7;2024;06:45;1;69;69264;2;2;1;3;Rue Rene Cassin;;
536538876;22;3;2024;08:30;1;41;41295;2;1;1;2;SAND (RUE GEORGE);;
536538877;3;7;2024;07:10;1;69;69013;2;9;1;3;Avenue de Joux;;
536538878;21;3;2024;16:30;1;38;38151;2;9;1;1;JAURES (COURS J. 1 A 48-75);;
536538880;21;3;2024;07:30;1;37;37195;2;6;1;3;PRIEURE (AVENUE DU);;
536538881;22;3;2024;19:40;3;36;36044;2;4;1;6;219 Rue Combanaire;;
536538882;9;7;2024;16:25;1;64;64122;2;1;1;4;DASSAULT MARCEL (BD);;
536538883;9;7;2024;14:17;1;63;63113;2;1;1;7;PAULINES (AVENUE DES);;
536538884;22;3;2024;21:55;5;35;35238;2;3;2;3;MONNAIE ( DE LA);;
536538885;4;7;2024;11:50;1;62;62498;2;1;1;2;D58E1;;
536538886;22;3;2024;15:45;1;35;35238;2;1;8;2;GROS MALHON (AVENUE);;
536538887;9;7;2024;11:30;1;62;62244;2;1;2;7;Rue du Vinfil;;
536538888;9;7;2024;23:45;5;60;60057;2;1;1;6;Rue d'Anjou;;
536538889;22;3;2024;19:55;5;34;34172;2;2;1;3;ZUCCARELLI (PONT JEAN);;
536538891;9;7;2024;13:10;1;59;59350;2;1;8;3;Avenue de Dunkerque (Lomme);;
536538892;9;7;2024;10:45;1;59;59009;1;1;1;6;COLBERT RUE;;
536538894;9;7;2024;13:30;1;57;57463;2;1;1;7;BORNY (ROUTE DE );;
536538897;9;7;2024;08:50;1;56;56260;1;1;2;2;Ménimur;;
536538898;22;3;2024;16:33;1;31;31555;2;1;1;6;RTE DE SEYSSES;;
536538899;9;7;2024;09:00;1;56;56260;2;6;2;2;Giratoire des 3 Rois;;
536538900;20;3;2024;14:50;1;29;29019;2;2;1;3;rue du Onze Novembre 1918;;
536538901;8;7;2024;08:30;1;56;56121;2;6;3;3;Boulevard Léon Blum;;
536538902;22;3;2024;03:51;3;26;26198;1;1;1;6;Route du Teil;;
536538903;9;7;2024;01:30;5;54;54184;2;3;1;6;Rue du Bas Château;;
536538904;22;3;2024;17:38;1;25;25462;2;3;1;3;CHARDONNET (COMTE DE);;
536538905;22;3;2024;16:35;1;25;25056;2;6;1;3;GRAY ROUTE DE;;
536538906;9;7;2024;12:57;1;51;51454;2;3;1;3;POMMERY (BOULEVARD);;
536538907;22;3;2024;10:42;1;21;21231;2;3;1;3;Boulevard Jeanne d'Arc;;
536538908;9;7;2024;08:40;1;50;50599;2;6;2;3;MALRAUX (ROND POINT ANDRE);;
536538909;21;3;2024;16:35;1;18;18279;2;6;1;3;Boulevard de la Nation;;
536538910;22;3;2024;14:40;1;13;13214;2;1;1;1;CLAUDE MONET (avenue);;
536538911;22;3;2024;12:10;1;13;13210;2;1;1;3;ROMAIN ROLLAND (BOULEVARD);;
536538912;8;7;2024;18:00;1;50;50129;2;2;3;2;BRETON (RUE DU);;
536538913;22;3;2024;09:30;1;13;13215;2;1;1;3;Min (avenue du);;
536538914;8;7;2024;14:22;1;49;49007;2;2;1;3;BIRGE BOULEVARD;;
536538915;22;3;2024;05:15;5;13;13210;2;1;1;1;L ARMEE D AFRIQUE (CHEMIN DE L');;
536538916;22;3;2024;08:00;1;13;13004;2;7;1;3;BD DES LICES;;
536538917;8;7;2024;10:51;1;49;49007;2;1;1;6;BRISEPOTIERE;;
536538918;22;3;2024;23:20;3;10;10357;2;9;1;6;GENERAL DE GAULLE (RUE DU);;
536538919;22;3;2024;16:02;1;10;10387;2;2;1;3;CHARMILLES (MAIL DES);;
536538920;22;3;2024;09:00;1;06;06029;2;7;1;6;Avenue Francis Tonner;;
536538922;21;3;2024;03:30;5;75;75119;2;1;1;2;BD PERIPHERIQUE INTERIEUR;;
536538923;9;7;2024;20:20;2;44;44109;2;6;2;3;10 Cours des 50 Otages;;
536538924;22;3;2024;20:15;5;75;75105;2;3;1;6;BOULEVARD SAINT MARCEL;;
536538925;21;3;2024;05:20;5;75;75120;2;2;1;1;RUE DES PYRENEES;;
536538926;9;7;2024;22:28;3;42;42184;2;9;2;6;Boulevard Ouest;;
536538927;22;3;2024;20:45;5;75;75117;2;3;1;6;BOULEVARD DES BATIGNOLLES;;
536538928;9;7;2024;20:10;1;34;34172;2;1;1;3;FIGAIRASSE (RUE DE LA);;
536538929;22;3;2024;02:05;5;75;75117;2;3;1;7;BOULEVARD DES BATIGNOLLES;;
536538930;22;3;2024;16:20;1;75;75116;2;3;1;4;RUE BOIS LE VENT;;
536538931;8;7;2024;19:15;1;34;34172;2;3;1;3;SAINT LAZARE (AVENUE DE);;
536538932;22;3;2024;10:45;1;75;75116;2;7;1;3;PLACE DU TROCADERO ET DU 11 NOVEMBRE;;
536538934;21;3;2024;18:45;1;75;75114;2;2;1;7;AVENUE DE LA PORTE DE CHATILLON;;
536538935;21;3;2024;09:15;1;75;75114;2;3;1;3;BOULEVARD JOURDAN;;
536538937;8;7;2024;17:30;1;31;31565;1;1;1;2;D 8;;
536538938;9;7;2024;09:06;1;29;29232;2;1;2;7;Rond-Point Philippe Lebon;;
536538939;9;7;2024;22:25;5;29;29039;2;6;2;3;Rue de Quimper;;
536538940;9;7;2024;23:25;3;25;25056;1;1;1;6;MALATE  CHEMIN DE LA;;
536538941;9;7;2024;18:00;1;19;19031;2;1;1;3;ALVITRE (AVENUE ABBE);;
536538942;9;7;2024;07:50;1;17;17306;2;1;1;3;LAMY (BD FRANCK);;
536538943;9;7;2024;04:25;3;17;17380;2;1;1;7;PALMYRE (AVENUE DE LA);;
536538944;7;7;2024;01:55;5;14;14327;1;1;1;6;568 Route d'Ouistreham (ancienne);;
536538945;8;7;2024;22:51;5;13;13206;2;2;1;3;PARADIS (RUE);;
536538946;9;7;2024;03:50;5;13;13210;2;1;1;3;PONT DE VIVAUX (BOULEVARD);;
536538947;8;7;2024;11:25;1;13;13203;2;3;1;6;CLOVIS HUGUES (RUE);;
536538948;8;7;2024;10:04;1;13;13208;2;2;1;3;LIANDIER (RUE);;
536538949;8;7;2024;22:05;3;13;13098;1;1;1;1;D.5;;
536538950;9;7;2024;19:35;1;13;13028;2;1;1;1;AVENUE DE LA GARE;;
536538951;9;7;2024;04:10;3;13;13001;1;1;1;7;BELLEC MAURICE (RTE DU COLONEL);;
536538952;9;7;2024;18:55;1;11;11262;2;1;1;2;60 Avenue du General Leclerc;;
536538953;8;7;2024;17:15;1;10;10387;2;1;7;6;Rue de la Marne;;
536538954;9;7;2024;11:08;1;07;07102;2;6;1;3;REPUBLIQUE (AV. DE LA) [DU N° AU N°];;
536538955;9;7;2024;16:20;1;06;06088;2;1;1;5;9 Boulevard Louis Braille;;
536538956;17;9;2024;14:55;1;75;75114;2;1;1;7;BOULEVARD ROMAIN ROLLAND;;
536538957;3;12;2024;08:30;2;76;76165;2;3;1;1;FAURE. RUE FELIX;;
536538958;9;7;2024;19:05;1;06;06069;2;1;1;7;17 Chemin de Canteperdrix;;
536538959;18;9;2024;15:10;1;75;75113;2;5;1;7;RUE WATT;;
536538960;18;9;2024;13:35;1;76;76575;2;2;1;3;Avenue Maryse Bastié;;
536538961;9;7;2024;12:10;1;05;05023;1;1;1;1;GAP (ROUTE DE   RN94);;
536538962;22;12;2024;23:00;3;26;26340;1;3;4;7;Route de Buis;;
536538963;18;9;2024;12:30;1;75;75111;2;3;1;3;BOULEVARD VOLTAIRE;;
536538964;21;12;2024;11:30;1;60;60673;2;1;1;6;Rue Principale;;
536538965;9;7;2024;08:55;1;75;75114;2;1;1;3;BOULEVARD PERIPHERIQUE INTERIEUR;;
536538966;18;9;2024;05:22;5;75;75108;2;3;1;6;PLACE SAINT AUGUSTIN;;
536538967;26;9;2024;07:03;3;88;88039;1;1;2;1;D166;;
536538968;18;10;2024;20:50;5;34;34146;2;8;1;6;132 avenue de la gare;;
536538969;18;9;2024;13:45;1;94;94081;2;1;1;6;Avenue du Groupe Manouchian;;
536538970;8;7;2024;18:15;1;75;75119;2;1;1;4;PORTE DES LILAS;;
536538972;18;9;2024;12:30;1;94;94016;2;3;1;2;Avenue de l'Europe;;
536538973;18;9;2024;01:10;5;94;94022;2;1;1;7;Avenue Léon Gourdault;;
536538974;20;11;2024;15:34;1;88;88366;2;1;1;6;Rue du Convers;;
536538975;9;7;2024;13:46;1;75;75113;2;2;1;3;AVENUE DE LA PORTE DE CHOISY;;
536538976;28;10;2024;04:20;5;88;88487;2;3;1;1;Grande Rue;;
536538977;18;9;2024;09:40;1;94;94068;2;3;1;6;Rue Kléber;;
536538978;8;7;2024;21:25;5;75;75119;2;1;1;6;PORTE DE LA VILLETTE;;
536538979;14;6;2024;18:20;1;61;61168;2;1;1;6;Parking;;
536538980;18;9;2024;22:05;5;93;93072;2;1;1;3;HENNEQUIN (RUE);;
536538981;9;7;2024;19:30;1;75;75117;2;1;1;3;BOULEVARD DE COURCELLES;;
536538982;1;8;2024;10:40;1;88;88058;1;1;7;3;Grande Rue;;
536538983;18;9;2024;09:52;1;93;93070;2;9;1;6;ROSIERS(DES) : APRES 61;;
536538984;11;12;2024;17:30;3;28;28346;1;1;1;6;Rue de la Mare aux Boeufs;;
536538985;9;7;2024;10:25;1;75;75117;2;1;1;6;RUE DESCOMBES;;
536538986;8;11;2024;08:45;1;85;85194;2;1;1;6;RUE EDOUARD BELIN;;
536538987;18;9;2024;16:40;1;93;93064;2;1;1;6;ALSACE-LORRAINE (BOULEVARD);;
536538988;8;7;2024;22:48;3;75;75117;2;5;1;3;AVENUE DE LA GRANDE ARMEE;;
536538989;7;12;2024;22:40;3;35;35291;1;1;6;1;Lieu Dit Colombel;;
536538990;17;9;2024;22:05;5;93;93077;2;3;1;3;GRANDE RUE;;
536538991;21;12;2024;09:15;1;49;49331;2;3;1;3;Rue David d?Angers;;
536538992;9;7;2024;17:25;1;75;75116;2;2;1;3;AVENUE DE LA GRANDE ARMEE;;
536538993;18;9;2024;19:00;1;93;93053;2;1;1;6;ROGER SALENGRO (BLD);;
536538994;8;11;2024;06:00;3;91;91359;2;1;2;6;Avenue du Général de Gaulle;;
536538995;9;7;2024;09:50;1;75;75116;2;1;1;3;RUE CHARDON LAGACHE;;
536538996;26;11;2024;12:50;1;44;44109;2;6;1;3;29Bis Rue des Dervallières;;
536538997;18;9;2024;20:25;5;93;93048;2;2;1;3;PARIS (RUE DE);;
536538998;8;7;2024;16:55;1;75;75116;2;1;1;3;RUE SAINT DIDIER;;
536538999;21;11;2024;15:17;1;44;44109;2;6;6;6;239 Route de Saint Joseph;;
536539000;17;9;2024;19:30;1;93;93079;2;2;1;3;HENRI BARBUSSE;;
536539001;9;7;2024;09:45;1;75;75113;2;1;1;3;RUE DE L AMIRAL MOUCHEZ;;
536539002;15;4;2024;14:05;1;75;75118;2;3;1;3;RUE DE LA CHAPELLE;;
536539003;8;7;2024;13:55;1;75;75112;2;3;1;6;RUE AUDUBON;;
536539004;17;9;2024;23:00;5;92;92020;2;6;1;7;DE GAULLE CARREFOUR CHARLES;;
536539005;19;12;2024;14:50;1;69;69270;1;6;2;2;Rue Tony Garnier;;
536539006;8;7;2024;08:50;1;75;75112;2;3;1;1;AVENUE DAUMESNIL;;
536539007;18;9;2024;15:45;1;92;92024;2;1;1;6;VICTOR HUGO (BD);;
536539008;16;8;2024;16:59;1;44;44109;1;1;1;2;Pont de Cheviré;;
536539009;11;5;2024;11:20;1;44;44190;2;1;1;3;28 Rue Maurice Daniel;;
536539010;18;9;2024;17:15;1;92;92023;2;1;1;3;PETIT CLAMART (ROND POINT DU);;
536539011;28;6;2024;02:40;5;75;75111;2;3;1;3;BOULEVARD VOLTAIRE;;
536539012;10;5;2024;10:50;1;44;44143;2;6;1;3;180 Rue du Genétais;;
536539013;18;9;2024;09:15;1;92;92012;2;1;1;3;REINE (ROUTE DE LA) 1/37- 6/80;;
536539014;9;7;2024;16:50;1;75;75110;2;2;1;6;RUE LA FAYETTE;;
536539015;9;7;2024;00:45;5;75;75110;2;2;1;3;RUE LOUIS BLANC;;
536539016;18;9;2024;09:55;1;92;92004;2;1;1;3;GRESILLONS ( AVENUE DES  );;
536539017;9;7;2024;15:50;1;75;75109;2;2;1;6;RUE DU FAUBOURG MONTMARTRE;;
536539018;9;7;2024;17:25;1;75;75108;2;3;8;6;AVENUE GEORGE V;;
536539019;17;9;2024;23:15;5;92;92002;2;2;1;3;PRESIDENT KENNEDY (50 A LA FIN);;
536539020;9;7;2024;12:00;1;75;75101;2;1;1;7;QUAI FRANCOIS MITTERRAND;;
536539021;17;9;2024;17:28;1;95;95580;2;1;1;7;D10;;
536539022;9;7;2024;09:10;1;75;75101;2;3;1;7;RUE DE RIVOLI;;
536539023;18;9;2024;19:40;5;39;39333;2;1;1;6;2 Rue du Jura;;
536539024;9;7;2024;08:15;1;75;75101;2;3;1;7;RUE DE RIVOLI;;
536539025;18;9;2024;16:35;1;60;60337;2;2;7;3;Rue de Normandie;;
536539026;9;7;2024;14:50;1;94;94081;2;1;1;6;Avenue Eugène Pelletan;;
536539027;9;7;2024;14:10;1;94;94046;2;3;1;6;Rue Marc Sangnier;;
536539028;9;7;2024;19:45;1;94;94016;2;1;1;6;76 Avenue du Président Wilson;;
536539029;19;9;2024;15:00;1;22;22121;2;3;1;1;Rue Saint Yves;;
536539030;9;7;2024;13:35;1;93;93073;2;6;1;3;Avenue du Valquiou / Rue du Sausset;;
536539031;19;9;2024;00:30;3;11;11146;1;1;1;6;A61;;
536539032;9;7;2024;17:08;1;93;93055;2;1;1;2;Avenue Aimé Césaire;;
536539033;9;7;2024;17:50;1;93;93051;2;1;1;3;PAUL BELMONDO;;
536539034;9;7;2024;19:30;1;93;93048;2;1;1;6;Boulevard de la Boissière;;
536539035;18;9;2024;20:30;3;31;31282;1;1;1;1;Chemin des Sports;;
536539036;19;9;2024;08:00;1;58;58089;1;1;1;3;pk 24 D33;;
536539037;8;7;2024;18:31;1;93;93032;2;5;1;4;Rue Vaillant Couturier / Rue Hippolyte Pina;;
536539038;8;7;2024;15:05;1;93;93029;2;1;8;3;Rue Roger Salomon;;
536539039;19;9;2024;08:00;1;62;62849;1;1;1;3;D303;;
536539040;11;9;2024;17:00;1;30;30141;2;1;1;7;Chemin de la Garrigue;;
536539041;9;7;2024;18:15;1;93;93007;2;1;1;3;"""PAUL VAILLANT COUTURIER (AVENUE """"DU 13";;
536539042;9;7;2024;14:00;1;93;93001;2;1;1;6;Rue Danielle Casanova;;
536539043;19;9;2024;10:20;1;78;78591;2;1;1;6;Rue Fernand Brean;;
536539044;9;7;2024;08:40;1;92;92062;2;1;1;4;DE DION BOUTON (QUAI) DU 29 AU 65;;
536539045;19;9;2024;13:20;1;80;80088;1;2;1;1;D87;;
536539046;9;7;2024;15:10;1;92;92050;2;6;3;3;NERUDA PABLO RUE;;
536539048;8;7;2024;01:15;5;92;92049;2;2;1;7;ARNOUX AVENUE MAURICE N°1 A 77;;
536539049;9;7;2024;20:05;1;92;92012;2;4;1;2;GENERAL LECLERC (AVENUE DU) 1/33 - 2/58;;
536539050;9;7;2024;17:40;1;92;92004;2;1;1;2;PONT DE CLICHY;;
536539051;19;9;2024;11:15;1;71;71014;2;2;1;5;37 Avenue de la République;;
536539052;9;7;2024;11:45;1;43;43040;1;4;1;3;D588;;
536539053;19;9;2024;13:45;1;61;61153;1;2;1;3;Voie Communale;;
536539054;9;7;2024;17:40;1;68;68112;2;1;1;3;13 Route de Colmar;;
536539055;19;9;2024;15:40;1;49;49373;1;1;1;1;D960;;
536539056;9;7;2024;10:40;1;29;29020;1;1;3;6;N165;;
536539057;17;9;2024;09:45;1;34;34300;2;6;1;6;D18;;
536539058;10;7;2024;14:00;1;83;83070;2;1;1;6;60 Avenue du General Bouvet;;
536539059;19;6;2024;20:38;2;71;71336;1;1;1;6;Route de l’Abergement;;
536539060;18;9;2024;17:20;1;29;29220;2;1;1;4;Rue des Déportés;;
536539061;10;7;2024;06:08;2;66;66141;2;1;1;1;Avenue Jules Ferry;;
536539062;7;7;2024;02:30;3;83;83026;1;9;1;6;Route de Carcès;;
536539063;19;9;2024;15:10;1;85;85089;1;1;1;3;rd160;;
536539064;7;7;2024;12:00;1;57;57556;1;1;1;7;D674;;
536539065;7;7;2024;22:20;3;95;95652;1;1;1;6;D922Z;;
536539066;17;9;2024;11:25;1;26;26124;1;1;1;3;N7;;
536539067;10;7;2024;08:30;1;51;51625;1;1;1;7;Pothieres;;