Num_Acc;jour;mois;an;hrmn;lum;dep;com;agg;int;atm;col;adr;lat;long
536539721;11;8;2024;23:00;5;67;67218;2;1;1;7;GENERAL LIBERMANN (RUE DU);;
536539722;11;8;2024;20:03;1;67;67482;2;1;1;6;THUMENAU (RUE DE LA);;
536539723;29;4;2024;08:05;1;93;93008;1;1;1;3;A86;;
536539724;11;8;2024;20:35;2;67;67482;2;1;1;6;MAIRE KUSS (RUE DU);;
536539725;28;4;2024;21:45;3;92;92078;1;1;1;4;AUTOROUTE A86;;
536539726;11;8;2024;18:58;1;64;64024;2;1;1;3;SOURCES (PROMENADE DES);;
536539727;29;4;2024;13:00;1;94;94065;1;1;1;3;N186;;
536539728;11;8;2024;12:15;1;59;59512;2;1;1;6;NATIONS UNIES (AVENUE DES);;
536539729;11;8;2024;09:26;1;56;56260;2;3;1;3;Avenue de la Marne;;
536539730;10;8;2024;05:30;3;54;54099;1;1;1;6;D906;;
536539731;28;4;2024;23:49;3;77;77296;1;1;1;5;A5b;;
536539732;10;8;2024;22:40;3;36;36159;2;3;1;3;Rue de Cantinier;;
536539733;27;4;2024;23:25;5;988;98818;2;1;1;6;RUE JACQUES IEKAWE;;
536539734;18;7;2024;21:15;2;34;34108;2;1;1;6;LIBERATION (AVENUE DE LA);;
536539735;11;8;2024;17:05;1;34;34172;2;1;1;7;JUVENAL (PONT);;
536539737;10;8;2024;15:00;1;29;29232;1;1;7;6;Route de Rosporden;;
536539738;11;8;2024;09:25;1;27;27229;1;1;1;6;ALLENDE (BOULEVARD DU PRESIDENT);;
536539739;11;8;2024;23:50;3;22;22113;1;6;1;7;BOUTIL (LIEU-DIT);;
536539740;10;8;2024;12:05;1;14;14117;2;2;1;3;58 Avenue de la Brèche Buhot;;
536539741;11;8;2024;14:00;1;13;13208;2;1;1;1;MENDES FRANCE (AVENUE);;
536539742;11;8;2024;21:14;3;12;12145;1;1;1;1;D911;;
536539743;9;8;2024;22:00;5;06;06104;2;1;1;6;2a Avenue Paul Doumer;;
536539744;9;8;2024;11:55;1;75;75112;2;1;1;2;BD PERIPHERIQUE INTERIEUR;;
536539745;10;8;2024;22:00;5;75;75120;1;1;1;2;BD PERIPHERIQUE INTERIEUR;;
536539746;11;8;2024;13:25;1;75;75117;2;2;1;6;RUE GUSTAVE CHARPENTIER;;
536539747;10;8;2024;20:48;2;75;75117;2;5;1;3;AVENUE DE WAGRAM;;
536539748;11;8;2024;13:40;1;75;75116;2;7;1;2;PLACE VICTOR HUGO;;
536539749;11;8;2024;02:45;5;75;75113;2;1;1;7;RUE JEANNE D ARC;;
536539750;11;8;2024;15:19;1;75;75110;2;3;1;1;RUE DU HUIT MAI 1945;;
536539751;11;8;2024;04:05;5;75;75110;2;2;1;3;BOULEVARD DE LA CHAPELLE;;
536539752;11;8;2024;18:30;1;75;75104;2;2;1;2;BOULEVARD BOURDON;;
536539753;11;8;2024;16:50;1;75;75101;2;3;1;6;RUE DE RIVOLI;;
536539754;10;8;2024;21:30;5;94;94044;2;1;1;3;Avenue Descartes;;
536539755;11;8;2024;14:33;1;93;93070;2;9;1;6;Rue des Rosiers;;
536539756;11;8;2024;19:05;1;93;93064;2;1;1;3;Rue Leon Blum / Centre commercial Westfield Rosny 2;;
536539757;10;8;2024;17:40;1;92;92012;2;1;1;3;JEAN JAURES (BOULEVARD) 1/61 - COTE IMPA;;
536539758;11;8;2024;17:40;1;31;31558;1;1;1;6;D2;;
536539759;10;8;2024;17:24;1;974;97415;2;1;1;7;184 Rue Joseph Hubert;;
536539760;12;8;2024;16:10;1;54;54322;1;1;1;3;D618;;
536539761;12;8;2024;10:51;1;22;22164;1;1;1;7;RN12 PR 100+000;;
536539762;11;8;2024;14:20;1;62;62086;1;2;1;3;N25;;
536539763;11;8;2024;22:40;3;95;95056;1;1;1;6;D85;;
536539764;11;8;2024;19:57;1;62;62759;1;1;1;6;route du mont des anglais;;
536539765;11;8;2024;18:45;1;19;19058;1;1;1;6;D1089 / Intersection D47E1;;
536539766;11;8;2024;03:10;4;19;19176;2;1;1;7;D1089;;
536539767;11;8;2024;15:20;1;56;56251;1;1;1;6;La Madeleine;;
536539768;11;8;2024;13:00;1;2B;2B354;1;8;1;6;RT20;;
536539769;8;8;2024;08:04;1;69;69108;1;8;1;3;Route des Allumeaux;;
536539771;11;8;2024;09:15;1;61;61126;1;1;1;7;D251;;
536539772;9;8;2024;11:05;1;55;55013;1;5;1;3;D66a;;
536539773;12;8;2024;10:40;1;12;12052;2;6;1;3;Boulevard Francois Mitterrand;;
536539774;9;8;2024;19:00;1;39;39074;2;1;1;6;22 Rue de la Fontaine;;
536539775;11;8;2024;04:30;3;44;44053;2;1;1;6;14 Rue du Vinet;;
536539776;11;8;2024;18:30;1;44;44217;1;1;1;7;Route des Randonneurs;;
536539777;11;8;2024;10:09;1;29;29173;1;6;1;3;Rond-Point de Kergaben;;
536539778;5;8;2024;18:38;1;15;15033;1;1;7;7;RD 65;;
536539779;12;8;2024;17:30;1;15;15215;1;1;1;1;RD 35;;
536539780;12;8;2024;09:20;1;70;70128;1;1;1;6;D32;;
536539781;11;8;2024;22:00;5;58;58079;2;6;1;6;Avenue de la République;;
536539782;6;8;2024;23:57;3;58;58152;1;1;1;6;RN7 PK84 Sens NEVERS-MOULINS;;
536539783;10;8;2024;00:15;3;72;72087;1;6;1;1;D1;;
536539784;8;8;2024;12:22;1;72;72298;1;2;7;3;Vaudoire;;
536539785;12;8;2024;03:00;3;50;50568;1;1;1;6;1 Route de Montpinchon;;
536539786;11;8;2024;18:40;1;90;90093;2;9;1;7;27 Rue de Valdoie;;
536539788;12;8;2024;14:30;1;07;07128;2;1;1;7;610 Route de Saint Félicien;;
536539789;12;8;2024;08:50;1;24;24564;1;2;8;3;D5;;
536539790;11;8;2024;20:22;2;24;24352;1;2;1;6;Route de l'Atlantique;;
536539791;10;8;2024;03:48;3;28;28052;1;1;1;6;D136;;
536539792;11;8;2024;11:45;1;87;87064;1;3;7;2;Charnaillat;;
536539793;11;8;2024;18:15;1;30;30002;1;1;1;7;D6110;;
536539794;11;8;2024;09:20;1;52;52550;2;3;7;3;Rue du Général Defrance;;
536539795;12;8;2024;12:43;1;10;10357;1;1;1;7;A26;;
536539798;12;8;2024;06:10;2;67;67067;1;1;1;6;Autoroute A4;;
536539799;10;8;2024;07:50;1;13;13058;1;1;1;3;D5;;
536539800;11;8;2024;18:20;5;976;97616;2;1;1;6;Avenue charif tadjidine;;
536539801;12;8;2024;19:16;1;69;69264;1;1;1;6;Autoroute 6;;
536539802;8;8;2024;04:00;3;13;13001;1;1;1;2;A8;;
536539803;9;8;2024;15:30;1;62;62427;1;1;1;2;A1;;
536539805;11;8;2024;07:15;1;987;98712;2;6;1;2;pk 7 - Rond point Tahiti Pearl Resort;;
536539806;11;8;2024;14:40;1;987;98723;1;1;1;7;Tapeata;;
536539807;9;8;2024;14:40;1;987;98722;1;1;1;7;pk 23 c/mont;;
536539808;7;5;2024;18:57;1;44;44109;2;6;1;6;78 Route de Rennes;;
536539809;30;4;2024;14:00;1;44;44109;2;3;1;6;5 Rue de l'Hôtel de Ville;;
536539810;30;4;2024;10:35;1;44;44190;2;3;1;6;Rue des Fromenteaux;;
536539811;28;4;2024;19:30;1;44;44162;2;1;1;6;Boulevard Winston Churchill;;
536539812;23;4;2024;18:25;1;44;44109;2;1;1;3;136 Boulevard des Anglais;;
536539813;22;4;2024;09:10;1;44;44109;2;6;1;3;30 Rue Charles Monselet;;
536539814;19;12;2024;14:30;1;88;88388;1;1;2;3;D51a;;
536539815;3;11;2024;16:00;1;88;88487;1;1;1;5;D157;;
536539816;5;10;2024;22:58;3;13;13026;1;1;1;2;A55-Sens Martigues vers Marseille;;
536539817;18;12;2024;08:20;1;91;91200;2;1;1;6;Rue de Rambouillet;;
536539818;25;12;2024;04:06;5;28;28149;1;1;1;6;D941;;
536539819;27;12;2024;19:36;3;28;28405;1;9;5;3;N12;;
536539820;25;11;2024;21:00;5;28;28214;1;1;2;7;Les Grands Pres;;
536539821;28;9;2024;15:45;1;71;71508;1;1;1;1;Route des Pilloux;;
536539822;22;12;2024;15:25;1;14;14308;1;1;8;6;1265 Route de Bavent;;
536539823;30;10;2024;23:45;3;73;73179;1;1;2;1;D14;;
536539824;10;12;2024;17:30;2;28;28108;1;2;2;3;D927;;
536539825;27;10;2024;00:15;3;28;28252;1;1;2;6;D955;;
536539826;14;12;2024;12:03;1;57;57463;1;1;1;7;RN 431;;
536539827;16;12;2024;14:00;1;14;14555;1;1;1;2;A13;;
536539828;3;8;2024;17:30;1;82;82170;1;3;1;3;Place de l’Église;;
536539830;8;12;2024;02:20;3;987;98729;2;1;1;7;PK 25.500 Tiahura  RT91;;
536539831;29;11;2024;19:30;5;987;98738;1;1;1;1;Ech. Outumaoro;;
536539832;22;12;2024;19:50;3;74;74042;1;1;2;5;5159 Route de geneve;;
536539833;21;12;2024;18:30;5;74;74280;2;1;1;6;35 Avenue d'annecy;;
536539834;11;12;2024;17:20;2;74;74005;1;1;1;1;RD 903;;
536539835;15;9;2024;16:15;1;13;13071;1;1;1;6;A7-Sens Lyon vers Marseille;;
536539836;12;10;2024;17:20;1;84;84025;2;1;1;6;Grand Geas;;
536539837;29;11;2024;19:30;3;43;43137;1;1;1;1;D12;;
536539838;24;11;2024;10:45;1;91;91122;2;1;1;6;PASSAGE DE VILLEVERT;;
536539839;5;11;2024;02:00;3;14;14316;1;1;5;6;Route des Hauts de Grangues;;
536539840;11;7;2024;18:30;1;14;14061;2;5;1;3;34 Route de la Bazinière (Le Bény-Bocage);;
536539841;31;12;2024;05:44;3;10;10424;1;1;1;6;D2;;
536539842;29;11;2024;23:50;5;2B;2B033;2;3;1;3;ROUTE ROYALE;;
536539843;29;10;2024;12:10;1;2B;2B313;2;6;1;3;Moriani Plage;;
536539844;26;10;2024;09:00;1;2B;2B303;1;1;8;6;Alistro;;
536539845;25;10;2024;17:30;2;2B;2B096;2;1;8;7;T20;;
536539846;22;10;2024;18:36;1;2B;2B307;2;1;1;1;Suaglione;;
536539847;22;10;2024;10:45;1;2B;2B029;1;1;2;5;RD 81;;
536539848;11;10;2024;19:34;5;2B;2B033;2;1;1;1;11 - RT;;
536539849;11;10;2024;07:30;2;2B;2B077;1;9;1;1;Corso;;
536539850;28;9;2024;15:40;1;2B;2B298;2;9;1;6;route de la cathérale;;
536539851;3;9;2024;12:30;1;2B;2B007;1;1;1;1;D84;;
536539852;21;12;2024;12:35;1;60;60414;2;1;2;6;Rue Jean Jaurès;;
536539853;31;8;2024;19:35;2;2B;2B007;1;1;1;3;D84;;
536539854;22;8;2024;09:00;1;2B;2B029;1;1;1;3;Col de Teghime (Col de montagne);;
536539855;5;12;2024;14:15;1;84;84099;1;2;1;3;CHEMIN DU FOUR À CHAUX;;
536539856;25;11;2024;17:50;3;84;84088;1;1;1;1;Route de la Gasqui;;
536539857;4;11;2024;11:15;1;84;84088;1;1;1;3;697 Route d'Avignon;;
536539858;29;11;2024;23:10;5;974;97411;2;1;1;2;MACE (ROUTE GABRIEL);;
536539859;13;12;2024;19:40;3;26;26364;1;1;9;7;Route du Chateau;;
536539860;21;8;2024;13:15;1;72;72181;2;9;1;3;JACQUELINE DE ROMILLY (RUE);;
536539861;10;2;2024;05:50;2;974;97416;1;1;1;7;RN1;;
536539862;3;11;2024;03:45;5;987;98735;1;1;1;6;HITIAA PK 42.100 sur la RT2;;
536539863;23;7;2024;16:30;1;987;98729;2;1;1;7;PK 22 + 400, Haapiti district de Vaiane;;
536539864;10;2;2024;19:38;5;973;97302;2;3;1;1;MONTABO (ROUTE DE) 3;;
536539865;22;8;2024;16:50;1;987;98722;2;1;1;7;Faaripo 4 PK15.500;;
536539866;9;2;2024;23:14;4;973;97302;1;1;1;6;ROUTE NATIONALE 3;;
536539867;11;8;2024;06:20;3;987;98729;1;1;1;1;Haapiti;;
536539868;10;12;2024;14:40;1;987;98722;1;1;1;7;RT2 PK 32.300 à MAHAENA;;
536539869;10;2;2024;17:55;5;69;69387;2;2;2;3;Rue de Gerland;;
536539870;31;12;2024;15:35;1;88;88068;2;1;7;1;519 Chemin de la Gayére;;
536539871;10;2;2024;05:50;3;972;97213;2;6;1;7;ROUTE NATIONALE 1;;
536539872;27;12;2024;15:55;1;88;88181;2;1;7;1;D23;;
536539873;10;2;2024;01:10;5;972;97213;1;1;1;3;ROUTE DEPARTEMENTALE 3;;
536539874;27;12;2024;11:25;1;88;88099;1;1;7;3;D157;;
536539875;24;12;2024;15:30;1;88;88413;1;1;1;7;ROUTE D'HERBAVILLE;;
536539876;17;12;2024;19:20;5;88;88413;2;1;1;1;THIERS (RUE);;
536539877;10;2;2024;10:30;1;972;97209;2;1;1;5;GENERAL DE GAULLE (BLD DU);;
536539878;13;12;2024;19:30;5;88;88413;2;1;1;1;Rue du Petit SAINT-DIE;;
536539879;9;2;2024;18:20;5;972;97209;2;1;1;7;RD 41 (ROCADE);;
536539880;9;12;2024;08:10;1;88;88513;2;2;1;6;Chemin des Saules;;
536539881;10;2;2024;18:26;5;69;69034;2;1;2;6;122 Rue Pasteur;;
536539882;21;11;2024;07:00;3;88;88090;1;3;1;3;Rue 75 79e Divisions Americaines;;
536539883;9;2;2024;14:55;1;971;97101;2;1;1;3;DOTHEMARE;;
536539884;21;5;2024;09:40;1;14;14726;2;1;2;7;2 Rue Joseph Requeut;;
536539885;10;2;2024;20:40;5;95;95585;2;6;2;6;D316;;
536539886;20;12;2024;17:00;3;84;84035;1;1;6;2;Route de Gordes;;
536539887;10;2;2024;19:40;5;95;95582;2;2;2;6;D14;;
536539888;18;12;2024;18:00;3;84;84026;1;3;1;4;D943;;
536539889;10;2;2024;18:10;5;88;88160;2;1;2;3;RENAN (RUE ERNEST-);;
536539890;17;12;2024;11:40;1;84;84116;2;1;1;6;Route de Nyons;;
536539891;10;2;2024;05:00;5;81;81004;2;1;2;6;AGRICULTEURS (DES);;
536539892;10;2;2024;11:10;1;78;78551;2;1;2;6;LYAUTEY (DU MARECHAL);;
536539893;12;12;2024;11:45;1;84;84086;1;2;1;3;Route du Four Neuf;;
536539894;9;2;2024;17:04;1;78;78146;2;1;2;1;MAISONS (ROUTE DE);;
536539895;9;12;2024;18:27;3;84;84118;1;4;1;6;D943;;
536539896;9;2;2024;16:50;1;77;77438;2;1;2;6;COURTILLIERE (AVENUE DE LA );;
536539897;4;12;2024;12:38;1;84;84092;1;3;1;3;Route departementale D907;;
536539898;10;2;2024;19:30;3;76;76319;1;1;2;3;D938;;
536539899;25;11;2024;18:00;3;84;84099;1;1;1;1;Route de Gordes;;
536539900;10;2;2024;19:45;2;71;71486;2;1;1;6;JEAN DIDIER (RUE);;
536539901;21;11;2024;07:20;2;84;84043;2;9;1;6;Route d'Avignon;;
536539902;10;2;2024;13:45;1;69;69271;2;1;3;6;Avenue du Dauphiné;;
536539904;19;11;2024;18:15;3;84;84150;1;1;1;1;D 20 Route de Richerenches;;
536539905;10;2;2024;19:50;5;62;62270;2;1;3;6;D841;;
536539906;10;11;2024;14:30;1;84;84025;2;1;1;3;297 Route d?Apt;;
536539907;10;2;2024;18:30;5;59;59098;1;1;2;6;AUGER (RUE);;
536539908;20;10;2024;13:00;1;84;84003;1;1;1;6;d22;;
536539909;9;2;2024;15:15;1;59;59350;2;2;1;3;Rue de Wazemmes;;
536539910;29;9;2024;14:10;1;84;84051;1;1;1;5;D 145;;
536539911;10;2;2024;18:45;5;54;54395;2;1;2;6;viaduc Louis Marin;;
536539912;11;9;2024;09:30;1;84;84072;1;2;1;3;Route de Blauvac;;
536539913;10;2;2024;14:07;1;51;51454;2;1;2;6;MAISON BLANCHE (RUE) DU N°1 AU 73 ET DU;;
536539914;10;2;2024;02:50;5;51;51454;2;1;1;6;JAURES (AVENUE JEAN ) DU N° 61 A FIN;;
536539915;28;8;2024;12:00;1;84;84030;2;9;1;1;225 Avenue de l?Europe;;
536539916;9;2;2024;20:15;5;51;51454;2;1;2;6;HENRI IV (RUE);;
536539917;23;7;2024;16:50;1;84;84138;2;9;1;6;18 cours Victor Hugo;;
536539918;9;2;2024;16:35;1;51;51454;2;1;1;6;LUNDY (BOULEVARD);;
536539919;9;2;2024;07:50;2;46;46042;1;1;2;1;VIEILLE ROUTE DE PARIS;;
536539920;27;12;2024;16:49;1;28;28415;1;1;5;4;La Cote sous le Bois du Pr;;
536539921;10;2;2024;18:45;5;44;44143;2;9;2;6;121 Rue du Château d'Eau;;
536539923;12;12;2024;00:05;3;14;14543;1;1;1;7;Route de Bayeux;;
536539924;10;2;2024;15:25;1;35;35055;2;6;1;3;LOGES (RUE DES);;
536539925;30;10;2024;18:40;3;972;97213;1;1;1;3;ROUTE DEPARTEMENTALE 15;;
536539926;10;2;2024;18:40;5;34;34172;2;3;8;1;LA BLOTTIERE (RUE);;
536539927;23;10;2024;16:34;1;972;97213;1;1;1;2;ROUTE NATIONALE 1;;
536539928;10;2;2024;05:30;5;34;34172;2;1;3;7;MONDIAL 98 (AVENUE DU);;
536539929;8;9;2024;20:25;3;972;97213;1;1;9;1;ROUTE NATIONALE 1;;
536539931;15;8;2024;20:58;5;972;97213;2;2;1;3;HARDY DE SAINT-OMER (RUE);;
536539933;3;8;2024;14:25;1;972;97213;1;1;1;2;AUTOROUTE A1;;
536539934;9;2;2024;20:25;3;30;30243;1;1;2;7;753 montée des Cyprès;;
536539935;16;7;2024;18:00;2;972;97213;1;1;1;6;ROUTE DEPARTEMENTALE 3;;
536539936;10;2;2024;16:00;1;28;28404;2;9;2;6;NUISEMENT (CHEMIN DE);;
536539937;20;9;2024;19:15;1;62;62133;2;1;1;6;Rue Danton;;
536539938;9;2;2024;15:10;1;28;28134;1;1;1;4;RN 12 (DESCENTE ET PONT FERMAINCOURT);;
536539939;10;2;2024;10:25;1;27;27351;2;1;2;6;FORET (RUE DE LA);;
536539940;26;4;2024;17:43;1;49;49248;1;2;1;3;Le Tremblay;;
536539941;10;2;2024;15:00;1;14;14118;2;6;1;2;Rue d'Auge;;
536539942;30;11;2024;09:30;1;91;91552;1;1;1;5;RTE NATIONALE 20;;
536539943;10;2;2024;23:27;5;13;13203;2;1;1;1;BOUES (BOULEVARD);;
536539944;21;11;2024;08:23;1;91;91333;2;7;8;6;RUE PIERRE CURIE;;
536539945;10;2;2024;20:10;5;13;13206;2;2;1;3;BAILLE (BOULEVARD);;
536539946;8;11;2024;19:52;5;91;91549;2;7;1;6;PRESIDENT FRANKLIN ROOSEVELT (PL.DU);;
536539947;9;2;2024;18:00;5;13;13209;2;1;2;3;EMILE ZOLA (RUE);;
536539948;10;2;2024;07:00;5;06;06088;2;1;3;6;Promenade des Anglais;;
536539949;6;12;2024;07:40;3;57;57416;1;1;1;4;Autoroute A31;;
536539950;9;2;2024;22:35;5;75;75116;2;1;1;5;PORTE MAILLOT;;
536539951;4;12;2024;17:25;3;57;57647;1;9;8;3;Autoroute A30;;
536539952;8;2;2024;22:35;5;75;75108;2;2;3;6;PLACE SAINT AUGUSTIN;;
536539953;26;8;2024;19:00;1;2A;2A330;1;1;1;7;rt20;;
536539954;10;2;2024;21:05;5;75;75119;2;3;2;1;RUE DU MAROC;;
536539955;12;9;2024;23:50;5;72;72181;2;6;8;3;DEMORIEUX (BD) ENTRE HUISNE ET RD-POINT;;
536539956;10;2;2024;18:40;5;75;75119;2;3;2;7;AVENUE CORENTIN CARIOU;;
536539957;22;10;2024;22:25;3;59;59153;1;1;1;1;D935;;
536539958;30;12;2024;22:20;3;13;13215;1;1;1;7;A55-Sens Marseille vers Martigues;;
536539959;9;2;2024;23:40;5;75;75118;2;1;1;5;BOULEVARD DE ROCHECHOUART;;
536539960;19;11;2024;14:55;1;73;73008;2;1;2;6;SIMOND ST AVENUE;;
536539961;10;2;2024;19:30;5;75;75117;2;2;1;6;BOULEVARD DE COURCELLES;;
536539963;10;2;2024;03:15;5;75;75117;2;3;1;6;AVENUE DES TERNES;;
536539964;28;12;2024;18:55;5;22;22161;2;3;1;1;Rue Désiré le Bonniec;;
536539965;9;2;2024;19:15;5;75;75115;2;2;2;6;AVENUE DE SUFFREN;;
536539966;30;12;2024;07:10;5;22;22176;2;6;1;3;rond point de bembridge;;
536539967;10;2;2024;17:55;1;75;75108;2;2;2;6;AVENUE FRANKLIN D ROOSEVELT;;
536539968;3;12;2024;21:00;3;22;22171;1;1;2;3;ldit le colombier;;
536539969;10;2;2024;01:55;5;75;75108;2;2;1;3;RUE LA BOETIE;;
536539970;30;12;2024;15:30;1;22;22045;1;3;8;3;Kerlabo;;
536539971;10;2;2024;19:00;5;94;94003;2;1;2;2;65 Avenue Paul Vaillant-Couturier;;
536539972;10;2;2024;14:50;1;94;94076;2;1;2;1;90 Rue de Chevilly;;
536539973;8;11;2024;23:20;3;71;71040;1;1;1;3;RN 70 (ROUTE EXPRESS);;
536539974;9;2;2024;06:48;5;93;93064;2;9;2;6;Avenue du Général de Gaulle / A86;;
536539976;10;2;2024;03:15;5;93;93006;2;2;1;3;Rue Robespierre / Rue Victor Hugo;;
536539977;8;11;2024;16:25;1;43;43012;2;6;1;3;Avenue de Firminy;;
536539978;10;2;2024;12:45;1;92;92046;2;1;2;6;PIERRE VALETTE (RUE);;
536539979;15;11;2024;19:40;2;59;59360;2;8;1;6;rue Jules Ferry;;
536539980;10;2;2024;16:30;1;92;92051;2;1;2;6;CHARLES DE GAULLE (AVENUE,N°118 A 192 +;;
536539981;12;12;2024;07:50;1;84;84087;2;1;1;1;FOCH (AVENUE MARECHAL);;
536539982;10;2;2024;12:00;1;92;92050;2;7;2;6;FOCH MARECHAL PLACE DU;;
536539983;30;12;2024;07:40;5;60;60057;2;1;2;1;Avenue Président J.F. Kennedy;;
536539984;10;2;2024;13:15;1;92;92049;2;3;2;3;DORMOY AVENUE MARX N°102 A FIN;;
536539985;15;11;2024;02:23;3;28;28417;1;1;2;6;D983;;
536539986;10;2;2024;07:10;5;92;92020;2;1;1;7;PAIX AVENUE DE LA N°1 A 55 ET 2 A 70;;
536539987;10;2;2024;20:20;5;92;92012;2;1;2;3;GEORGES GORSE (QUAI);;
536539988;28;11;2024;16:30;1;84;84031;2;3;1;3;COUBERTIN AVENUE PIERRE DE;;
536539989;22;11;2024;18:32;3;84;84080;1;1;1;6;PERNES ROUTE DE;;
536539990;9;2;2024;17:40;2;92;92004;2;2;2;3;MARNE   ( AVENUE DE LA );;
536539991;11;2;2024;08:45;1;51;51040;2;1;1;6;Avenue Michel;;
536539992;30;12;2024;08:20;1;38;38544;2;1;1;6;BERTHELOT(AV);;
536539993;11;2;2024;00:30;3;2A;2A094;1;1;3;6;#D757 Corrano#;;
536539994;11;2;2024;15:00;1;86;86162;1;1;8;6;Boué;;
536539995;16;12;2024;12:00;1;38;38544;2;6;1;3;D41;;
536539996;10;2;2024;20:05;3;11;11069;1;1;1;2;A61;;
536539997;15;11;2024;18:20;3;38;38516;2;1;1;3;Avenue Maréchal Randon;;
536539998;9;2;2024;19:00;3;68;68097;2;1;1;6;Route départementale 11;;
536539999;10;2;2024;22:10;5;972;97203;2;1;8;6;route national 1;;
536540000;19;11;2024;11:20;1;987;98724;2;1;1;2;RT 111, district de Fitii  - Face boulagerie LICHON;;
536540001;26;12;2024;13:15;1;62;62160;2;9;1;3;Boulevard de l’Europe;;
536540003;20;12;2024;16:00;1;62;62758;2;3;1;6;Route de Saint Omer;;
536540004;11;2;2024;05:45;3;83;83131;1;1;1;1;Route Départementale 554;;
536540005;14;12;2024;22:50;3;62;62194;2;1;8;7;Rue de Wavrans;;
536540006;10;2;2024;21:18;3;62;62611;1;1;1;6;D5;;
536540007;11;2;2024;12:00;1;56;56034;1;1;1;7;Route de Kerloquet;;
536540008;15;11;2024;18:30;4;62;62555;2;1;1;6;D70;;
536540009;10;2;2024;20:20;3;80;80522;1;1;2;6;D211;;
536540010;11;2;2024;01:00;3;11;11254;1;1;2;6;route départementale 119;;
536540011;10;2;2024;08:30;1;61;61028;1;1;2;6;D909;;
536540012;11;2;2024;12:10;1;25;25586;1;1;2;7;la Bégelle;;
536540013;11;2;2024;19:35;3;44;44067;1;1;1;6;21 la Belle Epine de Gascaigne;;
536540014;12;12;2024;17:50;5;44;44132;1;1;1;3;Route de Guérande;;
536540015;10;2;2024;20:35;3;44;44146;1;1;1;7;Le Hypean;;
536540016;21;12;2024;23:30;3;32;32446;2;1;3;7;D3;;
536540017;7;2;2024;05:30;3;29;29244;1;1;2;2;D32;;
536540018;11;2;2024;04:50;5;31;31033;2;1;1;6;21 Boulevard Notre Dame;;
536540019;6;11;2024;17:15;1;32;32319;2;1;1;1;Rue de Barbat;;
536540020;10;2;2024;11:00;1;38;38439;1;1;2;6;d525;;
536540021;31;12;2024;11:30;1;43;43154;1;1;1;1;N88;;
536540022;10;2;2024;18:00;2;02;02748;1;1;2;6;Route de Dormans;;
536540023;18;7;2024;19:40;1;91;91521;2;3;1;3;Rue Edmond Bonté;;
536540024;11;2;2024;07:40;1;72;72071;2;1;1;6;5 Chemin de Goulard;;
536540025;24;12;2024;19:40;5;62;62194;2;2;1;1;RUE DE CALONNE;;
536540026;11;2;2024;02:00;3;60;60026;1;2;1;3;RD 149;;
536540027;11;2;2024;17:50;1;43;43218;1;1;1;1;PK 47+300 RN 88;;
536540028;11;2;2024;19:40;3;16;16137;1;1;1;6;cd 4;;
536540029;11;2;2024;15:00;1;07;07313;1;1;3;6;D820;;
536540030;14;10;2024;20:10;3;17;17291;1;1;1;2;N11;;
536540032;8;2;2024;21:50;4;01;01274;1;1;2;6;Autoroute A40, sens MACON/GENEVE, au PK 115+100;;
536540033;26;10;2024;19:15;3;32;32296;1;1;2;3;D931 PK65+584;;
536540034;11;2;2024;18:35;3;42;42279;1;1;1;2;D498;;
536540035;17;11;2024;14:46;1;13;13117;2;3;1;2;MOULIN ( AVENUE JEAN);;
536540036;9;2;2024;16:30;1;976;97613;2;1;2;6;Rue de College - Chembenyoumba;;
536540037;17;3;2024;22:30;5;75;75117;2;3;1;3;AVENUE DE LA PORTE DE CLICHY;;
536540038;11;2;2024;07:15;2;69;69268;1;1;1;1;Route Départementale 386;;
536540039;11;2;2024;17:00;1;13;13114;1;1;1;2;Ancien Chemin d?Aix Bas;;
536540040;27;12;2024;17:40;3;38;38053;1;1;5;4;JOLIOT CURIE;;
536540041;11;2;2024;13:55;1;62;62079;1;1;2;6;A1;;
536540042;26;11;2024;15:50;1;74;74281;2;1;7;6;RONDE (CHEMIN DE);;
536540043;11;2;2024;03:15;3;977;97701;1;1;2;6;Route de St Jean;;
536540044;28;12;2024;14:50;1;74;74159;1;1;8;1;D1205;;
536540045;15;12;2024;02:00;5;74;74116;1;3;2;3;D1203;;
536540046;9;2;2024;19:30;3;34;34344;1;1;1;5;D62;;
536540047;18;12;2024;17:20;3;74;74282;2;1;1;1;2806 Route Impériale;;
536540048;10;2;2024;06:00;3;83;83068;1;1;3;1;Route Départementale N°558;;
536540049;11;2;2024;15:07;1;06;06070;1;1;1;7;Route de Gentelly;;
536540050;3;12;2024;12:05;1;74;74264;2;2;1;1;29 Avenue de la colombière;;
536540051;2;12;2024;17:30;5;74;74264;2;1;2;7;Avenue du mont blanc;;
536540052;11;2;2024;11:38;1;13;13014;1;1;1;7;Voie Jean Pierre Lyon;;
536540053;10;2;2024;14:45;1;57;57303;2;3;1;3;Route de maizières;;
536540054;2;11;2024;20:15;3;14;14227;1;1;1;5;Route de Lisieux;;