Num_Acc;jour;mois;an;hrmn;lum;dep;com;agg;int;atm;col;adr;lat;long
536540055;10;2;2024;23:45;3;73;73307;1;1;1;7;Rue de la Chenalette;;
536540056;11;2;2024;06:30;2;42;42089;1;1;2;6;1400 Route des Everts;;
536540057;10;2;2024;18:30;5;38;38344;2;1;2;6;35 Route de Valence;;
536540058;29;12;2024;17:25;1;971;97107;2;1;1;7;USINE (RUE DE L');;
536540060;29;11;2024;10:00;1;34;34108;2;6;1;3;ROND POINT SALVADOR ALLENDE;;
536540062;9;2;2024;23:00;3;59;59535;1;9;1;3;Route du Mont Noir;;
536540064;10;2;2024;06:47;3;13;13071;1;1;3;6;A51-Sens Aix en Provence vers Marseille;;
536540065;6;12;2024;19:30;5;35;35281;2;2;1;3;rue des 25 Fusillés;;
536540066;9;2;2024;14:00;1;83;83137;1;1;2;6;A57;;
536540068;6;2;2024;18:02;3;67;67365;1;1;1;4;M35;;
536540071;1;12;2024;17:30;1;972;97217;1;1;1;3;La Duprey;;
536540073;25;10;2024;12:30;1;61;61339;2;1;2;2;D909;;
536540074;10;2;2024;18:00;2;91;91136;1;1;2;6;AUTOROUTE A10;;
536540075;27;10;2024;12:55;1;972;97209;2;1;1;2;RD 41 (ROCADE);;
536540076;29;10;2024;14:25;1;972;97209;1;1;1;6;AUTOROUTE (A1);;
536540077;10;2;2024;14:30;1;78;78640;1;1;2;6;A86 INT;;
536540078;27;10;2024;23:54;5;972;97213;1;1;2;2;AUTOROUTE A1;;
536540079;26;10;2024;18:46;3;972;97213;1;1;1;1;ROUTE DEPARTEMENTALE 3;;
536540080;10;2;2024;15:30;1;78;78321;1;1;3;6;RN12 INT;;
536540081;18;10;2024;06:45;1;972;97213;1;1;1;2;ROUTE NATIONALE 5;;
536540082;17;10;2024;09:00;1;972;97209;2;1;1;5;REDOUTE (ROUTE DE LA);;
536540083;16;10;2024;14:35;1;972;97209;2;1;1;2;RD 41 (ROCADE);;
536540084;10;2;2024;17:45;2;92;92036;1;1;2;2;AUTOROUTE A15;;
536540085;10;2;2024;10:00;1;95;95241;1;1;2;6;N104;;
536540086;9;10;2024;08:15;1;972;97213;1;2;1;3;ROUTE DEPARTEMENTALE 3;;
536540087;10;2;2024;05:00;3;95;95277;1;1;1;2;A3;;
536540088;9;2;2024;23:00;5;988;98818;2;1;1;1;RUE ADOLPHE ET LOUISE LAPLAGNE;;
536540089;8;10;2024;19:10;3;972;97213;1;1;1;4;ROUTE NATIONALE 5;;
536540090;9;2;2024;06:15;2;974;97407;1;9;1;7;ROUTE DU SACRE COEUR;;
536540091;8;10;2024;06:40;1;972;97213;1;1;1;2;ROUTE NATIONALE 5;;
536540092;9;2;2024;12:40;1;973;97302;2;1;1;3;BADUEL (ROUTE DE);;
536540093;2;10;2024;02:05;5;972;97213;1;1;1;2;ROUTE DEPARTEMENTALE 15;;
536540094;9;2;2024;10:30;1;973;97302;1;1;1;2;ROUTE NATIONALE 1;;
536540095;26;9;2024;06:10;1;972;97213;1;9;3;6;ROUTE DEPARTEMENTALE 15;;
536540096;18;9;2024;18:20;5;972;97209;1;1;1;2;RD 41 (ROCADE);;
536540097;9;2;2024;09:35;1;973;97302;1;4;1;2;ROUTE NATIONALE 1;;
536540098;15;9;2024;18:10;4;972;97213;1;9;1;7;AUTOROUTE A1;;
536540099;9;2;2024;07:45;1;973;97302;2;1;1;6;BADUEL (ROUTE DE);;
536540100;10;9;2024;05:55;1;972;97213;1;1;1;3;ROUTE DEPARTEMENTALE 3;;
536540101;9;2;2024;10:50;1;69;69387;2;2;2;3;Avenue Tony Garnier;;
536540102;23;8;2024;13:10;1;972;97209;1;4;1;6;RD 41;;
536540103;9;2;2024;01:00;4;972;97213;1;1;1;7;ROUTE DEPARTEMENTALE 3;;
536540104;18;8;2024;10:15;1;972;97213;2;1;1;3;ROUTE DEPARTEMENTALE 13;;
536540105;9;2;2024;14:45;1;2B;2B037;2;1;1;2;TOUTES RUES;;
536540106;7;8;2024;16:30;1;972;97213;1;1;1;3;AUTOROUTE A1;;
536540107;9;2;2024;10:35;1;2B;2B033;2;1;1;6;SAMPIERO CORSO - AV;;
536540108;30;7;2024;12:45;1;972;97213;1;3;1;3;ROUTE DEPARTEMENTALE 15;;
536540109;8;2;2024;09:45;1;971;97120;1;1;1;3;GERTY ARCHIMEDE (RESIDENCE);;
536540110;25;10;2024;15:05;1;81;81002;1;6;1;3;N112;;
536540111;9;2;2024;16:03;1;2A;2A004;2;9;2;3;ALATA ROUTE;;
536540112;28;10;2024;17:15;2;80;80160;1;1;7;5;A29 - PK 198 - Sens LONGUEAU - DURY;;
536540113;9;2;2024;07:30;3;95;95500;2;3;8;6;D915;;
536540114;28;12;2024;23:45;3;28;28229;1;3;2;2;D939;;
536540115;9;2;2024;19:00;5;91;91471;2;9;1;6;LOUISE WEISS (RUE);;
536540116;27;12;2024;23:00;3;28;28405;1;2;5;2;N12;;
536540117;9;2;2024;05:20;5;91;91434;2;2;1;3;COMPIEGNE (VOIE DE);;
536540118;12;12;2024;11:50;1;38;38563;2;1;7;6;Avenue Docteur Valois;;
536540119;8;2;2024;11:45;1;83;83137;2;4;1;3;LOUVOIS (BD);;
536540120;11;1;2024;14:05;1;78;78640;2;1;1;6;EUROPE (AVENUE DE L');;
536540121;21;12;2024;18:45;5;38;38563;2;1;1;1;Avenue de Paviot;;
536540122;6;11;2024;13:30;1;24;24557;2;1;1;6;GRANDOU (AVENUE MICHEL);;
536540123;7;6;2024;10:30;1;91;91286;1;1;1;3;AUTOROUTE A6;;
536540124;6;12;2024;07:30;3;84;84095;1;1;1;2;Jas de Puyvert;;
536540125;7;6;2024;08:50;1;91;91589;1;1;1;2;AUTOROUTE A6;;
536540126;9;2;2024;20:45;5;72;72181;2;1;2;3;PADERBORN (AV) CONTRE ALLEE;;
536540127;29;11;2024;23:40;5;84;84087;1;1;1;3;FONTANELLE (CHEMIN);;
536540128;6;6;2024;18:45;1;92;92036;1;1;1;2;A86;;
536540129;8;2;2024;20:15;5;72;72181;2;1;2;2;RUBILLARD AV N° PAIRS 2 A 116;;
536540130;1;12;2024;16:40;1;74;74281;2;1;1;1;EVIAN (AVENUE D');;
536540131;23;11;2024;04:00;5;38;38563;1;6;9;6;rocade ouest;;
536540132;6;6;2024;12:30;1;78;78242;1;1;1;2;A12 Y;;
536540133;9;2;2024;12:35;1;71;71306;2;1;1;6;ALOUETTES (AVENUE DES);;
536540134;19;11;2024;16:00;1;75;75118;2;1;3;3;BOULEVARD DE LA CHAPELLE;;
536540135;9;2;2024;15:35;1;71;71270;2;6;3;3;Rond point des médaillers militaires;;
536540136;7;6;2024;11:05;1;93;93053;1;1;1;2;A86;;
536540137;25;12;2024;06:50;5;93;93007;2;3;2;2;Avenue Descartes / Rue Edouard Renault;;
536540138;8;2;2024;16:55;1;71;71076;2;1;1;3;LOUIS JACQUES THENARD (RUE);;
536540139;7;6;2024;11:30;1;93;93027;1;1;1;2;A86;;
536540140;15;12;2024;10:04;1;93;93007;2;1;1;6;CHARLES FLOQUET (AVENUE);;
536540141;7;6;2024;11:30;1;93;93001;1;1;1;2;A86;;
536540142;9;2;2024;19:50;2;69;69276;1;6;2;2;Route Départementale 312;;
536540143;8;12;2024;22:00;5;93;93007;2;1;2;3;PASTEUR (AVENUE);;
536540144;8;10;2024;18:20;1;93;93007;2;1;2;6;DANIEL CASANOVA (CITE);;
536540145;7;6;2024;07:10;1;93;93066;1;1;1;5;A86;;
536540146;8;2;2024;14:25;1;69;69029;2;1;1;3;Boulevard des Droits de l'Homme;;
536540147;21;8;2024;13:45;1;93;93007;2;3;1;3;Avenue Paul Vaillant Couturier;;
536540148;9;2;2024;18:15;3;67;67267;2;3;2;6;MOLKENBRONN (RUE DU);;
536540149;7;6;2024;02:50;4;93;93048;1;1;1;2;A3;;
536540150;19;7;2024;17:30;1;93;93007;2;3;1;3;Avenue de la République / Rue Richard Wagner;;
536540151;18;7;2024;02:10;5;93;93007;2;3;1;6;PASTEUR (AVENUE);;
536540152;9;2;2024;16:30;1;67;67482;2;9;2;5;M35 (BRETELLE ECHANGEUR);;
536540153;21;10;2024;07:15;2;17;17224;1;2;1;3;RD 939 / RD 121;;
536540154;16;2;2024;19:30;5;84;84031;2;6;1;3;EISENHOWER AVENUE DWIGHT;;
536540155;17;7;2024;17:40;1;93;93007;2;1;1;3;Avenue de la Division Leclerc;;
536540156;6;6;2024;09:00;1;974;97411;2;1;1;7;MONTHYON (RUE);;
536540157;9;2;2024;14:15;1;67;67482;2;8;1;3;VOSGES (AVENUE DES);;
536540158;23;10;2024;15:30;1;87;87103;2;1;1;6;17 Rue du Collège;;
536540159;16;7;2024;18:40;1;93;93007;2;2;1;3;Avenue du Capitaine Fonck / Avenue Marcel Alizard;;
536540160;9;2;2024;15:00;1;65;65226;1;1;1;6;PAU (ROUTE DE);;
536540161;6;6;2024;13:25;1;973;97302;2;6;1;3;BADUEL (ROND POINT DE);;
536540162;24;10;2024;07:36;2;08;08491;1;1;5;6;RD5;;
536540163;15;12;2024;18:45;3;73;73010;1;1;1;6;Route de Droisette;;
536540164;9;2;2024;08:10;1;64;64024;2;6;2;2;COMPAGNET (GIRATOIRE DE);;
536540165;6;6;2024;08:00;1;973;97302;2;3;1;3;ZEPHIR (ROCADE);;
536540166;24;10;2024;07:15;2;08;08361;1;4;1;3;D988;;
536540167;9;2;2024;07:47;1;63;63113;2;1;1;3;BUGHES (PLACE DES);;
536540168;31;12;2024;04:45;3;28;28398;1;1;2;2;Autoroute A11, PK 100+000;;
536540169;6;6;2024;18:30;1;69;69387;2;4;1;3;Rue Domer;;
536540170;23;10;2024;19:25;3;68;68066;1;1;1;3;A35 PK 066+200;;
536540171;29;12;2024;18:48;5;60;60175;2;1;5;6;Square Gerard de Nerval;;
536540172;2;2;2024;11:45;1;59;59501;2;1;1;4;LANOY SUZANNE(RUE);;
536540173;6;6;2024;15:10;1;69;69383;2;2;2;3;Rue Etienne Richerand;;
536540174;8;2;2024;21:29;5;57;57672;2;1;1;6;AMERIQUE (CHAUSSEE D');;
536540175;5;6;2024;17:05;1;972;97209;1;1;1;2;AUTOROUTE (A1);;
536540176;22;10;2024;07:35;1;987;98715;2;9;1;3;Voie d'insertion aéroport de TAHITI-FAA'A;;
536540177;8;2;2024;10:45;1;57;57306;2;1;2;6;TOURNEUR (RUE);;
536540178;6;6;2024;16:45;1;971;97105;1;1;1;6;SIDAMBAROM(AVENUE);;
536540179;23;10;2024;06:40;2;987;98714;1;1;1;7;Tereva;;
536540181;9;2;2024;12:30;1;56;56098;2;1;1;3;MITTERAND ( AV. FRANCOIS );;
536540182;6;6;2024;14:30;1;95;95585;2;2;1;6;ALBERT CAMUS (BOULEVARD);;
536540183;6;6;2024;17:05;1;91;91339;2;1;1;6;RUE DES ECOLES;;
536540184;9;2;2024;19:30;5;54;54395;2;1;2;6;Rue de Badonviller;;
536540185;24;10;2024;13:27;1;971;97117;1;3;1;3;Boisvin;;
536540186;6;6;2024;08:00;1;91;91477;2;3;1;1;COSMONAUTES (AVENUE DES);;
536540187;9;2;2024;09:00;1;54;54547;2;3;1;3;Avenue du Reclus;;
536540188;24;10;2024;09:55;1;41;41155;1;1;1;3;D103;;
536540189;8;2;2024;15:00;1;54;54395;2;1;2;6;Rue du Faubourg des Trois Maisons;;
536540190;5;6;2024;18:40;1;87;87085;2;3;1;3;GAY-LUSSAC (COURS);;
536540191;9;2;2024;10:40;1;51;51454;2;1;1;6;RUISSELET (RUE);;
536540192;2;10;2024;19:40;5;45;45042;2;2;2;3;39 Rue Nationale;;
536540193;8;2;2024;18:35;5;51;51454;2;6;2;6;COURCELLES (RUE DE) DU 223 A FIN ET 102;;
536540194;22;10;2024;18:35;2;77;77339;1;1;1;7;D410;;
536540195;5;6;2024;10:30;1;84;84007;2;1;1;4;TARASCON ( Avenue de);;
536540196;9;2;2024;21:01;5;49;49007;2;6;1;3;ONZE NOVEMBRE 1918 AVENUE;;
536540197;23;10;2024;06:25;5;78;78171;2;1;5;1;D983;;
536540198;6;6;2024;19:00;1;83;83137;2;3;1;3;FERRIE (RUE GENERAL);;
536540199;23;10;2024;16:05;1;30;30155;2;1;1;7;10 Rue du Fort;;
536540200;6;6;2024;09:10;1;83;83153;2;1;1;6;MARIE FLICHE BERGIS (AV);;
536540201;8;2;2024;08:30;1;49;49007;2;1;2;4;LIBERTE BOULEVARD;;
536540202;23;10;2024;21:45;3;13;13094;1;1;1;1;D99;;
536540203;6;6;2024;14:12;1;81;81004;2;1;1;6;TEYSSIER (AV DU COLONEL);;
536540204;9;2;2024;07:15;5;45;45284;2;3;1;3;72 Rue de Charbonnière;;
536540206;5;6;2024;16:40;1;77;77085;2;1;1;1;Rue des Temps Modernes;;
536540207;24;10;2024;19:00;5;25;25284;2;3;1;3;Rue de la Libération;;
536540208;9;2;2024;19:40;5;44;44109;2;3;2;3;13 Rue de la Brasserie;;
536540209;6;6;2024;19:45;2;72;72181;2;1;1;6;CUGNOT NICOLAS (BD);;
536540210;9;2;2024;14:50;1;44;44109;2;1;1;6;Route de la Chapelle Sur Erdre;;
536540211;24;10;2024;00:58;3;21;21699;1;1;1;6;D905;;
536540212;5;6;2024;08:09;1;71;71270;2;6;1;1;RD POINT DES NEUFS CLES;;
536540213;3;2;2024;16:40;1;43;43046;2;1;1;7;Route de l'Observatoire;;
536540214;6;6;2024;21:10;1;69;69266;2;1;1;3;Rue Henri Legay;;
536540215;23;10;2024;17:36;1;52;52416;1;1;1;3;D132a;;
536540216;6;6;2024;19:20;1;69;69386;2;2;1;3;Rue Garibaldi;;
536540217;6;6;2024;18:00;1;69;69275;2;1;1;2;43 Rue Sully;;
536540218;9;2;2024;22:05;5;37;37261;2;3;1;3;WAGNER (BOULEVARD RICHARD);;
536540219;24;10;2024;10:10;1;68;68072;1;3;1;1;D201;;
536540220;6;6;2024;09:30;1;69;69256;2;4;1;6;Avenue du 8 Mai 1945;;
536540221;6;6;2024;08:25;1;69;69259;2;1;1;6;Avenue Marcel Paul;;
536540222;18;10;2024;08:45;1;57;57433;2;6;1;6;D112F;;
536540223;6;6;2024;03:25;5;68;68224;2;1;1;7;Rue Jules Verne;;
536540224;9;2;2024;13:30;1;35;35278;1;1;2;4;RD 137;;
536540225;6;6;2024;21:55;5;67;67482;2;4;1;3;JEAN MERMOZ (RUE);;
536540226;24;10;2024;18:00;1;42;42037;1;1;1;5;D8;;
536540227;7;2;2024;18:35;2;34;34301;2;1;1;3;BLANC CAMILLE (BOULEVARD);;
536540228;6;6;2024;16:25;1;64;64269;2;6;1;3;TARBES DE;;
536540230;6;6;2024;16:50;1;64;64348;2;1;1;3;SALIE;;
536540231;9;2;2024;21:45;5;34;34172;2;1;1;2;RIMBAUD (RUE PAUL);;
536540232;6;6;2024;08:50;1;64;64284;2;3;1;3;GUINDALOS DE;;
536540234;5;6;2024;08:10;1;64;64445;2;1;1;2;CONDORCET;;
536540235;9;2;2024;14:24;1;34;34172;2;1;1;3;ITALIE (PLACE D');;
536540236;6;6;2024;18:15;1;64;64024;2;1;1;3;rond point de bahinos;;
536540237;23;10;2024;17:45;1;49;49301;1;1;7;3;La Petite Gaudinière (Tillières);;
536540238;6;6;2024;15:00;1;64;64024;2;1;1;2;BAB (BOULEVARD DU);;
536540239;23;10;2024;15:05;1;44;44172;2;1;1;6;34 Rue du Président Coty;;
536540241;6;6;2024;09:35;1;64;64024;2;1;1;2;ADOUR (AVENUE DE L');;
536540242;9;2;2024;20:00;5;31;31555;1;1;1;3;VA007553 A61;;
536540243;22;10;2024;10:20;1;35;35015;1;1;5;1;RD 178;;
536540244;6;6;2024;08:20;1;64;64102;2;1;1;3;MOLINIE (AVENUE JEAN);;
536540246;5;6;2024;18:07;1;64;64102;2;3;1;3;NAVARRE (AVENUE HENRI DE);;
536540248;5;6;2024;11:20;1;64;64102;2;9;1;3;FAIENCERIE(Rond Point de la);;
536540249;22;10;2024;17:55;2;59;59139;2;6;1;1;Rue Stephenson;;
536540250;8;2;2024;12:23;1;29;29019;1;4;2;5;chemin du Grand Kervao;;
536540251;5;6;2024;09:20;1;64;64102;2;6;1;3;RESPLANDY (AVENUE DU CAPITAINE);;
536540252;7;2;2024;17:10;1;29;29019;2;1;2;6;rue Victor Eusen;;
536540253;19;10;2024;20:50;3;01;01275;1;1;1;2;A42 4.329 A 5.760   LYON/GEN;;
536540254;5;6;2024;20:15;1;62;62194;2;6;1;3;D341;;
536540255;6;6;2024;11:30;1;62;62193;2;6;1;6;Avenue Pierre de Coubertin;;
536540256;22;10;2024;05:25;3;57;57356;1;1;1;2;Autoroute A31;;
536540257;5;6;2024;17:20;1;59;59512;2;3;1;3;Rue Turgot;;
536540258;23;10;2024;09:00;1;78;78423;1;1;5;6;RN12;;
536540259;9;2;2024;07:50;1;27;27375;2;6;1;2;THOREL (PLACE ERNEST);;
536540260;6;6;2024;08:50;1;59;59378;1;6;1;3;STRATEGIQUE PAVE;;
536540261;22;10;2024;05:30;4;78;78402;1;1;1;6;A13;;
536540262;8;2;2024;07:55;2;27;27229;2;9;2;6;QUATORZE JUILLET (BOULEVARD);;
536540263;5;6;2024;06:40;2;59;59009;1;1;1;6;Boulevard du Breucq;;
536540264;5;6;2024;15:40;1;59;59183;2;3;1;6;REPUBLIQUE;;
536540265;9;2;2024;20:05;5;25;25056;2;1;2;3;CASSOTTE  RUE DE LA;;
536540266;22;10;2024;21:45;3;93;93005;1;1;1;4;AUTOROUTE A3;;
536540267;5;6;2024;18:32;1;56;56121;2;2;1;3;Cours Louis de Chazelles;;
536540268;5;2;2024;16:13;1;19;19275;2;3;1;1;CLERMONT (AVENUE) N° PAIRS;;
536540269;23;10;2024;17:30;1;77;77146;1;1;1;3;A4.W;;
536540270;5;6;2024;16:20;1;54;54025;2;1;1;2;Avenue de la Chartreuse;;
536540271;6;2;2024;16:45;1;14;14327;2;3;1;3;9 Rue Abbé Lucas;;
536540272;5;6;2024;12:00;1;54;54395;2;1;1;6;Avenue Raymond Pinchard;;
536540273;23;10;2024;11:40;1;77;77169;1;1;1;2;RN104;;
536540274;8;2;2024;15:00;1;13;13213;2;1;1;3;CHEMIN DU MERLAN A LA ROSE;;
536540275;17;5;2024;16:45;1;54;54273;2;1;3;1;Route de Tichemont;;
536540276;22;10;2024;23:50;3;94;94022;1;1;1;2;A86;;
536540277;9;2;2024;19:29;5;13;13001;2;1;2;1;ROI RENE (BD DU);;
536540278;5;6;2024;18:25;1;51;51058;2;3;1;3;SACY (RUE);;
536540279;8;2;2024;19:20;5;12;12202;2;1;1;7;GINESTE (AVENUE DE LA);;
536540280;5;6;2024;12:50;1;51;51454;2;1;1;2;GERUZEZ (RUE);;
536540281;8;2;2024;10:03;1;10;10387;2;1;2;6;Avenue des Lombards;;
536540282;22;10;2024;21:00;3;77;77438;1;1;1;6;A104;;
536540283;5;6;2024;11:10;1;51;51454;2;2;1;3;ALBERT 1ER (BOULEVARD);;
536540284;9;2;2024;18:25;5;06;06069;2;1;2;3;Chemin des Capucins;;
536540286;5;6;2024;07:27;1;49;49007;2;1;1;3;LAC DE MAINE AVENUE;;
536540288;6;6;2024;08:15;1;47;47001;2;1;2;6;PONT DE PIERRE;;
536540289;9;2;2024;06:55;5;75;75112;2;1;1;3;PORTE DE CHARENTON;;
536540290;6;6;2024;16:30;1;42;42218;2;2;1;6;Rue Maître Simone Levaillant;;
536540291;9;2;2024;07:05;5;75;75119;2;1;1;6;AVENUE DE FLANDRE;;
536540292;2;6;2024;18:27;1;35;35179;1;2;1;3;La Butte;;
536540293;8;2;2024;22:05;5;75;75114;2;2;2;3;PLACE DENFERT ROCHEREAU;;
536540294;5;6;2024;08:48;1;41;41018;2;9;1;6;BEGON (RUE MICHEL)  N° IMPAIRS;;
536540296;8;2;2024;13:36;1;75;75114;2;2;2;6;AVENUE DE L OBSERVATOIRE;;
536540297;3;6;2024;15:37;1;40;40192;2;9;1;3;VIGNAU (AV DU);;
536540298;10;10;2024;08:50;2;44;44109;2;6;1;6;Boulevard Emile Gabory;;
536540299;8;2;2024;22:40;5;75;75113;2;2;2;3;RUE DE TOLBIAC;;
536540300;6;6;2024;18:35;1;38;38053;2;1;1;3;SAINT MICHEL (BLD);;
536540301;5;6;2024;16:50;1;34;34032;2;3;1;6;22 AOUT 1944 (AVENUE DU);;
536540302;9;2;2024;15:45;1;75;75111;2;3;1;3;BOULEVARD VOLTAIRE;;
536540303;23;8;2024;20:00;1;74;74298;2;3;1;3;LIVRON (ROUTE DU);;
536540304;6;6;2024;17:00;1;31;31069;2;1;1;2;COSTES (AV DIEUDONNE);;
536540305;9;2;2024;09:05;1;75;75101;2;2;8;3;RUE DE RIVOLI;;
536540306;6;6;2024;23:36;5;31;31555;2;9;1;3;BD DE STRASBOURG;;
536540307;6;6;2024;18:00;1;29;29019;2;6;1;6;rue de la Villeneuve;;
536540308;13;6;2024;09:05;1;29;29019;2;2;1;6;boulevard Montaigne;;
536540309;12;4;2024;19:40;1;69;69275;2;2;1;5;Rue Emile Zola;;
536540310;5;6;2024;09:45;1;28;28220;2;1;1;3;MARCEAU (RUE);;
536540311;5;6;2024;12:15;1;23;23096;2;3;1;6;PASTEUR (AVENUE);;
536540312;22;10;2024;15:10;1;974;97411;1;9;1;1;BEDIER (AVENUE JOSEPH);;
536540313;22;10;2024;09:49;1;973;97302;2;1;1;7;CABASSOU (ROUTE DE);;
536540315;6;6;2024;12:40;1;17;17415;2;1;1;2;NATIONAL 1 A 67 ET 2 A 44 COURS;;
536540316;21;10;2024;17:00;1;973;97302;2;3;1;3;SAINT ANTOINE (CHEMIN);;
536540317;22;10;2024;15:45;1;69;69383;2;1;1;6;Rue Rabelais;;
536540318;5;6;2024;09:58;1;17;17300;2;1;1;4;COLIGNY   AVENUE;;
536540319;22;10;2024;06:20;1;972;97209;2;3;2;3;PAUL NARDAL (AVENUE);;
536540320;5;6;2024;20:45;2;14;14327;2;2;1;1;29 Avenue de la Grande Cavée;;
536540321;22;10;2024;22:55;5;95;95585;2;9;1;3;D125;;
536540322;22;10;2024;09:30;1;95;95280;2;3;1;6;DIDEROT (AVENUE);;
536540323;7;6;2024;00:05;5;13;13203;2;3;1;3;PLOMBIERES (RUE DE);;
536540324;21;10;2024;15:26;1;95;95572;1;9;8;3;FOND DE VAUX (AVENUE DU);;
536540325;7;6;2024;00:40;5;13;13208;2;2;1;3;PRADO (AVENUE DU);;
536540326;22;10;2024;16:15;1;91;91570;2;1;1;6;RESIDENCE LES TILLEULS RUE RAIE TORTUE;;
536540327;6;6;2024;19:10;1;13;13210;2;1;1;3;BONNEFOY (RUE);;
536540328;22;10;2024;07:25;3;91;91685;2;3;1;6;MOCQUET (RUE GUY);;
536540329;6;6;2024;02:26;5;13;13201;2;3;1;3;LÉON GAMBETTA (ALLEE);;
536540330;22;10;2024;10:00;1;91;91027;2;1;1;3;AV FRANCOIS MITTERRAND;;
536540331;5;6;2024;12:30;1;13;13216;2;6;1;3;LITTORAL (CHEMIN DU);;
536540332;22;10;2024;07:10;5;91;91589;2;1;1;6;AV JEAN ALLEMANE;;
536540333;5;6;2024;17:45;1;13;13047;2;8;1;3;TARTUGUES CHEMIN DES;;
536540334;17;10;2024;09:25;1;87;87085;2;3;2;7;MAUVENDIERE (RUE DE LA);;
536540335;18;5;2024;11:50;1;12;12013;1;1;1;1;LYCEE (AVENUE);;
536540336;21;10;2024;09:13;1;87;87085;2;3;1;3;RUBEN (AVENUE ERNEST);;
536540337;21;10;2024;09:54;1;87;87085;2;1;1;6;VANTEAUX (BOULEVARD DE);;
536540339;17;10;2024;16:15;1;87;87085;2;3;2;6;MONTMAILLER (RUE);;
536540340;6;6;2024;14:10;1;10;10297;2;1;1;2;Avenue Jules Guesde;;
536540341;21;10;2024;07:54;2;87;87050;1;3;1;3;RD947;;
536540342;6;6;2024;16:16;1;10;10387;2;1;1;6;Mail des Charmilles;;
536540343;22;10;2024;09:40;1;84;84007;2;2;1;3;PIERRE SEMARD (AVENUE);;
536540344;5;6;2024;16:44;1;10;10357;1;1;1;4;ROCADE EST (RD 610);;
536540345;22;10;2024;06:52;5;83;83137;2;1;1;6;JOFFRE (BD MARECHAL);;
536540346;5;6;2024;18:55;1;09;09225;2;2;1;3;MARCHE AUX BOEUFS PLACE DU;;
536540347;21;10;2024;15:35;1;81;81004;2;1;1;6;SAINT JUERY (AV DE) DU N° 1 AU N° 48;;
536540348;5;6;2024;17:25;1;04;04112;2;1;1;6;CHAMP DE PRUNIERS (CH.);;
536540349;21;10;2024;17:54;1;80;80021;1;1;1;3;Rue Victor Hugo;;
536540350;2;6;2024;10:05;1;04;04112;1;1;1;1;D907;;
536540351;21;10;2024;17:34;1;78;78423;2;1;1;6;PARC (AVENUE DU);;
536540352;5;6;2024;12:10;1;75;75114;2;1;1;2;BD PERIPHERIQUE EXTERIEUR;;
536540353;22;10;2024;18:20;1;78;78172;2;2;1;3;ANGLAIS (RUE DES);;
536540354;6;6;2024;19:15;1;75;75119;2;1;1;6;RUE ANDRE DANJON;;
536540355;6;6;2024;19:00;1;75;75118;2;1;1;6;AVENUE DE SAINT OUEN;;
536540356;22;10;2024;01:15;4;78;78672;1;1;2;6;DE VOISINS AVENUE DU PRESIDENT GILBERT;;
536540357;6;6;2024;17:05;1;75;75118;2;7;1;6;RUE MARX DORMOY;;
536540358;21;10;2024;08:27;1;77;77495;1;1;1;2;N 105;;
536540359;22;10;2024;18:53;5;77;77284;2;9;8;6;TRINITAIRES (RUE DES);;
536540360;5;6;2024;16:05;1;75;75117;2;2;1;3;BOULEVARD PEREIRE;;
536540361;6;6;2024;19:20;1;75;75116;2;1;1;3;ALLEE DES FORTIFICATIONS;;
536540362;22;10;2024;17:30;1;69;69266;2;3;1;2;Avenue Paul Krüger;;
536540363;6;6;2024;15:30;1;75;75116;2;1;1;1;RUE DE LA TOUR;;
536540364;22;10;2024;07:35;5;69;69115;2;6;1;2;Avenue Edouard Herriot;;
536540365;6;6;2024;08:45;1;75;75116;2;1;1;3;ALLEE DE LA REINE MARGUERITE;;
536540366;22;10;2024;08:00;1;69;69290;1;2;2;3;Boulevard de la Porte des Alpes;;
536540367;6;6;2024;14:30;1;75;75115;2;1;1;3;BOULEVARD GARIBALDI;;
536540368;6;6;2024;09:35;1;75;75111;2;2;1;6;AVENUE LEDRU ROLLIN;;
536540369;21;10;2024;23:05;5;69;69029;2;1;1;3;Boulevard de l'Université;;
536540370;5;6;2024;08:50;1;75;75111;2;1;1;3;AVENUE PHILIPPE AUGUSTE;;
536540371;21;10;2024;17:50;1;69;69029;2;2;1;3;Rue de Reims;;
536540372;5;6;2024;22:35;5;75;75110;2;2;1;1;RUE DE LANCRY;;
536540373;21;10;2024;16:58;1;69;69290;2;3;1;2;Boulevard des Roses;;
536540374;6;6;2024;19:00;1;75;75109;2;7;1;3;PLACE D ESTIENNE D ORVES;;
536540375;21;10;2024;11:30;1;69;69290;2;3;7;3;Rue d'Alsace;;
536540376;6;6;2024;09:30;1;75;75104;2;2;1;3;RUE DE RIVOLI;;
536540377;21;10;2024;16:45;1;64;64348;2;1;1;3;EUROPE DE L';;
536540378;5;6;2024;17:50;1;75;75104;2;3;1;6;QUAI DE L HOTEL DE VILLE;;
536540379;22;10;2024;12:15;1;62;62573;2;1;1;1;RD165;;
536540380;5;6;2024;17:30;1;94;94081;2;2;1;3;Avenue Youri Gagarine / Rue Camille Groult;;
536540381;22;10;2024;05:05;5;59;59183;2;2;2;3;HUGO VICTOR - BOULEVARD;;
536540382;4;6;2024;18:15;1;94;94068;2;2;1;3;Avenue Louis Blanc / Boulevard de la Marne;;
536540383;21;10;2024;16:42;1;56;56098;2;2;1;3;Rue Emile Combes;;
536540384;5;6;2024;04:40;5;94;94011;2;4;1;6;Rue Pierre Sémard / D60;;
536540385;21;10;2024;09:05;1;54;54547;1;1;1;2;Rue Victor Basch;;
536540386;22;10;2024;17:20;1;51;51454;2;1;1;6;BEAULIEU (RUE DU LIEUTENANT COLONNEL);;
536540387;6;6;2024;19:20;1;94;94078;2;3;1;2;Avenue de Choisy / Rue Madeleine;;