Num_Acc;jour;mois;an;hrmn;lum;dep;com;agg;int;atm;col;adr;lat;long
536540735;10;7;2024;13:30;1;85;85240;2;1;1;3;17 Rue des vendéens;;
536540736;21;3;2024;07:16;2;95;95127;1;1;1;3;N14;;
536540737;21;3;2024;08:00;1;91;91589;2;3;1;6;AV JEAN JAURES;;
536540738;8;7;2024;18:30;1;44;44037;1;2;1;3;Les Landes Bernard;;
536540739;20;3;2024;09:15;1;91;91432;2;6;7;3;AV FERDINAND DE LESSEPS;;
536540740;9;7;2024;13:10;1;22;22262;2;1;2;6;Grand' Rue;;
536540741;19;3;2024;16:20;1;88;88209;2;1;9;3;ABBE HAUSTETE (RUE);;
536540742;7;7;2024;10:00;1;76;76473;2;1;1;6;Rue du Petit Pont;;
536540743;21;3;2024;14:00;1;86;86214;2;1;7;3;Avenue du Onze Novembre;;
536540744;8;7;2024;07:00;1;13;13106;1;1;1;2;A7-Sens Marseille vers Lyon;;
536540745;20;3;2024;11:25;1;86;86027;2;2;1;1;Rue Nungesser;;
536540746;8;7;2024;09:35;1;13;13026;1;1;1;2;A55-Sens Marseille vers Martigues;;
536540747;12;3;2024;10:00;1;84;84007;2;2;1;3;FOLIE (Avenue de la);;
536540748;8;7;2024;22:15;3;69;69297;1;1;1;2;Autoroute 7;;
536540749;21;3;2024;13:55;1;78;78133;2;1;1;3;MANTES (ROUTE DE);;
536540750;21;3;2024;10:35;1;78;78172;2;1;1;6;AMBASSADEUR (RUE DE L');;
536540751;6;7;2024;23:50;3;54;54557;1;1;1;2;Autoroute A 31;;
536540752;21;3;2024;07:50;1;77;77243;2;9;1;3;SAINT DENIS  (RUE   );;
536540753;8;7;2024;15:40;1;78;78238;1;1;1;6;A13;;
536540754;20;3;2024;17:25;1;77;77181;2;3;1;3;ORANGERIE (ALLEE DE L');;
536540755;9;7;2024;14:15;1;95;95277;1;1;1;3;A3;;
536540756;21;3;2024;22:35;3;76;76382;1;1;5;5;RD 109;;
536540757;9;7;2024;07:00;1;95;95582;1;1;1;3;A15;;
536540758;21;3;2024;18:00;1;74;74010;2;1;1;6;GENEVE (AVENUE DE)(SECTEUR 410);;
536540759;8;7;2024;17:30;1;93;93053;1;1;1;3;A86;;
536540760;20;3;2024;20:40;5;72;72181;2;7;1;6;ROOSEVELT FRANKLIN PL HAUT RUE NATIONALE;;
536540761;9;7;2024;16:45;1;94;94018;1;1;1;3;A4;;
536540762;20;3;2024;15:30;1;69;69276;1;1;1;3;Avenue Albert Ramboz;;
536540763;9;7;2024;10:10;1;94;94074;1;1;1;4;N406;;
536540764;21;3;2024;17:20;1;68;68066;2;3;1;1;BLEICH (RUE DE LA);;
536540765;22;2;2024;19:30;5;73;73008;2;6;2;3;D1201 - HOPITAUX CARREFOUR DES;;
536540766;18;2;2024;19:05;5;64;64445;2;1;1;3;MOHEDAN DU;;
536540767;21;3;2024;08:50;1;64;64122;2;1;1;6;DOMREMY(RD-PT);;
536540769;14;4;2024;19:00;1;82;82079;1;1;1;7;725 Route de Montauban;;
536540770;21;3;2024;17:10;1;64;64024;2;1;1;3;ADOUR (AVENUE DE L');;
536540771;10;4;2024;09:55;3;82;82124;1;1;9;6;Route de Castelsarrasin;;
536540772;21;3;2024;12:40;1;64;64102;2;1;1;2;GRENET (AVENUE HENRI);;
536540773;5;5;2024;22:25;3;14;14175;2;1;2;6;Route de Juaye Mondaye;;
536540774;20;3;2024;13:24;1;63;63113;2;9;1;6;CLEMENTEL (BD ETIENNE);;
536540775;20;3;2024;17:01;1;62;62573;2;1;1;6;D166;;
536540776;20;4;2024;19:45;1;29;29039;2;1;1;6;Rue de Quimper;;
536540777;20;3;2024;17:15;1;62;62244;2;3;1;3;D127;;
536540778;27;4;2024;20:15;1;29;29019;2;7;1;3;place des F.F.I.;;
536540779;21;3;2024;12:15;1;62;62178;2;1;1;3;Avenue de la Liberation;;
536540780;8;7;2024;09:15;1;987;98736;1;1;1;3;HAMUTA VAL (RUE);;
536540781;21;3;2024;08:15;1;60;60057;2;1;1;6;Avenue de l'Europe;;
536540782;8;7;2024;09:26;1;973;97302;2;1;1;6;MONTABO (ROUTE DE) 3;;
536540783;20;3;2024;19:17;1;56;56260;2;1;1;6;DELESTRAINT(AVENUE DU GENERAL);;
536540784;8;7;2024;10:30;1;972;97213;2;1;1;2;AUTOROUTE A1;;
536540785;8;7;2024;13:50;1;972;97209;1;1;1;3;AUTOROUTE (A1);;
536540786;21;3;2024;17:48;1;56;56260;2;1;1;2;Boulevard de Pontivy;;
536540787;21;3;2024;12:20;1;56;56260;2;1;1;3;Rue de Normandie;;
536540788;6;7;2024;21:10;3;971;97113;1;1;1;3;SECTION TOMBEAU;;
536540789;21;3;2024;00:11;3;56;56121;2;6;1;7;Parking du Carrefour;;
536540790;21;3;2024;07:05;1;54;54357;2;2;1;3;Rue Gambetta;;
536540791;8;7;2024;19:46;2;2A;2A004;2;1;1;6;#BONAPARTE CHARLES  BD#;;
536540792;20;3;2024;15:30;1;54;54395;2;2;1;6;Boulevard Insurection du Ghetto Varsovie;;
536540793;8;7;2024;19:40;1;2A;2A004;1;1;1;1;1 Lotissement San Biaggio;;
536540794;7;7;2024;07:36;2;95;95491;2;9;1;6;PASTEUR (RUE);;
536540795;21;3;2024;17:35;1;49;49328;2;2;1;6;BEAUREPAIRE (RUE);;
536540796;20;3;2024;12:15;1;49;49007;2;1;1;7;ONZE NOVEMBRE 1918 AVENUE;;
536540797;8;7;2024;15:10;1;91;91201;2;1;1;1;RUE ALPHONSE DAUDET;;
536540798;21;3;2024;13:35;1;47;47201;1;1;1;3;CONDOM(ROUTE DE);;
536540799;8;7;2024;08:05;1;83;83144;2;9;1;6;UNIVERSITE (AVE DE L');;
536540800;21;3;2024;08:45;1;45;45286;2;1;1;1;D951 PR 90 + 150;;
536540801;7;7;2024;20:55;1;80;80021;2;2;1;1;ASSAS (RUE D');;
536540802;21;3;2024;07:43;1;45;45234;2;2;1;3;Allées Pierre Chevallier;;
536540803;21;3;2024;11:00;1;44;44109;2;1;1;3;Pont Général Audibert;;
536540804;7;7;2024;00:01;3;77;77186;1;6;1;1;D606 de l'obélisque à limite MORET;;
536540805;21;3;2024;09:30;1;44;44109;2;2;1;3;32 Boulevard de Launay;;
536540806;21;3;2024;08:20;1;37;37261;2;1;1;6;CHURCHILL (BOULEVARD WINSTON);;
536540807;6;7;2024;16:35;1;76;76341;1;1;1;4;RD 6015;;
536540808;20;3;2024;19:57;5;34;34301;2;3;1;6;VERDUN (BOULEVARD DE);;
536540809;8;7;2024;08:30;1;76;76351;2;2;1;3;EMILE RENOUF;;
536540810;21;3;2024;12:13;1;34;34172;2;1;1;6;MOULINS (AVENUE DES;;
536540811;6;7;2024;19:05;1;76;76351;2;1;1;6;WINSTON CHURCHILL;;
536540812;21;3;2024;08:45;1;34;34172;2;1;1;3;GREZES (RUE DES);;
536540813;21;3;2024;09:45;1;34;34172;2;1;1;6;VENDEMIAIRE (RUE);;
536540814;4;7;2024;09:40;1;73;73065;2;3;1;3;VERNIER (RUE DU DR);;
536540815;20;3;2024;16:40;1;34;34172;2;1;8;3;Avenue de la Liberté;;
536540816;7;7;2024;19:15;1;72;72181;2;9;1;3;LOUIS BLANC (QUAI);;
536540818;8;7;2024;07:50;1;71;71306;2;6;1;3;LUCY (RUE DE);;
536540820;21;3;2024;04:40;5;31;31555;2;3;1;3;AV ETIENNE BILLIERES;;
536540821;8;7;2024;18:55;1;69;69275;2;2;1;3;Avenue Jean Macé;;
536540822;21;3;2024;14:00;1;29;29232;1;1;1;6;RN 165;;
536540823;8;7;2024;18:05;1;67;67482;2;1;1;7;PORTE DE L HOPITAL (RUE DE LA);;
536540824;21;3;2024;16:37;1;29;29039;1;2;1;3;Rue de Kerambec;;
536540825;8;7;2024;17:55;1;67;67482;2;1;1;1;Quai Jean-Pierre Mayno;;
536540826;19;3;2024;20:20;5;29;29019;2;8;1;3;avenue 1ère D.F.L.;;
536540827;8;7;2024;20:45;1;59;59599;2;3;1;3;MAGENTA (RUE);;
536540828;8;7;2024;18:20;1;59;59220;2;9;1;6;NOUVELLE RUE;;
536540829;21;3;2024;07:40;1;27;27229;2;1;1;2;CHURCHILL (AVENUE WINSTON);;
536540830;21;3;2024;08:00;1;18;18033;2;6;1;7;Avenue de Lattre de Tassigny;;
536540831;21;6;2024;21:44;1;58;58194;2;3;1;3;LOUIS VICAT;;
536540832;8;7;2024;14:00;1;56;56260;2;1;1;2;Rue de Bernus;;
536540833;20;3;2024;17:10;1;17;17300;2;4;1;6;GUITON   AVENUE JEAN (343-371);;
536540834;21;3;2024;17:30;1;13;13208;2;1;1;3;TURCAT MERY ALLÉE (ALLEE);;
536540835;7;7;2024;06:50;1;54;54547;2;9;1;6;Route de Mirecourt;;
536540836;11;3;2024;04:30;2;13;13211;2;3;1;6;EMMANUEL ALLARD (RUE);;
536540837;8;7;2024;11:30;1;50;50218;2;9;2;2;MATIGNON (AV DES);;
536540838;5;7;2024;12:50;1;50;50129;2;1;2;7;LOGES (CHEMIN DE LA);;
536540839;20;3;2024;16:25;1;13;13211;2;1;1;2;JEAN LOMBARD (AVENUE);;
536540840;21;3;2024;17:00;1;13;13028;2;1;1;1;Puits de brunet (Chemin);;
536540841;14;5;2024;15:00;1;46;46042;1;1;1;7;Départementale 820;;
536540842;21;3;2024;20:30;5;13;13001;2;3;1;3;RD 10;;
536540843;7;7;2024;20:25;1;45;45004;2;2;1;3;127 Rue du Marchais Rouge;;
536540844;21;3;2024;07:50;1;11;11069;2;9;1;3;22bis Boulevard de Varsovie;;
536540845;6;7;2024;18:35;1;45;45208;2;2;1;3;37 Rue Victor Méric;;
536540846;7;7;2024;23:58;5;42;42186;2;1;1;1;Rue Edouard Vaillant;;
536540847;22;3;2024;01:04;5;06;06088;2;1;1;7;Promenade des Anglais;;
536540848;7;7;2024;17:55;1;41;41018;2;1;1;7;TUILERIES (LEVEE DES);;
536540849;8;7;2024;13:52;1;37;37261;2;6;1;2;LOUIS XI (BOULEVARD);;
536540850;21;3;2024;19:00;2;01;01053;2;2;1;3;HERRIOT ( BOULEVARD EDOUARD COTE PAIR);;
536540851;8;7;2024;13:08;1;37;37195;2;3;1;7;PROUDHON (AVENUE);;
536540852;21;3;2024;18:20;1;75;75115;2;1;1;3;BD PERIPHERIQUE EXTERIEUR;;
536540853;21;3;2024;16:40;1;75;75117;2;1;1;2;ECHANGEUR MAILLOT;;
536540854;8;7;2024;10:05;1;35;35238;2;2;2;3;BRETAGNE (PLACE DE);;
536540855;21;3;2024;08:55;1;75;75117;2;1;1;6;BD PERIPHERIQUE INTERIEUR;;
536540856;21;3;2024;08:10;1;75;75117;2;1;1;2;BD PERIPHERIQUE INTERIEUR;;
536540857;9;7;2024;00:01;5;31;31555;2;3;1;3;AV DU GENERAL EISENHOWER;;
536540858;3;7;2024;11:01;1;28;28220;1;9;1;3;ROUTE NATIONALE 123;;
536540859;21;3;2024;14:00;1;75;75118;2;3;1;3;AVENUE DE LA PORTE D AUBERVILLIERS;;
536540860;7;7;2024;08:00;1;26;26362;1;1;1;6;RN7;;
536540861;21;3;2024;01:15;5;75;75116;2;7;1;6;PLACE DE VARSOVIE;;
536540862;21;3;2024;08:15;1;75;75114;2;4;1;7;RUE D ALESIA;;
536540863;8;7;2024;22:00;2;25;25056;2;4;1;3;VESOUL RUE DE (inf 52);;
536540864;21;3;2024;22:16;5;75;75113;2;4;1;6;RUE DE PATAY;;
536540865;8;7;2024;04:50;2;25;25056;2;2;1;3;BERTHELOT RUE;;
536540866;21;3;2024;17:00;1;75;75113;2;4;1;3;RUE DE TOLBIAC;;
536540867;8;7;2024;04:00;4;14;14059;2;1;1;6;33 Avenue du Littoral;;
536540868;19;3;2024;19:20;5;75;75112;2;1;1;4;QUAI DE BERCY;;
536540869;8;7;2024;11:45;1;13;13117;1;1;1;2;CD 9 ESTROUBLANS;;
536540870;21;3;2024;17:25;1;75;75110;2;3;1;7;RUE DU FAUBOURG SAINT MARTIN;;
536540871;8;7;2024;12:24;1;05;05023;2;1;1;6;BALPIN (CHEMIN);;
536540872;21;3;2024;08:40;1;75;75109;2;4;1;3;BOULEVARD DES CAPUCINES;;
536540873;21;3;2024;12:20;1;75;75107;2;3;1;3;AVENUE FREDERIC LE PLAY;;
536540874;7;7;2024;22:13;5;75;75112;2;1;1;2;PORTE DOREE;;
536540875;21;3;2024;07:49;1;75;75107;2;4;1;6;BOULEVARD RASPAIL;;
536540876;7;7;2024;21:00;5;75;75115;2;3;1;6;QUAI BRANLY;;
536540877;20;3;2024;18:35;1;94;94081;2;3;1;6;Avenue Jean Jaurès / Rue Désiré Granet;;
536540878;8;7;2024;09:43;1;75;75119;2;2;1;3;AVENUE DE FLANDRE;;
536540879;21;3;2024;08:05;1;94;94046;2;3;1;3;Rue de Mulhouse / Rue Jean Jaurès;;
536540880;8;7;2024;06:40;2;75;75116;2;7;1;3;PLACE CLEMENT ADER;;
536540881;20;3;2024;17:15;1;94;94011;2;6;1;2;Avenue Rhin et Danube / Avenue de Boissy;;
536540882;7;7;2024;13:30;1;75;75115;2;1;1;3;BOULEVARD DE VAUGIRARD;;
536540883;21;3;2024;07:30;1;94;94055;2;9;1;2;Route de Provins / Rue Lavoisier;;
536540884;21;3;2024;17:09;1;93;93070;2;1;1;3;Rue du Docteur Bauer;;
536540885;8;7;2024;01:17;5;75;75114;2;2;1;3;BOULEVARD JOURDAN;;
536540886;8;7;2024;12:23;1;75;75113;2;3;1;1;RUE DU CHEVALERET;;
536540887;21;3;2024;08:11;1;93;93066;2;1;1;4;Avenue du Président Wilson;;
536540888;7;7;2024;09:00;1;75;75120;2;1;1;6;BOULEVARD MORTIER;;
536540889;8;7;2024;16:15;1;75;75108;2;2;1;6;AVENUE DES CHAMPS ELYSEES;;
536540890;8;7;2024;10:40;1;75;75108;2;7;1;3;PLACE DES TERNES;;
536540891;21;3;2024;12:30;1;93;93055;2;1;1;2;Rue Victor Hugo;;
536540892;8;7;2024;09:50;1;75;75108;2;2;1;3;RUE DE COURCELLES;;
536540893;21;3;2024;08:30;1;93;93007;2;2;1;3;Avenue de Bel-abbès / Avenue Edouard Lucy;;
536540894;8;7;2024;09:40;1;75;75107;2;1;1;6;QUAI D ORSAY;;
536540895;8;7;2024;09:40;1;75;75101;2;3;1;7;RUE DE RIVOLI;;
536540896;20;3;2024;22:30;5;93;93007;2;1;1;3;Avenue Descartes;;
536540897;20;3;2024;18:46;1;92;92078;2;1;1;3;MARECHAL LECLERC (AVENUE) (N° IMPAIRS);;
536540898;7;7;2024;17:50;1;75;75102;2;2;1;3;RUE DE RICHELIEU;;
536540899;21;3;2024;11:00;1;92;92048;2;2;1;3;GENERAL DE GAULLE (AVENUE DU);;
536540900;7;7;2024;14:15;1;94;94043;2;2;1;6;Avenue Charles Gide;;
536540901;8;7;2024;08:05;1;94;94077;2;1;1;6;Rue Saint Martin;;
536540902;20;3;2024;18:50;1;92;92036;2;3;1;6;GENEAL DE GAULLE (AVENUE) (1/41);;
536540903;8;7;2024;12:22;1;94;94079;2;2;8;1;Rue P Doboeuf et Michel Lafon;;
536540904;19;3;2024;19:35;5;92;92025;2;2;1;6;EDGARD QUINET (BD);;
536540905;8;7;2024;20:20;1;94;94018;2;3;1;6;Rue des Bordeaux;;
536540906;20;3;2024;20:20;5;92;92019;2;2;1;2;QUATRE CHEMINS (AVENUE DES);;
536540907;8;7;2024;06:30;2;93;93064;2;7;1;3;Boulevard Gabriel Péri / Rue Richard Gardebled;;
536540908;8;7;2024;09:25;1;93;93055;2;2;1;3;Avenue Anatole France / Rue Pierre Brossolette;;
536540909;8;7;2024;16:32;1;92;92072;2;2;1;3;GRANDE RUE;;
536540910;8;7;2024;06:12;1;92;92051;2;2;1;3;WINSTON CHURCHILL (PLACE);;
536540911;7;7;2024;02:39;4;92;92024;2;1;1;6;GUSTAVE EIFFEL (RUE);;
536540912;8;7;2024;11:00;1;92;92004;2;1;1;6;MOURINOUX ( RUE DES );;
536540913;7;7;2024;18:20;1;34;34088;1;1;1;5;Route de Fabrègues;;
536540914;8;7;2024;16:40;1;54;54192;1;1;1;2;D112;;
536540915;8;7;2024;19:50;1;2A;2A348;2;1;1;6;1240 Promenade de la plage;;
536540916;9;7;2024;13:50;1;24;24372;1;1;1;3;2 Route de Montanceix;;
536540917;9;7;2024;19:10;1;43;43185;1;1;1;1;D656;;
536540918;8;7;2024;13:30;1;974;97422;2;1;1;1;60 Rue Charles Baudelaire;;
536540919;9;7;2024;08:50;1;972;97207;1;9;1;3;Fond d'Or;;
536540920;8;7;2024;14:35;1;972;97208;1;1;1;2;N3;;
536540921;7;7;2024;16:16;1;88;88256;1;1;7;7;D50;;
536540923;9;7;2024;15:25;1;50;50546;1;1;1;6;Route du Manoir (La Mancellière-sur-Vire);;
536540924;9;7;2024;14:20;1;50;50363;1;1;1;6;Route du Carrefour Paris;;
536540925;2;7;2024;13:35;1;62;62211;2;1;3;1;Rue d'Agnières;;
536540926;8;7;2024;17:40;1;34;34309;1;1;1;1;croisement D145 et rue du montferrier;;
536540927;9;7;2024;16:30;1;57;57556;2;9;1;2;rue du lac;;
536540928;9;7;2024;09:15;1;51;51380;2;1;1;3;la chaussée a chateauneuf;;
536540929;9;7;2024;17:30;1;19;19252;1;2;1;6;la crouzade;;
536540930;3;6;2024;16:00;1;56;56234;2;1;1;5;Le Fort Penthievre;;
536540931;9;7;2024;02:00;3;56;56157;1;1;2;6;Kermarec;;
536540932;8;7;2024;16:25;1;2B;2B012;1;1;1;6;314;;
536540933;9;7;2024;14:00;1;2B;2B319;1;9;1;4;Valle Longhe;;
536540934;8;7;2024;22:48;3;82;82076;1;1;1;7;Route de Molieres;;
536540935;9;7;2024;17:30;1;63;63148;1;3;1;5;D224 / chemin de la Grenouillère;;
536540936;8;7;2024;17:40;1;61;61181;2;1;1;5;Voie Communale;;
536540937;7;7;2024;19:40;1;12;12186;1;1;1;6;rd999;;
536540938;8;7;2024;16:56;1;47;47226;1;3;1;3;D668;;
536540939;7;7;2024;12:10;1;34;34261;1;1;7;7;D4;;
536540940;9;7;2024;07:10;1;25;25578;1;1;1;3;D50;;
536540941;2;7;2024;17:30;1;44;44217;1;3;1;3;la Bosse Billy;;
536540942;8;7;2024;22:40;3;31;31345;1;1;1;5;D820;;
536540943;8;7;2024;12:30;1;72;72089;2;9;1;5;20 Grande Rue;;
536540944;9;7;2024;12:09;1;05;05056;2;1;1;7;Rue de la Charrière;;
536540945;4;7;2024;11:37;1;64;64547;1;4;1;1;Chemin de Halage;;
536540946;9;7;2024;12:50;1;07;07334;1;1;1;7;d901;;
536540947;8;7;2024;13:25;1;04;04075;1;1;1;1;Route de la Clue;;
536540948;9;7;2024;00:45;3;87;87072;1;1;1;6;D82a2;;
536540949;27;6;2024;19:10;1;87;87154;1;1;1;7;Le Pont du Dérot;;
536540950;9;7;2024;08:08;1;87;87017;1;1;1;6;RN 145 Pk 4+400;;
536540951;8;7;2024;17:18;1;30;30004;2;1;1;1;Rue de la Gare;;
536540952;9;7;2024;10:00;1;30;30073;1;1;1;3;D19a;;
536540953;9;7;2024;10:30;1;30;30188;1;3;1;3;D936;;
536540954;7;7;2024;23:55;3;88;88408;1;6;1;6;ROND POINT DES MEIX;;
536540955;9;7;2024;14:25;1;77;77333;1;1;1;2;A6 > PARIS;;
536540957;9;7;2024;08:00;1;37;37079;1;2;1;3;Rue de Beauregard;;
536540958;5;7;2024;18:00;1;28;28372;1;1;1;1;D101;;
536540959;7;7;2024;21:50;3;2B;2B298;2;9;1;7;Route du pont de fer;;
536540962;3;7;2024;22:00;5;34;34090;2;3;1;3;route départementale 613;;
536540963;9;7;2024;09:35;1;06;06091;1;1;1;1;D53;;
536540964;6;7;2024;15:24;1;04;04171;1;1;1;3;RD 952;;
536540965;8;7;2024;15:00;1;26;26002;1;1;1;3;Autoroute A7;;
536540966;4;7;2024;20:00;1;70;70279;2;6;1;3;rue du chemin neuf;;
536540967;8;7;2024;10:00;1;68;68329;1;1;1;1;Route de la Schlucht;;
536540968;4;7;2024;18:50;1;42;42328;1;1;1;2;Route du Mongenet;;
536540969;9;7;2024;08:35;1;38;38277;1;1;1;1;Départementale 529;;
536540970;9;7;2024;03:05;3;17;17409;1;1;1;7;Route du Stade;;
536540972;9;7;2024;15:00;1;85;85083;1;1;1;1;RD96;;
536540973;6;7;2024;22:30;3;44;44179;1;1;1;1;10 bellevue;;
536540974;9;7;2024;10:30;1;76;76489;1;1;2;1;Route du Hamelet;;
536540975;8;7;2024;18:30;1;59;59254;2;1;1;2;Rue du Nord;;
536540977;8;7;2024;17:25;1;91;91340;1;1;1;2;AUTOROUTE A6;;
536540978;17;9;2024;05:58;5;93;93005;2;9;1;7;JACQUES DAGUERRE (AVENUE);;
536540979;17;9;2024;19:00;1;93;93062;2;1;1;3;RESISTANCE (AVENUE DE LA);;
536540980;17;9;2024;08:55;1;93;93051;2;6;1;2;RU DE NESLE (BOULEVARD);;
536540981;17;9;2024;09:50;1;93;93053;2;2;1;3;ARISTIDE BRIAND (BOULEVARD);;
536540982;17;9;2024;14:10;1;93;93027;2;5;1;3;PALMERS (PONT);;
536540983;17;9;2024;03:30;5;93;93010;2;1;1;6;ETOILE (AL. DE L');;
536540984;17;9;2024;17:25;1;93;93007;2;2;1;3;MASCOTTES (RUE DES);;
536540985;17;9;2024;15:30;1;93;93027;2;1;1;3;VAILLANT-COUTURIER (AVENUE PAUL);;
536540986;17;9;2024;18:30;1;92;92063;2;1;1;6;BONAPARTE (AVENUE NAPOLEON) NORD;;
536540987;17;9;2024;22:20;5;92;92040;2;6;1;2;FRERES VOISIN (BOULEVARD DES);;
536540988;17;9;2024;20:15;5;62;62534;2;6;1;3;D342;;
536540989;7;9;2024;05:30;5;95;95487;2;1;2;3;D4Z;;
536540990;17;9;2024;15:25;1;84;84137;2;1;1;7;Avenue Ulysse Fabre;;
536540991;7;9;2024;11:57;1;22;22093;1;1;1;4;RN12;;
536540992;18;9;2024;08:00;1;30;30141;1;3;1;3;N 580;;
536540993;17;9;2024;20:55;2;61;61497;1;1;1;6;Aire de la Dentelle;;
536540994;16;9;2024;16:50;1;51;51530;2;3;1;3;22 rue du 11 novembre;;
536540995;14;9;2024;19:15;1;51;51161;2;1;1;7;Rue du 8 Mai;;
536540996;18;9;2024;16:15;1;76;76452;1;1;1;7;D44;;
536540997;18;9;2024;11:00;1;82;82184;1;1;1;6;1280 Route de Nègrepelisse;;
536540999;18;9;2024;16:05;1;25;25326;1;1;1;7;D11;;
536541000;16;9;2024;17:40;1;35;35306;1;3;1;3;D117;;
536541001;18;9;2024;12:25;1;29;29158;2;2;1;3;Rue du 19 Mars 1962;;
536541002;17;9;2024;18:00;1;38;38126;2;2;1;6;Chemin Charles Pajon;;
536541003;18;9;2024;13:15;1;02;02693;1;1;1;7;D2;;
536541004;18;9;2024;07:15;3;26;26357;1;1;1;7;Route d'Orange;;
536541005;18;9;2024;12:00;1;72;72080;1;4;1;3;Lieu Dit la Justiere;;
536541008;18;9;2024;10:00;1;07;07346;2;3;1;3;1 Faubourg de la Madeleine;;
536541009;17;9;2024;17:46;1;38;38249;1;3;1;1;D11 / A41s;;
536541010;11;9;2024;14:45;1;17;17228;1;1;1;1;route centre europe atlantique;;
536541011;18;9;2024;12:55;1;973;97311;2;3;1;3;Avenue Gaston Monnerville - Chemin de fatima;;
536541012;15;9;2024;04:30;5;91;91662;2;1;1;6;1 Route de Montflix;;
536541013;16;9;2024;11:15;1;91;91180;1;1;1;6;D372;;
536541014;17;9;2024;11:25;1;83;83016;1;1;1;3;Dn8;;
536541015;30;11;2024;01:00;3;49;49248;1;1;1;7;Rd 71;;
536541016;17;9;2024;19:00;1;13;13100;1;1;1;1;D99;;
536541017;17;9;2024;16:00;1;71;71176;2;3;1;2;11 Rue des Blattiers;;
536541018;30;11;2024;02:13;3;06;06123;1;1;1;4;A8 PK 184.000 Nord;;
536541019;17;9;2024;06:14;3;71;71325;2;1;1;1;D979;;
536541020;17;9;2024;11:00;1;42;42265;1;2;1;3;Route de Chuyer;;
536541021;29;11;2024;21:00;3;59;59488;1;1;1;5;A2 sens VALENCIENNES vers PARIS PK 031.400;;
536541022;18;9;2024;12:45;1;42;42261;2;3;1;6;Route de Lyon;;
536541023;28;11;2024;13:15;1;987;98722;2;1;1;1;pk 19;;
536541024;16;9;2024;08:40;1;38;38507;1;1;1;3;rue de la chapelle;;
536541025;30;11;2024;12:30;1;988;98802;1;1;1;7;Route menant à Bouraké;;
536541026;16;9;2024;10:00;1;01;01297;1;1;1;1;D22;;
536541027;29;11;2024;19:15;3;986;98613;1;6;1;1;Ahoa;;
536541028;30;11;2024;12:00;1;45;45010;2;1;5;6;D921 PR 22 + 880;;
536541029;1;8;2024;20:30;1;35;35206;2;3;1;2;D837;;
536541030;30;11;2024;14:45;1;77;77145;1;1;5;1;D1036;;
536541031;18;9;2024;12:45;1;76;76495;2;1;1;2;Rue Pihet;;
536541032;28;11;2024;23:55;3;78;78305;1;1;9;7;D45 intersection chemin de Poissy;;
536541033;30;11;2024;01:50;4;66;66182;1;6;1;2;D81;;
536541034;17;9;2024;17:40;1;02;02555;1;2;1;3;D11;;
536541035;29;11;2024;13:05;1;34;34050;1;1;1;3;D106;;
536541036;30;11;2024;04:47;3;05;05151;1;1;1;6;Route Nationale de Prelles;;
536541037;16;9;2024;12:00;1;59;59400;2;2;1;3;Place de la Libération;;
536541038;30;11;2024;05:15;3;13;13042;1;1;1;1;D8n;;
536541039;17;9;2024;08:00;1;91;91286;1;1;1;2;AUTOROUTE A6;;
536541040;16;9;2024;14:45;1;93;93063;1;1;1;2;AUTOROUTE A3;;
536541041;29;11;2024;18:30;5;38;38087;2;9;1;6;1799 Avenue Frédéric Mistral;;
536541042;16;9;2024;13:00;1;93;93027;1;1;1;4;AUTOROUTE A1;;
536541043;29;11;2024;07:05;3;38;38215;1;2;5;6;Route des Moilles;;
536541044;27;11;2024;12:40;1;38;38276;2;1;1;6;D 1085;;
536541045;16;9;2024;06:30;3;93;93064;1;1;1;2;AUTOROUTE A86;;
536541046;30;11;2024;15:20;1;69;69009;1;1;1;1;Route de Lyon;;
536541047;15;9;2024;07:25;2;93;93005;1;1;1;2;AUTOROUTE A1;;
536541048;26;11;2024;08:23;2;35;35047;2;6;1;6;Rue du Champ Niguel;;
536541049;16;9;2024;18:40;1;93;93051;1;1;1;6;A4;;
536541050;8;4;2024;19:00;1;55;55029;2;1;1;6;SCHUMAN ( RUE ROBERT );;
536541051;18;11;2024;07:42;1;60;60134;1;1;8;4;D1016;;
536541052;31;5;2024;16:10;1;84;84088;1;1;1;1;318 Route de Patris;;
536541053;29;11;2024;18:48;3;13;13210;1;1;1;2;A50-Sens Aubagne vers Marseille;;
536541054;17;7;2024;21:25;2;57;57597;1;1;1;7;CD9;;
536541055;28;11;2024;14:55;1;83;83137;2;1;1;2;A50 TUNNEL TUBE NORD;;
536541056;17;7;2024;17:30;1;28;28085;2;3;1;3;COURTILLE (BOULEVARD DE LA);;
536541057;21;11;2024;06:00;2;69;69029;1;1;1;3;Route Départementale 383;;
536541058;28;11;2024;20:15;5;42;42005;1;1;1;2;A72;;
536541059;30;3;2024;04:10;4;75;75112;2;1;3;2;QUAI DE BERCY;;
536541060;19;7;2024;18:40;1;57;57690;2;3;1;2;40 Rue du Wenheck;;
536541062;16;9;2024;11:14;1;987;98735;2;1;1;2;CLEMENCEAU (RUE QTIER MAMAO);;
536541064;16;9;2024;10:45;1;987;98736;2;9;1;3;CHARLES DE GAULLE (AV);;
536541066;15;9;2024;15:57;1;987;98736;1;6;1;3;ARIIPAEA POMARE (AV);;
536541067;29;11;2024;15:43;1;78;78640;1;1;1;3;N118;;