Num_Acc;jour;mois;an;hrmn;lum;dep;com;agg;int;atm;col;adr;lat;long
536541068;16;9;2024;13:28;1;976;97611;2;1;3;3;doujani-Mouhindi Hassani (rue );;
536541069;23;11;2024;23:40;5;92;92051;1;1;1;3;RN13;;
536541070;16;9;2024;08:45;1;974;97416;2;9;1;3;HIPPOLYTE  PIOT (RUE);;
536541071;29;11;2024;14:00;1;95;95018;1;1;1;3;A15;;
536541072;16;9;2024;06:50;1;974;97416;2;9;1;6;LIGNE PARADIS(ROUTE DE LA);;
536541073;29;11;2024;07:20;3;95;95018;1;1;1;2;A15;;
536541074;15;9;2024;17:00;1;974;97411;1;1;1;3;JAURES (BOULEVARD JEAN);;
536541075;29;11;2024;04:00;5;93;93005;1;1;1;2;AUTOROUTE A3;;
536541076;15;9;2024;20:30;3;973;97302;2;1;1;6;FELIX EBOUE(ROCADE);;
536541077;28;11;2024;10:05;1;95;95256;1;1;1;3;N184;;
536541078;14;9;2024;23:55;4;973;97302;2;1;1;7;REPUBLIQUE (BD DE LA);;
536541079;28;11;2024;09:08;1;93;93005;1;1;1;2;AUTOROUTE A3;;
536541080;27;11;2024;17:50;1;92;92036;1;1;1;3;AUTOROUTE A15;;
536541081;16;9;2024;17:30;1;69;69383;2;2;8;3;Rue André Philip;;
536541082;27;11;2024;10:30;1;93;93027;1;1;1;3;BDL;;
536541083;29;11;2024;08:00;1;77;77121;1;1;1;2;A104;;
536541084;15;9;2024;19:50;3;972;97213;1;1;1;2;ROUTE NATIONALE 5;;
536541085;14;9;2024;08:50;1;69;69384;2;1;1;3;85 Boulevard de la Croix-Rousse;;
536541086;24;7;2024;20:35;1;34;34301;2;6;1;3;AVENUE GILBERT MARTELLI;;
536541087;15;9;2024;12:00;1;971;97101;1;1;1;2;ROUTE DE CHAZEAU;;
536541088;14;9;2024;18:30;5;971;97113;1;1;1;3;SECTION BESSON;;
536541089;16;9;2024;12:10;1;2A;2A004;2;1;1;6;#226 Salario#;;
536541090;15;9;2024;18:40;1;95;95582;2;3;1;3;D14;;
536541091;26;7;2024;22:30;4;34;34301;1;1;1;3;BALARUC (ROUTE DE);;
536541092;16;9;2024;11:55;1;91;91027;2;1;1;3;AV DU 18 AVRIL;;
536541093;28;6;2024;12:59;1;93;93029;2;1;1;3;Avenue Henri Barbusse;;
536541094;21;6;2024;21:15;2;93;93029;2;3;1;6;Avenue Jean Jaures / Avenue de la Saussaye;;
536541095;16;9;2024;12:15;1;91;91326;2;2;1;6;MONTTESSUY (RUE DE);;
536541096;25;6;2024;20:45;2;93;93029;2;1;1;3;Avenue de la Concorde;;
536541097;21;6;2024;08:20;1;93;93029;2;1;2;6;Rue Saint Stenay / Centre Commercial Avenir;;
536541098;17;6;2024;16:40;1;93;93029;2;1;1;6;Rue Anatole France;;
536541099;16;9;2024;07:00;2;91;91027;2;2;1;3;AV FRANCOIS MITTERRAND;;
536541100;16;6;2024;22:50;5;93;93029;2;1;1;6;Rue Emmanuel Vinson;;
536541101;8;6;2024;13:45;1;93;93029;2;9;1;1;Rue de la Republique;;
536541102;16;9;2024;08:30;1;91;91433;1;1;1;2;R.D. 20;;
536541103;7;6;2024;13:50;1;93;93029;2;1;1;6;Rue Sadi Carnot;;
536541104;7;9;2024;07:19;1;88;88413;1;9;1;7;RUE DE L ANCIENNE FECULERIE;;
536541105;16;9;2024;10:04;1;87;87085;2;1;1;6;PERRIN (RUE FRANCOIS);;
536541106;3;6;2024;07:16;1;93;93029;2;3;1;2;Avenue Henri Barbusse / Rue Pegoud;;
536541107;13;9;2024;16:46;1;87;87065;2;1;1;6;RD979;;
536541108;1;6;2024;15:40;1;93;93029;2;3;3;3;Avenue Jean Jaures / Avenue Garibaldi;;
536541109;13;9;2024;18:52;1;86;86158;2;1;7;6;Rue de Nanteuil;;
536541110;7;7;2024;10:15;1;13;13099;1;3;1;1;Chemin Departemental 952;;
536541111;16;9;2024;07:20;1;84;84080;2;6;1;6;PASTEUR BOULEVARD;;
536541112;28;11;2024;15:50;1;988;98818;2;2;1;6;RUE SUZANNE ULM/RUE DES DAHLIAS;;
536541113;16;9;2024;10:45;1;84;84007;2;2;1;3;TARASCON (AVENUE DE);;
536541114;28;11;2024;17:40;1;974;97416;1;1;1;2;ENTRE DEUX(route de l');;
536541115;16;9;2024;18:05;1;83;83062;2;1;1;2;BARTOLINI (RUE JEAN);;
536541116;28;11;2024;14:00;1;974;97409;2;3;1;5;DU LYCEE(RUE);;
536541117;15;9;2024;14:10;1;80;80674;1;1;1;6;ROCADE NORD EST RN 25;;
536541118;15;9;2024;10:30;1;80;80674;1;1;1;7;ROCADE NORD RN 1;;
536541119;29;11;2024;00:40;5;974;97407;2;1;1;2;COMMUNE DE PARIS (AVENUE);;
536541120;15;9;2024;02:50;5;80;80021;2;1;1;7;Rue Vanmarcke;;
536541121;28;11;2024;01:00;3;972;97209;1;1;1;6;Chateauboeuf  (Pont de);;
536541122;15;9;2024;06:59;2;77;77288;1;1;1;3;D605;;
536541123;28;11;2024;08:25;1;69;69384;2;1;2;5;20 Montée de la Boucle;;
536541124;14;9;2024;18:30;1;76;76447;1;6;1;7;RD 31;;
536541125;14;9;2024;19:10;1;76;76351;2;2;1;3;DENIS CORDONNIER (RUE);;
536541126;15;9;2024;09:40;1;72;72181;2;6;7;3;MAILLETS (RUE DES) IMP 161 ET plus;;
536541127;27;11;2024;19:20;3;2B;2B037;2;8;1;3;TOUTES RUES;;
536541128;28;11;2024;15:00;1;971;97101;2;1;1;2;GRAND CAMP(SECTION);;
536541129;16;9;2024;15:45;1;69;69092;1;2;1;3;Route de Tarare;;
536541130;16;9;2024;21:45;3;64;64373;1;1;1;6;D802;;
536541131;27;11;2024;15:53;1;971;97113;2;2;1;3;GRAND BAIE ( RN4);;
536541132;28;11;2024;10:15;1;95;95585;2;6;1;6;D125;;
536541133;16;9;2024;21:18;5;64;64445;2;2;1;1;JEAN MERMOZ;;
536541134;28;11;2024;10:30;1;95;95277;1;1;1;2;D170;;
536541135;16;9;2024;13:24;1;63;63075;2;1;1;2;ROYAT (AVENUE DE);;
536541136;28;11;2024;13:30;1;95;95598;2;1;1;7;ANDILLY (RUE D');;
536541137;11;9;2024;13:10;1;62;62065;2;1;1;2;Rue Charles Helle;;
536541138;28;11;2024;16:00;1;95;95488;2;1;7;6;D106;;
536541139;12;9;2024;01:45;5;62;62270;2;1;2;7;Rue Maurice Thorez;;
536541140;28;11;2024;13:15;1;91;91589;2;3;1;3;RUE DE L EGLISE;;
536541141;12;9;2024;17:45;1;62;62642;2;1;1;1;D941;;
536541142;16;9;2024;11:37;1;60;60463;2;1;1;6;Rue Ronsard;;
536541143;15;9;2024;12:15;1;60;60159;2;1;1;6;Avenue Royale;;
536541144;27;11;2024;17:57;5;91;91286;2;2;2;3;EMILE ALLIAUD (AVENUE);;
536541145;28;11;2024;19:00;5;91;91174;2;1;1;6;RUE LAMARTINE;;
536541146;13;9;2024;09:14;1;59;59585;2;8;1;3;Rue Edouard Watrelot;;
536541147;28;4;2024;17:45;1;974;97416;1;1;1;2;RN1 (ROUTE NATIONALE);;
536541148;27;11;2024;17:20;5;91;91228;2;1;2;6;BD DES COQUIBUS;;
536541149;28;4;2024;16:30;1;974;97416;1;1;1;6;CONCESSION CONDE(CHEMIN);;
536541150;16;9;2024;12:50;1;56;56260;2;9;1;3;Boulevard du Colonel Rémy;;
536541151;27;11;2024;22:35;3;30;30011;1;1;1;7;ARAMON (ROUTE D');;
536541152;28;4;2024;06:05;3;974;97411;2;1;1;6;DIGUE (ROUTE);;
536541153;16;9;2024;13:50;1;56;56083;2;1;1;6;Rue Gérard Philipe;;
536541154;27;11;2024;09:30;1;84;84007;2;1;1;6;PINEDE (AVENUE DE LA) MTF;;
536541155;27;4;2024;18:20;5;974;97411;2;1;1;3;BRIDET;;
536541156;14;9;2024;17:11;1;56;56121;2;6;1;2;Place du Bourgneuf;;
536541157;27;11;2024;08:30;1;84;84007;2;1;1;2;EUROPE (PONT DE L');;
536541158;15;9;2024;16:20;1;51;51454;2;1;1;7;ARBALETE (RUE);;
536541159;28;4;2024;17:50;1;972;97213;2;1;1;1;LEOPOLD BISSOL (RUE);;
536541160;27;11;2024;16:50;2;83;83090;2;1;1;1;Boulevard de Léry prolongé;;
536541161;15;9;2024;12:15;1;51;51172;2;1;1;7;ROUSSILLON (AVENUE);;
536541162;28;4;2024;23:15;5;95;95585;2;9;1;2;D316;;
536541163;14;9;2024;17:50;1;51;51454;2;2;1;7;MONT D'ARENE (RUE);;
536541164;27;11;2024;14:40;1;83;83137;2;6;1;3;MIRASOULEOU (AVE);;
536541165;28;4;2024;04:00;5;84;84080;2;6;1;6;VERDUN BOULEVARD DE;;
536541166;15;9;2024;10:13;1;45;45338;2;4;1;7;D961 PR 6 + 120;;
536541167;28;11;2024;19:10;5;83;83126;2;3;1;6;COLLINES DE TAMARIS (LES);;
536541168;28;4;2024;23:00;5;83;83137;2;1;1;2;BRIAND (AVE ARISTIDE PROLONGEE);;
536541169;27;11;2024;14:20;1;80;80021;2;1;1;3;Avenue de la Défense Passive;;
536541170;15;9;2024;17:30;1;41;41018;2;1;1;1;WILSON (AVENUE DU PRESIDENT);;
536541171;28;4;2024;18:30;1;83;83123;1;1;1;6;BANDOL (ROUTE)N° IMPAIRS;;
536541172;27;11;2024;10:15;1;80;80021;2;1;1;7;Avenue Jules Vallès;;
536541173;15;9;2024;10:30;1;37;37261;2;1;1;6;PILAIN (ALLEE ROLAND);;
536541174;28;11;2024;17:30;3;78;78297;1;1;1;2;CD 91;;
536541175;27;4;2024;18:30;1;81;81060;2;2;1;3;RODEZ  (AVENUE DE);;
536541176;15;9;2024;01:40;5;37;37233;1;1;1;1;DUCLOS (AVENUE JACQUES);;
536541177;28;11;2024;19:55;5;77;77083;2;1;1;6;AMPERE (AVENUE);;
536541178;27;11;2024;18:10;5;77;77374;2;1;2;6;RUE DE LA GARE;;
536541179;16;9;2024;07:55;1;35;35238;2;1;1;3;QUINELEU (DE);;
536541180;16;9;2024;08:30;1;34;34172;2;1;1;6;EUROPE (AVENUE DE L');;
536541181;27;11;2024;08:00;2;77;77330;2;1;2;6;Chemin de Crecy;;
536541182;28;4;2024;17:30;1;77;77199;2;1;1;6;CABON (RUE);;
536541183;27;11;2024;13:55;1;77;77276;2;6;2;1;TESSAN (RUE FRANCOIS DE);;
536541185;28;4;2024;09:55;1;77;77085;2;3;8;3;AV DE LA FERME BRIARDE;;
536541186;28;11;2024;18:00;5;77;77132;2;1;1;3;AV ROBERT SCHUMAN;;
536541188;27;4;2024;17:00;1;74;74012;2;2;1;3;ANNEXION (RUE DE L');;
536541189;28;11;2024;20:10;3;76;76157;1;1;1;2;A150;;
536541190;8;9;2024;20:40;2;31;31555;2;1;1;7;MARNE (BD DE LA) DU 1AU 28;;
536541191;28;4;2024;13:15;1;67;67482;2;3;1;7;JACQUES KABLE (RUE);;
536541192;27;11;2024;18:10;5;76;76351;2;2;1;3;LENINGRAD (BD DE);;
536541193;15;9;2024;03:55;5;31;31555;2;3;1;1;BD DE SUISSE;;
536541194;26;11;2024;18:25;4;76;76351;2;1;1;6;FOURRIER;;
536541195;14;9;2024;22:24;5;31;31555;2;1;1;3;ETATS UNIS (AV DES) DU 1AU 281;;
536541196;25;4;2024;14:10;1;67;67180;2;1;1;3;EXUPERY (RUE SAINT);;
536541197;28;11;2024;16:00;1;76;76217;2;1;1;6;BASTILLE (DE LA);;
536541198;28;4;2024;04:55;5;64;64122;2;6;1;7;MILADY (AVENUE DE LA);;
536541199;16;9;2024;18:50;1;29;29232;2;1;1;3;Route de Pont l'Abbe;;
536541200;23;11;2024;16:00;1;76;76217;2;1;1;6;NATIONALE (PLACE);;
536541201;16;9;2024;11:45;1;29;29039;2;2;1;6;Rue Courcy;;
536541202;28;4;2024;10:40;1;64;64125;2;9;1;6;GRANDE PLAGE (AVENUE DE LA);;
536541203;16;9;2024;09:30;1;26;26362;2;1;7;6;GAULLE BOULEVARD DU GENERAL DE;;
536541204;27;11;2024;16:00;1;72;72181;2;2;1;3;GENESLAY FELIX (AV) N° IMP 1 A 151;;
536541205;28;4;2024;01:45;5;63;63164;2;1;1;6;SUND DU PUY (RUE DU);;
536541206;27;11;2024;08:20;2;72;72181;2;1;1;7;CHAMPION HENRI (RUE) N° PAIRS;;
536541207;15;9;2024;20:57;5;18;18033;2;2;1;3;199 Avenue du Général Charles de Gaulle;;
536541208;25;11;2024;08:20;3;72;72181;2;9;3;6;NEGRIER GENERAL (BD) N° IMP;;
536541209;14;4;2024;11:15;1;62;62041;2;5;1;3;Rue Baudimont;;
536541210;28;11;2024;14:15;1;69;69256;2;3;2;1;Rue du 19 Mars 1962;;
536541211;26;11;2024;14:22;1;68;68066;2;2;1;5;Rue du Ladhof;;
536541212;28;11;2024;16:40;5;67;67447;2;1;1;6;SELESTAT (RUE DE);;
536541213;28;4;2024;22:45;5;60;60057;2;1;1;2;Avenue Salvador Allendé;;
536541214;14;9;2024;02:00;3;30;30032;1;1;1;1;FOURQUES ROUTE DE;;
536541215;28;11;2024;07:15;2;67;67482;2;1;1;6;BISCHWILLER (ROUTE DE);;
536541216;27;11;2024;11:05;1;67;67482;2;1;1;6;HAUTE MONTEE (RUE DE LA);;
536541217;16;9;2024;16:50;1;11;11262;2;1;1;2;63 Avenue de Bordeaux;;
536541218;28;4;2024;19:35;1;59;59650;2;2;1;3;PHILIPPOT (RUE GEORGES);;
536541219;28;11;2024;12:30;1;66;66136;2;1;1;6;SAINT-ASSISCLE (BOULEVARD DE);;
536541220;16;9;2024;19:50;1;06;06069;2;1;1;2;2 Boulevard Marechal Leclerc;;
536541221;26;11;2024;14:10;1;66;66136;2;1;1;6;Avenue Fernand de Chefdebien;;
536541222;28;4;2024;19:00;1;59;59068;2;1;1;3;AULNOYE (RUE D');;
536541223;16;9;2024;16:45;1;06;06155;2;9;7;2;Avenue Clement Massier;;
536541224;29;11;2024;00:30;3;62;62628;2;2;1;6;Rue de Lorraine;;
536541225;16;9;2024;10:45;1;75;75114;2;4;1;3;BD PERIPHERIQUE EXTERIEUR;;
536541226;27;11;2024;17:40;5;62;62065;2;1;1;6;Rue Paul Daumont;;
536541227;28;4;2024;02:00;5;59;59350;2;1;2;1;Rue de Cambrai;;
536541228;16;9;2024;09:45;1;75;75116;2;1;1;7;ECHANGEUR MAILLOT;;
536541229;28;11;2024;07:50;1;62;62563;2;1;1;6;D75;;
536541230;26;4;2024;14:00;1;59;59273;2;9;1;3;ENROCHEMENTS (ROUTE DES);;
536541231;16;9;2024;08:55;1;75;75117;2;3;1;7;RUE CARDINET;;
536541232;28;11;2024;19:25;5;62;62178;2;1;1;3;D841;;
536541233;28;4;2024;08:50;1;54;54367;1;1;1;7;RN52;;
536541234;14;9;2024;08:15;1;75;75115;2;2;1;3;Boulevard Garibaldi;;
536541235;28;11;2024;19:20;3;56;56098;1;1;8;2;Haut Locoyarne;;
536541236;28;4;2024;19:00;1;38;38185;2;1;2;2;Cours de la Libération et du Général de Gaulle;;
536541237;16;9;2024;12:23;1;75;75114;2;3;1;6;AVENUE PAUL VAILLANT COUTURIER;;
536541238;27;11;2024;15:40;1;54;54431;2;2;1;3;Rue Gambetta;;
536541239;26;4;2024;17:49;1;34;34172;2;1;1;2;RECAMBALE (AVENUE DE LA);;
536541240;16;9;2024;14:15;1;75;75109;2;5;1;6;RUE DE SEZE;;
536541241;28;11;2024;14:35;1;54;54382;2;4;7;3;Route de Longwy;;
536541242;27;4;2024;00:25;5;34;34172;2;3;2;3;FLAHAULT (AVENUE CHARLES;;
536541243;16;9;2024;13:15;1;75;75108;2;5;1;7;AVENUE FRANKLIN D ROOSEVELT;;
536541244;28;11;2024;13:35;1;51;51454;1;1;1;2;RN 44 (de Cambrai à Chalons);;
536541245;16;9;2024;09:40;1;75;75107;2;3;1;2;RUE DES SAINTS PERES;;
536541247;27;11;2024;16:50;5;51;51454;2;1;2;1;GOULET (RUE MODESTE);;
536541248;16;9;2024;10:00;1;75;75107;2;2;1;2;Quai d'Orsay;;
536541249;28;4;2024;03:15;3;31;31555;2;1;1;6;AV DE CASSELARDIT;;
536541250;27;11;2024;14:53;1;51;51454;2;1;2;6;LUNDY (BOULEVARD);;
536541251;13;9;2024;10:00;1;94;94068;2;3;9;2;Quai du Port au Fouarre;;
536541252;27;11;2024;14:10;1;51;51172;2;1;2;6;ALSACE LORRAINE (BOULEVARD);;
536541253;26;4;2024;13:00;1;22;22113;1;1;1;6;QUATRE VENTS (LIEU-DIT LES);;
536541254;27;11;2024;08:53;2;49;49328;2;3;8;3;GAMBETTA (RUE);;
536541255;28;11;2024;16:41;1;47;47201;1;1;1;3;PYRENEES (AVENUE DES);;
536541256;16;9;2024;10:46;1;94;94041;2;2;1;3;Rue Jean-Jacques Rousseau;;
536541257;28;4;2024;11:20;1;13;13054;1;6;8;3;BRICARD (QRT );;
536541258;28;11;2024;13:30;1;44;44162;2;1;8;6;4 Rue de la Gironde;;
536541259;16;9;2024;18:30;1;94;94021;2;1;1;2;Avenue du Général de Gaulle;;
536541260;28;4;2024;06:00;5;13;13208;2;1;2;6;RABATAU (BOULEVARD);;
536541261;16;9;2024;11:20;1;94;94038;2;1;1;1;Avenue du Général Leclerc;;
536541264;15;9;2024;22:15;5;94;94054;2;1;1;3;Voie des Saules;;
536541265;28;11;2024;16:15;1;34;34172;2;1;7;6;RECH (RUE HIPPOLYTE);;
536541266;28;4;2024;10:48;1;06;06088;2;1;8;6;Avenue Alfred Borriglione;;
536541267;16;9;2024;17:45;1;94;94017;2;1;1;3;Avenue Roger Salengro;;
536541268;28;11;2024;11:50;1;34;34172;2;1;1;3;TOULOUSE (AVENUE DE;;
536541269;27;4;2024;22:05;3;04;04070;1;1;1;1;RN 85 ( route );;
536541270;28;11;2024;10:50;1;34;34172;2;1;1;6;MAURIN (AVENUE DE;;
536541271;16;9;2024;07:30;1;93;93071;2;3;1;3;BRETAGNE (RUE DE);;
536541272;15;9;2024;14:00;1;93;93070;2;9;1;6;GODILLOT(RUE);;
536541273;28;11;2024;08:40;1;34;34172;2;3;1;3;MAURIN (AVENUE DE;;
536541274;28;4;2024;16:48;1;03;03321;1;4;1;3;RD 779;;
536541275;16;9;2024;16:30;1;93;93039;2;3;1;3;GERAUX ARNOLD;;
536541277;27;4;2024;11:52;1;03;03190;2;9;1;6;Rue Henri Barbusse;;
536541278;16;9;2024;14:40;1;93;93048;2;3;1;1;COLBERT (RUE);;
536541279;28;11;2024;07:30;2;32;32013;2;3;1;3;PREMIERE ARMEE FRANCAISE (AVENUE DE LA);;
536541280;26;4;2024;19:51;1;01;01283;2;1;1;3;FRANCE (RUE A. DU 1-5 ET 143 AU158);;
536541281;15;9;2024;18:50;1;93;93032;2;1;1;6;PEUPLIERS  (RUE DES);;
536541282;28;11;2024;16:40;1;31;31483;2;1;1;6;LAVOISIER (RUE);;
536541283;27;4;2024;16:15;1;75;75115;2;1;2;3;BD PERIPHERIQUE EXTERIEUR;;
536541284;28;11;2024;12:15;1;30;30007;2;1;1;2;GIBERTINE (AVE DE LA);;
536541285;16;9;2024;08:10;1;93;93079;2;3;1;5;JEAN ALLEMANE;;
536541286;28;11;2024;15:30;1;29;29232;1;9;5;6;Rond-Point de Kernevez;;
536541287;27;4;2024;13:15;1;75;75115;2;1;1;4;BD PERIPHERIQUE INTERIEUR;;
536541288;15;9;2024;21:10;5;93;93010;2;1;1;6;CARNOT (AV.) DE 56 A 129;;
536541289;28;4;2024;07:50;1;75;75117;2;1;1;2;BOULEVARD DU FORT DE VAUX;;
536541290;28;4;2024;21:00;4;75;75110;2;3;1;6;AVENUE PARMENTIER;;
536541291;16;9;2024;20:15;5;93;93005;2;2;1;3;CLERMONT TONNERRE (AVENUE DE);;
536541292;28;11;2024;11:30;1;13;13204;2;1;1;1;ALEX. FLEMING (BOULEVARD);;
536541293;27;11;2024;14:45;1;13;13028;2;1;1;3;REPUBLIQUE (BOULEVARD DE LA);;
536541294;16;9;2024;12:50;1;93;93007;2;1;1;1;ALBERT EINSTEIN (AVENUE);;
536541295;28;4;2024;15:00;1;75;75108;2;7;8;2;PLACE CHARLES DE GAULLE;;
536541296;15;9;2024;22:25;3;93;93007;2;1;1;6;"""PAUL VAILLANT COUTURIER (AVENUE """"DU 13";;
536541297;28;11;2024;20:00;5;11;11262;2;1;1;6;Boulevard Marechal Joffre;;
536541298;28;4;2024;18:00;1;75;75101;2;3;1;7;QUAI DE LA MEGISSERIE;;
536541300;15;9;2024;23:40;5;92;92033;2;2;1;3;BUZENVAL;;
536541301;28;4;2024;21:30;5;94;94043;2;6;1;2;Avenue de Fontainebleau / Rue Edmond Michelet;;
536541302;28;11;2024;19:40;5;06;06069;2;1;1;3;229 Route de Cannes;;
536541303;16;9;2024;08:30;1;92;92049;2;3;1;3;BARBES RUE;;
536541304;28;11;2024;06:50;5;06;06069;2;1;1;3;57 Route de Cannes;;
536541305;16;9;2024;09:00;1;92;92049;2;1;8;3;BARBES RUE;;
536541306;28;4;2024;01:00;5;94;94073;2;2;2;2;Avenue de Versailles / Rue Gabriel Péri;;
536541307;28;4;2024;14:00;1;94;94028;2;1;1;6;D1;;
536541308;28;11;2024;08:50;1;03;03321;2;1;1;3;route de Lyon;;
536541309;16;9;2024;08:30;1;92;92048;2;6;1;3;MORANE SAULNIER (AVENUE);;
536541310;16;9;2024;06:25;2;92;92036;2;1;1;6;LOUIS CALMEL (RUE) (2/16);;
536541311;28;11;2024;14:21;1;03;03185;2;6;2;3;PRESIDENT AURIOL (AVENUE);;
536541312;28;4;2024;12:30;1;94;94017;2;1;1;4;Rue Charles Floquet;;
536541313;14;9;2024;18:50;1;92;92036;2;3;1;6;GENERAL DE GAULLE (AVENUE) (43/129);;
536541314;27;11;2024;20:30;5;75;75112;2;1;1;5;BD PERIPHERIQUE EXTERIEUR;;
536541315;16;9;2024;16:47;1;92;92023;2;1;1;3;GENERAL DE GAULLE (AVENUE DU) N°2 A 132;;
536541316;16;9;2024;10:00;1;92;92012;2;9;1;7;JEAN BAPTISTE CLEMENT (AVENUE) 49/FIN -;;
536541317;27;11;2024;14:15;1;75;75116;2;1;2;4;BD PERIPHERIQUE EXTERIEUR;;
536541318;15;9;2024;23:40;5;92;92007;2;3;1;6;PARTICIPATION (RUE DE LA);;
536541319;28;4;2024;17:30;1;93;93078;2;6;1;4;CLEMENCEAU (AVENUE GEORGES);;
536541320;15;9;2024;11:20;1;65;65175;1;1;1;7;D925;;
536541321;27;11;2024;16:15;1;75;75118;2;2;2;3;BOULEVARD BARBES;;
536541322;28;4;2024;17:56;1;93;93072;2;3;1;3;Boulevard Maxime Gorki / Rue Salvador Allende;;
536541324;27;11;2024;16:30;2;75;75117;2;7;1;3;AVENUE DE LA PORTE DES TERNES;;
536541325;27;4;2024;23:39;5;92;92012;2;1;2;6;QUATRE SEPTEMBRE (QUAI DU);;
536541326;17;9;2024;10:45;1;77;77478;1;1;1;6;A4 PK 54+0800;;
536541327;16;9;2024;10:30;1;972;97227;2;1;1;1;N5;;
536541328;28;11;2024;08:20;1;75;75116;2;7;1;3;PLACE DU TROCADERO ET DU 11 NOVEMBRE;;
536541329;28;4;2024;12:45;1;2A;2A249;2;6;1;3;D319a;;
536541330;17;9;2024;08:48;1;29;29181;1;1;1;4;N12;;
536541331;28;11;2024;20:00;5;75;75115;2;2;1;3;QUAI DE GRENELLE;;
536541332;27;4;2024;12:35;1;22;22182;1;2;1;3;la Ville Richard;;
536541333;28;11;2024;17:05;2;75;75115;2;1;1;1;RUE DE LA CONVENTION;;
536541334;17;9;2024;07:32;1;29;29095;1;1;1;2;PK 63+200;;
536541335;17;9;2024;17:05;1;974;97410;1;1;1;2;150 Chemin de Ceinture;;
536541336;28;11;2024;09:26;1;75;75113;2;2;1;3;BOULEVARD KELLERMANN;;
536541337;28;4;2024;04:00;3;67;67430;1;1;1;7;Saint-Pierre-Bois;;
536541338;17;9;2024;14:50;1;84;84039;1;1;1;1;D907;;
536541339;27;11;2024;18:00;5;75;75113;2;1;2;6;BOULEVARD MASSENA;;
536541340;29;4;2024;17:00;1;76;76534;1;1;1;1;Rue des Six Chemins;;
536541341;17;9;2024;15:00;1;34;34270;2;1;1;6;35 Avenue Georges Clemenceau;;
536541342;28;4;2024;19:25;2;41;41223;1;1;1;7;A10;;
536541343;28;11;2024;11:37;1;75;75109;2;2;1;6;RUE SAINT LAZARE;;
536541344;16;9;2024;11:40;1;51;51227;1;1;1;1;RD977;;
536541345;28;4;2024;17:34;1;974;97413;1;1;1;6;Chemin la Surprise;;
536541346;16;9;2024;15:00;1;80;80710;1;2;1;3;D928;;
536541347;26;4;2024;09:15;1;974;97413;2;1;1;6;Chemin Dubuisson;;
536541348;27;11;2024;17:15;5;75;75108;2;3;1;6;AVENUE DE FRIEDLAND;;
536541349;14;9;2024;09:40;1;34;34107;1;1;1;7;D14;;
536541350;29;4;2024;05:50;3;34;34199;1;1;3;6;A75;;
536541351;17;9;2024;08:33;1;25;25212;2;3;1;2;3 Rue de Châtillon;;
536541352;28;11;2024;13:56;1;75;75107;2;3;1;7;RUE DE BEAUNE;;
536541353;28;4;2024;17:40;1;58;58086;1;1;1;2;A77 au PK 105+800;;
536541354;16;9;2024;20:00;2;29;29241;1;1;1;1;Lieu Dit Kervatal;;
536541355;27;4;2024;11:33;1;57;57345;2;1;1;6;16a Route d'Elzange;;
536541356;26;11;2024;19:45;5;75;75104;2;3;8;6;RUE SAINT ANTOINE;;
536541357;15;9;2024;11:50;1;15;15154;1;4;1;3;RD 157;;
536541358;28;4;2024;15:35;1;51;51212;1;1;1;2;D12;;
536541359;28;11;2024;10:35;1;94;94068;2;2;1;1;Rue Jules Ferry;;
536541360;15;9;2024;16:30;1;01;01141;2;3;1;7;Route de l’Eglise;;
536541361;27;4;2024;20:30;3;2A;2A017;1;1;1;6;D381;;
536541362;28;11;2024;12:30;1;94;94076;2;3;1;6;Rue Jean Jaurès;;
536541363;17;9;2024;18:35;1;72;72115;1;1;1;7;Route de Marthe;;
536541364;28;11;2024;13:00;1;94;94022;2;1;1;6;Avenue Jean Jaurès;;
536541365;17;9;2024;15:30;1;06;06059;1;3;8;3;Chemin du Ret Supérieur;;
536541366;28;11;2024;17:10;5;94;94071;2;1;8;6;Avenue Winston Churchill;;
536541367;28;4;2024;20:45;2;80;80354;2;1;1;6;11 Rue Principale;;
536541368;17;9;2024;10:30;1;50;50130;1;1;1;1;Route du Bourg Neuf;;
536541370;28;11;2024;01:50;5;93;93073;2;4;8;2;CHAPIT RE ( RUE DU);;
536541371;29;4;2024;08:20;1;89;89088;1;1;1;6;Route départementale D 955;;
536541372;17;9;2024;18:34;1;60;60277;2;1;1;1;Rue Jean Jaurès;;
536541373;28;11;2024;17:15;5;93;93072;2;1;1;6;JEAN DURAND (RUE) COTE N°1 AU 45;;
536541374;28;4;2024;18:15;1;86;86086;1;3;1;3;Lieu Dit la Belle Indienne;;
536541375;24;11;2024;00:10;5;93;93050;2;1;1;6;VILLE BOIS MAREUIL (RUE);;
536541376;16;9;2024;17:50;1;64;64368;1;2;1;3;70 Route de Saint-Palais;;
536541379;16;9;2024;21:10;3;04;04088;1;1;1;6;Ancienne Route de Dauphin;;
536541380;27;11;2024;20:20;5;93;93032;2;2;2;4;GEORGES POMPIDOU (AV DU);;
536541381;29;4;2024;08:30;1;38;38130;2;3;8;6;Avenue du Marechal Joffre;;
536541382;13;9;2024;08:00;2;30;30062;1;3;7;6;D40;;
536541383;15;9;2024;00:05;5;38;38030;2;1;1;6;rue Louis Durand;;
536541384;27;11;2024;19:10;5;93;93029;2;3;1;3;BOIS DE GROSLAY (DES);;
536541386;28;11;2024;12:40;1;93;93008;2;1;1;6;SEMARD (AVENUE PIERRE);;