Num_Acc;jour;mois;an;hrmn;lum;dep;com;agg;int;atm;col;adr;lat;long
536541717;11;8;2024;13:00;1;974;97412;2;1;1;2;Rue Charles Baudelaire;;
536541718;27;12;2024;13:55;1;93;93066;2;1;1;6;Allée Camelinat;;
536541719;9;2;2024;08:15;1;94;94042;2;5;2;3;Pont de Joinville / Quai de la Marne;;
536541720;22;12;2024;22:20;5;93;93066;2;3;2;3;CITE DANIELLE CASANOVA;;
536541721;10;8;2024;20:06;2;63;63143;1;3;7;3;D984;;
536541722;8;2;2024;14:30;1;94;94003;2;3;2;1;Rue du Colonel Fabien / Rue de la Citadelle;;
536541723;11;8;2024;05:25;3;46;46148;1;1;1;6;2116 Route de Vaylats;;
536541724;19;12;2024;06:45;5;93;93066;2;2;2;3;LIBERATION RD14 (BOULEVARD);;
536541725;11;8;2024;11:55;1;26;26247;1;1;1;6;N7;;
536541726;9;2;2024;19:20;5;94;94021;2;2;1;5;Avenue du 11 novembre 1918 / Avenue de la République;;
536541727;28;11;2024;11:30;1;93;93066;2;3;1;2;CROIZAT AMBROISE RD 29 BIS;;
536541729;9;2;2024;18:45;5;94;94016;2;3;1;6;Av du Mal de Lattre de Tassigny / Rue des Saussaies;;
536541730;21;11;2024;23:25;5;93;93066;2;1;4;2;PORTE DE PARIS (PLACE);;
536541731;7;8;2024;09:45;1;2A;2A269;1;9;1;5;Cala d'Oru;;
536541732;9;2;2024;05:00;5;94;94077;2;2;1;3;Rue Marcel Risser / Avenue Pasteur;;
536541733;19;11;2024;13:20;1;93;93066;2;3;2;3;"""POULLAIN AUGUSTE, NR 1 A 51""";;
536541734;9;2;2024;20:42;5;94;94017;2;6;1;6;Avenue Maurice Thorez / Voie Sonia Delaunay;;
536541735;25;9;2024;13:24;1;44;44154;2;1;3;3;Avenue Guy Lafontaine;;
536541736;9;2;2024;08:00;2;94;94017;2;6;8;6;Avenue Maurice Thorez / Route de la Libération;;
536541737;10;8;2024;09:10;1;69;69066;1;3;1;2;Route de Thizy;;
536541739;8;2;2024;20:45;5;94;94071;2;2;1;2;Avenue Olivier d'Ormesson / Rue du Pont de Chennevières;;
536541740;11;8;2024;10:50;1;71;71015;1;1;1;6;2 Route de Chalon;;
536541741;8;12;2024;02:45;5;25;25056;2;1;2;6;CLEMENCEAU AVENUE G.;;
536541742;9;2;2024;16:04;1;93;93073;2;3;1;6;Avenue de la Station / Avenue la Fontaine;;
536541743;10;12;2024;16:50;2;61;61394;2;1;1;6;19 Avenue de la République;;
536541744;10;8;2024;14:00;1;71;71009;1;1;1;1;20 Rue Andre Basdevant;;
536541745;10;8;2024;02:30;3;61;61230;1;1;1;6;RD918;;
536541746;9;2;2024;20:00;4;93;93059;2;1;1;2;Chemin Latéral;;
536541747;28;12;2024;23:34;5;74;74010;2;3;5;3;PONT NEUF;;
536541748;11;8;2024;16:45;1;55;55527;1;1;1;7;RD38 PK005 +340;;
536541749;9;2;2024;15:40;1;93;93071;2;3;2;1;Avenue Dumont d'Urville / Rue Charles Conrad;;
536541750;5;12;2024;18:50;5;24;24557;1;1;2;4;GRANDOU (AVENUE MICHEL);;
536541751;9;2;2024;10:00;1;93;93066;2;2;2;3;Avenue Lénine / Rue Robert Desnos;;
536541752;7;8;2024;06:00;4;82;82186;2;6;2;2;Cours de Verdun;;
536541753;8;7;2024;10:30;1;49;49069;1;2;1;3;D 23;;
536541754;19;12;2024;12:55;1;32;32312;1;1;2;6;D626;;
536541755;8;2;2024;16:50;1;93;93066;2;9;2;3;Avenue Romain Rolland;;
536541756;11;8;2024;12:10;1;12;12238;1;1;1;6;La Glène;;
536541757;9;12;2024;16:50;1;32;32312;1;1;2;6;route départementale 626 - PK 47+460;;
536541758;9;2;2024;14:00;1;93;93053;2;3;1;3;Rue du Parc / Rue Mozart;;
536541759;27;10;2024;14:30;1;91;91312;2;8;1;6;FRAISES (CHEMIN DES);;
536541760;10;8;2024;05:15;4;47;47210;1;8;1;3;le Pigeonnier;;
536541761;10;8;2024;19:45;2;22;22135;1;1;1;6;Lieu Dit Kermaria;;
536541762;9;2;2024;14:20;1;93;93050;2;2;1;6;Rue Paul et Camille Thomoux / Avenue du General de Gaulle;;
536541763;5;12;2024;18:15;3;84;84095;1;1;1;1;D139;;
536541764;8;2;2024;18:00;4;93;93048;2;3;2;6;Rue Hoche / Rue Désiré Préaux;;
536541765;9;12;2024;13:55;1;28;28391;1;1;8;1;RD 2020;;
536541767;5;12;2024;06:00;5;28;28280;2;1;2;7;21 Rue Saint-hilaire;;
536541768;9;2;2024;14:50;1;93;93005;2;2;8;6;Avenue du 14 Juillet / Avenue Dumont;;
536541769;1;11;2024;03:20;3;28;28140;2;9;1;6;29ter Rue Normande;;
536541770;10;8;2024;21:45;5;25;25527;1;1;1;2;D673;;
536541771;9;2;2024;17:20;1;92;92046;2;2;1;3;JACQUES JEZEQUEL (AVENUE);;
536541772;17;10;2024;18:00;1;28;28121;1;1;1;1;route départementale 154;;
536541773;10;8;2024;18:50;1;29;29111;1;1;1;2;Trofagan;;
536541774;9;2;2024;14:00;1;92;92046;2;1;1;3;DE STALINGRAD;;
536541775;28;11;2024;08:45;1;13;13001;1;1;1;3;LEDOUX CLAUDE NICOLAS (RUE);;
536541776;16;7;2024;15:15;1;971;97117;1;1;1;1;1888 Route de Saint-françois;;
536541777;8;2;2024;20:10;3;92;92077;2;3;2;3;SEVRES (RUE DE);;
536541778;9;2;2024;14:40;1;92;92064;2;1;1;6;REPUBLIQUE;;
536541779;9;8;2024;10:00;1;31;31487;1;9;7;6;1490 Route de Boulogne;;
536541780;30;10;2024;10:30;1;24;24053;1;1;1;1;ATUR (ROUTE D');;
536541781;8;2;2024;00:50;5;92;92033;2;1;2;6;SURESNES;;
536541782;9;8;2024;12:50;1;84;84017;1;1;1;7;Route du Mont-ventoux;;
536541783;9;2;2024;13:00;1;92;92050;2;1;1;3;FONTANOT RUE DES TROIS;;
536541784;16;4;2024;22:15;5;93;93008;2;2;1;6;Avenue du Président Salvador Allende / Boulevard Maurice Thorez;;
536541785;11;8;2024;03:00;3;26;26376;1;1;1;7;D570;;
536541786;9;2;2024;07:05;5;92;92040;2;9;1;3;CAMILLE DESMOULINS;;
536541787;11;12;2024;05:25;2;59;59400;2;1;1;6;101 Rue du General de Gaulle;;
536541788;10;8;2024;17:45;1;66;66187;1;1;1;1;D117;;
536541789;9;2;2024;18:50;5;92;92025;2;3;1;3;E.VAILLANT > 116   95 (RUE);;
536541790;31;5;2024;23:30;5;972;97213;1;6;1;2;ROUTE NATIONALE 1;;
536541791;9;2;2024;08:50;1;92;92012;2;5;8;3;QUATRE SEPTEMBRE (QUAI DU);;
536541792;4;8;2024;08:20;1;14;14318;2;3;1;6;5 Chemin de Banville;;
536541793;31;5;2024;08:35;1;972;97213;1;1;1;2;AUTOROUTE A1;;
536541794;9;2;2024;13:30;1;92;92002;2;9;1;6;GARENNES (RUE DES);;
536541795;10;8;2024;18:37;1;90;90104;1;1;1;7;Rue de Chèvremont;;
536541796;24;5;2024;09:00;1;972;97213;1;1;1;2;ROUTE DEPARTEMENTALE 14;;
536541797;9;2;2024;08:12;1;92;92002;2;1;1;3;GENERAL DE GAULLE (PLACE DU);;
536541798;11;8;2024;10:25;1;64;64257;1;1;1;1;Route des Labasseres;;
536541799;9;2;2024;14:00;1;24;24164;2;6;2;7;Avenue André Audy;;
536541800;19;5;2024;21:15;3;972;97213;1;1;1;3;ROUTE DEPARTEMENTALE 3;;
536541801;10;8;2024;11:20;1;07;07023;1;1;1;7;Route de Chauzon;;
536541802;10;8;2024;18:55;1;85;85012;2;6;1;7;RD38C;;
536541803;7;5;2024;13:30;1;972;97213;2;1;1;3;ROUTE DEPARTEMENTALE 15;;
536541804;9;2;2024;12:40;1;22;22237;1;6;7;3;Rond-point de la Millière;;
536541805;30;4;2024;10:20;1;972;97213;1;1;1;2;ROUTE NATIONALE 6;;
536541806;10;2;2024;09:39;1;85;85223;1;1;1;1;RD948;;
536541807;10;8;2024;14:45;1;27;27126;2;3;1;3;Route de la Haute Voie;;
536541808;11;8;2024;09:20;1;37;37117;2;1;1;2;10 Rue des Maisons Rouges;;
536541809;29;4;2024;07:20;1;972;97213;1;3;8;3;ROUTE DEPARTEMENTALE 14;;
536541810;9;2;2024;20:15;3;85;85153;1;1;1;1;RD48;;
536541811;9;8;2024;19:20;1;30;30352;1;1;1;1;D6110;;
536541812;10;2;2024;00:10;3;51;51287;1;1;2;2;D951;;
536541813;25;4;2024;08:50;1;972;97213;1;1;1;4;AUTOROUTE A1;;
536541814;11;8;2024;13:32;1;10;10363;1;9;1;6;Autoroute A5;;
536541815;9;2;2024;15:10;1;78;78031;2;1;1;3;63 Route de Houdan;;
536541816;24;4;2024;22:30;5;972;97213;1;1;1;7;LONG BOIS (CHEMIN);;
536541817;9;2;2024;17:55;2;61;61404;1;1;8;6;RD 932;;
536541818;11;8;2024;05:03;3;13;13069;2;1;1;3;Chemin de la Petite Brulière;;
536541819;13;4;2024;07:40;1;972;97213;1;1;2;2;AUTOROUTE A1;;
536541820;9;2;2024;22:55;3;42;42212;1;1;1;6;N7;;
536541822;12;4;2024;07:55;1;972;97213;1;1;1;4;AUTOROUTE A1;;
536541823;10;2;2024;09:00;1;42;42013;2;1;2;5;Avenue des Farges;;
536541824;10;8;2024;19:45;2;38;38048;1;1;7;3;CD124;;
536541825;10;2;2024;06:00;3;47;47097;1;1;2;6;D930;;
536541826;29;12;2024;20:35;5;84;84054;2;1;1;2;675 Cours Fernande Peyre;;
536541827;22;12;2024;23:10;5;84;84031;2;1;2;6;VILLEMARIE AVENUE DE;;
536541828;9;2;2024;14:45;1;35;35248;1;1;1;6;Le Racognet;;
536541829;22;12;2024;05:50;5;84;84031;2;1;1;6;HERMITAGE CHEMIN DE L';;
536541830;11;8;2024;08:25;1;63;63430;1;1;1;2;A89 - PK 429+010;;
536541831;10;2;2024;08:45;1;29;29207;1;4;8;3;Cosquer .;;
536541832;19;12;2024;16:05;1;84;84026;1;1;1;6;D943;;
536541834;16;12;2024;09:50;1;84;84031;2;1;1;3;PEYRIERE CHEMIN DE;;
536541835;9;2;2024;15:50;1;29;29037;1;3;1;2;Menez Veil Avel;;
536541836;10;2;2024;03:40;3;58;58207;1;1;1;6;route de bizy;;
536541837;10;8;2024;14:10;1;11;11379;1;1;1;2;PK 208.800, sur A9;;
536541838;16;12;2024;21:07;5;49;49007;2;2;1;3;Rue Pierre Blandin;;
536541839;10;2;2024;14:40;1;58;58021;2;1;2;6;Route de Chantenay;;
536541840;10;8;2024;09:30;1;987;98733;2;1;1;6;pk 26.300 C/mer à hauteur de la serviture MAHATIA ROA;;
536541841;7;11;2024;07:30;3;80;80109;1;1;5;1;D928;;
536541842;4;2;2024;17:00;1;66;66053;2;6;1;7;D114, Rond Point de la Corniche;;
536541843;11;8;2024;12:14;1;91;91593;1;1;1;6;Route du Tertre;;
536541844;22;6;2024;23:17;5;93;93008;2;3;1;1;Avenue Henri Barbusse / Rue Nelson Mandela;;
536541845;11;8;2024;07:20;1;2B;2B093;1;1;1;6;Zone Artisanale;;
536541846;8;11;2024;08:30;1;85;85194;2;9;1;6;Rue édouard belin;;
536541847;9;2;2024;17:30;2;16;16253;1;1;1;1;route de chef boutonne;;
536541848;11;8;2024;12:55;1;71;71176;2;1;1;2;76 Avenue du General de Gaulle;;
536541849;7;3;2024;21:30;5;93;93014;2;1;1;6;Allée Henri Barbusse;;
536541850;3;2;2024;10:50;1;07;07230;1;3;1;3;Col d'Auriolles;;
536541851;11;8;2024;12:35;1;88;88273;1;1;1;1;D46;;
536541852;15;12;2024;21:14;5;03;03310;2;2;1;3;avenue de la liberté;;
536541853;6;2;2024;08:00;1;34;34153;1;1;1;7;departementale 17 E3;;
536541854;11;8;2024;10:00;1;63;63150;2;1;1;7;5 Avenue de la Libération;;
536541855;23;11;2024;10:00;1;03;03023;2;2;1;3;avenue de Russie;;
536541856;9;8;2024;18:00;1;63;63284;2;2;1;2;avenue Roger Coulon;;
536541857;9;2;2024;20:50;3;21;21042;1;1;1;6;Autoroute A36, PK 202+000;;
536541858;12;11;2024;11:00;1;03;03095;2;1;1;3;avenue de Vichy;;
536541859;10;8;2024;16:55;1;73;73006;2;6;1;3;D990 Avenue de la tarentaise;;
536541860;20;10;2024;20:40;3;03;03023;2;1;1;3;Avenue de Vichy;;
536541861;27;9;2024;18:25;1;03;03310;2;1;2;6;Rue Marechal Foch;;
536541862;9;2;2024;21:30;3;77;77071;1;1;1;5;A6, PK 85+300 vers Paris;;
536541863;11;8;2024;16:33;1;07;07042;2;1;1;7;Rue du Dieu Mithra;;
536541864;24;10;2024;12:00;1;75;75105;2;3;1;6;BOULEVARD SAINT MARCEL;;
536541865;9;8;2024;10:59;1;01;01027;2;6;1;2;D84b;;
536541866;7;2;2024;16:50;2;77;77238;1;1;2;3;D402;;
536541867;5;4;2024;17:30;1;03;03095;2;1;7;3;Rue des Peupliers;;
536541868;8;8;2024;19:02;1;69;69160;1;1;1;6;Route de Claveisolles;;
536541869;10;2;2024;07:50;1;83;83065;1;1;3;6;D559;;
536541870;9;2;2024;06:30;2;13;13018;1;6;2;7;D24;;
536541872;10;8;2024;12:10;1;17;17058;2;2;1;3;D728;;
536541873;28;12;2024;18:15;5;28;28404;2;9;1;6;CHAPPEY (AVE MARC);;
536541874;9;2;2024;17:35;2;01;01249;2;2;3;1;2215 Grande Rue;;
536541875;10;2;2024;16:45;1;69;69171;1;1;2;6;Route Départementale 24E2;;
536541876;24;12;2024;07:25;3;28;28404;2;1;2;6;FRANKLIN (RUE BENJAMIN);;
536541878;10;2;2024;11:10;1;85;85088;2;6;1;3;RD754;;
536541879;19;12;2024;19:00;5;28;28134;2;9;2;6;Jean Hieaux;;
536541881;10;2;2024;09:45;1;29;29179;1;6;8;6;Rue Jacques Marquette;;
536541882;15;12;2024;11:25;1;28;28134;2;1;1;6;FERRY (BLD JULES);;
536541883;9;2;2024;21:30;3;29;29180;1;1;2;6;Kerloussouarn;;
536541884;22;11;2024;20:22;3;60;60176;1;1;9;6;Crépy-en-Valois;;
536541885;10;2;2024;10:00;1;80;80784;1;1;8;1;RD1;;
536541886;17;12;2024;07:25;2;84;84089;2;1;1;6;217 rue albert delsome, pertuis;;
536541887;9;2;2024;23:30;3;59;59430;1;1;2;1;D955;;
536541888;8;2;2024;07:45;1;13;13001;1;1;1;2;A51-Sens Marseille vers Aix en Provence;;
536541889;27;12;2024;19:59;3;32;32013;1;1;5;5;AGEN (ROUTE D');;
536541890;9;2;2024;05:45;5;83;83069;1;1;2;2;A570;;
536541891;30;11;2024;17:25;2;13;13118;1;1;1;7;A7 direction LYON;;
536541892;8;2;2024;08:14;1;83;83137;1;1;1;3;A50;;
536541893;8;11;2024;14:40;1;41;41161;2;8;1;1;Rue des Bruyères;;
536541894;8;2;2024;10:50;1;59;59271;1;1;3;6;AUTOROUTE A16;;
536541895;9;2;2024;10:20;1;91;91086;1;1;1;3;RN 104;;
536541896;23;11;2024;06:27;3;88;88475;1;1;4;1;D1;;
536541897;24;11;2024;02:30;3;88;88101;1;1;1;1;Route d'Epinal;;
536541898;9;2;2024;00:25;5;94;94043;1;1;2;3;A6B;;
536541899;22;12;2024;14:30;1;88;88440;1;1;4;6;"A31 - PK 182+350 - sens ""vers NANCY""";;
536541900;9;2;2024;00:57;5;94;94037;1;1;2;6;A6A;;
536541901;27;12;2024;10:40;1;88;88486;2;3;7;1;Rue d'Ouffet;;
536541902;9;2;2024;19:10;3;78;78043;1;1;1;3;A13Y;;
536541903;21;12;2024;10:18;1;88;88181;2;1;1;1;4 Route de Guerreau;;
536541904;9;2;2024;17:05;1;78;78007;1;1;1;4;A13W;;
536541905;21;12;2024;18:45;3;88;88101;1;1;3;1;D11;;
536541906;9;2;2024;11:20;1;92;92051;1;1;1;6;RN13;;
536541907;9;2;2024;05:50;3;78;78140;1;1;1;6;A13;;
536541908;21;12;2024;15:53;1;88;88047;1;1;2;5;D165;;
536541909;8;2;2024;22:10;5;92;92063;1;1;2;3;A86;;
536541910;20;12;2024;18:55;3;88;88372;2;1;1;2;Rue du Général Sarrail;;
536541911;8;2;2024;08:20;1;92;92064;1;1;2;5;A13;;
536541912;17;12;2024;09:04;1;88;88321;2;3;8;2;3 Rue Moulaune;;
536541913;8;2;2024;07:30;2;92;92025;1;1;2;2;A86;;
536541914;16;12;2024;16:35;2;88;88161;2;1;8;1;Route de Lerrain;;
536541915;15;12;2024;19:55;4;88;88415;2;6;1;1;Grande Rue;;
536541916;7;2;2024;20:50;4;92;92023;1;1;2;2;A86 INT;;
536541917;7;12;2024;09:20;1;88;88268;1;1;2;1;N159;;
536541918;14;11;2024;18:00;3;84;84106;2;3;1;3;D 976;;
536541919;30;12;2024;11:50;1;84;84137;2;1;1;6;20 rue du vercors;;
536541920;8;2;2024;12:30;1;95;95241;1;1;2;2;N104;;
536541921;3;12;2024;12:45;1;84;84019;2;1;1;6;Boulevard Leon Gambetta;;
536541922;28;12;2024;18:30;4;74;74105;2;1;5;3;ESSERTS (RUE DES);;
536541923;28;10;2024;05:41;3;74;74002;1;1;1;1;1160 route d'Aix les bains;;
536541924;7;2;2024;20:00;3;95;95572;1;1;2;5;A15;;
536541925;31;8;2024;14:56;1;74;74099;2;2;1;1;106 Route de sallanches;;
536541926;9;2;2024;07:00;2;93;93051;1;1;1;5;A4;;
536541927;9;2;2024;00:30;3;77;77468;1;1;3;6;A104;;
536541928;26;2;2024;21:55;4;93;93005;2;1;2;2;ANDRE CITROEN (BOULEVARD);;
536541929;8;2;2024;07:35;1;974;97416;2;1;1;2;LIGNE DES BAMBOUS(ROUTE);;
536541930;18;11;2024;23:50;3;91;91179;1;1;3;3;AUTOROUTE A6;;
536541932;7;2;2024;16:00;2;974;97411;2;1;1;3;RIVIERE DES PLUIES (ROUTE DE LA);;
536541933;28;12;2024;17:15;1;84;84065;1;1;1;7;Chemin de Roque Hauturiere;;
536541934;6;2;2024;18:05;1;974;97411;2;9;1;6;GAULLE (DU GENERAL DE);;
536541935;26;12;2024;12:25;1;84;84101;1;1;1;7;route de saint antoine;;
536541936;8;2;2024;11:30;1;973;97302;2;3;1;3;ZEPHIR (ROCADE);;
536541937;13;12;2024;20:30;5;84;84003;2;2;2;6;809 Avenue Victor Hugo;;
536541938;7;2;2024;06:00;2;973;97302;2;1;1;6;BADUEL (ROUTE DE);;
536541939;25;12;2024;01:00;5;44;44109;2;1;1;6;Boulevard Salvador Allende;;
536541940;8;2;2024;07:00;2;2B;2B033;2;1;1;1;TOUTES RUES;;
536541941;18;12;2024;08:20;1;44;44109;2;1;1;6;7 Boulevard Albert Einstein;;
536541943;7;2;2024;21:00;4;91;91552;1;1;2;6;RN 20;;
536541944;25;11;2024;00:10;3;44;44162;2;1;1;6;Boulevard Charles Gautier;;
536541945;8;2;2024;06:20;5;91;91027;2;1;2;2;BOURBONNAIS (AVENUE DU);;
536541946;7;2;2024;07:55;2;91;91228;2;3;2;3;LAC (AVENUE DU);;
536541947;30;11;2024;18:08;3;24;24037;1;1;1;5;D709 (Rte de Mussidan);;
536541948;19;11;2024;14:30;1;91;91659;1;1;3;3;AUTOROUTE A6;;
536541949;7;2;2024;11:50;1;84;84007;2;2;1;5;PIERRE SEMARD (avenue);;
536541950;19;11;2024;15:15;1;91;91521;1;1;2;3;RN 104;;
536541951;8;2;2024;04:40;5;83;83069;2;6;1;1;BERNARD ( RUE MARIO );;
536541952;19;11;2024;06:10;3;91;91617;1;1;2;6;RN 104;;
536541953;7;2;2024;09:50;1;80;80674;2;9;2;3;Avenue de la Défense Passive;;
536541954;18;11;2024;20:25;3;91;91235;1;1;2;3;RN 104;;
536541955;17;11;2024;19:00;3;91;91064;1;1;1;2;RD 444;;
536541956;18;10;2024;09:00;1;91;91377;1;1;1;2;AUTOROUTE A10;;
536541957;8;2;2024;13:20;1;77;77243;1;1;1;6;D934;;
536541958;18;12;2024;08:55;1;69;69387;2;1;1;6;Avenue Claude Bernard;;
536541960;8;2;2024;08:45;1;76;76351;2;3;2;4;LOUIS BLERIOT;;
536541961;17;11;2024;17:40;5;84;84003;2;1;1;3;519 Avenue Victor Hugo;;
536541962;14;10;2024;16:20;1;84;84003;2;1;2;7;435 Avenue Philippe de Girard;;
536541963;7;2;2024;12:45;1;76;76351;2;2;2;3;GEORGE SAND;;
536541964;31;8;2024;17:15;1;84;84118;1;1;1;7;D230;;
536541965;8;2;2024;07:29;5;74;74218;2;1;2;1;THONON (AVENUE DE);;
536541966;30;11;2024;10:45;1;91;91468;1;1;1;2;AUTOROUTE A6;;
536541967;8;2;2024;08:55;1;73;73008;2;6;1;7;D991 Av Alsace Lorraine;;
536541968;28;11;2024;21:49;3;91;91174;1;1;1;6;RN 104;;
536541969;7;2;2024;19:10;5;71;71059;2;1;2;3;PASTEUR (RUE LOUIS);;
536541970;29;10;2024;18:30;3;91;91689;1;1;1;3;AUTOROUTE A6;;
536541971;22;11;2024;09:00;2;44;44143;2;1;1;3;32 Rue Augustin Mouillé;;
536541972;8;2;2024;06:20;5;69;69266;2;2;1;2;Rue Antoine Bernoux;;
536541973;13;11;2024;07:20;5;44;44114;2;1;1;3;14 Route du Croisy;;
536541974;8;2;2024;14:00;1;69;69264;2;1;1;6;Rue Nationale;;
536541975;23;10;2024;09:10;2;44;44114;2;1;1;6;Chemin du Plessis Buron;;
536541976;25;11;2024;07:25;3;91;91689;1;1;2;7;AUTOROUTE A6B;;
536541977;8;2;2024;09:10;1;69;69092;2;3;2;3;Rue des Acacias;;
536541978;6;10;2024;09:50;1;44;44114;2;6;1;7;333 Route de Vannes;;
536541979;8;2;2024;16:50;1;69;69290;2;1;1;3;Route de Grenoble;;
536541980;1;9;2024;22:40;5;44;44109;2;3;1;6;14 Rue Colonel Desgrées du Lou;;
536541981;7;2;2024;22:00;5;67;67043;2;1;1;6;PERIGUEUX (AVENUE DE);;
536541982;23;8;2024;08:05;1;44;44109;2;6;1;7;2 Rue du Moulin de la Garde;;
536541983;7;2;2024;09:00;1;67;67218;2;8;2;6;RHIN (ROUTE DU);;
536541984;7;8;2024;11:10;1;44;44109;2;1;1;3;51 Allée des Généraux Patton et Wood;;
536541985;4;8;2024;00:05;5;44;44109;2;1;1;6;58 Rue des Renards;;
536541987;2;8;2024;09:05;1;44;44109;2;6;1;3;Rue du Bêle;;
536541988;27;7;2024;22:20;5;44;44109;2;1;1;7;87 Quai de la Fosse;;
536541989;8;2;2024;19:22;5;63;63113;2;5;1;1;MOULIN (BD JEAN)/rue Pierre Estienne;;
536541990;8;2;2024;07:50;5;61;61001;2;1;2;6;D204;;
536541991;2;7;2024;18:05;1;44;44114;2;1;1;3;180 Route de Vannes;;
536541992;8;2;2024;07:40;5;61;61001;2;6;2;3;RD 438;;
536541993;27;12;2024;14:15;1;74;74312;1;1;8;6;Route d'hermy;;
536541994;14;12;2024;16:35;1;74;74168;1;1;1;1;D1508;;
536541995;8;2;2024;11:40;1;59;59599;2;2;2;3;Rue de Roubaix;;
536541996;26;12;2024;22:50;4;74;74238;2;1;1;7;Route des grandes alpes;;
536541997;8;2;2024;13:45;1;59;59272;2;9;8;6;GRAVELINES (RUE DE);;
536541998;16;12;2024;11:15;1;74;74044;2;6;7;3;21 Chemin des bornants;;
536541999;7;2;2024;12:59;1;57;57630;2;1;3;6;PHALSBOURG;;
536542000;16;12;2024;17:25;3;74;74016;1;1;1;2;Route d'annecy;;
536542001;7;2;2024;14:35;1;56;56121;2;2;2;3;RUE LOUIS GUIGUEN;;
536542002;26;12;2024;16:45;1;74;74012;2;1;1;2;Avenue Henri Barbusse;;
536542003;7;2;2024;18:02;5;54;54439;2;3;1;2;Avenue Charles de Gaulle;;
536542004;17;12;2024;00:10;3;74;74159;2;1;9;6;D1205;;
536542005;25;12;2024;14:25;1;74;74012;2;1;1;6;FLORISSANT (AVENUE);;
536542006;8;2;2024;15:20;1;53;53034;1;9;1;5;CORBINIERE ( LIEU DIT LA );;
536542007;20;12;2024;15:35;1;74;74081;2;9;1;6;Gare routière;;
536542008;8;2;2024;07:50;5;51;51454;2;1;2;4;CHAMPAGNE AVENUE DE;;
536542009;22;12;2024;15:30;1;74;74275;1;1;4;7;Route de rovagny;;
536542010;8;2;2024;07:55;2;51;51454;2;3;2;7;ZOLA (RUE EMILE) COTE PAIR;;
536542011;25;12;2024;01:10;3;74;74081;1;1;8;1;D1205;;
536542012;8;2;2024;08:00;1;51;51453;1;1;2;1;CD 1;;
536542013;20;12;2024;15:15;1;74;74256;2;3;1;6;372 Avenue andré lasquin;;
536542014;8;2;2024;19:40;3;46;46042;2;1;2;1;ORMEAUX (COTE DES);;
536542015;22;12;2024;06:28;3;74;74080;2;1;3;7;D909;;
536542016;3;2;2024;14:15;1;43;43157;2;1;1;6;32 Avenue Marechal Foch;;
536542017;8;2;2024;13:20;1;37;37233;2;6;2;3;FARGES (AVENUE YVES);;
536542018;16;12;2024;15:50;1;74;74169;2;1;2;1;Avenue des lechères;;
536542019;16;12;2024;17:30;3;74;74220;1;1;1;6;934 Route de l'eculaz;;
536542020;8;2;2024;12:55;1;37;37261;2;3;2;7;STENDHAL (AVENUE);;
536542021;16;12;2024;13:56;1;74;74035;1;1;1;1;Route de rumilly;;
536542022;8;2;2024;11:50;1;37;37261;2;9;2;6;ROTONDE (ROND-POINT DE LA);;
536542023;7;2;2024;12:15;1;37;37122;2;1;2;6;DOUZILLIERE (RUE DE LA);;
536542024;14;12;2024;10:05;1;74;74223;1;1;4;1;Route du Fer à cheval;;
536542025;8;2;2024;07:20;4;35;35238;1;6;2;3;ALMA (DE L');;
536542026;29;6;2024;00:24;5;44;44109;2;3;1;3;15 Boulevard Joliot Curie;;
536542027;8;2;2024;08:00;5;35;35238;2;1;2;3;CLEMENCEAU (BD GEORGES);;
536542028;28;6;2024;09:30;1;44;44143;2;1;1;6;1 Rue Victor Hugo;;
536542029;7;2;2024;10:10;1;34;34172;2;6;1;2;SAINT MAUR (AVENUE DE);;
536542030;20;12;2024;16:25;1;84;84035;1;1;6;1;AVIGNON-RD973 (ROUTE D');;
536542031;28;11;2024;10:00;1;2B;2B050;1;1;1;6;RT 30;;
536542032;8;2;2024;17:50;1;32;32013;2;1;8;3;TAPIS VERT;;
536542033;8;2;2024;21:19;5;31;31069;2;1;2;6;PAILLE (CH DE LA);;
536542034;25;11;2024;21:39;3;91;91661;1;1;1;2;AUTOROUTE A10;;
536542035;8;2;2024;15:00;1;31;31555;2;2;1;3;BD PIERRE ET MARIE CURIE;;
536542036;30;12;2024;09:52;1;30;30189;2;3;1;6;BIR HAKEIM (AVENUE);;
536542037;7;10;2024;09:25;1;60;60138;1;1;1;4;D1330;;
536542038;7;2;2024;15:25;1;19;19031;2;2;1;3;BUGEAUD (AVENUE MARECHAL);;
536542039;1;10;2024;15:45;1;60;60286;2;1;7;6;Place Barbier;;
536542040;8;2;2024;01:42;4;18;18279;2;1;2;6;19 Rue du Docteur Pierre Roux;;
536542041;30;10;2024;06:50;2;55;55181;2;3;1;3;Rue Raymond Poincare;;
536542042;8;2;2024;07:50;3;14;14118;2;3;2;7;30 Place de la Liberté;;
536542043;8;2;2024;20:30;5;13;13209;2;1;1;3;MICHELET (BOULEVARD);;