Num_Acc;jour;mois;an;hrmn;lum;dep;com;agg;int;atm;col;adr;lat;long
536542044;21;11;2024;19:08;5;14;14220;2;6;4;2;2 Rue Désiré le Hoc;;
536542045;8;2;2024;20:00;5;13;13210;2;1;1;6;CAPELETTE (AVENUE DE LA);;
536542046;8;2;2024;07:25;1;13;13214;2;1;1;1;SAINTE MARTHE (chemin);;
536542047;13;12;2024;07:15;2;74;74007;1;3;1;1;Route de Bonneville;;
536542048;3;2;2024;11:00;1;13;13214;2;1;1;6;SAINTE MARTHE (chemin);;
536542049;8;2;2024;15:00;1;13;13028;2;1;1;3;Rond-Point Rovarch/Saint Jean;;
536542050;12;12;2024;21:10;3;74;74171;1;1;1;3;Route de geneve;;
536542051;8;2;2024;11:10;1;13;13004;2;4;1;3;RUE DE L AMPHITHEATRE;;
536542052;12;12;2024;08:30;1;74;74143;2;3;1;6;2150 Avenue des alpages;;
536542053;2;2;2024;19:30;5;13;13001;2;1;1;6;RD 17;;
536542054;9;12;2024;15:35;1;74;74280;2;1;1;6;8 Avenue d'annecy;;
536542055;7;2;2024;07:45;2;11;11069;2;1;1;2;71 Rue Antoine Marty;;
536542056;21;11;2024;12:10;1;32;32119;2;1;1;6;Boulevard d'Artagnan;;
536542057;8;2;2024;18:30;5;10;10387;2;1;2;7;Boulevard Gambetta;;
536542058;8;2;2024;18:30;5;08;08409;2;7;3;6;MARNE (AVENUE DE LA);;
536542059;29;11;2024;10:50;1;32;32043;1;9;1;5;D1;;
536542060;7;2;2024;09:55;1;07;07281;2;1;1;3;BOUVAT (QUAI JULES);;
536542061;21;11;2024;17:45;2;32;32121;1;2;1;3;D634 - PR 8+450;;
536542062;8;2;2024;14:14;1;06;06088;2;2;1;3;Boulevard Gambetta;;
536542063;21;11;2024;16:00;1;29;29158;2;1;6;1;Rue de l'Abbé Stéphan;;
536542064;8;2;2024;10:30;1;06;06069;2;1;1;3;Route de Cannes;;
536542065;28;11;2024;15:40;1;13;13021;1;1;1;2;D9;;
536542066;8;2;2024;18:15;5;06;06029;2;1;1;1;Avenue Michel Jourdan;;
536542067;16;12;2024;10:55;1;62;62473;1;1;1;7;rue du nocq picot;;
536542068;8;2;2024;08:58;1;04;04070;2;1;1;1;NOEL (AV. DU COL.);;
536542069;3;10;2024;22:40;5;62;62108;2;3;1;3;Rue Alfred Lambert;;
536542070;8;2;2024;08:10;2;01;01053;2;6;2;3;MERCIER (AVENUE AMEDEE DU 45 AU FIN);;
536542071;8;2;2024;19:30;5;75;75113;2;1;2;2;QUAI D IVRY;;
536542072;7;5;2024;19:40;1;44;44162;2;1;1;4;Boulevard Charles De Gaulle;;
536542073;2;5;2024;17:00;1;44;44109;2;2;1;3;Boulevard de la Beaujoire;;
536542074;8;2;2024;23:00;5;75;75118;2;1;2;5;BOULEVARD BARBES;;
536542075;30;4;2024;15:55;1;44;44109;2;1;1;6;31 Rue du Corps de Garde;;
536542077;8;2;2024;16:15;1;75;75117;2;3;2;3;AVENUE DE LA PORTE DE CLICHY;;
536542078;7;2;2024;11:35;1;75;75114;2;1;2;6;BOULEVARD ARAGO;;
536542079;17;4;2024;09:05;1;44;44109;2;1;1;3;69 Boulevard Joliot Curie;;
536542080;8;2;2024;16:30;1;75;75113;2;3;2;6;AVENUE D ITALIE;;
536542081;31;10;2024;16:25;1;62;62108;2;1;1;6;Rue Gabriel Péri;;
536542082;7;12;2024;05:45;3;84;84142;1;1;1;6;D146;;
536542083;8;2;2024;18:25;5;75;75111;2;2;2;6;BOULEVARD DE BELLEVILLE;;
536542084;8;2;2024;09:30;1;75;75108;2;1;2;7;COURS ALBERT 1ER;;
536542085;18;10;2024;22:35;3;84;84004;1;3;1;3;route de saint-véran;;
536542086;8;2;2024;14:32;1;75;75107;2;1;2;6;BOULEVARD DES INVALIDES;;
536542087;8;2;2024;10:40;1;75;75107;2;2;2;6;RUE DU BAC;;
536542088;31;8;2024;07:00;2;84;84122;1;1;1;1;2122 Route d'Orange;;
536542089;7;2;2024;14:30;1;75;75107;2;1;2;6;BOULEVARD SAINT GERMAIN;;
536542090;23;12;2024;19:55;5;74;74012;2;1;2;6;FLORISSANT (AVENUE);;
536542091;8;2;2024;18:00;2;94;94078;2;3;2;3;Rue Pommier / Rue du Roi Albert 1er;;
536542092;18;12;2024;23:20;5;74;74010;2;6;1;3;CHARLES DE GAULLE (PLACE);;
536542093;8;2;2024;16:15;1;94;94046;2;2;2;5;Rue Michelet / Rue Condorcet;;
536542094;13;12;2024;13:10;1;74;74010;2;1;1;3;RHONE (AVENUE DU);;
536542095;8;2;2024;15:20;1;93;93078;2;1;2;6;Avenue du Maréchal de Lattre de Tassigny;;
536542096;2;12;2024;07:50;2;74;74012;2;3;9;3;EUROPE (AVENUE DE L');;
536542097;8;2;2024;19:40;5;93;93059;2;1;8;6;Avenue Ledru Rollin;;
536542098;12;9;2024;11:15;1;73;73181;2;3;1;6;Rue cardinale;;
536542099;8;2;2024;18:20;5;93;93005;2;6;2;1;Avenue Eugène Schueller / Rue Arthur Chevalier;;
536542100;4;9;2024;15:35;1;73;73003;1;1;1;6;N90;;
536542101;8;2;2024;09:05;1;93;93005;2;9;8;1;Rue des Arts;;
536542103;8;2;2024;19:45;5;93;93066;2;3;2;3;Avenue Jean Moulin / Rue Jacques Woog;;
536542104;15;11;2024;16:05;1;50;50272;1;3;1;6;Rue du 30 Juillet 1944;;
536542105;8;2;2024;09:00;1;93;93066;2;1;2;3;Avenue du Président Wilson;;
536542106;31;10;2024;18:35;3;73;73106;1;1;1;1;D911;;
536542107;8;2;2024;08:30;1;93;93064;2;3;2;6;Rue Lavoisier / Rue Missak Manouchian;;
536542109;8;2;2024;05:25;5;93;93032;2;2;2;3;MONTFERMEIL   (ALLEE DE);;
536542110;30;9;2024;16:55;1;84;84143;1;4;1;1;D4;;
536542111;7;2;2024;11:10;1;93;93032;2;1;3;6;Avenue Jean Jaurès;;
536542112;29;9;2024;08:30;1;84;84099;2;1;1;1;Avenue Jean Giono;;
536542113;8;2;2024;08:27;1;93;93057;2;3;2;3;Avenue Aristide Briand / Rue des Ecoles;;
536542114;13;10;2024;20:00;3;84;84092;1;1;1;6;D28;;
536542115;19;7;2024;13:14;1;63;63113;2;1;1;2;viaduc Saint-Jacques;;
536542116;8;2;2024;19:10;5;93;93005;2;3;2;6;Boulevard de l'Hôtel de Ville / Rue Rouget de L'isle;;
536542117;28;3;2024;19:30;5;44;44190;2;6;1;6;1 Avenue de Glinde;;
536542118;5;6;2024;01:30;3;95;95488;1;1;1;6;A15;;
536542119;8;2;2024;15:40;1;93;93001;2;1;2;2;Rue du Moutier;;
536542121;4;6;2024;21:15;2;93;93010;1;1;1;3;A3;;
536542122;8;2;2024;10:57;1;92;92078;1;1;2;6;MARC SANGNIER (AVENUE);;
536542123;20;3;2024;14:10;1;44;44162;2;1;1;7;121 Boulevard François Mitterand;;
536542124;7;2;2024;22:26;4;92;92073;2;1;2;7;SELLIER (BOULEVARD HENRI);;
536542125;6;6;2024;13:55;1;77;77146;1;1;1;2;A4.Y;;
536542126;14;3;2024;17:10;1;44;44143;2;1;1;6;Rue Ordronneau;;
536542127;7;2;2024;19:26;5;92;92072;2;3;2;6;VILLE D'AVRAY (RUE DE );;
536542128;6;6;2024;09:00;1;93;93051;1;1;1;2;A4;;
536542129;13;3;2024;17:25;1;44;44109;2;1;1;2;53 Rue du Coprs de Garde;;
536542130;3;2;2024;14:30;1;88;88413;2;1;1;2;Rue d'ALSACE;;
536542131;8;2;2024;13:25;1;92;92020;2;1;1;2;VANVES BOULEVARD N° IMPAIRS;;
536542132;7;2;2024;16:00;1;92;92012;2;9;2;6;GALLIENI (RUE) 55/157 - 50/140;;
536542133;7;6;2024;20:17;1;76;76255;1;4;1;1;Route d’Abbeville;;
536542135;3;1;2024;13:04;1;64;64102;2;8;1;6;Quai Resplandy;;
536542136;6;2;2024;08:15;1;974;97415;2;2;1;3;Rue Saint Louis;;
536542137;25;1;2024;13:25;1;974;97411;2;2;1;6;LORY LES HAUTS (RUE);;
536542138;11;3;2024;09:30;1;44;44047;2;1;1;3;20 Rue Jan Palach;;
536542139;25;5;2024;14:05;1;44;44109;2;1;1;6;Boulevard des Tirbunes;;
536542141;20;1;2024;13:30;1;06;06130;1;1;1;3;1916 Route de Cabris;;
536542142;24;5;2024;17:33;1;44;44109;2;1;1;2;28 Boulevard des Anglais;;
536542143;23;5;2024;08:30;1;44;44162;2;6;1;3;Rond-Point du Chemin de la Botardière;;
536542144;8;2;2024;14:15;1;62;62332;1;2;2;3;D919;;
536542145;21;5;2024;08:40;1;44;44109;2;3;1;3;71 Rue de Bel Air;;
536542146;9;2;2024;07:30;4;30;30047;1;1;2;2;D6113;;
536542147;21;5;2024;16:15;1;44;44114;2;6;8;3;Place de la France Libre;;
536542148;11;1;2024;10:00;1;57;57067;2;1;1;6;30 Grand Rue;;
536542149;18;5;2024;14:30;1;44;44109;2;1;1;6;35 Rue Félix Faure;;
536542151;17;5;2024;11:30;1;44;44109;2;1;8;6;1bis Quai de Tourville;;
536542152;7;2;2024;11:00;1;76;76697;1;1;3;7;D915;;
536542153;9;2;2024;09:30;1;63;63287;1;3;2;3;Intersection D999/D727;;
536542154;4;6;2024;18:50;5;987;98736;2;2;1;5;ARIIPAEA POMARE (AV);;
536542155;5;6;2024;08:15;1;972;97209;1;1;1;3;AUTOROUTE (A1);;
536542156;9;2;2024;08:05;1;42;42159;1;2;8;3;Route de Lyon;;
536542157;5;6;2024;11:44;1;2B;2B033;2;1;1;2;FRANCOIS VITTORI;;
536542158;8;2;2024;07:15;3;35;35162;1;1;2;1;PK 5 RD177;;
536542159;5;6;2024;09:47;1;971;97120;2;9;1;6;HANNE (BOULEVARD);;
536542160;9;2;2024;17:15;1;29;29026;2;1;1;6;Quai Charles de Gaulle;;
536542161;5;6;2024;06:30;1;971;97105;2;3;1;3;FLAMBOYANTS (ALLEE DES);;
536542162;26;1;2024;19:00;3;29;29177;1;3;1;1;Le Rheun;;
536542163;5;6;2024;22:45;3;2A;2A004;2;1;1;6;SAINT ANTOINE RUE;;
536542164;5;6;2024;11:16;1;2A;2A004;2;3;1;4;Cara;;
536542165;5;6;2024;12:40;1;95;95598;2;1;1;2;D144;;
536542166;3;6;2024;19:50;1;91;91657;2;2;1;3;AV PAUL VAILLANT COUTURIER;;
536542167;4;6;2024;17:34;1;87;87085;2;1;1;6;BEAUBREUIL (AVENUE DE);;
536542168;3;6;2024;16:27;1;87;87085;2;1;1;6;THOMAS (AVENUE ALBERT);;
536542169;2;6;2024;22:10;3;86;86194;2;1;1;3;D910;;
536542170;13;5;2024;17:15;1;86;86194;2;1;1;5;Rue Georges Guynemer;;
536542171;5;6;2024;19:10;1;85;85191;2;2;1;3;Rue charles bourseul;;
536542172;5;6;2024;18:40;1;84;84087;1;3;1;3;JONQUIERES (ROUTE DE);;
536542173;5;6;2024;11:30;1;83;83137;2;2;1;6;FORT ROUGE (CHEMIN DU);;
536542174;2;6;2024;17:05;1;80;80021;2;1;1;3;Rue de Cagny;;
536542175;5;6;2024;21:35;1;78;78423;2;2;1;3;AUBISQUE (RUE DE L');;
536542176;5;6;2024;09:00;1;74;74008;2;1;1;6;PAIX (RUE DE LA);;
536542177;1;6;2024;16:15;1;73;73065;2;1;1;6;VERDUN (QUAI DE);;
536542178;5;6;2024;13:40;1;73;73011;2;1;1;6;VIBERT (PLACE LEONTINE);;
536542179;4;6;2024;18:25;1;72;72003;2;1;1;2;CROIX GEORGETTE (RTE DE LA);;
536542180;4;6;2024;14:38;1;72;72181;2;8;1;3;JAURES JEAN (AV) N° IMP 35 A 179;;
536542181;5;6;2024;07:35;1;69;69275;2;3;1;3;Avenue Jean Jaurès;;
536542182;4;6;2024;22:05;2;69;69290;2;1;1;6;Rue Garibaldi;;
536542183;5;6;2024;07:30;1;69;69096;2;2;7;1;Avenue de la Liberté;;
536542184;4;6;2024;16:30;1;67;67482;2;1;1;1;REMPART (RUE DU);;
536542185;5;6;2024;07:00;1;66;66136;2;1;1;6;BARCAROLLES DES;;
536542186;5;6;2024;09:00;1;64;64445;2;2;1;3;CAMOU;;
536542187;4;6;2024;18:25;1;64;64102;2;1;1;2;REDUIT (PLACE DU);;
536542188;5;6;2024;18:00;1;63;63113;2;3;1;1;RABELAIS (RUE FRANCOIS);;
536542189;5;6;2024;13:44;1;63;63113;2;9;1;3;Carrefour des pistes (Clémentel-Jouhaux);;
536542190;5;6;2024;18:53;1;62;62065;2;1;1;1;Rue Joseph Petit;;
536542191;5;6;2024;09:30;1;59;59426;2;6;1;3;Route du Petit Menin;;
536542192;5;6;2024;23:20;5;59;59648;2;2;1;3;Rue Clémenceau;;
536542193;30;5;2024;22:44;5;57;57672;2;1;1;1;ROBERT SCHUMANN (BOULEVARD);;
536542194;5;6;2024;08:30;1;51;51454;2;1;1;6;SAVOYE (RUE);;
536542195;4;6;2024;19:17;1;49;49007;2;7;1;7;MADELEINE;;
536542196;4;6;2024;13:32;1;49;49353;2;1;1;7;DAUTEL BOULEVARD;;
536542197;4;6;2024;16:12;1;49;49007;2;1;1;4;POISSONNERIE;;
536542198;4;6;2024;09:56;1;49;49007;2;1;1;3;BRIOLLAY ROUTE;;
536542199;5;6;2024;23:00;5;45;45234;2;1;1;1;220 Rue du Faubourg Bannier;;
536542200;25;4;2024;18:52;1;74;74158;2;9;1;1;703 Route des voirons;;
536542201;5;6;2024;13:00;1;43;43157;1;1;1;7;Viaduc de Taulhac;;
536542202;23;2;2024;18:55;3;13;13039;1;1;1;1;RN 544;;
536542203;5;6;2024;13:20;1;36;36044;2;2;1;5;Avenue Charles de Gaulle 1890-1970;;
536542204;21;10;2024;22:40;4;974;97411;2;1;1;7;REYDELLET (ROUTE JULES);;
536542205;20;10;2024;07:00;1;973;97302;1;1;1;6;ROUTE NATIONALE 1;;
536542206;5;6;2024;11:00;1;35;35238;2;6;1;2;SAINT-MALO (RUE DE);;
536542207;20;10;2024;03:50;5;973;97302;2;1;1;6;MONTABO (ROUTE DE) 1;;
536542209;21;10;2024;19:38;3;69;69387;2;3;1;3;Avenue Félix Faure;;
536542210;5;6;2024;08:30;1;33;33063;2;2;7;3;Rue de la Benatte;;
536542212;21;10;2024;14:30;1;69;69387;2;2;1;3;Rue Saint Jérome;;
536542214;21;10;2024;14:05;1;69;69386;2;1;1;3;Boulevard Stalingrad;;
536542215;5;6;2024;22:00;5;31;31555;2;9;1;3;CHE DE LA GLACIERE;;
536542216;5;6;2024;05:30;2;31;31555;2;2;1;3;RUE JEAN PHILIPPE RAMEAU;;
536542217;21;10;2024;10:50;1;69;69387;2;3;1;2;Rue Pasteur;;
536542218;4;6;2024;14:55;1;27;27229;2;1;1;3;CHURCHILL (AVENUE WINSTON);;
536542219;20;10;2024;06:40;2;971;97105;2;1;3;1;CHARLES DE GAULLE (BD DU GENERAL);;
536542220;4;6;2024;08:35;1;27;27229;2;1;1;3;ALLENDE (RUE SALVADOR);;
536542221;21;10;2024;13:10;1;95;95277;1;1;1;6;D902;;
536542222;5;6;2024;08:20;1;22;22215;2;1;1;1;ST-HERVE (RUE DE);;
536542223;21;10;2024;08:35;1;91;91691;2;1;1;6;GENERAL LECLER(RUE);;
536542224;18;10;2024;09:06;1;87;87085;2;3;1;3;TUILIERES (RUE DES);;
536542225;5;6;2024;11:42;1;19;19031;2;2;1;3;LOMBARD (AVENUE JACQUES);;
536542226;20;10;2024;06:33;5;86;86194;2;1;2;6;Boulevard Pont Achard;;
536542227;5;6;2024;06:10;1;17;17200;2;1;1;7;CLAVIER   AVENUE DU;;
536542228;21;10;2024;18:15;2;84;84007;2;1;1;1;FOLIE (AVENUE DE LA);;
536542229;5;6;2024;18:55;1;14;14333;2;1;1;3;avenue des hauts bords;;
536542230;21;10;2024;13:30;1;84;84034;1;1;1;2;CAVAILLON (ROUTE DE) MFT;;
536542231;5;6;2024;09:15;1;13;13215;2;3;1;1;ODDO (bd);;
536542232;3;10;2024;11:00;1;83;83123;2;1;1;3;SAINT ROCH (CHEMIN);;
536542233;5;6;2024;14:25;1;01;01344;2;1;1;3;TREVOUX (AVENUE DE);;
536542234;5;6;2024;20:00;1;75;75113;2;1;1;6;PORTE D ITALIE;;
536542235;21;10;2024;20:30;5;81;81065;2;2;1;3;METZ (PT.DE);;
536542236;4;6;2024;09:40;1;75;75119;2;1;1;4;BD PERIPHERIQUE EXTERIEUR;;
536542237;3;6;2024;11:30;1;75;75118;2;1;1;2;BD PERIPHERIQUE EXTERIEUR;;
536542238;21;10;2024;06:05;5;78;78401;2;1;2;2;RHIN ET DANUBE (PONT);;
536542239;3;6;2024;09:30;1;75;75120;2;1;1;3;BD PERIPHERIQUE EXTERIEUR;;
536542240;5;6;2024;14:35;1;75;75120;2;3;1;2;AVENUE DE LA PORTE DE VINCENNES;;
536542241;21;10;2024;16:10;1;77;77284;2;1;1;6;GAMBETTA (RUE);;
536542242;5;6;2024;08:05;1;75;75120;2;9;1;3;AVENUE DE LA PORTE DE VINCENNES;;
536542243;21;10;2024;07:50;2;76;76575;2;6;2;6;Avenue de l'Université;;
536542244;5;6;2024;11:45;1;75;75119;2;3;1;6;RUE DE KABYLIE;;
536542245;21;10;2024;07:15;5;76;76351;2;2;3;6;WINSTON CHURCHILL;;
536542246;5;6;2024;11:23;1;75;75117;2;3;1;3;BOULEVARD BESSIERES;;
536542247;5;6;2024;10:50;1;75;75117;2;2;1;3;RUE BROCHANT;;
536542248;20;10;2024;13:52;1;67;67365;2;1;1;6;FRERES (RUE DES);;
536542249;21;10;2024;11:15;1;64;64024;2;1;1;6;BOIS BELIN (RUE DU);;
536542250;5;6;2024;09:40;1;75;75116;2;1;1;5;ALLEE DU BORD DE L EAU;;
536542251;21;10;2024;07:15;5;64;64102;2;1;1;6;ROND POINT DU GRAND BASQUE;;
536542252;5;6;2024;08:55;2;75;75113;2;2;1;6;RUE DE TOLBIAC;;
536542253;5;6;2024;18:00;1;75;75112;2;3;1;6;RUE DU FAUBOURG SAINT ANTOINE;;
536542254;21;10;2024;15:30;1;59;59428;2;6;1;3;HUIT MAI 1945 (RUE DU);;
536542255;5;6;2024;10:50;1;75;75110;2;2;1;6;RUE LA FAYETTE;;
536542256;19;10;2024;14:00;1;56;56121;2;1;1;7;Rue général de Bollardière;;
536542257;5;6;2024;10:05;1;75;75109;2;3;1;6;RUE SAINT LAZARE;;
536542258;3;6;2024;15:40;1;94;94052;2;2;1;3;Rue du Général Chanzy / Rue de l’Amiral Courbet;;
536542259;18;10;2024;11:37;1;56;56083;2;1;1;7;Avenue de la République;;
536542260;5;6;2024;13:10;1;94;94054;2;1;1;2;Rue des Hautes Bornes;;
536542261;19;10;2024;17:00;1;55;55545;2;1;1;7;REPUBLIQUE ( QUAI DE LA );;
536542262;4;6;2024;08:30;1;94;94017;2;1;1;2;Boulevard de Stalingrad;;
536542263;14;10;2024;11:10;1;55;55545;2;1;1;7;METZ ( AVENUE DE );;
536542264;5;6;2024;17:39;1;93;93066;2;2;1;6;Boulevard Félix Faure / Rue Gabriel Péri;;
536542265;5;6;2024;07:15;1;93;93064;2;1;1;1;Rue du 4e Zouave;;
536542266;20;10;2024;13:15;1;54;54274;2;5;1;1;Rue Gabriel Fauré;;
536542267;30;5;2024;16:38;1;93;93053;2;1;8;1;Avenue de Rosny;;
536542268;4;6;2024;11:28;1;92;92078;2;1;1;6;EDOUARD MANET (RUE);;
536542269;20;10;2024;17:20;1;51;51454;2;1;1;3;DRUART (RUE EMILE);;
536542270;5;6;2024;15:49;1;92;92046;2;1;1;6;Charles de gaulle;;
536542271;20;10;2024;01:55;5;51;51454;2;1;1;6;LANSON (RUE);;
536542272;5;6;2024;07:30;1;92;92040;2;1;1;6;PIERRE BROSSOLETTE;;
536542273;21;10;2024;15:12;1;50;50532;1;6;3;3;LANDE (ROUTE);;
536542274;5;6;2024;09:44;1;92;92036;2;1;1;3;LOUIS ROCHE (AVENUE) (46/148);;
536542275;5;6;2024;12:18;1;92;92024;2;2;1;6;HENRI BARBUSSE (RUE) DE (73 A 139);;
536542276;19;10;2024;19:30;5;50;50129;2;6;8;5;ROND POINT DE CAPEL;;
536542277;5;6;2024;09:44;1;92;92012;2;9;1;1;PIERRE GRENIER (AVENUE);;
536542278;20;10;2024;09:00;1;49;49246;2;1;8;3;HUGO VICTOR RUE;;
536542279;5;6;2024;09:25;1;92;92002;2;3;1;3;ARISTIDE BRIAND (AVENUE);;
536542280;20;10;2024;07:30;2;48;48095;2;1;5;1;RD 42;;
536542281;21;10;2024;16:30;1;45;45232;2;3;1;1;108 Avenue du Loiret;;
536542282;2;6;2024;06:30;1;974;97415;1;1;1;5;Route Nationale 1;;
536542283;21;10;2024;15:10;1;45;45075;2;1;1;3;10 Rue Montesquieu;;
536542284;6;6;2024;16:20;1;62;62327;1;1;1;1;D94;;
536542285;21;10;2024;12:45;1;37;37261;2;2;1;3;RENAULT (RUE DU GAL);;
536542286;5;6;2024;18:15;1;43;43185;1;3;1;1;Route de Charbonnier Carrefour D14 et D76;;
536542287;21;10;2024;07:45;2;37;37214;2;1;1;6;HUGO (RUE VICTOR);;
536542288;6;6;2024;16:23;1;76;76404;1;6;1;3;D925;;
536542289;21;10;2024;20:40;5;35;35238;2;3;8;6;SAINT-HELIER;;
536542290;5;6;2024;02:30;3;971;97132;1;1;2;6;Axe RN1;;
536542291;5;6;2024;14:00;1;14;14061;1;1;1;6;Route de Caen;;
536542292;21;10;2024;10:45;1;35;35238;2;3;2;3;BREST (DE);;
536542293;6;6;2024;07:30;1;67;67472;1;1;1;1;D138;;
536542294;21;10;2024;07:45;2;35;35189;1;1;3;4;RD 137;;
536542296;5;6;2024;16:50;1;34;34270;1;1;1;3;M132e2;;
536542299;5;6;2024;16:00;1;04;04033;1;1;1;1;d900;;
536542300;21;10;2024;23:05;5;31;31555;2;1;1;6;MINIMES (BD DES) DU 1AU 76;;
536542301;6;6;2024;08:30;1;2B;2B319;2;9;1;3;Valle Longhe;;
536542302;5;6;2024;14:00;1;65;65460;1;3;1;3;D935;;
536542303;21;10;2024;13:50;1;31;31483;2;1;1;2;GAMBETTA (BOULEVARD);;
536542304;5;6;2024;14:00;1;81;81201;1;1;1;2;Croix de Mille;;
536542305;5;6;2024;17:35;1;89;89460;1;1;1;1;Route de Misy;;
536542306;21;10;2024;20:10;3;30;30243;2;1;1;4;MONTEE DES CYPRES;;
536542307;21;10;2024;07:45;5;17;17415;2;1;1;7;CHERMIGNAC RUE DE;;
536542308;22;10;2024;00:30;5;13;13056;2;1;1;2;ZIEM (Avenue Félix);;
536542309;21;10;2024;21:30;5;13;13215;2;1;1;1;LYON (RUE DE);;
536542310;5;6;2024;17:10;1;49;49002;1;2;1;3;Route de l'Automne;;
536542311;21;10;2024;14:45;1;13;13211;2;3;1;3;RTE D' ALLAUCH;;
536542312;5;6;2024;21:00;1;12;12257;1;4;1;3;loupiac;;
536542313;21;10;2024;21:20;5;13;13047;2;1;1;3;RADOLFZELL AVENUE DE;;
536542314;4;6;2024;12:05;1;47;47208;1;1;1;2;D933;;
536542315;5;6;2024;20:11;1;68;68267;1;1;1;7;D19;;
536542316;20;10;2024;19:15;2;10;10343;2;3;1;1;GARE (RUE DE LA);;
536542317;5;6;2024;17:10;1;44;44163;2;1;1;1;11 Rue du Prieuré;;
536542318;21;10;2024;19:22;2;05;05061;1;3;1;3;D994;;
536542319;10;5;2024;11:00;1;29;29260;1;1;1;6;Rue de Pontavenec;;
536542320;21;10;2024;08:40;1;75;75117;2;3;1;3;RUE JACQUES IBERT;;
536542321;4;6;2024;11:20;1;38;38224;2;1;1;1;50 Route du Lac;;
536542322;21;10;2024;18:50;5;75;75108;2;1;1;6;COURS ALBERT 1ER;;
536542323;6;6;2024;09:35;1;02;02419;1;1;1;6;D774;;
536542324;21;10;2024;12:18;1;75;75108;2;2;8;6;RUE DE PONTHIEU;;
536542326;21;10;2024;07:50;2;75;75107;2;4;1;3;QUAI D ORSAY;;
536542327;5;6;2024;20:30;1;03;03062;1;1;1;7;3 Beaulieu;;
536542328;21;10;2024;11:55;1;75;75101;2;2;1;7;BOULEVARD DE SEBASTOPOL;;
536542329;5;6;2024;18:30;2;15;15199;1;1;1;7;VC lieu dit la Branche;;
536542330;21;10;2024;22:00;5;94;94073;1;1;2;3;Rue des Alouettes;;
536542331;6;6;2024;08:30;1;15;15019;1;4;1;7;RD 922;;
536542332;5;6;2024;17:45;1;66;66004;1;1;1;6;départementale 32;;
536542333;21;10;2024;18:00;1;94;94048;2;3;1;3;Rue des Orfevres;;
536542334;31;5;2024;23:00;5;06;06079;2;9;1;3;856 Avenue de Fréjus;;
536542335;21;10;2024;16:05;1;93;93055;2;1;1;4;JEAN LOLIVE (AVENUE)(55/73.62/86);;
536542336;21;10;2024;11:30;1;92;92078;2;2;1;6;GERARD PHILIPPE (SQUARE);;
536542337;4;6;2024;10:25;1;14;14011;1;2;1;3;Route de Caen;;
536542338;21;10;2024;08:30;1;92;92062;2;9;1;3;GENERAL DE GAULLE (AV) DU 63 AU 107;;
536542339;5;6;2024;18:10;1;14;14610;1;3;1;3;Rue de Caumont;;
536542340;21;10;2024;19:04;5;92;92023;2;1;8;6;HENRI BARBUSSE (AVENUE);;
536542342;21;10;2024;08:50;1;47;47145;1;1;1;6;N21;;
536542343;5;6;2024;13:25;1;60;60297;1;2;1;3;D151;;
536542344;22;10;2024;08:14;1;69;69273;2;1;2;2;1 Avenue du 24 Août 1944;;
536542345;5;6;2024;14:35;1;16;16292;2;1;1;6;6 Boulevard des Grands Rocs;;
536542346;21;10;2024;17:50;1;49;49343;1;2;8;3;D258;;
536542348;22;10;2024;07:25;2;10;10363;2;3;1;3;Route de Vaudes;;
536542349;5;6;2024;11:05;1;07;07349;2;1;1;2;20 Avenue Léon Blum;;
536542350;21;10;2024;21:00;3;67;67445;1;1;1;7;D35;;
536542351;6;6;2024;17:30;1;21;21345;1;1;1;1;D101k;;
536542352;6;6;2024;17:05;1;24;24326;1;1;1;6;base de canoé;;
536542353;20;10;2024;10:52;3;42;42198;1;2;1;3;Route de la Gare;;
536542354;16;10;2024;18:15;1;42;42157;2;1;1;3;Route de Roanne;;
536542355;6;6;2024;09:15;1;85;85024;1;2;1;3;RD21A;;
536542356;20;10;2024;10:45;1;41;41252;1;1;1;6;A10 PK 137.900 vers Paris;;
536542357;6;6;2024;09:15;1;85;85047;1;1;1;3;RD58;;
536542358;5;6;2024;17:30;1;85;85051;2;6;1;7;D949b;;
536542359;21;10;2024;21:15;5;01;01033;2;1;1;1;Rue de l'Industrie;;
536542360;22;10;2024;09:35;1;12;12270;1;1;1;2;Autoroute 75 - PK 199+040;;
536542361;4;6;2024;18:00;1;28;28047;1;1;1;5;N 154;;
536542362;16;4;2024;00:20;3;28;28199;1;1;1;3;N254;;
536542363;6;6;2024;11:30;1;30;30012;1;1;1;4;Départementale 2;;
536542364;22;10;2024;09:40;1;80;80680;2;3;1;1;2 Rue d'Hangest Dolez;;
536542365;6;6;2024;10:15;1;30;30266;2;1;1;3;route nationale;;
536542367;22;10;2024;08:15;1;63;63040;1;6;1;7;D997;;
536542368;5;6;2024;17:30;1;30;30284;1;1;1;1;Rocade Nord;;
536542369;21;10;2024;10:45;1;61;61211;2;1;3;3;4 Rue des Rhodos;;
536542370;5;6;2024;12:20;1;68;68375;2;1;1;6;Rue des Pays-Bas;;
536542371;22;10;2024;07:40;2;49;49120;1;1;1;1;D751;;
536542372;18;10;2024;17:00;2;41;41059;1;4;1;3;Rue des Carrières;;
536542373;5;6;2024;17:10;1;38;38405;1;3;1;2;D520 intersection chemin des roux;;
536542374;21;10;2024;12:15;1;44;44157;1;3;1;3;La Billonniere;;
536542375;31;5;2024;03:50;3;67;67194;1;1;3;7;A35;;
536542376;4;6;2024;07:00;1;976;97606;1;1;1;3;CCD5 - MALAMANI;;