Num_Acc;jour;mois;an;hrmn;lum;dep;com;agg;int;atm;col;adr;lat;long
536542717;6;7;2024;18:00;1;75;75107;2;3;1;2;RUE DE SEVRES;;
536542718;20;3;2024;18:59;1;75;75115;2;2;1;2;RUE FREMICOURT;;
536542719;20;3;2024;17:30;1;75;75115;2;2;1;7;RUE DE SEVRES;;
536542720;6;7;2024;16:37;1;75;75120;2;1;1;5;BD PERIPHERIQUE INTERIEUR;;
536542721;7;7;2024;12:50;1;75;75106;2;5;1;1;RUE DU CHERCHE MIDI;;
536542722;7;7;2024;09:40;1;75;75119;2;1;1;6;RUE DAVID D ANGERS;;
536542723;20;3;2024;13:15;1;75;75115;2;3;1;3;AVENUE DE SUFFREN;;
536542724;6;7;2024;23:40;5;75;75116;2;1;1;6;AVENUE DE NEW YORK;;
536542725;20;3;2024;16:50;1;75;75113;2;3;1;3;BOULEVARD DE L HOPITAL;;
536542726;7;7;2024;19:00;1;75;75115;2;1;1;6;BOULEVARD DES FRERES VOISIN;;
536542727;19;3;2024;18:20;1;75;75112;2;1;1;3;COURS DES MARECHAUX;;
536542728;5;7;2024;23:45;5;75;75115;2;2;1;3;RUE LINOIS;;
536542729;20;3;2024;16:40;1;75;75110;2;1;7;7;RUE DU FAUBOURG SAINT MARTIN;;
536542730;6;7;2024;12:40;1;75;75113;2;3;1;2;BOULEVARD DE L HOPITAL;;
536542731;20;3;2024;09:38;1;75;75107;2;3;1;1;QUAI VOLTAIRE;;
536542732;7;7;2024;14:53;1;75;75108;2;5;1;7;AVENUE DE FRIEDLAND;;
536542733;20;3;2024;07:19;2;75;75107;2;3;1;7;QUAI BRANLY;;
536542734;6;7;2024;04:20;5;75;75108;2;3;1;7;RUE FRANCOIS 1ER;;
536542735;20;3;2024;19:10;1;75;75104;2;3;1;6;RUE BEAUBOURG;;
536542736;7;7;2024;15:30;1;75;75101;2;3;1;3;AVENUE DE L OPERA;;
536542737;20;3;2024;00:45;5;75;75104;2;3;1;6;RUE DE RIVOLI;;
536542738;19;3;2024;11:30;1;75;75101;2;1;1;1;RUE DE RIVOLI;;
536542739;7;7;2024;16:30;1;94;94078;2;1;1;2;Rue Marc Seguin;;
536542740;19;3;2024;09:05;1;75;75104;2;2;1;7;QUAI DE L HOTEL DE VILLE;;
536542741;7;7;2024;03:05;5;94;94076;2;1;1;6;Rue du Moulin de Saquet;;
536542742;20;3;2024;18:20;1;94;94081;2;1;1;4;Avenue du Moulin de Saquet;;
536542743;7;7;2024;11:00;1;94;94034;2;9;1;3;Rue de la Loge;;
536542744;20;3;2024;22:00;5;94;94073;2;3;1;3;Rue Henri Dunant / Avenue du Général de Gaulle;;
536542745;7;7;2024;17:30;1;93;93073;1;1;1;6;CHAPIT RE ( RUE DU);;
536542746;20;3;2024;14:02;1;94;94022;2;3;1;6;Boulevard des Alliés / Rue Louise Michel;;
536542747;7;7;2024;02:45;5;93;93072;2;3;1;3;Avenue de Stalingrad / Avenue Paul Vaillant-Couturier;;
536542748;20;3;2024;06:40;2;77;77291;1;1;1;2;CHAPIT RE ( RUE DU);;
536542749;7;7;2024;18:55;1;93;93048;2;1;1;3;Boulevard Paul Vaillant Couturier;;
536542750;20;3;2024;19:15;5;93;93066;2;5;1;3;Avenue du Président Wilson / Rue du Landy;;
536542751;20;3;2024;11:50;1;93;93064;2;1;1;4;Rue Lavoisier;;
536542752;7;7;2024;05:00;2;92;92051;2;1;1;7;GENERAL LECLERC (BOULEVARD DU, N° 1 A 27;;
536542753;7;7;2024;05:45;2;92;92050;2;1;1;7;CLEMENCEAU GEORGES AVENUE N° PAIR;;
536542754;19;3;2024;12:05;1;93;93053;2;5;1;1;Avenue Marceau / Boulevard Michelet;;
536542755;7;7;2024;16:45;1;78;78356;1;1;1;7;D91;;
536542756;20;3;2024;12:30;1;93;93071;2;1;1;3;Allée de Villenaut;;
536542757;20;3;2024;12:30;1;92;92046;2;1;1;3;GABRIEL PERI;;
536542758;6;7;2024;21:15;1;76;76543;1;2;1;3;D149 Intersection route de raffetot;;
536542759;7;7;2024;17:00;1;49;49244;1;1;8;7;Le Calcaire (Montjean-sur-Loire);;
536542760;20;3;2024;19:38;5;92;92073;2;9;1;4;PONT DE SURESNES;;
536542761;7;7;2024;19:15;1;08;08232;1;1;1;1;D129;;
536542762;20;3;2024;12:29;1;92;92012;2;1;1;2;JEAN JAURES (BOULEVARD) 217/FIN - 210/FI;;
536542763;6;7;2024;09:15;1;62;62745;1;3;2;7;Rue de Loison;;
536542764;21;3;2024;17:15;1;51;51423;2;1;1;6;Route de Maurupt;;
536542765;8;7;2024;05:35;2;28;28085;1;1;1;6;A11 PK 056+500 vers PARIS;;
536542766;21;3;2024;15:10;1;05;05174;1;3;1;3;route de Pont Saint Esprit;;
536542767;7;7;2024;23:00;3;71;71481;1;1;1;6;Autoroute A6 PK 401.300 sens PARIS LYON;;
536542768;20;3;2024;18:10;1;76;76404;1;2;1;1;D31;;
536542769;7;7;2024;17:00;1;67;67437;2;1;1;7;38 Rue de Dettwiller;;
536542770;7;7;2024;18:00;1;22;22229;1;3;1;3;intersection Départementale 8 et départementale 790;;
536542771;20;3;2024;16:55;1;74;74112;2;1;1;5;Avenue du Centre;;
536542772;21;3;2024;09:35;1;77;77242;2;1;1;6;D 412;;
536542773;8;7;2024;13:35;1;83;83070;2;3;1;3;Avenue du Cap Nègre;;
536542774;7;7;2024;15:35;1;41;41184;1;1;1;7;bellevue;;
536542776;21;3;2024;19:24;5;2B;2B096;2;9;1;3;pk 1 T50;;
536542777;8;7;2024;19:56;1;62;62773;1;1;8;7;D52;;
536542778;20;3;2024;20:22;3;82;82156;1;9;2;6;D15;;
536542779;6;7;2024;14:14;1;56;56101;1;1;1;7;Le Faouët Bodery;;
536542780;20;3;2024;16:40;1;71;71367;1;1;1;5;RD 678;;
536542781;8;7;2024;09:20;1;69;69248;1;1;1;6;1100 Route de la Montagne (Marnand);;
536542782;21;3;2024;12:55;1;49;49215;1;2;1;3;D347;;
536542783;20;3;2024;17:00;1;12;12286;1;1;1;6;LE PONT DE LA BOURSE;;
536542784;18;6;2024;21:24;2;69;69066;2;3;1;3;Rue Georges Clémenceau;;
536542785;20;3;2024;15:30;1;47;47306;1;1;1;6;route de castelmoron;;
536542786;8;7;2024;18:26;1;71;71263;2;3;1;5;Rue de Gruay;;
536542787;20;3;2024;17:00;1;68;68018;1;3;1;1;D103;;
536542788;8;7;2024;19:55;2;71;71162;2;3;1;3;Rue de la Côte;;
536542789;6;7;2024;22:45;3;71;71014;1;1;1;7;Route de Saint Denis;;
536542790;21;3;2024;09:00;1;35;35327;1;1;1;2;N157;;
536542791;8;7;2024;09:45;1;89;89025;2;1;1;6;rue Carnot;;
536542792;19;3;2024;19:50;3;35;35023;1;1;1;1;D62;;
536542793;7;7;2024;16:45;1;89;89419;1;1;1;1;D965;;
536542794;18;3;2024;19:40;4;38;38144;1;4;1;5;D53;;
536542795;7;7;2024;21:25;2;76;76374;2;6;1;3;rue Jules Verne;;
536542796;21;3;2024;16:20;1;03;03188;1;3;1;1;D987;;
536542797;7;7;2024;03:52;3;49;49002;1;3;1;6;Route du Gue de Louet;;
536542798;19;3;2024;10:30;1;58;58082;1;1;1;7;D161;;
536542799;7;7;2024;08:30;2;29;29250;1;1;1;6;D769;;
536542801;25;6;2024;08:15;1;38;38029;2;1;1;6;97 Rue des Canuts;;
536542802;7;7;2024;17:30;1;02;02185;1;1;1;7;D11;;
536542803;7;7;2024;20:00;1;03;03089;1;1;1;6;Chemin des trois virons;;
536542804;21;3;2024;12:15;1;06;06153;2;1;1;5;Saint-Dalmas;;
536542805;7;7;2024;16:05;1;01;01147;2;1;1;7;Route de la Bresse;;
536542806;8;7;2024;15:50;1;26;26112;1;1;1;3;1635 Route des Alpes;;
536542807;6;7;2024;17:15;1;58;58039;2;1;1;3;Route Buissonniére;;
536542808;6;7;2024;16:18;1;14;14578;1;3;1;3;Route de Trouville;;
536542809;8;7;2024;12:35;1;05;05184;1;1;1;2;D1085;;
536542810;8;7;2024;10:00;1;50;50615;2;1;2;1;Boulevard de Verdun;;
536542812;7;7;2024;11:30;1;04;04166;2;9;1;6;Chemin de la Rouguière;;
536542813;7;7;2024;17:22;1;37;37064;1;2;1;3;D366;;
536542814;7;7;2024;12:10;1;48;48086;1;1;1;1;D906;;
536542815;8;7;2024;12:20;1;34;34333;1;9;1;2;D612;;
536542816;8;7;2024;12:33;1;82;82037;1;1;7;6;PK 398+200 - A20;;
536542817;1;7;2024;16:00;1;91;91085;1;1;1;2;le Bas de Torfou;;
536542818;7;7;2024;01:00;3;31;31036;1;1;2;1;Route de Revel;;
536542819;8;7;2024;00:15;3;13;13087;1;1;1;1;lieu dit la bégude - D7N;;
536542820;7;7;2024;18:30;1;45;45119;1;1;1;1;D2152;;
536542821;25;6;2024;07:55;1;45;45254;2;1;1;3;Allée de Vieux Cours;;
536542822;7;7;2024;05:20;2;77;77364;1;1;1;7;D27;;
536542823;8;7;2024;12:35;1;2A;2A247;1;1;1;3;D368;;
536542824;8;7;2024;01:08;5;66;66037;2;9;1;6;Boulevard de la Cote Radieuse;;
536542825;8;7;2024;19:15;1;83;83065;1;1;1;3;Route Departementale 98a;;
536542826;7;7;2024;20:31;1;13;13119;2;1;1;3;Boulevard du Marechal Juin;;
536542827;8;7;2024;08:50;1;57;57348;2;1;1;7;2 Rue de la Gare;;
536542828;4;7;2024;19:15;1;73;73178;1;1;1;7;D61 Route de la Motte;;
536542829;7;7;2024;16:46;1;69;69019;1;1;1;6;Route du Pizay;;
536542830;6;7;2024;12:20;1;65;65123;1;1;2;6;1154 rte des 2 cols;;
536542831;8;7;2024;09:30;1;17;17155;2;5;7;6;Rue Charles Hérve;;
536542832;7;7;2024;17:20;1;27;27279;2;2;1;3;Route de la Roche Guyon;;
536542833;6;7;2024;11:30;1;62;62201;2;4;1;1;Rue de l’Eglise;;
536542834;15;9;2024;00:01;3;38;38442;1;1;1;6;447 Route du Col de Porte;;
536542835;30;6;2024;07:03;1;59;59401;1;1;1;1;Route du Mont des Cats;;
536542836;15;9;2024;17:05;1;26;26235;2;6;6;2;D59;;
536542837;6;7;2024;00:31;3;13;13005;1;1;1;2;A50-Sens Aubagne vers Marseille;;
536542838;6;7;2024;03:45;3;69;69152;1;1;1;2;Route de Métropole 7;;
536542839;16;9;2024;12:10;1;69;69171;1;1;1;5;Route Départementale 389;;
536542840;7;7;2024;04:35;3;42;42218;1;1;1;6;RN88;;
536542841;15;9;2024;16:40;1;19;19211;2;1;1;1;D1089;;
536542842;7;7;2024;16:30;1;91;91521;1;1;1;4;AUTOROUTE A6;;
536542843;21;8;2024;08:41;2;72;72244;2;7;1;6;Place Saint Pierre;;
536542844;7;7;2024;13:05;1;91;91228;1;1;1;4;AUTOROUTE A6;;
536542845;14;9;2024;15:20;1;72;72154;1;2;1;3;Avenue Charles de Gaulle;;
536542846;7;7;2024;09:45;1;77;77384;1;1;1;6;AUTOROUTE A5A;;
536542847;7;7;2024;08:40;1;91;91363;1;1;1;7;RN 104;;
536542848;16;9;2024;15:15;1;27;27436;1;1;1;2;D140;;
536542850;7;7;2024;02:50;3;91;91347;1;1;1;3;RN 104;;
536542851;6;7;2024;17:00;1;78;78158;1;1;1;2;A13;;
536542852;13;9;2024;08:30;1;59;59560;1;1;1;6;AUTOROUTE A1;;
536542853;13;9;2024;07:50;2;59;59532;1;1;3;2;AUTOROUTE A16;;
536542854;7;7;2024;18:10;1;93;93078;1;1;1;4;A104;;
536542855;15;9;2024;23:20;3;91;91235;1;1;1;3;RN 104;;
536542856;6;7;2024;21:45;1;93;93053;1;1;1;5;A3;;
536542857;15;9;2024;22:40;3;95;95675;1;1;1;6;A1;;
536542858;6;7;2024;11:10;1;93;93027;1;1;1;5;A86;;
536542859;15;9;2024;21:15;3;93;93066;1;1;1;2;AUTOROUTE A1;;
536542860;5;7;2024;17:50;1;95;95306;1;1;1;7;A15;;
536542861;15;9;2024;17:45;1;93;93078;1;1;1;2;AUTOROUTE A104;;
536542862;7;7;2024;06:00;2;77;77175;1;1;1;2;RN104;;
536542863;14;9;2024;23:00;4;93;93010;1;1;1;6;AUTOROUTE A3;;
536542864;14;9;2024;21:20;3;93;93078;1;1;1;2;AUTOROUTE A104;;
536542865;6;7;2024;19:30;1;77;77294;1;1;1;4;A104;;
536542866;14;9;2024;12:00;1;93;93064;1;1;1;2;AUTOROUTE A86;;
536542867;6;7;2024;16:20;1;94;94028;1;1;1;3;A86;;
536542868;13;9;2024;13:15;1;93;93027;1;1;1;6;AUTOROUTE A86;;
536542869;6;7;2024;14:50;1;77;77141;1;1;1;3;A4;;
536542870;7;8;2024;09:25;1;93;93008;2;1;8;3;Avenue Paul Vaillant-Couturier;;
536542871;6;7;2024;14:00;1;93;93051;1;1;1;5;A4;;
536542872;3;6;2024;14:18;1;93;93005;1;1;1;3;A3;;
536542873;3;7;2024;20:40;5;974;97407;2;9;1;3;VERDUN (BOULEVARD);;
536542874;28;4;2024;19:00;1;93;93027;2;2;8;1;Rue Pierre Curie / Boulevard Pasteur;;
536542875;5;7;2024;12:10;1;93;93001;2;1;1;6;DANIELLE CASANOVA (RUE)  56 =>;;
536542876;25;4;2024;18:15;1;93;93079;2;1;1;1;Route de Saint-Leu;;
536542877;30;6;2024;23:06;5;44;44114;2;3;8;7;2 Rue de la Brise;;
536542878;6;7;2024;02:55;5;976;97611;2;1;1;7;convalescence/vetivers-Seize Villas ( ru;;
536542879;21;4;2024;14:40;1;93;93079;2;1;1;3;Rue Maurice Paillard;;
536542880;5;7;2024;14:00;1;974;97416;2;1;1;6;HAVRE (RUE DU);;
536542881;20;4;2024;16:15;1;93;93079;2;3;1;3;Route de Saint-Leu / Rue des Berceaux;;
536542882;5;7;2024;08:00;1;974;97416;1;1;1;3;RN02;;
536542883;6;7;2024;06:20;1;974;97411;2;1;1;7;JAURES (BOULEVARD JEAN);;
536542884;21;4;2024;18:20;1;93;93079;2;1;1;6;Avenue Jean Jaurès;;
536542885;5;7;2024;19:00;5;974;97407;2;1;1;3;CARPAYE(AVENUE);;
536542886;30;4;2024;14:50;1;93;93027;2;2;1;3;Rue Jean-Pierre Timbaud / Avenue Paul Vaillant-Couturier;;
536542887;6;7;2024;23:26;5;69;69386;2;2;1;3;Rue Tête d'Or;;
536542888;19;4;2024;19:00;1;93;93007;2;2;2;3;Avenue du 8 Mai 1945 / Rue de l'Abbé Niort;;
536542889;6;7;2024;18:40;1;69;69387;2;1;2;6;Rue Lortet;;
536542890;5;7;2024;18:10;1;69;69383;2;2;1;3;Rue des Cuirassiers;;
536542891;19;4;2024;09:15;1;93;93072;2;2;1;2;Rue Pierre de Geyter / Rue Léon Gonot;;
536542892;6;7;2024;16:25;1;972;97209;1;1;1;7;RN9;;
536542893;18;4;2024;19:22;1;93;93031;2;1;1;3;Avenue Joffre;;
536542894;6;7;2024;11:45;1;972;97213;1;1;1;2;AUTOROUTE (A1);;
536542895;6;7;2024;16:15;1;2A;2A004;2;1;1;6;CASALONGA SERGENT  RUE DU;;
536542896;16;4;2024;21:25;5;93;93013;2;1;1;3;Avenue de la Division Leclerc;;
536542897;6;7;2024;20:20;1;95;95268;1;1;1;3;D84;;
536542898;6;7;2024;18:45;1;91;91549;2;1;1;6;LA FAYETTE (RUE);;
536542899;16;4;2024;16:25;1;93;93027;2;3;1;3;Rue du 17 Octobre 1961 / Rue Renoir;;
536542900;6;7;2024;00:27;5;91;91691;2;6;1;2;ROND POINT DU QUEBEC;;
536542901;16;4;2024;10:05;1;93;93027;2;1;1;6;Avenue Roger Salengro;;
536542902;6;7;2024;18:30;1;91;91589;2;2;1;6;RUE DES COQUELICOTS;;
536542903;11;4;2024;20:00;2;93;93027;2;9;1;6;Rue de la Convention / Boulevard Pasteur;;
536542904;11;4;2024;12:20;1;93;93030;2;1;1;6;Avenue du 8 Mai 1945;;
536542905;5;7;2024;19:15;1;84;84080;2;1;1;2;DAMPEINE BOULEVARD COMMANDANT;;
536542906;5;7;2024;16:55;1;84;84080;1;1;1;7;BEDARRIDES ROUTE DE;;
536542907;11;4;2024;11:40;1;93;93027;2;1;1;2;Rue de la Convention;;
536542908;6;7;2024;10:09;1;83;83126;2;1;1;6;QUATRE SEPTEMBRE (BD DU);;
536542909;11;4;2024;11:25;1;93;93013;2;1;1;3;Avenue de la Division Leclerc;;
536542910;5;7;2024;14:35;1;81;81065;1;1;7;1;180 Chemin du Pioch de Gaïx;;
536542911;6;7;2024;09:07;1;78;78551;2;1;2;6;MAREIL (RUE ET PLACE DE);;
536542912;5;4;2024;15:00;1;93;93031;2;3;1;2;Avenue de Lattre de Tassigny / Avenue Salvador Allende;;
536542913;6;7;2024;13:40;1;77;77058;2;1;1;2;KONRAD ADENAUER (RUE);;
536542914;4;4;2024;05:00;5;93;93066;2;2;3;3;Avenue du Président Wilson / Rue Francis de Pressensé;;
536542915;1;4;2024;22:00;5;93;93031;2;2;1;1;Rue de Marseille / Rue des Carrières;;
536542916;5;7;2024;17:00;1;76;76540;2;3;1;2;Avenue du Mont Riboudet;;
536542917;6;7;2024;03:15;5;76;76165;2;6;1;6;Rue Emile Zola;;
536542918;29;3;2024;09:18;1;93;93027;2;2;1;6;Boulevard Pasteur / Rue de Crèvecoeur;;
536542919;6;7;2024;13:40;1;71;71306;2;3;3;6;DE LATTRE DE TASSIGNY (BLD DU MARECHAL);;
536542920;27;3;2024;14:24;1;93;93013;2;3;1;2;Avenue de la Division Leclerc / Rue Normandie Niémen;;
536542921;6;7;2024;11:15;1;69;69029;2;9;8;2;Boulevard de l'Université;;
536542922;26;3;2024;13:28;1;93;93013;2;1;2;6;Avenue de la Division Leclerc;;
536542923;4;7;2024;06:30;1;68;68297;2;6;1;3;DE GAULLE ( AVE DU GLE )A PARTIR DES NR;;
536542924;23;3;2024;22:00;5;93;93027;2;2;2;2;Rue de la Convention / Avenue de la République;;
536542925;5;7;2024;20:35;1;64;64483;2;6;1;3;ITHURRALDE ANDRE (AVENUE);;
536542926;20;3;2024;14:30;1;93;93031;2;1;1;6;Rue de Paris;;
536542927;6;7;2024;11:15;1;64;64445;2;9;8;3;JEAN MERMOZ;;
536542928;20;3;2024;05:00;5;93;93031;2;1;1;6;Rue de Paris;;
536542929;6;7;2024;21:50;2;64;64102;2;1;1;6;SAINT FORCET (RUE DE);;
536542930;14;3;2024;14:35;1;93;93027;2;3;1;3;Rue Rateau / Rue Voltaire;;
536542931;6;7;2024;19:12;1;64;64102;2;1;1;3;JEAN JAURES (BOULEVARD);;
536542932;14;3;2024;09:05;1;93;93001;2;2;1;6;Rue de Saint-Denis / Rue Heurtault;;
536542933;12;3;2024;19:10;5;95;95210;2;1;1;6;ENGHIEN (AVENUE D');;
536542934;6;7;2024;00:35;3;59;59152;2;2;1;3;LECLERC (AVENUE DU GENERAL);;
536542935;12;3;2024;12:30;1;93;93027;2;1;1;6;Boulevard Pasteur;;
536542936;6;7;2024;12:50;1;51;51172;2;1;1;6;BLANCS MONTS (RUE);;
536542937;28;3;2024;09:45;1;93;93031;2;1;1;6;Avenue Joffre;;
536542938;5;7;2024;11:10;1;51;51055;2;2;1;3;BUISSON SARAZIN (ALLEE);;
536542939;11;3;2024;08:00;2;93;93027;2;9;1;3;Avenue Roger Salengro;;
536542940;6;7;2024;17:10;1;49;49007;2;2;1;3;AYRAULT;;
536542941;10;3;2024;22:35;3;93;93027;2;2;1;5;Rue de la Convention / Avenue de la République;;
536542942;8;3;2024;16:02;1;93;93027;2;9;1;3;Rue Suzanne Masson;;
536542943;8;3;2024;15:05;1;93;93079;2;3;1;3;Route de Saint-Leu / Rue Jules Ferry;;
536542944;1;7;2024;16:10;1;42;42218;2;3;1;3;Boulevard de la Palle;;
536542945;6;7;2024;13:00;1;38;38185;2;1;8;2;MARECHAL FOCH (BOULEVARD);;
536542946;26;6;2024;17:30;1;38;38053;2;6;1;6;Place du Champ de Mars;;
536542947;4;6;2024;16:25;1;38;38053;1;1;1;2;D1006;;
536542948;15;9;2024;11:20;1;92;92025;2;1;1;2;G.PERI 2 A 192   1 A 247 (RUE);;
536542949;6;7;2024;14:50;1;38;38053;2;3;8;3;Boulevard F. et I. Joliot Curie;;
536542950;6;6;2024;05:50;2;50;50517;1;1;1;2;pierreville;;
536542951;6;7;2024;06:30;1;37;37261;2;3;1;3;HEURTELOUP (BOULEVARD);;
536542952;15;9;2024;12:00;1;974;97416;1;1;1;3;CROIX DE JUBILE (CHEMIN DE LA);;
536542953;6;7;2024;15:05;1;35;35238;1;1;1;2;PORTE D'ANGERS;;
536542954;14;9;2024;11:15;1;974;97416;1;1;1;4;RN1 (ROUTE NATIONALE);;
536542955;6;7;2024;00:45;5;34;34172;2;2;1;3;BAUDIN (RUE);;
536542956;5;7;2024;17:00;1;34;34198;1;1;1;3;D66  VOIE RAPIDE;;
536542957;7;7;2024;01:45;5;31;31555;2;1;8;6;AV LOUIS BAZERQUES;;
536542958;15;9;2024;20:00;5;974;97411;2;5;8;3;LANCASTEL (BOULEVARD);;
536542959;6;7;2024;03:50;5;27;27229;2;7;1;3;GRAND CARREFOUR (PLACE DU);;
536542960;15;9;2024;12:20;1;974;97411;2;2;1;3;LATTRE DE TASSIGNY (AVENUE MARECHAL DE);;
536542961;14;9;2024;15:48;1;2A;2A004;2;1;1;3;ROUTE DU STILETTO;;
536542962;6;7;2024;16:39;1;22;22278;2;1;1;6;GARE (DE LA);;
536542963;29;11;2024;02:31;3;73;73040;1;1;9;6;D902;;
536542964;5;7;2024;16:10;1;21;21054;2;1;1;3;Rue du Faubourg Saint-jean;;
536542965;15;9;2024;06:15;2;95;95450;1;1;1;6;HAUTIL (BOULEVARD DE L');;
536542966;28;11;2024;15:00;1;26;26347;1;1;8;6;Avenue des Lots;;
536542967;29;11;2024;15:10;1;81;81011;1;1;1;4;1595 Pesquieyras;;
536542968;29;11;2024;18:00;5;09;09306;2;6;1;6;RouteNationale 20;;
536542969;14;9;2024;22:40;5;91;91549;2;4;1;3;GABRIEL PERI (AVENUE);;
536542971;28;11;2024;17:30;5;49;49023;2;6;2;3;Rond point des petites places, beaupreau;;
536542972;29;11;2024;18:45;3;35;35287;1;1;1;3;D503;;
536542973;29;11;2024;00:40;3;76;76718;2;1;1;6;D34;;
536542974;14;9;2024;18:40;1;77;77438;1;9;1;5;D934;;
536542975;28;11;2024;19:45;5;60;60589;2;1;1;6;Rue de la Liberte;;
536542976;15;9;2024;18:00;1;69;69256;2;1;1;5;30 Avenue de Böhlen;;
536542977;28;11;2024;14:10;1;13;13212;1;1;1;2;A507 sens Aubagne- Marseille;;
536542978;15;9;2024;10:59;1;64;64102;2;1;1;6;LESPES (QUAI AMIRAL);;
536542979;27;11;2024;23:55;3;13;13117;1;1;1;2;A7-Sens Marseille vers Lyon;;
536542980;15;9;2024;18:30;2;62;62573;2;1;1;1;D164;;
536542981;27;11;2024;11:40;1;13;13005;1;1;1;3;A50-Sens Toulon vers Aubagne;;
536542982;15;9;2024;01:40;3;60;60057;2;1;1;7;Rue de Pontoise;;
536542983;13;9;2024;17:00;1;59;59286;2;1;1;6;EGLISE CONTOUR DE L;;
536542984;27;11;2024;17:40;5;83;83137;1;1;1;5;A57;;
536542985;27;11;2024;17:20;2;69;69259;1;9;1;3;Route Départementale 301;;
536542986;15;9;2024;13:10;1;58;58194;2;3;1;3;TROIS CARREAUX;;
536542989;13;9;2024;16:50;1;51;51230;2;9;1;6;BOURGEOIS (PLACE LEON);;
536542990;28;11;2024;08:40;1;94;94034;1;1;1;3;A6B;;
536542991;15;9;2024;15:10;1;45;45147;2;3;1;3;D920 PR 1 + 833;;
536542992;27;11;2024;18:29;5;78;78321;1;1;8;4;RN12 INT;;
536542993;27;11;2024;19:20;3;78;78217;1;1;8;2;A13;;
536542994;27;11;2024;17:30;5;92;92050;1;1;3;2;A14;;
536542996;27;11;2024;08:21;1;92;92072;1;1;2;2;N118;;
536542997;28;11;2024;19:00;3;93;93010;1;1;1;2;AUTOROUTE A3;;
536542999;28;11;2024;15:45;1;93;93010;1;9;1;3;AUTOROUTE A3;;
536543000;28;11;2024;12:45;1;93;93013;1;1;1;2;AUTOROUTE A1;;
536543001;15;9;2024;07:35;1;31;31555;2;1;1;3;FOULQUES (ALLEE DES);;
536543002;15;9;2024;02:49;3;31;31555;2;9;1;2;VA007342 LA CEPIERE  A620 Sortie 27;;
536543003;28;11;2024;10:30;1;95;95018;1;1;1;4;A15;;
536543004;15;9;2024;09:50;1;22;22113;2;9;1;7;SAINT MARC (RUE DE);;
536543005;27;11;2024;06:40;2;93;93029;1;1;1;2;AUTOROUTE A86;;
536543006;14;9;2024;14:20;1;22;22113;1;1;1;3;TREGASTEL (ROUTE DE);;
536543007;28;11;2024;08:15;1;94;94028;1;1;1;4;A86;;
536543008;15;9;2024;05:00;5;13;13102;2;1;1;3;RENE CAILLOUX;;
536543009;28;6;2024;08:30;1;93;93063;2;3;1;6;Rue Normandie Niemen / Sente Giraud;;
536543010;14;9;2024;19:35;1;13;13028;2;6;1;3;CD 141 ( CH PUITS DE BRUNET);;
536543011;15;9;2024;16:25;1;13;13005;2;1;1;1;PLANQUE (CHEMIN DE LA);;
536543012;23;6;2024;03:11;5;93;93006;2;3;1;3;Rue Pierre Brossolette / Rue Lucien Sampaix;;
536543013;15;9;2024;21:45;5;06;06088;2;1;1;6;45 Boulevard de l'Ariane;;
536543014;14;9;2024;16:00;1;06;06029;2;1;1;6;15 Avenue des Buissons Ardents;;
536543015;15;9;2024;10:40;1;04;04112;2;2;1;3;BRET (BD. M.);;
536543016;13;9;2024;16:40;1;03;03185;2;6;1;6;Rue Pierre Semard;;
536543017;16;6;2024;21:30;5;93;93063;2;3;2;3;Rue de la République / Rue Pierre Curie;;
536543018;15;9;2024;19:10;1;75;75119;2;2;1;5;AVENUE RENE FONCK;;
536543019;15;9;2024;03:30;5;75;75118;2;1;1;2;RUE MARX DORMOY;;
536543020;10;9;2024;14:10;1;75;75116;2;7;1;3;PLACE DE COLOMBIE;;
536543021;12;6;2024;08:22;1;93;93063;2;1;1;3;Rue Marcel Ethis;;
536543022;15;9;2024;18:35;1;75;75115;2;2;1;6;QUAI ANDRE CITROEN;;
536543023;13;9;2024;13:00;1;75;75115;2;2;1;6;RUE DE LA CONVENTION;;
536543024;15;9;2024;17:24;1;75;75111;2;1;1;3;BOULEVARD VOLTAIRE;;
536543025;10;6;2024;15:10;1;93;93063;2;1;1;3;Rue Gabriel Husson;;
536543026;15;9;2024;01:35;5;75;75109;2;3;1;3;RUE BALLU;;
536543027;15;9;2024;18:50;1;75;75107;2;7;1;3;PLACE DE LA RESISTANCE;;
536543028;5;6;2024;18:30;1;93;93045;2;2;1;6;Rue de Paris / Avenue Waldeck Rousseau;;
536543029;14;9;2024;10:24;1;75;75107;2;1;1;3;BOULEVARD DE LA TOUR MAUBOURG;;
536543030;27;11;2024;14:25;1;974;97416;1;1;1;2;RN 01;;
536543031;15;9;2024;11:55;1;75;75104;2;2;1;7;RUE DE RIVOLI;;
536543032;24;3;2024;09:15;1;33;33546;1;3;2;3;D670;;
536543033;27;11;2024;09:15;1;974;97411;1;7;1;3;BONNIER (ALLEE);;
536543034;27;11;2024;20:25;5;973;97302;2;1;1;6;DE GAULLE (AVENUE);;
536543035;28;4;2024;03:20;3;11;11106;1;1;1;6;D6009;;
536543036;15;9;2024;21:30;5;93;93005;2;6;1;4;JEAN MONET (CARREFOUR);;
536543037;28;4;2024;06:45;2;11;11261;1;1;1;6;D2113;;