Num_Acc;jour;mois;an;hrmn;lum;dep;com;agg;int;atm;col;adr;lat;long
536543376;23;4;2024;12:40;1;25;25547;2;1;1;1;AVENUE LECLERC;;
536543377;25;11;2024;07:25;5;78;78089;2;3;2;3;Avenue Aristide Briand;;
536543378;10;8;2024;10:40;1;95;95604;1;1;1;4;A1;;
536543379;27;11;2024;15:30;1;66;66180;2;9;1;6;Avenue Urbain Paret;;
536543380;26;4;2024;19:45;1;22;22113;2;1;1;2;DE LA FAYETTE (BOULEVARD);;
536543381;25;4;2024;12:10;1;18;18279;2;1;1;3;46 Rue Jules Louis Breton;;
536543382;27;11;2024;15:55;1;34;34166;1;3;1;6;D128 montblanc;;
536543383;10;8;2024;07:55;1;93;93006;1;1;1;6;AUTOROUTE A3;;
536543384;28;11;2024;19:50;5;83;83065;1;1;1;7;Route Departementale 98a;;
536543385;26;4;2024;16:40;1;14;14366;2;3;1;7;11 Place François Mitterrand;;
536543386;9;8;2024;12:50;1;987;98735;1;1;1;3;PIERRE LOTI (ALLEE);;
536543387;3;4;2024;17:40;1;13;13056;2;3;1;2;FLEMING AVENUE DU ALEXANDER;;
536543388;28;11;2024;11:00;1;13;13094;2;6;1;3;D99;;
536543389;26;4;2024;20:10;1;13;13203;2;1;1;2;CHARPENTIER (BOULEVARD);;
536543390;9;8;2024;18:00;2;974;97409;1;9;1;3;CHEMIN AGENOR;;
536543391;26;4;2024;15:30;1;13;13005;2;1;8;3;DOUARD (AVENUE DU);;
536543392;9;8;2024;11:00;1;974;97409;2;3;1;3;PENTE SASSY (chemin de la);;
536543393;27;11;2024;17:15;2;50;50139;2;3;2;3;Rue du Focq;;
536543394;26;4;2024;19:05;1;09;09207;1;1;1;2;ROUTE NATIONALE 20;;
536543395;7;8;2024;20:10;3;974;97407;1;1;1;6;ROUTE NATIONALE N° 1;;
536543396;20;11;2024;13:15;1;59;59139;2;1;1;6;Rue Mal Delattre de Tassigny;;
536543397;26;4;2024;04:55;5;06;06088;2;2;1;2;20 Avenue Saint-Jean-Baptiste;;
536543398;26;4;2024;02:04;5;06;06088;2;1;1;6;118 Avenue des Arènes de Cimiez;;
536543399;27;11;2024;22:27;3;13;13043;1;1;1;6;A55 - Sens Marseille vers Martigues;;
536543400;9;8;2024;18:20;1;973;97302;2;1;1;3;REPUBLIQUE (BD DE LA);;
536543402;26;4;2024;09:00;1;06;06069;2;6;1;3;36 Avenue Sidi Brahim;;
536543404;9;8;2024;19:45;5;973;97302;2;1;1;3;MONTABO (ROUTE DE) 1;;
536543405;26;4;2024;11:10;1;06;06027;2;1;2;3;Rue Jules Verne;;
536543406;7;8;2024;07:30;1;973;97302;2;1;1;3;BADUEL (ROUTE DE);;
536543407;24;4;2024;22:30;5;75;75117;2;1;1;3;BD PERIPHERIQUE EXTERIEUR;;
536543408;27;11;2024;08:35;1;91;91661;1;1;2;5;AUTOROUTE A10;;
536543409;10;8;2024;01:15;5;69;69386;2;2;1;3;Cours Vitton;;
536543410;24;4;2024;21:06;5;75;75116;2;1;1;4;BD PERIPHERIQUE EXTERIEUR;;
536543411;26;4;2024;10:30;1;75;75106;2;1;1;6;RUE DE RENNES;;
536543412;27;11;2024;10:00;1;92;92025;1;1;2;4;A86;;
536543413;9;8;2024;20:36;1;69;69383;2;1;1;3;Rue Maurice Flandin;;
536543414;26;4;2024;20:00;1;75;75119;2;2;1;1;RUE PETIT;;
536543415;9;8;2024;05:05;2;69;69387;2;1;1;6;Avenue Leclerc;;
536543416;26;11;2024;09:20;1;92;92036;1;1;1;2;A86;;
536543417;26;4;2024;09:40;1;75;75118;2;2;1;6;BOULEVARD DE CLICHY;;
536543418;26;4;2024;18:04;1;75;75116;2;1;1;6;AVENUE FOCH;;
536543419;25;11;2024;21:25;3;92;92025;1;1;2;6;A86;;
536543420;9;8;2024;15:54;1;972;97213;1;1;1;5;ROUTE NATIONALE 5;;
536543421;23;4;2024;17:25;1;75;75116;2;1;1;3;ROUTE DE SURESNES;;
536543422;25;11;2024;16:51;1;78;78007;1;1;1;4;A13 Y;;
536543423;9;8;2024;16:50;1;972;97213;1;1;1;2;ROUTE DEPARTEMENTALE 14;;
536543424;26;4;2024;10:50;1;75;75115;2;1;1;1;AVENUE FELIX FAURE;;
536543425;19;11;2024;01:55;3;78;78423;1;1;2;6;RN12;;
536543426;18;11;2024;19:45;3;92;92023;1;1;2;2;A86 EXT;;
536543427;26;4;2024;15:17;1;75;75113;2;2;1;6;BOULEVARD AUGUSTE BLANQUI;;
536543428;26;11;2024;23:15;3;93;93006;1;1;1;7;AUTOROUTE A3;;
536543429;8;8;2024;19:30;3;972;97213;1;1;1;5;AUTOROUTE A1;;
536543430;26;4;2024;09:00;1;75;75113;2;1;1;3;AVENUE D IVRY;;
536543431;26;11;2024;19:15;3;93;93048;1;1;1;3;AUTOROUTE A3;;
536543432;7;8;2024;15:50;1;972;97209;2;1;1;6;RN9;;
536543433;26;4;2024;21:15;5;75;75117;2;5;1;3;RUE NOLLET;;
536543434;26;11;2024;16:45;1;93;93027;1;1;1;5;AUTOROUTE A1;;
536543435;9;8;2024;01:00;3;971;97113;1;1;1;7;SECTION LEROUX;;
536543436;26;4;2024;05:10;5;75;75108;2;2;1;1;RUE PASQUIER;;
536543437;26;11;2024;11:35;1;93;93010;1;1;1;1;AUTOROUTE A3;;
536543438;26;4;2024;08:46;1;75;75107;2;1;1;7;PONT D IENA;;
536543439;6;8;2024;12:31;1;91;91570;2;1;7;6;RAIE TORTUE (RUE);;
536543440;25;4;2024;23:20;5;75;75107;2;3;1;7;QUAI D ORSAY;;
536543441;26;11;2024;08:55;1;95;95572;1;1;1;3;A15;;
536543442;24;11;2024;22:20;3;75;75112;1;1;1;6;A4;;
536543443;26;4;2024;23:10;5;75;75101;2;2;2;2;RUE DU LOUVRE;;
536543444;3;8;2024;16:00;1;91;91064;1;3;1;3;GISY (ROUTE, JUSQU'A BUROSPACE);;
536543445;10;11;2024;02:40;5;77;77288;2;1;1;7;rue de l'industrie;;
536543446;26;4;2024;11:45;1;75;75104;2;3;1;6;RUE DE RIVOLI;;
536543447;5;8;2024;16:45;1;91;91114;2;1;1;6;AV PIERRE PROST;;
536543448;28;8;2024;18:30;1;76;76565;1;9;1;3;RD 915;;
536543449;26;4;2024;09:45;1;94;94081;2;2;7;6;Rue du Bel Air / Rue du Gal Malleret Joinville;;
536543450;31;8;2024;14:45;1;73;73107;2;1;1;6;D45;;
536543451;10;8;2024;00:25;5;91;91687;2;3;1;6;VICTOR SCHOELCHER (AVENUE);;
536543452;15;8;2024;22:00;3;73;73315;1;1;1;6;D925;;
536543453;26;4;2024;07:25;1;94;94067;2;3;1;3;Avenue Gallieni / Avenue Quihou;;
536543454;14;7;2024;23:11;4;73;73213;1;1;1;6;D1006 Av de Chambery;;
536543455;9;8;2024;06:00;1;91;91027;2;1;1;3;AV FRANCOIS MITTERRAND;;
536543456;26;4;2024;19:40;1;94;94078;2;2;1;6;Avenue de Choisy;;
536543457;26;4;2024;00:45;5;94;94073;2;3;1;6;Rue des Alouettes / Rue du Courson;;
536543458;29;6;2024;19:30;1;73;73100;1;1;1;1;D916A;;
536543459;8;8;2024;12:15;1;89;89024;2;1;1;3;SAINT-GEORGES (AVENUE DE) N° IMPAIRS;;
536543460;24;4;2024;16:45;1;94;94028;2;5;1;6;Rue de Paris / Rue Jean Jaurès;;
536543461;28;9;2024;11:40;1;74;74031;1;2;2;2;D1201;;
536543462;6;8;2024;17:05;1;87;87085;2;1;1;6;COMBES (RUE DES);;
536543463;26;4;2024;13:30;1;94;94048;2;6;1;3;Avenue de Grosbois;;
536543464;29;5;2024;13:45;1;93;93029;2;1;2;1;Rue Sacco Et Vanzetti;;
536543465;9;8;2024;21:15;5;84;84007;2;1;1;1;SAINT ROCH (BOULEVARD);;
536543466;26;4;2024;18:00;1;93;93059;2;1;1;3;Avenue Élisée Reclus;;
536543467;29;5;2024;13:29;1;93;93029;2;3;2;3;Avenue Henri Barbusse / Rue Pegoud;;
536543468;6;8;2024;18:15;1;84;84007;2;1;1;7;PETUNIAS (RUE DES);;
536543469;26;4;2024;01:20;5;93;93001;2;9;1;6;Avenue Jean Jaurès;;
536543470;28;5;2024;03:55;5;93;93029;2;3;1;6;Avenue Jean Jaures / Rue de la Liberte;;
536543471;26;4;2024;11:25;1;93;93066;2;3;1;6;Rue Gabriel Péri / Rue de la Barbacane;;
536543472;8;8;2024;09:00;1;84;84007;2;1;1;2;C.De GAULLE (Rocade);;
536543473;24;4;2024;21:15;3;93;93015;2;3;1;3;Rue de la Dhuys;;
536543474;27;5;2024;16:30;1;93;93029;2;3;1;6;Rue Sedov / Rue Henri Creuzillet;;
536543475;9;8;2024;11:30;1;83;83137;2;2;1;6;GOURAUD (AVE GENERAL);;
536543476;25;4;2024;18:45;1;93;93014;2;2;1;3;Allee du Chene Pointu / Allée de Gagny;;
536543477;25;5;2024;18:50;1;93;93029;2;2;1;3;Rue Ambroise Thomas / Rue Jules Verne;;
536543478;9;8;2024;08:40;1;83;83137;2;1;1;6;MOULINS (AVE DES DE 328 A FIN;;
536543479;25;4;2024;13:50;1;92;92022;2;1;1;3;JOUY (RUE DE);;
536543480;7;8;2024;06:50;1;83;83103;2;1;1;1;BARBOULENE (CHEMIN DE);;
536543481;24;5;2024;18:55;1;93;93029;2;1;1;6;Rue Charles De Gaulle;;
536543482;26;4;2024;21:45;3;92;92050;2;6;2;3;CLEMENCEAU GEORGES AVENUE N° PAIR;;
536543483;24;5;2024;09:45;1;93;93029;2;1;1;2;Boulevard Paul Vaillant Couturier;;
536543484;9;8;2024;18:45;1;80;80021;2;6;1;3;Avenue du 14 Juillet 1789;;
536543485;25;4;2024;09:35;1;92;92036;2;3;1;3;MARCEL PAUL (AVENUE) (1/103);;
536543486;23;5;2024;12:45;1;93;93013;2;1;1;3;Rue de la Butte;;
536543487;25;4;2024;15:30;1;92;92025;2;1;1;1;EDGARD QUINET (BD);;
536543488;26;4;2024;19:10;1;92;92024;2;7;1;6;MARTRE (RUE) DE (59 A 109)   (58 A 120);;
536543489;21;5;2024;09:32;1;93;93029;2;2;1;3;Avenue Henri Barbusse / Avenue Jean Jaures;;
536543490;6;8;2024;18:15;1;78;78418;2;6;1;3;PABLO PICASSO (RUE);;
536543491;22;4;2024;18:40;1;92;92024;2;2;1;3;CLICHY (QUAI DE) DE (8 A 60);;
536543492;17;5;2024;20:40;1;93;93029;2;1;8;6;Rue Anatole France;;
536543493;9;8;2024;06:00;5;78;78297;2;1;1;6;JAURES (BOULEVARD JEAN);;
536543494;26;4;2024;14:12;1;92;92019;2;1;1;2;SACLAY (RUE DE);;
536543495;30;7;2024;09:10;1;13;13214;1;1;1;7;A507 sens Aubagne- Marseille;;
536543496;26;4;2024;17:22;1;92;92012;2;1;1;3;ALPHONSE LE GALLO (QUAI) 1/34;;
536543497;27;4;2024;13:50;1;54;54285;1;1;1;7;D23c;;
536543498;8;8;2024;15:35;1;72;72181;1;6;1;2;TOURS (RTE) LIGNE DROITE DES HUNAUDIERES;;
536543499;27;7;2024;12:30;1;13;13215;1;1;1;4;A7-Sens Marseille vers Lyon;;
536543500;27;4;2024;08:05;1;57;57677;2;9;2;7;Grand Rue;;
536543501;25;7;2024;20:40;2;13;13056;1;1;1;7;A55-Sens Marseille vers Martigues;;
536543502;27;4;2024;18:15;1;95;95487;2;1;2;6;D929Z;;
536543503;9;8;2024;08:50;1;71;71270;2;9;1;3;PILLET (RUE CHARLES);;
536543504;25;7;2024;01:39;3;13;13005;1;1;1;7;A501-Sens Aubagne vers Pont de l'Etoile;;
536543505;27;4;2024;01:10;3;71;71556;1;1;1;6;autoroute A6 PK 392+400 sens Paris - Lyon;;
536543506;26;4;2024;19:00;1;65;65340;2;1;1;6;27 Route de Bours;;
536543507;6;8;2024;10:00;1;71;71153;2;2;1;3;HOCHE;;
536543508;25;7;2024;15:20;1;13;13215;1;1;1;2;A7-Sens Marseille vers Lyon;;
536543509;27;4;2024;07:30;1;62;62677;1;2;1;3;D928;;
536543510;26;4;2024;15:40;1;59;59164;1;1;1;7;D43;;
536543511;19;7;2024;05:45;2;13;13071;1;1;1;2;A7-Sens Lyon vers Marseille;;
536543512;9;8;2024;07:45;1;69;69266;2;9;1;3;Rue de la Poudrette;;
536543514;26;4;2024;15:39;1;63;63236;1;1;2;7;D130;;
536543515;27;4;2024;01:25;3;63;63076;1;1;1;7;Chambon-sur-Dolore;;
536543516;9;8;2024;10:20;1;69;69029;2;1;1;6;Avenue Camille Rousset;;
536543517;27;4;2024;11:40;1;12;12043;1;1;6;6;Route de Cassagnes;;
536543518;27;4;2024;00:30;3;34;34223;1;1;1;6;D909 PK10+500;;
536543519;27;4;2024;10:15;1;31;31537;1;2;1;3;Route Departementale 817;;
536543520;6;8;2024;17:15;1;69;69091;2;2;1;3;Rue Romain Rolland;;
536543522;10;8;2024;00:30;5;67;67482;2;1;1;2;JEAN MERMOZ (RUE);;
536543523;27;4;2024;15:20;1;14;14174;1;1;2;1;Route de la Roche Baligot;;
536543524;27;4;2024;14:10;1;07;07317;2;1;6;7;Chemin de Chardenos;;
536543525;7;8;2024;23:25;5;66;66136;2;3;1;3;Cours Lazare Escarguel;;
536543526;26;4;2024;18:00;1;24;24316;1;1;1;1;Route d'Aquitainne;;
536543527;27;4;2024;00:01;3;85;85020;2;1;1;1;D148;;
536543528;25;4;2024;08:40;2;27;27467;2;1;1;6;Rue du Maquis Surcouf (Pont-Audemer);;
536543529;7;8;2024;16:01;1;66;66136;2;1;1;6;Rue Paul Courty;;
536543530;27;4;2024;17:15;1;28;28264;1;1;3;6;Le Bignon;;
536543531;24;4;2024;13:00;1;987;98734;1;1;1;3;PK 40,800 COTE MER;;
536543532;6;8;2024;20:00;1;66;66136;2;1;1;3;Avenue Julien Panchot;;
536543533;27;4;2024;10:45;1;72;72328;1;1;3;2;A11;;
536543534;26;4;2024;22:50;4;973;97307;1;6;1;7;La Matourienne;;
536543535;4;8;2024;17:57;1;66;66136;2;1;1;6;Rue des Ménestrels;;
536543536;26;4;2024;03:45;4;34;34255;1;1;2;1;Saint-Gély-du-Fesc - CD 986;;
536543537;9;8;2024;18:10;1;64;64260;2;6;1;3;CHEVREFEUILLES (RUE DES);;
536543538;6;8;2024;08:25;1;64;64237;1;1;1;6;VALLEE HEUREUSE;;
536543539;7;8;2024;12:40;1;64;64445;2;3;8;3;JEAN JACQUES DE MONAIX;;
536543540;9;8;2024;20:30;1;64;64122;2;9;1;6;IMPERATRICE (AVENUE DE L');;
536543541;9;8;2024;20:10;1;64;64102;2;2;1;3;BOUFFLERS (ALLEES);;
536543542;8;8;2024;02:09;3;64;64140;2;1;1;7;SAINT GOBAIN (QUAI);;
536543543;8;8;2024;14:40;1;64;64102;2;1;1;2;HENRI DE NAVARRE (AVENUE);;
536543544;8;8;2024;09:40;1;64;64024;2;6;1;3;BAHINOS (ROND POINT DE);;
536543545;5;8;2024;17:40;1;62;62525;2;1;7;6;avenue des frais fonds;;
536543546;9;8;2024;04:50;5;59;59599;2;2;1;3;PAPIN (CHAUSSEE DENIS);;
536543547;8;8;2024;19:00;1;59;59599;2;8;1;6;LEFRANCOIS (RUE ALFRED);;
536543548;6;8;2024;16:45;1;59;59560;1;1;1;2;TEMPLEMARS ROUTE DE;;
536543549;5;8;2024;16:14;1;57;57221;2;1;1;3;NATIONALE (RUE);;
536543550;9;8;2024;01:30;5;56;56260;2;1;1;7;Rue Francis Decker;;
536543551;9;8;2024;21:55;4;54;54395;2;1;1;3;Boulevard Lobau;;
536543552;9;8;2024;13:40;1;54;54280;2;1;1;6;Rue de Franchepré;;
536543553;8;8;2024;19:00;1;51;51454;2;1;1;2;ARNOULD (BOULEVARD CHARLES);;
536543554;8;8;2024;13:50;1;50;50129;2;1;1;6;ASSELIN (RUE);;
536543555;9;8;2024;16:50;1;49;49007;2;6;1;3;DE LATTRE DE TASSIGNY;;
536543556;7;8;2024;15:25;1;48;48095;2;7;1;7;SOUBEYRAN (RUE DU);;
536543557;9;8;2024;04:15;5;47;47027;2;1;1;6;BORDEAUX (avenue de);;
536543558;5;8;2024;17:32;1;36;36159;2;2;1;3;Allée de Corbilly;;
536543559;9;2;2024;07:40;4;64;64519;2;6;2;6;D716;;
536543560;8;2;2024;14:50;1;36;36005;2;1;1;7;27 Route de la Chatre;;
536543561;9;8;2024;02:15;3;35;35278;1;3;1;6;WOOD (AVENUE DU GENERAL J.S);;
536543562;9;2;2024;12:55;1;07;07013;1;1;2;6;rd221;;
536543563;8;2;2024;14:05;1;40;40068;2;1;8;1;Route des Sources;;
536543564;8;2;2024;16:08;1;24;24261;1;1;2;1;Route des Carrières;;
536543565;5;8;2024;18:00;1;34;34301;2;1;1;2;PIERRES BLANCHES (MONTEE DES);;
536543567;6;2;2024;00:37;3;28;28364;1;1;1;1;D111;;
536543568;9;2;2024;13:00;1;68;68300;1;1;2;6;bretelle d'accès A35/A36;;
536543569;6;8;2024;02:00;5;34;34172;2;3;1;3;EUROPE (AVENUE DE L');;
536543570;8;2;2024;17:35;2;91;91132;1;1;2;2;route nationale 20;;
536543571;8;2;2024;20:15;5;06;06088;1;1;1;6;A8;;
536543572;8;2;2024;17:30;2;51;51518;1;1;3;6;A 26, PK 258+100, sens REIMS/CALAIS;;
536543573;9;2;2024;02:00;5;34;34172;1;1;1;2;A709 PK 11+400;;
536543574;7;2;2024;16:02;1;45;45067;1;1;2;6;A10 PR 105 + 320;;
536543575;9;8;2024;04:15;5;34;34172;2;3;1;3;MONTELS-EGLISE (RUE DE);;
536543576;2;2;2024;14:00;1;38;38035;1;1;1;6;RD518 - PR019+000;;
536543577;8;2;2024;21:20;5;60;60482;1;1;2;6;D118;;
536543578;8;8;2024;02:58;3;34;34032;2;1;1;7;ROUTE DEPARTEMENTALE 612 (RD612);;
536543579;6;2;2024;09:15;1;13;13076;2;1;1;1;D99;;
536543580;9;2;2024;10:45;1;13;13035;1;1;3;1;D17;;
536543582;9;2;2024;11:00;1;13;13097;1;3;2;3;Route Nationale 568;;
536543584;9;2;2024;07:20;5;71;71491;2;2;1;6;4 Rue du Centre;;
536543585;9;2;2024;01:40;3;73;73285;1;1;2;6;D902;;
536543586;9;2;2024;05:50;3;38;38484;1;1;2;1;Route de Villette;;
536543587;8;2;2024;23:25;5;01;01142;2;3;2;3;Rue de Genève;;
536543588;8;2;2024;16:45;1;46;46174;1;1;1;1;N122;;
536543590;9;2;2024;13:10;1;56;56237;1;1;1;1;Le Meugoet Bihan;;
536543591;8;2;2024;13:15;1;59;59126;1;6;3;1;D643;;
536543592;6;8;2024;13:50;1;31;31555;2;1;1;2;NARBONNE (ROUTE DE);;
536543593;3;2;2024;20:40;3;69;69286;1;1;1;3;Autoroute 46;;
536543594;8;8;2024;13:40;1;31;31555;2;1;1;6;RD916;;
536543595;9;8;2024;16:35;1;27;27229;2;1;1;6;VERNON (RUE DE);;
536543597;6;8;2024;14:14;1;27;27229;2;2;1;3;JANIN (BOULEVARD JULES);;
536543598;8;2;2024;16:10;1;91;91521;1;1;2;2;RN 104;;
536543599;6;8;2024;14:56;1;22;22278;2;6;2;2;SEVIGNE (BD);;
536543600;9;8;2024;13:45;1;19;19031;2;1;1;6;Avenue Jacques et Bernadette Chirac;;
536543601;8;2;2024;08:45;1;91;91064;1;1;2;4;RN 118;;
536543602;6;8;2024;17:00;1;15;15014;2;6;1;3;RD 120;;
536543603;8;2;2024;11:30;1;91;91103;1;1;2;6;RN 104;;
536543604;9;8;2024;19:56;1;14;14557;2;1;1;2;105 Avenue Ox and Bucks;;
536543605;8;2;2024;07:45;1;94;94021;1;1;2;3;A6A;;
536543606;1;8;2024;14:09;1;14;14118;2;1;1;6;Place Maréchal Foch;;
536543607;8;2;2024;09:40;1;91;91286;1;1;2;3;AUTOROUTE A6;;
536543608;8;2;2024;00:03;3;91;91521;1;1;2;7;RN 104;;
536543609;7;8;2024;22:10;5;14;14118;2;2;1;1;2 Rue Léon Lecornu;;
536543610;27;11;2024;11:00;1;84;84031;2;1;1;6;SAINT LABRE CHEMIN DE;;
536543611;7;2;2024;14:15;1;974;97411;2;1;1;6;MOUFIA (ROUTE DE);;
536543612;7;8;2024;04:30;3;13;13039;1;1;1;7;ROUTE NATIONALE 568;;
536543613;4;3;2024;09:09;1;44;44114;2;1;1;1;Rue Notre-Dame des Anges;;
536543614;7;2;2024;16:10;1;973;97302;2;3;1;3;BADUEL (ROUTE DE);;
536543615;9;8;2024;21:50;5;13;13204;2;1;1;1;ALEX. FLEMING (BOULEVARD);;
536543616;11;11;2024;01:30;3;84;84062;1;1;1;7;D901;;
536543617;11;11;2024;14:30;1;50;50626;1;1;1;6;La Croix au Gros;;
536543618;7;2;2024;14:55;1;69;69381;2;3;1;2;Quai Saint Vincent;;
536543619;9;8;2024;14:00;1;13;13201;2;1;1;1;LIEUTAUD (COURS)      2 A 52;;
536543620;1;11;2024;18:00;3;50;50549;1;1;5;2;D924;;
536543621;2;1;2024;17:15;5;95;95539;2;1;2;3;D125;;
536543623;17;9;2024;08:37;1;17;17299;2;6;1;6;BEGON ROND POINT ET RUE;;
536543624;9;8;2024;14:20;1;11;11069;2;1;1;1;72 Allée d'Iéna;;
536543625;7;2;2024;08:10;2;95;95280;2;1;2;5;D47;;
536543626;18;8;2024;15:14;1;35;35222;2;8;1;6;Rue de Normandie;;
536543627;6;2;2024;13:50;1;91;91333;2;9;1;3;8 MAI 1945 (RUE DU);;
536543628;9;8;2024;17:50;1;10;10387;2;1;1;3;Quai des Comtes de Champagne;;
536543629;29;2;2024;08:15;1;44;44109;2;6;1;3;Rue Jeanne d'Arc;;
536543630;29;2;2024;14:00;1;44;44114;2;1;1;7;4 Rue Albert De Dion;;
536543631;7;2;2024;11:00;1;91;91122;2;3;2;1;DOCTEUR COLLE (RUE DU);;
536543632;6;8;2024;15:40;1;09;09207;2;3;1;3;CAUSSOU (CH DE);;
536543633;28;2;2024;13:00;1;44;44162;2;1;1;3;Place Océane;;
536543634;8;8;2024;11:00;1;08;08105;2;1;1;6;36 Rue de Warcq;;
536543635;7;2;2024;09:20;1;91;91589;2;2;2;4;BELGES (BOULEVARD DES);;
536543636;6;2;2024;09:55;1;44;44109;2;1;1;6;5 Boulevard du Général de Gaulle;;
536543637;9;8;2024;19:00;1;07;07102;2;2;1;3;LANGUEDOC (ALLEE DU);;
536543638;24;1;2024;15:30;1;44;44109;2;1;1;6;53 Route de Rennes;;
536543639;7;2;2024;08:18;1;91;91027;2;3;2;6;JEAN PIERRE BENARD (AVENUE);;
536543640;6;8;2024;08:35;1;06;06069;2;4;1;6;39 Boulevard Emmanuel Rouquier;;
536543642;6;2;2024;16:00;1;91;91223;2;1;1;2;COQUERIVE (AVENUE DE);;
536543643;27;7;2024;00:10;5;02;02408;2;9;1;6;1 Rue Eloi;;
536543644;23;1;2024;07:35;2;44;44109;2;1;1;2;Place de la Duchese Anne;;
536543645;9;8;2024;18:45;1;75;75119;2;1;1;2;BD PERIPHERIQUE EXTERIEUR;;
536543646;23;1;2024;18:35;2;44;44109;2;6;1;3;Route de Sainte Luce;;
536543647;6;2;2024;13:20;1;89;89024;2;1;1;3;HAUSSMANN (AVENUE);;
536543648;9;8;2024;09:20;1;75;75115;2;1;1;2;BD PERIPHERIQUE INTERIEUR;;
536543649;19;1;2024;17:40;5;44;44109;2;6;1;3;100a Quai de la Fosse;;
536543650;6;2;2024;01:20;5;87;87085;2;3;1;6;CITE (BOULEVARD);;
536543651;8;8;2024;22:05;5;75;75106;2;2;1;7;RUE DE VAUGIRARD;;
536543652;9;8;2024;12:55;1;75;75117;2;7;1;6;PLACE DE LA PORTE MAILLOT;;
536543653;18;1;2024;13:40;1;44;44109;2;6;1;3;29 Boulevard Lelasseur;;
536543654;18;1;2024;18:10;3;44;44162;2;1;1;6;14 Impasse Jean Batiste Guitton;;
536543655;7;2;2024;20:40;5;78;78650;2;9;2;6;JUSSIEU (RUE DE);;
536543656;9;8;2024;02:10;5;75;75115;2;1;1;6;RUE DE L ARRIVEE;;
536543657;5;1;2024;12:50;1;44;44184;2;1;1;6;153 Boulevard du Docteur René Laënnec;;
536543658;9;8;2024;10:10;1;75;75114;2;1;1;7;RUE FROIDEVAUX;;
536543660;5;1;2024;22:30;5;44;44162;2;1;1;6;5 rue du Zambèze;;
536543661;6;2;2024;19:50;5;77;77288;1;1;1;7;R.N 105 MELUN NORD;;
536543662;5;1;2024;00:40;5;44;44020;1;1;3;7;Pont de Cheviré;;
536543663;8;8;2024;02:13;5;75;75113;2;2;1;3;RUE DE PATAY;;
536543664;1;1;2024;13:20;1;44;44162;1;6;1;7;Rond-Point d'Armor;;
536543665;6;2;2024;12:45;1;77;77114;1;1;1;6;RN 4;;
536543666;9;8;2024;02:30;5;75;75112;2;1;1;3;RUE DE BERCY;;
536543667;14;12;2024;02:30;3;972;97213;1;1;1;6;AUTOROUTE A1;;
536543668;7;2;2024;19:46;5;77;77132;2;1;2;3;BD DE L EUROPE;;
536543669;9;8;2024;13:12;1;75;75111;2;2;1;6;RUE DE LA ROQUETTE;;
536543670;17;11;2024;06:30;3;71;71040;1;1;1;7;MONTCENIS (ROUTE DE);;
536543671;9;8;2024;08:44;1;75;75110;2;1;1;6;RUE ALBERT THOMAS;;
536543672;26;11;2024;11:20;1;69;69091;2;1;1;6;Rue Jean Ligonnet;;
536543673;12;8;2024;17:15;1;88;88383;2;1;1;1;faubourg d'alsace;;
536543674;7;2;2024;18:20;5;76;76540;2;2;2;6;Rue de Constantine;;
536543675;9;8;2024;19:25;1;75;75108;2;2;1;6;AVENUE DES CHAMPS ELYSEES;;
536543676;6;2;2024;17:40;1;71;71270;2;3;1;3;GAMBETTA (RUE);;
536543677;9;8;2024;11:10;1;75;75115;2;1;1;3;RUE FREMICOURT;;
536543678;30;11;2024;19:30;3;88;88364;1;9;2;1;D14;;
536543679;7;2;2024;07:55;2;69;69276;2;1;1;1;Montée des Gorges;;
536543680;25;11;2024;12:50;1;88;88447;2;1;1;1;21 Route de Morbieux;;
536543681;9;8;2024;19:15;1;75;75104;2;2;2;3;RUE SAINT ANTOINE;;
536543682;22;11;2024;14:45;1;88;88347;1;1;1;7;D6;;
536543683;7;2;2024;13:25;1;69;69091;2;3;1;2;Avenue Anatole France;;
536543684;8;8;2024;16:00;1;94;94046;2;1;1;3;Avenue du Général de Gaulle;;
536543685;19;11;2024;23:50;3;88;88358;1;1;2;1;Route nationale 57 - PK 45.900;;
536543686;6;2;2024;17:45;2;67;67365;2;3;1;3;LECLERC (RUE DU GENERAL);;
536543687;13;11;2024;13:00;1;88;88350;1;2;8;3;D29;;
536543688;9;8;2024;10:50;1;94;94041;2;2;1;6;Avenue Jean Jaurès;;
536543689;6;2;2024;17:20;2;67;67482;2;3;1;6;COLMAR (AVENUE DE);;
536543690;24;10;2024;17:18;1;31;31555;2;8;1;3;305 route de Seysse;;
536543691;7;2;2024;11:40;1;66;66136;2;9;1;6;TORREILLES (AV DU DOCTEUR JEAN-LOUIS);;
536543692;11;10;2024;17:20;1;95;95313;2;9;1;6;ParcZone ZAC du Pont des Rayons;;
536543693;9;8;2024;11:20;1;94;94073;2;2;1;3;rond point d'Espagne;;
536543696;9;8;2024;16:25;1;94;94022;2;1;1;6;133 Av du Mal de Lattre de Tassigny;;
536543697;5;12;2024;08:00;5;44;44109;2;1;1;7;78 Boulevard Gabriel Lauriol;;
536543699;9;8;2024;10:00;1;93;93066;2;2;1;3;Avenue du Président Wilson / Rue Danielle Casanova;;
536543700;16;12;2024;05:47;5;74;74012;2;1;1;3;VALLEES (ROUTE DES);;
536543702;15;12;2024;20:03;5;74;74012;2;1;1;6;SALEVE (RUE DU);;
536543703;7;2;2024;04:30;5;54;54395;2;1;1;7;Rue Marcel Brot;;
536543704;9;8;2024;19:10;1;93;93006;2;9;1;3;Avenue de la République / Rue des Champeaux;;