Num_Acc;jour;mois;an;hrmn;lum;dep;com;agg;int;atm;col;adr;lat;long
536543705;7;2;2024;02:10;5;54;54495;2;1;1;7;Route de Bosserville;;
536543706;13;11;2024;12:25;1;14;14228;2;1;1;6;40 Rue du Chemin du Bord;;
536543707;9;8;2024;08:55;1;93;93001;2;7;1;3;VICTOR HUGO (AVE)  N° 167 =>;;
536543708;9;11;2024;22:00;5;974;97415;1;1;1;6;N1a;;
536543709;8;8;2024;19:35;1;92;92063;2;1;1;6;SOLFERINO (BOULEVARD);;
536543710;6;2;2024;12:20;1;54;54395;2;3;8;2;Boulevard lobau;;
536543711;16;11;2024;14:30;1;2B;2B188;1;1;1;3;RD 82;;
536543712;9;8;2024;08:44;1;92;92050;2;5;1;3;VAILLANT COUTURIER PAUL RUE;;
536543713;7;2;2024;05:40;5;51;51454;2;6;2;6;PAIX (BOULEVARD DE LA);;
536543714;6;4;2024;16:30;1;03;03310;2;1;1;6;Avenue Poincaré;;
536543716;6;2;2024;14:20;1;49;49007;2;1;1;3;ROI RENE BOULEVARD;;
536543717;8;8;2024;23:01;5;92;92050;2;2;1;3;FAIDHERBE RUE;;
536543718;19;11;2024;18:10;5;23;23096;2;1;3;6;CASSIN (AVENUE RENE);;
536543719;6;2;2024;08:30;1;49;49007;1;1;1;2;ATLANTIQUE  AVENUE DE L';;
536543720;8;8;2024;10:10;1;92;92050;2;2;1;3;JOILIOT CURIE F. ET IRENE AVENUE N°IMPAI;;
536543721;19;12;2024;15:30;1;19;19019;2;3;8;6;Bd Saint Rodolphe de Turenne;;
536543722;31;10;2024;08:19;1;13;13112;1;1;1;1;D55;;
536543723;7;2;2024;22:54;5;45;45234;2;2;2;3;6 Rue du Belneuf;;
536543724;9;8;2024;12:30;1;92;92044;2;3;1;3;PDT WILSON(RUE)133A149 ET 132A144;;
536543725;7;2;2024;19:30;5;44;44190;2;6;2;2;Boulevard des Pas Enchantés;;
536543726;9;8;2024;17:00;1;92;92025;2;3;7;3;PROGRES (RUE DU);;
536543727;3;10;2024;14:30;1;13;13071;1;1;1;4;A7-Sens Marseille vers Lyon;;
536543728;9;8;2024;16:30;1;92;92024;2;1;1;7;JEAN JAURES (BD) DE (1 A 45)   (2 A 54);;
536543729;17;11;2024;13:58;1;14;14085;1;1;1;6;Route de Beuzeville;;
536543730;7;2;2024;09:15;1;37;37122;2;1;2;3;CHANTEPIE (RUE DE);;
536543732;29;12;2024;18:20;2;30;30060;1;1;1;2;D442;;
536543733;29;6;2024;12:07;1;63;63113;2;1;1;6;UNION SOVIETIQUE (AVENUE DE L');;
536543734;7;2;2024;20:20;5;35;35238;2;1;1;3;TOUR D'AUVERGNE (BD DE LA);;
536543735;8;8;2024;17:40;1;83;83043;1;2;1;3;CD14, PK17;;
536543736;8;9;2024;21:06;3;13;13056;1;1;2;1;A55-Sens Martigues vers Marseille;;
536543737;5;8;2024;07:30;1;06;06149;2;1;1;6;Boulevard Anatole France;;
536543738;7;2;2024;07:30;5;35;35115;2;3;2;6;MITTERAND (AVENUE FRANCOIS);;
536543739;30;8;2024;18:10;1;13;13202;1;1;1;6;A55-Sens Marseille vers Martigues;;
536543740;7;8;2024;10:40;1;13;13085;1;1;1;1;A50-Sens Toulon vers Aubagne;;
536543741;2;2;2024;08:35;1;34;34032;2;1;1;7;VERDUN (BD DE);;
536543742;10;8;2024;20:09;1;76;76487;1;1;1;3;D1;;
536543743;29;7;2024;03:00;3;13;13211;1;1;1;2;A50-Sens Aubagne vers Marseille;;
536543744;9;8;2024;10:00;1;974;97412;2;1;1;6;149 Rue Raphaël Babet;;
536543745;7;2;2024;18:50;5;33;33522;2;6;2;3;Rue Peydavant;;
536543746;24;12;2024;09:27;1;01;01443;2;3;1;6;Rue Gilbert Boullier;;
536543748;9;8;2024;09:30;1;972;97233;1;1;1;1;La Croix;;
536543749;31;5;2024;23:55;3;83;83096;1;3;1;2;Dn7;;
536543750;9;8;2024;21:15;5;28;28006;2;6;1;7;ZAC DES POLES O;;
536543752;19;2;2024;06:20;2;988;98805;2;2;1;3;Rue A. Schweitzer/Rue E. De Grestlan/Avenue Numa Joubert;;
536543753;7;2;2024;11:00;1;31;31555;2;2;1;3;CHAUBET (AV JEAN) DU 103AU 157;;
536543754;9;8;2024;13:40;1;62;62804;2;2;1;3;D59;;
536543755;13;10;2024;01:30;3;38;38563;2;6;8;6;rocade ouest;;
536543756;7;2;2024;18:55;2;30;30007;2;1;1;3;pont neuf;;
536543757;9;8;2024;20:30;1;57;57150;2;1;1;3;2 Route de Varize;;
536543758;29;6;2024;14:35;1;974;97407;1;3;1;5;ROUTE DU SACRE COEUR;;
536543759;7;8;2024;14:00;1;19;19105;1;9;1;7;RD 14 - La Vianne;;
536543760;7;2;2024;17:20;3;27;27681;2;3;2;3;PARIS (AVENUE DE);;
536543761;7;2;2024;20:09;3;27;27375;1;1;2;6;NEUBOURG N°54 (CHEMIN DU);;
536543762;12;11;2024;18:30;5;91;91692;2;2;1;3;CANADA (AVENUE DU);;
536543763;6;2;2024;17:43;2;27;27229;2;1;1;6;HUGO (RUE VICTOR);;
536543764;9;10;2024;11:35;1;73;73030;2;6;1;6;D9;;
536543765;10;8;2024;15:45;1;65;65409;1;1;1;6;rd934;;
536543766;27;12;2024;07:20;2;78;78384;2;1;1;7;PIERRE CURIE (RUE);;
536543767;5;2;2024;18:30;5;27;27229;2;2;1;3;CANADA (RUE DU);;
536543768;9;8;2024;20:05;2;11;11288;2;1;1;6;D6113;;
536543769;7;2;2024;08:40;1;13;13043;2;1;1;1;JULES RICAUD (AV );;
536543770;17;11;2024;02:10;3;42;42330;1;1;8;5;A72;;
536543771;10;8;2024;13:45;1;89;89307;1;2;7;3;RN 77;;
536543772;7;2;2024;06:25;5;13;13212;2;1;1;2;BOUSQUETIER (BOULEVARD DU);;
536543773;29;10;2024;19:20;5;24;24557;2;1;1;6;GRANDOU (AVENUE MICHEL);;
536543774;10;8;2024;08:55;1;61;61151;1;1;1;6;D3;;
536543775;9;2;2024;20:40;5;92;92072;2;1;2;2;MANUFACTURE NATIONALE (PLACE DE LA);;
536543776;10;8;2024;01:15;3;34;34150;2;1;1;1;Avenue du Soleil;;
536543777;6;2;2024;17:44;1;10;10265;2;1;1;4;GENERAL SARRAIL (RUE;;
536543778;29;10;2024;18:00;5;73;73228;1;3;1;7;D7 / Route de lelia;;
536543779;6;2;2024;16:49;1;10;10325;2;1;1;6;VICTOR HUGO (RUE);;
536543781;6;2;2024;12:15;1;10;10387;2;1;1;6;Rue Saint Loup;;
536543782;6;2;2024;09:08;1;10;10387;2;1;1;7;Chaussee du Vouldy;;
536543783;12;12;2024;07:50;1;13;13081;1;1;1;4;A7-Sens Lyon vers Marseille;;
536543784;9;8;2024;19:20;1;25;25271;2;3;1;3;29 Avenue de Lattre de Tassigny;;
536543786;9;8;2024;16:15;1;44;44137;2;1;1;3;22 Chemin du Deffay;;
536543787;28;11;2024;17:35;5;29;29237;1;8;1;6;Pont Christ;;
536543788;6;2;2024;08:02;1;06;06088;2;3;1;3;Boulevard de l'Ariane;;
536543789;31;7;2024;08:30;1;01;01036;1;1;1;1;D8b;;
536543790;16;11;2024;16:35;1;974;97411;1;1;1;1;SAINT-BERNARD (CHEMIN DE);;
536543791;7;2;2024;19:20;5;06;06069;2;2;1;3;Boulevard Commandant Autran;;
536543792;3;8;2024;19:00;1;26;26275;1;1;1;6;Route d'Orange;;
536543793;7;2;2024;13:50;1;06;06069;2;1;1;6;142 Route de Pégomas;;
536543794;18;11;2024;14:20;1;75;75117;2;3;2;2;BOULEVARD MALESHERBES;;
536543795;9;8;2024;20:15;1;54;54546;1;1;1;7;Rue Charles de Gaulle;;
536543796;9;8;2024;17:00;1;14;14740;1;1;1;7;Route de Saint Jean;;
536543797;20;12;2024;16:00;1;978;97801;1;1;1;3;rn7;;
536543798;7;2;2024;19:30;5;75;75106;2;1;2;2;BOULEVARD RASPAIL;;
536543799;9;12;2024;07:39;2;59;59586;2;1;2;3;rue haute;;
536543801;7;2;2024;16:00;1;75;75106;2;4;1;6;RUE DE RENNES;;
536543802;31;10;2024;12:25;1;14;14630;2;6;1;1;2 Chemin des Pointes;;
536543803;10;8;2024;14:40;1;10;10083;1;3;1;3;D671;;
536543804;7;2;2024;09:00;1;75;75119;2;5;2;3;PLACE DE LA PORTE DE PANTIN;;
536543805;16;11;2024;18:25;3;28;28393;1;1;1;6;RN 154;;
536543806;10;8;2024;14:50;1;07;07101;1;1;1;7;D111;;
536543807;7;2;2024;11:20;1;75;75117;2;2;1;6;AVENUE DES TERNES;;
536543809;8;8;2024;21:15;3;07;07030;1;1;1;6;D120;;
536543810;3;12;2024;08:35;1;19;19031;2;1;1;2;ALSACE LORRAINE (AVENUE) A PARTIR DE N°;;
536543811;7;2;2024;16:50;1;75;75115;2;3;2;3;RUE SAINT LAMBERT;;
536543812;8;8;2024;23:25;3;07;07303;1;1;1;6;Route des Plantas;;
536543813;6;2;2024;12:45;1;75;75115;2;3;1;3;RUE DE L ABBE GROULT;;
536543814;8;9;2024;18:51;1;62;62758;2;3;2;2;Rue de Marlborough;;
536543815;9;8;2024;05:15;5;85;85146;2;3;1;2;RD137;;
536543816;7;2;2024;00:01;5;75;75114;2;7;1;3;PLACE VICTOR BASCH;;
536543817;6;10;2024;07:30;2;73;73255;1;1;2;7;Le fay - piste forestière;;
536543818;8;8;2024;08:45;1;17;17423;1;4;1;3;D730;;
536543819;6;2;2024;13:25;1;75;75114;2;2;1;7;AVENUE DU GENERAL LECLERC;;
536543821;7;2;2024;13:15;1;75;75113;2;2;2;7;RUE BAUDRICOURT;;
536543823;7;2;2024;07:00;5;75;75113;2;7;2;6;BOULEVARD DE L HOPITAL;;
536543824;10;8;2024;08:40;1;52;52313;1;2;1;3;RD674;;
536543825;26;9;2024;09:00;1;75;75115;2;3;9;4;PORTE BRANCION;;
536543826;6;2;2024;21:45;5;75;75113;2;1;1;3;BOULEVARD DE L HOPITAL;;
536543827;10;8;2024;08:10;1;06;06088;1;1;1;3;A8 PK 185+500 SUD;;
536543828;24;6;2024;15:00;1;91;91235;2;3;7;3;Av du Dr Louis Francois Fichez;;
536543829;7;2;2024;13:40;1;75;75110;2;1;2;3;BOULEVARD DE STRASBOURG;;
536543830;10;8;2024;01:20;3;06;06149;1;1;1;6;Autoroute A8 pk 206+150, chaussée Nord;;
536543831;28;11;2024;11:00;1;57;57582;1;1;1;3;Autoroute A31;;
536543832;7;2;2024;13:40;1;75;75107;2;3;2;7;QUAI BRANLY;;
536543833;3;12;2024;10:00;1;971;97101;2;1;1;7;PATRICK SAINT ELOI ( AVENUE );;
536543834;9;8;2024;15:30;1;73;73179;1;1;1;2;A43 - Tunnel de l'épine - PM 2950;;
536543835;7;2;2024;14:40;1;75;75103;2;3;2;1;RUE DE TURBIGO;;
536543836;25;12;2024;21:04;5;34;34123;2;1;1;2;Allee de l?Europe;;
536543838;10;8;2024;08:00;1;988;98831;1;1;1;1;RT 1;;
536543839;7;2;2024;13:10;1;75;75103;2;2;8;6;RUE DE BRETAGNE;;
536543840;9;8;2024;05:45;3;973;97311;2;1;1;6;26 Boulevard du Général de Gaulle;;
536543841;6;2;2024;12:15;1;75;75101;2;1;8;2;BOULEVARD DE SEBASTOPOL;;
536543842;29;12;2024;03:35;5;44;44190;2;3;1;6;41 Rue des Violettes;;
536543843;9;8;2024;11:00;1;971;97106;2;1;1;6;Impasse Baltimore;;
536543844;7;2;2024;03:55;5;94;94028;2;1;1;6;Rue Henri Matisse;;
536543845;27;12;2024;23:50;5;44;44162;2;3;1;7;Boulevard Marcel Paul;;
536543846;7;2;2024;10:10;1;94;94073;2;1;2;2;Av du Pdt Franklin Roosevelt;;
536543848;27;12;2024;16:20;2;44;44114;2;1;1;3;3 Rue Louis Blériot;;
536543849;23;12;2024;19:50;5;44;44109;2;1;1;7;30 Boulevard Jean Monnet;;
536543850;7;2;2024;05:50;5;94;94002;2;3;2;6;Rue de Seine / Quai Blanqui;;
536543852;6;8;2024;18:20;1;83;83047;2;3;1;2;Avenue des Faurys;;
536543854;9;8;2024;19:51;1;71;71588;1;2;1;3;D979;;
536543855;7;2;2024;13:00;1;93;93073;1;3;2;4;Rue du Chapitre / Rue du Trait d’Union;;
536543856;17;12;2024;16:35;1;44;44109;2;1;1;3;62 rue de la Convention;;
536543857;7;2;2024;19:10;2;93;93014;2;5;2;6;Chemin des Postes / Boulevard Gagarine;;
536543858;9;8;2024;12:20;1;68;68063;2;1;1;2;Faubourg de Belfort;;
536543859;8;11;2024;13:30;5;44;44109;2;3;1;3;15d Boulevard Jean Moulin;;
536543860;10;8;2024;14:10;1;67;67408;2;1;1;1;Route d?Obersteigen;;
536543861;7;2;2024;22:40;5;93;93064;2;3;2;1;Rue du 8 Mai 1945 / Rue de la Fosse aux Bergers;;
536543862;4;11;2024;17:14;5;44;44109;2;1;1;3;Cours John Kennedy;;
536543863;6;2;2024;13:50;1;93;93051;2;1;1;6;Rue de Malnoue;;
536543864;10;8;2024;16:20;1;73;73135;1;4;1;6;Route des contamines;;
536543865;5;3;2024;20:45;5;61;61001;2;6;8;3;D955;;
536543866;7;2;2024;16:14;1;93;93031;2;2;2;6;Rue du Commandant Louis Bouchet / Avenue de la Marne;;
536543867;31;7;2024;14:15;1;73;73123;1;1;1;3;D909 - 5414 Route du col des aravis;;
536543868;19;11;2024;10:30;1;75;75107;2;4;2;7;BOULEVARD SAINT GERMAIN;;
536543869;10;8;2024;15:15;1;38;38507;2;6;1;7;Chemin de Pan Perdu;;
536543870;19;11;2024;16:10;2;93;93046;2;1;2;6;LEON JOUHAUX RUE;;
536543871;5;2;2024;07:45;1;93;93027;2;3;1;6;Avenue Victor Hugo / Boulevard Pasteur;;
536543872;10;8;2024;02:40;4;38;38455;1;1;1;6;125 Route du Bugey;;
536543873;25;8;2024;05:40;3;49;49328;1;1;1;2;ROCADE N 347;;
536543874;7;2;2024;20:00;5;93;93005;2;2;2;6;Route de Bondy / Rue d'Orléans;;
536543875;10;8;2024;18:20;1;81;81046;1;2;1;3;Route de Prat-Viel;;
536543876;19;11;2024;15:40;1;78;78646;1;1;3;6;Route de Saint Cyr;;
536543877;6;2;2024;09:20;1;92;92050;2;3;1;4;NATIONAL (BOULEVARD);;
536543878;29;11;2024;17:00;2;84;84031;2;1;1;6;GAMBETTA BOULEVARD;;
536543879;10;8;2024;19:00;1;09;09282;2;3;1;3;D927;;
536543880;7;2;2024;14:23;1;92;92051;2;1;2;3;MAURICE BARRES (BOULEVARD);;
536543881;28;11;2024;04:30;5;84;84080;1;1;1;7;AVIGNON BOULEVARD D';;
536543882;9;8;2024;16:30;1;09;09146;1;1;1;1;D14;;
536543884;7;2;2024;18:25;3;92;92020;2;2;2;3;FAURE BLD FELIX N°1 A 35 ET 28 A 36;;
536543886;7;2;2024;20:45;5;92;92040;2;1;2;6;ILES (BOULEVARD DES);;
536543887;23;11;2024;13:15;1;42;42189;2;1;1;1;Boulevard Blaise Pascal;;
536543888;9;8;2024;20:20;2;14;14762;1;4;1;3;Route de Sourdeval;;
536543889;6;2;2024;23:00;5;92;92062;2;1;1;6;PERRONET NORD ET SUD;;
536543890;28;10;2024;17:45;1;61;61001;2;1;1;6;D438;;
536543891;9;8;2024;10:00;1;29;29169;1;1;1;1;Route de Guengat;;
536543892;6;2;2024;21:50;5;92;92060;2;1;1;6;REPUBLIQUE (AVENUE DE LA) (RD 60);;
536543893;6;12;2024;20:00;3;74;74265;1;1;8;6;Route du Bouchet-Mont-Charvin;;
536543894;9;9;2024;16:20;1;74;74175;1;1;2;7;Rue du locum;;
536543895;9;8;2024;21:56;5;60;60628;1;1;1;6;N31;;
536543896;7;2;2024;06:10;5;92;92012;2;6;2;7;MARCEL SEMBAT (PLACE);;
536543897;6;12;2024;14:00;1;74;74124;1;1;1;6;Route de saint-julien;;
536543898;7;2;2024;12:44;1;92;92009;2;1;2;2;MOULIN BAILLY ( RUE );;
536543900;8;2;2024;15:55;1;80;80016;2;9;2;6;494 Chemin Croise de Bellevue;;
536543901;4;12;2024;08:30;1;74;74297;1;1;1;7;1415 Route de Geneve;;
536543902;10;8;2024;15:00;1;80;80338;2;3;1;3;Rue Gambetta;;
536543903;4;2;2024;19:30;3;62;62336;1;1;6;3;D159;;
536543904;21;9;2024;01:50;3;74;74116;1;4;1;1;Route Nationale 203;;
536543905;25;1;2024;10:00;1;73;73085;2;6;1;6;D991 - 270 route d'AIX;;
536543906;6;2;2024;12:00;1;40;40304;2;1;1;7;Avenue du Touring Club;;
536543907;29;10;2024;08:15;1;74;74067;2;1;1;1;146 Route de l'herbe;;
536543908;8;8;2024;09:55;1;42;42237;1;1;1;6;N88;;
536543909;8;2;2024;08:30;1;06;06161;2;1;1;2;Avenue des Plans;;
536543910;6;12;2024;21:00;5;74;74104;1;3;8;3;D1508;;
536543912;30;10;2024;12:30;1;74;74166;2;3;1;3;avenue de savoie;;
536543913;8;8;2024;16:59;1;59;59346;1;1;2;3;AUTOROUTE A27;;
536543914;30;11;2024;14:40;1;74;74180;1;1;1;6;42 route de parteyi;;
536543915;6;2;2024;17:50;2;06;06161;2;3;1;5;473 Boulevard des Italiens;;
536543916;9;8;2024;20:48;2;91;91086;1;1;1;1;RN 104;;
536543917;6;2;2024;17:25;1;28;28161;1;1;1;6;Autoroute Oceane - A11- PK 096+200;;
536543918;9;8;2024;00:05;4;91;91689;1;1;1;3;AUTOROUTE A6B;;
536543919;30;11;2024;23:17;3;74;74005;2;3;1;3;Avenue du centenaire;;
536543920;8;2;2024;14:20;1;71;71550;1;1;1;2;A6;;
536543921;8;8;2024;01:35;3;78;78418;1;1;1;2;A14;;
536543922;2;11;2024;20:51;3;74;74032;1;4;5;6;Route de la Chèvrerie;;
536543923;7;2;2024;22:20;3;972;97210;1;1;1;1;Route nationale 6;;
536543924;7;8;2024;23:55;3;78;78073;1;1;1;3;N12Y;;
536543925;28;11;2024;17:45;2;74;74309;1;1;2;1;1618 Route de la gare;;
536543926;8;2;2024;08:50;1;83;83048;2;1;1;3;260 Boulevard Georges Selliez;;
536543927;28;11;2024;09:34;1;74;74282;1;1;3;7;Autoroute A410;;
536543928;9;8;2024;15:20;1;94;94028;1;1;1;3;A86;;
536543929;8;2;2024;15:50;1;82;82103;1;1;1;6;D928;;
536543930;8;8;2024;22:20;3;77;77059;1;1;1;2;A104;;
536543931;27;11;2024;06:24;3;74;74197;1;3;1;3;Route d'annecy;;
536543932;26;11;2024;16:20;2;74;74112;2;6;1;6;Route du pont de brogny;;
536543934;1;6;2024;00:55;3;57;57283;1;1;1;7;CD 112 F;;
536543935;25;11;2024;06:05;3;74;74021;1;1;1;2;A40;;
536543936;7;2;2024;18:05;5;55;55463;2;1;2;6;Avenue de la 40e Division;;
536543937;23;11;2024;02:40;3;74;74313;1;1;4;7;D27;;
536543938;8;2;2024;08:05;2;49;49214;1;1;2;6;Route de Laval;;
536543939;5;11;2024;17:45;2;74;74161;1;1;1;6;Route des creuses;;
536543940;8;2;2024;07:40;2;47;47095;1;1;1;6;D101;;
536543941;15;11;2024;16:58;2;74;74157;2;1;1;2;235 Route d'orcier;;
536543942;8;2;2024;17:40;1;29;29220;2;1;2;2;Rue Pen Enez;;
536543943;30;10;2024;15:00;1;74;74010;2;1;1;6;20 Avenue de periaz;;
536543944;6;10;2024;17:30;1;74;74249;1;1;1;6;RD 32;;
536543945;29;1;2024;20:25;3;01;01165;1;4;1;3;D27;;
536543946;3;9;2024;15:55;1;74;74289;1;1;1;7;Route de geneve;;
536543947;3;2;2024;20:30;3;01;01426;1;1;1;6;RD 3;;
536543949;7;2;2024;14:03;1;85;85151;1;1;2;1;RD149;;
536543950;1;8;2024;21:05;2;17;17299;2;1;1;7;PONTY AVENUE W.;;
536543951;22;10;2024;10:40;1;32;32256;1;1;2;7;Route de Montesquiou;;
536543952;6;2;2024;19:10;5;70;70511;2;7;8;6;D5;;
536543953;23;10;2024;08:40;2;32;32290;1;1;5;7;D270;;
536543954;7;2;2024;20:10;3;54;54523;1;1;3;6;RD 974;;
536543955;24;10;2024;13:00;1;32;32249;1;1;1;5;CD928;;
536543956;8;2;2024;19:30;3;72;72039;1;3;2;3;impasse de la holière;;
536543957;2;12;2024;09:15;1;78;78208;2;3;1;6;VILLEDIEU (AVENUE DE LA) 210;;
536543958;4;2;2024;07:30;3;14;14582;1;1;1;6;D579;;
536543959;8;2;2024;07:45;2;14;14543;2;1;2;1;178 Rue de la Sablonniere;;
536543960;30;11;2024;18:15;5;28;28134;2;1;5;4;LIVRAINDIERES (RUE DES);;
536543961;8;2;2024;12:35;1;05;05011;1;1;1;6;D942;;
536543962;29;11;2024;13:30;1;28;28223;2;1;1;7;MONTDROUARD (COTE);;
536543963;8;2;2024;09:00;1;05;05124;2;1;1;1;Pont-Sarrazin-Bas, RN94;;
536543964;27;11;2024;22:00;3;28;28134;1;9;5;6;D 152 (MESNIL SUR L'ESTREE);;
536543965;25;11;2024;10:00;1;28;28134;2;1;3;3;MOULIN (AVENUE JEAN);;
536543966;7;2;2024;14:55;1;24;24115;2;1;1;6;Rue d'Angoulême;;
536543967;19;11;2024;05:10;5;28;28007;2;1;1;6;Boulevard Charles de Gaulle;;
536543968;7;2;2024;15:39;1;04;04209;2;7;7;6;Place de l?Horloge;;
536543969;22;10;2024;13:30;1;28;28140;2;6;1;3;Route de Gallardon;;
536543970;29;10;2024;05:50;5;38;38544;2;3;1;1;FUTERIE(PLACE DE LA);;
536543971;7;2;2024;14:14;1;37;37062;1;1;3;6;D749;;
536543972;15;10;2024;18:00;1;38;38053;2;3;1;3;ZOLA (AV EMILE);;
536543973;7;2;2024;18:45;5;37;37050;2;1;2;6;Route de la Vigne;;
536543974;12;10;2024;10:00;1;38;38053;2;3;1;6;Avenue Maréchal Leclerc;;
536543975;8;2;2024;16:20;1;30;30313;1;1;1;6;D936;;
536543976;14;6;2024;15:45;1;93;93001;2;2;9;3;Rue Henri Barbusse / Rue Paul Bert;;
536543977;7;2;2024;12:45;1;987;98745;1;1;2;6;RT 143;;
536543978;18;11;2024;11:50;1;92;92002;2;1;2;6;ARISTIDE BRIAND (AVENUE);;
536543979;16;1;2024;18:00;2;986;98611;2;1;1;7;RT1, Poi roaume d'Alo;;
536543980;24;11;2024;17:25;2;93;93047;2;1;1;7;PAUL DE KOCH  (RUE);;
536543981;8;2;2024;22:00;5;974;97415;2;1;1;2;Rue du Gen de Gaulle (st G);;
536543982;21;12;2024;00:15;3;38;38337;1;1;1;1;D1085;;
536543983;1;2;2024;11:10;1;971;97116;1;1;1;3;Route de Jeanne de Kermadec;;
536543984;31;12;2024;20:05;3;84;84082;1;3;1;3;D942/D183;;
536543985;6;2;2024;16:05;1;28;28015;1;1;1;3;RD 19.4;;
536543986;26;11;2024;15:45;1;14;14685;2;1;1;6;3 Rue des Vieux Métiers;;
536543987;7;10;2024;20:10;5;62;62621;2;3;1;6;D226;;
536543988;3;2;2024;14:00;1;45;45283;2;1;2;1;D39 PR 23 + 786;;
536543989;27;10;2024;00:15;3;50;50523;1;9;1;6;Route des Iles;;
536543990;4;2;2024;11:35;1;77;77225;1;1;2;1;D21;;
536543991;27;12;2024;08:30;1;91;91044;1;1;1;6;National 20 sens province paris;;
536543992;8;2;2024;09:56;1;2A;2A041;1;1;1;6;#Piantarella#;;
536543993;8;2;2024;17:00;1;83;83088;1;1;1;7;D5;;
536543994;26;11;2024;07:45;3;28;28134;1;1;1;2;D 912;;
536543995;7;2;2024;17:30;2;05;05118;1;1;1;6;Gorges de la Méouge (Chemin);;
536543996;17;10;2024;08:00;2;62;62160;2;1;1;3;Rue des Moulins;;
536543997;7;2;2024;19:25;5;57;57683;2;6;2;6;Rue des Abattoirs;;
536543998;13;10;2024;16:30;1;62;62160;2;3;1;3;Rue d'Ambleteuse;;
536543999;7;2;2024;07:00;3;57;57145;1;3;2;3;route départementale 4;;
536544000;30;7;2024;17:45;1;62;62688;2;9;1;3;D940;;
536544001;8;2;2024;10:00;1;31;31248;2;1;1;2;D19;;
536544002;26;7;2024;18:30;1;62;62688;2;6;1;2;Route de Merlimont;;
536544004;19;5;2024;08:30;2;62;62757;1;9;1;7;D942;;
536544005;7;2;2024;14:15;1;72;72154;2;1;2;6;Boulevard de la République;;
536544006;3;10;2024;07:37;1;2B;2B350;2;1;3;5;funtanone;;
536544007;6;2;2024;16:35;1;22;22098;1;1;1;5;D768;;
536544008;14;9;2024;08:20;1;91;91441;1;1;1;2;Autoroute A6, PK 040+700, dans le sens Paris vers Province;;
536544009;2;2;2024;05:50;3;35;35076;1;2;5;3;la suplinais;;
536544010;27;11;2024;16:15;1;19;19272;2;1;1;6;République (Quai);;
536544011;7;2;2024;09:51;1;13;13215;1;1;1;3;A7-Sens Marseille vers Lyon;;
536544012;31;12;2024;14:25;1;64;64483;2;3;1;3;CHANTACO (AVENUE DE );;
536544013;31;12;2024;14:30;1;60;60103;2;1;1;2;7 Rue du Petit Chantilly;;
536544014;18;11;2024;23:50;5;75;75116;2;1;2;7;ALLEE DE LA REINE MARGUERITE;;
536544016;6;2;2024;22:24;3;59;59564;1;1;1;2;AUTOROUTE A2;;
536544017;15;6;2024;15:10;1;93;93077;2;5;1;1;Rue de Neuilly / Rue Berthomié;;
536544018;4;2;2024;20:38;3;59;59580;1;1;1;6;AUTOROUTE A25;;
536544019;14;6;2024;20:20;2;93;93032;2;1;2;6;Allée de Montfermeil;;
536544020;7;2;2024;16:55;1;91;91689;1;1;2;3;AUTOROUTE A6;;
536544021;10;6;2024;08:20;1;93;93046;2;3;1;2;Avenue du Consul General Nordling / Rue Léon Jouhaux;;
536544022;30;12;2024;06:00;1;974;97410;1;1;1;1;Chemin du Cratere;;
536544023;7;2;2024;12:30;1;91;91471;1;1;2;5;RN 118;;
536544024;7;2;2024;11:20;1;94;94038;1;1;2;3;A6B;;
536544025;23;12;2024;17:15;2;19;19255;1;3;1;3;Route des moédières;;
536544026;7;2;2024;11:15;1;91;91521;1;1;2;7;RN 441;;
536544027;5;8;2024;11:20;1;29;29233;1;3;1;1;Rue Rene Gasnier de Fresne;;
536544028;4;6;2024;07:50;1;2A;2A004;1;1;1;3;T40;;
536544029;23;1;2024;22:45;5;34;34113;2;1;1;6;31 Avenue de Béziers;;
536544030;7;2;2024;13:29;1;91;91432;1;1;3;5;AUTOROUTE A6;;
536544031;3;6;2024;11:15;1;2A;2A004;2;1;1;3;SARTENE ANCIENNE ROUTE;;
536544032;26;11;2024;18:36;5;74;74010;2;1;1;6;BROGNY (AVENUE DE) (SECTEUR 110);;
536544033;7;2;2024;08:30;1;91;91689;1;1;3;5;AUTOROUTE A10;;
536544034;4;6;2024;19:30;1;95;95277;2;9;1;3;LAMARTINE (RUE);;
536544035;22;11;2024;22:30;3;57;57022;1;1;9;6;D14;;
536544036;16;12;2024;11:05;1;30;30189;2;1;1;1;ALLENDE SALVADOR (RUE);;
536544037;4;6;2024;06:45;1;95;95427;2;3;1;3;POIRIERS (RUE DES);;
536544038;6;2;2024;10:15;2;78;78043;1;1;1;5;A12 W;;
536544039;4;6;2024;18:21;1;91;91377;2;1;1;3;RUE DU LANGUEDOC;;
536544040;2;12;2024;17:25;5;30;30189;2;3;1;6;NOTRE DAME (RUE);;
536544041;5;2;2024;15:15;1;93;93053;1;1;1;6;AUTOROUTE A3;;
536544042;4;6;2024;11:10;1;91;91161;2;6;1;3;AV MAZARIN;;