Num_Acc;jour;mois;an;hrmn;lum;dep;com;agg;int;atm;col;adr;lat;long
536544369;19;10;2024;17:30;2;83;83137;2;3;7;1;PICOT (AVE DU COLONEL);;
536544370;18;10;2024;14:30;1;83;83137;2;1;8;2;GOURAUD (AVE GENERAL);;
536544371;19;10;2024;20:30;5;76;76561;2;1;5;1;Rue Denfert Rochereau;;
536544372;18;10;2024;12:00;1;73;73008;2;1;1;3;D913 CHARLES DE GAULLE;;
536544373;18;10;2024;17:50;1;72;72181;2;1;1;5;CUGNOT NICOLAS (BD);;
536544374;19;10;2024;19:35;5;71;71076;2;1;1;6;BEAUNE (PLACE DE );;
536544375;18;10;2024;16:45;1;70;70550;2;1;8;6;Rue Grosjean;;
536544376;19;10;2024;13:40;1;69;69264;2;4;1;2;Rue de Thizy;;
536544377;18;10;2024;12:40;1;67;67482;2;1;1;2;OSTWALD (RUE D );;
536544379;19;10;2024;01:00;5;64;64445;2;6;2;6;avenue Jean Mermoz;;
536544380;18;10;2024;14:25;1;64;64445;1;1;2;7;EUROPE DE L';;
536544381;14;10;2024;18:10;1;61;61006;2;6;8;3;Intersection D916 / D926;;
536544382;19;10;2024;20:50;5;59;59152;2;1;2;1;WERVICQ (RUE DE);;
536544383;19;10;2024;19:30;5;59;59378;2;1;3;6;BOUCHER HELENE RUE;;
536544384;18;10;2024;18:10;2;59;59009;2;1;2;1;PERRIN JEAN  AVENUE;;
536544385;18;10;2024;16:38;1;58;58194;2;1;1;3;GRAND PRE DES BORDES;;
536544386;19;10;2024;09:34;1;54;54395;2;3;1;3;Avenue de Strasbourg;;
536544387;19;10;2024;06:00;5;54;54395;2;1;2;6;Rue du Haut Bourgeois;;
536544388;19;10;2024;13:28;1;51;51230;2;4;1;6;BERTHELOT (RUE MARCELLIN);;
536544389;18;10;2024;22:26;3;51;51230;2;6;2;6;LORRAINE;;
536544390;19;10;2024;13:30;1;49;49328;2;6;3;3;ROND POINT  PONT FOUCHARD;;
536544391;19;10;2024;18:52;5;45;45232;2;9;2;6;155 Rue d'Artois;;
536544392;19;10;2024;10:01;1;44;44109;2;1;2;6;9 Rue Copernic;;
536544393;19;10;2024;22:14;5;37;37261;2;1;8;1;PONT CHER (AVENUE DE);;
536544394;19;10;2024;22:00;5;37;37261;2;2;1;3;JAUJAS (RUE DU DOCTEUR);;
536544395;19;10;2024;16:10;1;35;35238;2;2;7;3;NITSCH (CARREFOUR GEORGES);;
536544397;19;10;2024;19:30;5;31;31555;2;1;1;6;RUE DU FERETRA;;
536544398;19;10;2024;17:30;1;31;31555;2;1;1;1;ALBI (RTE D) DU 1AU 243;;
536544399;18;10;2024;09:02;1;29;29039;2;1;1;7;Rue Sarah Bernhardt;;
536544400;20;10;2024;01:20;3;27;27299;2;1;2;6;BOIS DES COMMUNES (RUE DU);;
536544401;19;10;2024;12:02;1;19;19031;2;3;8;1;POMPIDOU (AVENUE GEORGES);;
536544402;20;10;2024;23:00;3;17;17306;2;1;8;6;DUNANT HENRY;;
536544403;18;10;2024;17:30;1;14;14101;1;1;1;1;1bis Route de Verson;;
536544404;19;10;2024;21:35;5;13;13206;2;9;1;3;DRAGON (RUE);;
536544405;19;10;2024;14:30;1;13;13213;2;1;1;3;ALBERT EINSTEIN (RUE);;
536544406;19;10;2024;07:25;1;13;13208;2;1;1;3;MAZARGUES (AVENUE DE);;
536544407;18;10;2024;17:10;1;13;13001;2;9;1;3;LEDOUX CLAUDE NICOLAS (RUE);;
536544408;19;10;2024;18:45;1;09;09225;2;1;1;1;PAIX AVENUE DE LA;;
536544409;18;10;2024;17:50;2;75;75119;2;1;1;2;BD PERIPHERIQUE INTERIEUR;;
536544410;19;10;2024;15:40;1;75;75119;2;7;1;4;PLACE DU MAQUIS DU VERCORS;;
536544411;19;10;2024;11:45;1;75;75112;2;1;2;6;RUE DU SERGENT BAUCHAT;;
536544412;19;10;2024;15:20;1;75;75111;2;7;1;6;Place Léon Blum;;
536544413;19;10;2024;00:10;5;75;75111;2;2;1;2;RUE LEON FROT;;
536544414;19;10;2024;00:48;5;75;75111;2;4;1;2;AVENUE PARMENTIER;;
536544415;19;10;2024;06:21;5;75;75110;2;5;1;6;BOULEVARD DE MAGENTA;;
536544416;19;10;2024;16:20;1;75;75109;2;5;1;7;BOULEVARD HAUSSMANN;;
536544417;18;10;2024;09:40;1;75;75109;2;3;2;3;BOULEVARD DES ITALIENS;;
536544418;19;10;2024;00:35;5;94;94067;2;1;1;3;Avenue Victor Hugo;;
536544419;19;10;2024;01:40;5;94;94081;2;9;1;3;Avenue Rouget de Lisle;;
536544420;19;10;2024;18:30;2;94;94004;2;3;2;7;Allée des F.f.i.;;
536544421;19;10;2024;21:30;5;93;93078;2;6;2;2;DAMBEL (AVENUE EMILE);;
536544422;19;10;2024;14:20;1;93;93005;2;1;1;3;JOHN F. KENNEDY (AVENUE);;
536544423;19;10;2024;15:10;1;93;93048;2;1;2;3;VINCENNES (RUE DE);;
536544424;19;10;2024;13:30;1;93;93048;2;1;2;3;ARISTIDE BRIAND (BOULEVARD);;
536544425;19;10;2024;00:30;5;93;93006;2;3;1;3;GAL LECLERC AV. DU;;
536544426;19;10;2024;21:20;5;93;93001;2;3;2;1;SAINT DENIS (RUE DE);;
536544427;19;10;2024;09:45;1;92;92078;2;6;1;1;MARC SANGNIER (AVENUE);;
536544428;19;10;2024;13:40;1;92;92040;2;3;8;3;AUGUSTE GERVAIS;;
536544429;18;10;2024;11:10;1;92;92004;1;1;1;3;PONT DE GENNEVILLIERS;;
536544430;19;10;2024;10:40;1;42;42162;1;3;1;2;763 Route de Lentigny;;
536544431;19;10;2024;19:00;5;57;57434;2;1;1;6;5 Grand Rue;;
536544432;19;10;2024;09:25;1;14;14061;1;2;2;3;Route du Désert;;
536544433;20;10;2024;14:10;1;974;97413;1;9;1;6;N1a;;
536544434;15;10;2024;12:06;1;59;59562;1;1;1;3;Rue Nationale;;
536544435;13;10;2024;11:25;1;81;81288;1;1;1;6;RD 85;;
536544436;19;10;2024;13:19;1;81;81171;1;1;1;1;A68;;
536544438;20;10;2024;18:55;5;71;71208;2;3;1;3;7 Rue du Pont;;
536544439;20;10;2024;16:00;1;63;63211;1;1;1;7;RD 205 Le Barsac;;
536544440;19;10;2024;00:05;3;49;49323;1;1;2;6;RD 323;;
536544441;20;10;2024;12:04;1;12;12093;1;1;1;6;route de crozafon;;
536544442;20;10;2024;05:45;3;35;35302;1;1;2;6;Lieu Dit la Banquette;;
536544443;20;10;2024;05:00;4;29;29249;2;1;3;6;Kervoazec;;
536544444;10;10;2024;11:50;1;29;29075;2;2;8;6;rue Commandant Charcot;;
536544445;20;10;2024;18:57;2;38;38408;2;2;1;3;D36A;;
536544446;19;10;2024;20:50;5;38;38384;2;1;1;6;Route de l'Aéroport;;
536544447;19;10;2024;16:12;1;01;01433;2;1;1;7;65 route du colombier;;
536544448;19;10;2024;02:10;3;01;01317;1;1;9;6;route des conches;;
536544449;19;10;2024;20:25;4;26;26165;2;1;1;6;117 Avenue joseph combier;;
536544450;20;10;2024;15:50;1;58;58003;1;9;1;6;La Cremaine;;
536544451;20;10;2024;12:20;1;50;50533;1;1;2;7;D24;;
536544453;20;10;2024;18:15;2;10;10220;2;2;1;3;3 Rue Georges Pompidou;;
536544454;19;10;2024;02:00;3;36;36003;1;1;1;7;Rue de la Petite Croix;;
536544455;19;10;2024;23:00;4;21;21317;2;2;1;3;D959;;
536544456;19;10;2024;23:00;3;24;24172;1;1;1;6;5 impasse de calimon;;
536544457;19;10;2024;16:15;1;37;37099;1;1;3;1;D751;;
536544458;19;10;2024;00:30;3;52;52062;1;1;5;6;Cote de Cherrey;;
536544459;21;3;2024;04:20;3;60;60245;1;1;1;7;poirier d arras;;
536544460;21;3;2024;17:00;1;64;64256;1;3;1;3;Zone Industrielle les Pignadas;;
536544461;16;3;2024;16:00;1;73;73010;1;1;1;1;D991B;;
536544462;20;3;2024;18:15;1;40;40152;1;2;1;3;D41;;
536544463;1;3;2024;13:41;1;04;04209;1;1;1;5;Route de départementale 4085;;
536544465;21;3;2024;12:00;1;52;52484;1;1;7;7;D427;;
536544467;20;3;2024;15:37;1;88;88516;2;1;7;6;185 Rue Charles Garnier;;
536544468;10;3;2024;13:50;1;04;04091;1;1;4;5;A51 PK 092.350;;
536544469;6;3;2024;16:00;1;38;38193;2;3;1;3;Rue Lionel Terray;;
536544470;21;3;2024;17:40;1;13;13051;2;3;1;3;D113;;
536544471;21;3;2024;17:05;1;95;95042;2;6;1;3;D9;;
536544472;20;3;2024;19:20;1;95;95353;2;1;1;3;N1;;
536544474;21;2;2024;13:05;1;36;36057;1;1;1;6;Coings;;
536544476;18;3;2024;13:00;1;13;13103;1;1;1;1;Base aérienne 701 Salon-de-Provence (Aérodrome);;
536544477;21;3;2024;03:30;3;988;98827;1;1;3;7;"RT1 - ""Col des papayers""";;
536544478;19;3;2024;15:59;1;37;37210;1;1;1;7;Chemin de la Bélasserie au Châtelier;;
536544479;14;3;2024;07:50;2;91;91179;2;1;1;6;1 Rue des Arrigaux;;
536544481;21;3;2024;13:50;1;84;84092;1;1;1;4;D907;;
536544482;20;3;2024;15:40;1;70;70446;1;1;7;1;D70;;
536544483;20;3;2024;15:15;1;63;63038;2;1;1;7;D978;;
536544484;6;3;2024;09:15;1;38;38071;2;2;1;3;Rue Hector Berlioz;;
536544487;20;3;2024;20:55;3;44;44073;1;1;1;6;3 Moulin de Bois Rivaud;;
536544488;19;3;2024;06:00;2;14;14332;1;2;1;3;18 Rue Saint-Clair de Vaux;;
536544489;20;3;2024;17:30;1;59;59120;1;1;1;2;Rue de Bailleul;;
536544490;20;3;2024;12:55;1;13;13216;1;1;1;2;A55-Sens Marseille vers Martigues;;
536544491;20;3;2024;09:20;1;91;91477;1;1;1;7;AUTOROUTE A10;;
536544492;20;3;2024;08:15;1;94;94076;1;1;1;5;A6B;;
536544493;19;3;2024;16:25;1;92;92036;1;1;1;6;A86;;
536544494;20;3;2024;11:30;1;93;93053;1;1;1;2;A3;;
536544495;18;3;2024;18:30;1;95;95450;1;9;1;6;CARRIERE A PEPINS (CHEMIN DE LA);;
536544496;20;3;2024;11:43;1;988;98818;2;1;1;2;RUE ARMAND OHLEN;;
536544497;18;3;2024;12:53;1;987;98735;1;1;1;2;PRINCE HINOI (AVENUE);;
536544498;19;3;2024;16:10;1;974;97411;2;1;1;7;MONTHYON (RUE);;
536544499;19;3;2024;14:40;1;973;97309;2;1;1;6;TIGRE (ROUTE DU);;
536544500;19;3;2024;05:40;2;972;97213;1;1;1;6;ROUTE DEPARTEMENTALE 3;;
536544501;19;3;2024;08:35;1;69;69152;2;1;1;6;Place de la Paix;;
536544502;18;3;2024;17:10;1;69;69389;2;2;1;3;Rue de Saint-Cyr;;
536544503;19;3;2024;10:42;1;2A;2A004;2;1;1;6;1 Bd Dominique Pugliesi Conti;;
536544504;19;3;2024;10:26;1;2A;2A004;1;1;1;4;T20;;
536544505;19;3;2024;09:38;1;2A;2A004;2;1;1;6;16 Avenue Marechal Juin;;
536544506;19;3;2024;16:05;1;91;91477;2;1;1;6;LEON BOURGEOIS (RUE);;
536544507;19;3;2024;13:18;1;91;91471;2;1;1;1;FOCH (AVENUE DU MARECHAL);;
536544508;19;3;2024;08:30;1;91;91174;2;2;1;6;BD HENRI DUNANT;;
536544509;18;3;2024;16:55;1;86;86066;2;6;1;3;Rue des 3 Pigeons;;
536544510;18;3;2024;22:45;5;84;84007;2;1;1;3;C.De GAULLE (Rocade);;
536544511;19;3;2024;15:00;1;83;83137;2;3;1;3;HERRIOT (AVE EDOUARD);;
536544512;15;3;2024;07:40;1;83;83123;2;1;1;3;SOLEIL (CORNICHE) N° PAIRS;;
536544513;12;2;2024;12:25;1;83;83118;2;1;1;6;PLACE SADI CARNOT;;
536544514;19;3;2024;19:00;1;81;81065;2;1;1;6;Boulevard Henri Sizaire;;
536544515;19;3;2024;19:05;1;80;80021;2;1;1;6;Rue Léo Lagrange;;
536544516;19;3;2024;10:25;1;80;80021;2;1;1;2;Rue Saint-Fuscien;;
536544517;16;3;2024;02:42;3;80;80021;2;1;1;7;Place Parmentier;;
536544518;17;3;2024;03:10;3;78;78674;1;1;1;6;VERSAILLES (AVENUE DE);;
536544519;19;3;2024;10:51;1;78;78498;1;1;1;3;RD 30;;
536544520;19;3;2024;18:50;5;76;76540;2;2;1;6;Boulevard de l'Europe;;
536544521;19;3;2024;09:00;1;76;76540;2;4;1;3;Rue Saint Maur;;
536544522;15;3;2024;12:00;1;76;76447;2;3;1;1;MELAY  ( RTE DU );;
536544523;19;3;2024;15:30;1;74;74010;2;3;1;3;JEAN JAURES;;
536544524;19;3;2024;13:25;1;71;71270;2;1;1;1;MERMOZ (RUE JEAN);;
536544525;19;3;2024;20:05;5;69;69266;2;1;1;3;332 Rue Francis de Pressensé;;
536544526;18;3;2024;18:45;1;69;69290;2;1;1;3;10 Avenue Pierre Mendès France;;
536544527;19;3;2024;08:55;1;67;67482;2;1;1;3;ROMAINS (ROUTE DES);;
536544528;18;3;2024;16:30;1;67;67267;2;1;1;6;MOLKENBRONN (RUE DU);;
536544529;19;3;2024;10:40;1;64;64445;2;3;1;3;AVIATION DE L';;
536544530;19;3;2024;08:36;1;64;64102;2;1;1;7;PONT SAINT ESPRIT;;
536544531;19;3;2024;14:47;1;62;62895;2;3;1;3;Rue Joseph Bodart;;
536544532;19;3;2024;15:25;1;62;62244;2;2;1;1;Rue de l’Abbe Dupuy;;
536544533;19;3;2024;16:40;1;59;59009;1;2;1;3;BREUCQ BOULEVARD DU;;
536544534;18;3;2024;17:15;1;59;59009;2;1;7;6;MONS BOULEVARD DE;;
536544535;18;3;2024;07:30;1;59;59220;2;1;1;6;CARNOT RUE;;
536544536;16;3;2024;06:00;5;58;58194;2;1;1;6;HENRI BOUQUILLARD;;
536544537;19;3;2024;10:10;1;56;56260;2;1;1;3;PLUMEY (RUE MONSEIGNEUR YVES);;
536544538;18;3;2024;08:00;2;56;56121;2;1;8;7;RUE LOUIS GUIGUEN;;
536544539;17;3;2024;01:00;5;55;55545;2;1;1;7;PIERRE DEMATHIEU;;
536544540;4;3;2024;10:40;1;55;55545;2;1;1;7;METZ ( AVENUE DE );;
536544541;18;3;2024;19:20;5;54;54300;2;1;2;1;Route d’Art sur Meurthe;;
536544542;18;3;2024;18:25;1;54;54395;2;2;2;3;AvenueCharles Etienne Collignon;;
536544543;18;3;2024;16:40;1;54;54395;2;3;1;6;Avenue Général Leclerc;;
536544544;18;3;2024;09:00;1;54;54498;1;1;2;1;M 674;;
536544545;19;3;2024;18:00;2;54;54323;2;3;1;3;Rue Albert Thomas;;
536544546;19;3;2024;17:25;1;54;54227;1;1;1;3;TICHEMONT;;
536544547;16;3;2024;17:45;1;50;50129;2;1;1;6;COUBERTIN (RUE PIERRE DE);;
536544548;27;1;2024;01:08;3;49;49099;1;1;1;6;RD160;;
536544549;5;7;2024;17:36;1;17;17306;1;4;1;3;PAPIN DENIS;;
536544550;18;3;2024;18:08;1;49;49246;1;1;1;4;A87;;
536544551;6;7;2024;08:08;1;13;13056;2;1;1;6;TURCAN FRANCIS;;
536544552;18;3;2024;19:13;2;49;49007;2;1;1;3;ALLONNEAU(AUGUSTE) BOULEVARD;;
536544553;6;7;2024;20:30;1;13;13203;2;1;1;6;FÉLIX PYAT (RUE);;
536544554;18;3;2024;16:10;1;49;49007;2;1;1;5;RD 323;;
536544555;6;7;2024;01:15;5;13;13206;2;1;1;3;LIEUTAUD (COURS);;
536544556;5;7;2024;16:30;1;13;13215;2;1;1;1;LEDRU ROLLI (BOULEVARD);;
536544557;28;1;2024;16:50;1;46;46224;2;3;1;3;PILLAT (AVENUE CHARLES);;
536544558;5;7;2024;20:00;1;13;13063;2;1;1;3;ESPAGNE BOULEVARD D';;
536544559;19;3;2024;12:00;1;44;44109;2;1;1;6;147 Boulevard des Belges;;
536544560;6;7;2024;01:50;5;10;10387;2;3;1;6;Avenue Pierre Brossolette;;
536544561;18;3;2024;09:00;1;43;43140;2;1;1;6;RN 88;;
536544562;18;3;2024;17:50;1;42;42095;2;1;1;6;Rue de l'Ouest;;
536544563;5;7;2024;16:50;1;06;06029;2;9;1;3;56 Boulevard Carnot;;
536544564;6;7;2024;20:43;1;02;02691;2;1;1;6;2 Rue Charles Linne;;
536544565;19;3;2024;17:55;1;41;41018;2;1;1;4;CURIE (RUE PIERRE ET MARIE);;
536544566;6;7;2024;11:15;1;01;01053;2;1;2;6;MAGINOT ( AVENUE ) DE 1A 41;;
536544567;18;3;2024;17:16;1;40;40192;2;3;7;3;AURIOL (AV DU PRESIDENT VINCENT);;
536544568;18;3;2024;18:30;1;40;40088;1;1;1;7;GRAVIERES (CHEMIN DES);;
536544569;6;7;2024;12:30;1;75;75119;2;1;1;3;BD PERIPHERIQUE INTERIEUR;;
536544570;22;2;2024;20:20;2;40;40279;2;3;1;6;LIBERTE (AVE DE LA);;
536544571;6;7;2024;07:45;1;75;75120;2;1;1;6;BD PERIPHERIQUE INTERIEUR;;
536544572;19;3;2024;07:45;1;37;37261;2;1;1;3;STENDHAL (AVENUE);;
536544573;6;7;2024;15:30;1;75;75120;2;2;1;3;RUE HAXO;;
536544574;16;2;2024;01:50;5;35;35115;2;1;1;7;PRES (RUE DES);;
536544575;5;7;2024;17:20;1;75;75116;2;3;1;6;RUE POUSSIN;;
536544577;6;7;2024;00:05;5;75;75110;2;2;1;3;BOULEVARD DE MAGENTA;;
536544578;6;7;2024;18:01;1;75;75109;2;3;1;3;RUE LA FAYETTE;;
536544579;6;7;2024;13:27;1;75;75109;2;2;1;6;RUE DE ROCHECHOUART;;
536544581;6;7;2024;00:51;5;75;75115;2;3;1;3;QUAI BRANLY;;
536544583;6;7;2024;19:20;1;75;75101;2;2;1;7;BOULEVARD DE SEBASTOPOL;;
536544584;6;7;2024;21:20;2;94;94041;2;1;1;2;Avenue de l’Industrie;;
536544585;6;7;2024;02:00;3;94;94033;2;6;1;6;Boulevard du 25 Aout 1944;;
536544586;5;7;2024;08:44;1;94;94054;2;8;1;2;Voie des Saules;;
536544587;19;3;2024;08:45;1;31;31555;2;1;1;3;AV DE LARRIEU;;
536544588;6;7;2024;18:30;1;93;93027;2;1;1;3;Avenue Paul Vaillant-Couturier;;
536544589;19;3;2024;16:30;1;25;25056;2;3;1;6;LAVOISIER RUE;;
536544590;18;3;2024;08:18;1;22;22113;2;1;1;2;R.D.767;;
536544591;6;7;2024;15:35;1;93;93047;2;2;1;3;GENERAL LECLERC  (RUE DU);;
536544592;6;7;2024;00:29;5;92;92051;2;1;1;3;HOTEL DE VILLE (RUE DE L', N° 1 A 19);;
536544593;19;3;2024;23:30;3;16;16102;2;6;1;2;SALLE VERTE (QUAI DE LA);;
536544594;6;7;2024;16:50;1;92;92049;2;2;1;3;JAURES AVENUE JEAN N°53 A FIN;;
536544595;6;7;2024;18:33;1;92;92044;2;1;1;7;LORRAINE (RUE DE);;
536544596;19;3;2024;16:30;1;14;14118;2;6;1;2;48 Rue Pierre Gringoire;;
536544597;6;7;2024;16:20;1;92;92035;2;3;1;6;Pierre Joigneaux ( rue );;
536544598;19;3;2024;20:20;3;13;13117;1;1;1;2;CD 9 ESTROUBLANS;;
536544599;6;7;2024;19:20;1;92;92012;2;9;1;3;ANCIENS COMBATTANT (ROND - POINT DES);;
536544600;6;7;2024;15:40;1;92;92012;2;1;1;3;HEINRICH (RUE);;
536544601;18;3;2024;15:35;1;13;13207;2;1;1;3;Corniche John Fitzgérald Kennedy;;
536544602;19;3;2024;16:02;1;06;06088;2;1;1;6;Voie Romaine;;
536544603;6;7;2024;10:50;1;976;97617;2;1;1;1;D1;;
536544604;18;3;2024;17:50;1;06;06069;1;1;1;3;Route de Plascassier;;
536544605;6;7;2024;05:13;2;40;40291;1;1;1;2;A63;;
536544606;19;3;2024;11:00;1;06;06029;1;1;1;2;Chemin de la Plaine de Laval;;
536544607;28;6;2024;09:45;1;59;59616;2;1;1;1;Rue Jean Jaurès;;
536544608;7;7;2024;00:30;5;06;06114;2;1;1;6;910 Route de la Colle;;
536544609;19;3;2024;18:00;2;75;75113;2;1;1;3;BD PERIPHERIQUE EXTERIEUR;;
536544610;7;7;2024;14:30;1;40;40065;2;1;1;6;13 Rue Jean Rameau;;
536544611;18;3;2024;12:55;1;75;75115;2;1;1;2;BD PERIPHERIQUE EXTERIEUR;;
536544612;7;7;2024;04:15;3;81;81139;1;2;1;6;la mandouille;;
536544613;19;3;2024;15:05;1;75;75116;2;1;1;7;BD PERIPHERIQUE EXTERIEUR;;
536544614;7;7;2024;10:50;1;68;68227;1;2;1;3;Roue départementale 4;;
536544615;18;3;2024;14:38;1;75;75120;2;2;1;6;RUE DE BAGNOLET;;
536544616;7;7;2024;18:30;5;974;97401;1;1;1;2;153 Route du Tévelave;;
536544617;19;3;2024;16:10;1;75;75106;2;4;1;6;BOULEVARD RASPAIL;;
536544618;6;7;2024;00:30;5;972;97225;2;1;2;6;Allée Pécoul au 129;;
536544619;19;3;2024;20:20;5;75;75120;2;7;1;6;PLACE GAMBETTA;;
536544620;7;7;2024;19:35;1;11;11067;1;1;1;6;rte departementale 6113;;
536544621;19;3;2024;14:20;1;75;75118;2;3;1;3;RUE JOSEPH DE MAISTRE;;
536544622;7;7;2024;17:40;1;01;01109;1;1;1;3;D884;;
536544623;7;7;2024;00:50;5;971;97109;2;1;2;6;Rue Charles Borromée;;
536544624;19;3;2024;13:10;1;75;75118;2;3;1;3;RUE CAILLIE;;
536544625;6;7;2024;20:30;1;42;42036;1;1;2;6;Rue de la Fontaine Disparue;;
536544626;7;7;2024;09:00;1;51;51238;1;1;1;7;D18;;
536544627;19;3;2024;20:50;5;75;75117;2;3;1;7;AVENUE DE LA GRANDE ARMEE;;
536544628;7;7;2024;16:40;1;77;77026;1;1;1;7;D403;;
536544629;19;3;2024;16:35;1;75;75117;2;1;1;6;BOULEVARD GOUVION SAINT CYR;;
536544630;19;3;2024;08:25;1;75;75117;2;1;1;6;BOULEVARD DE REIMS;;
536544631;19;3;2024;11:00;1;75;75114;2;1;1;7;AVENUE LUCIEN DESCAVES;;
536544632;7;7;2024;09:45;1;80;80762;1;2;1;3;D6;;
536544633;7;7;2024;15:40;1;63;63168;1;1;1;7;chemin de la cartade;;
536544634;19;3;2024;15:35;1;75;75113;2;3;1;6;BOULEVARD KELLERMANN;;
536544635;6;7;2024;05:30;3;61;61061;1;1;2;6;RD918;;
536544636;19;3;2024;19:45;5;75;75108;2;2;1;6;BOULEVARD MALESHERBES;;
536544637;6;7;2024;07:30;1;49;49018;1;1;2;7;Avenue de Chandelais;;
536544638;19;3;2024;08:50;1;75;75108;2;1;1;4;VOIE GEORGES POMPIDOU;;
536544639;7;7;2024;18:20;1;12;12066;2;1;1;6;route du vallon;;
536544640;7;7;2024;17:15;1;39;39177;2;1;1;6;6 Route de Champagnole;;
536544641;19;3;2024;10:45;1;75;75106;2;3;1;6;RUE BONAPARTE;;
536544642;7;7;2024;16:15;1;44;44072;1;1;1;1;411 Route de la Roche Bernard;;
536544643;19;3;2024;17:26;1;75;75104;2;2;1;6;RUE DE LA CITE;;
536544644;6;7;2024;17:00;1;44;44072;1;1;1;3;172 route de la roche bernard;;
536544645;19;3;2024;17:13;1;75;75104;2;2;1;6;RUE DE LA CITE;;
536544646;6;7;2024;01:10;4;35;35302;2;1;1;6;Rue de la Fontaine;;
536544647;18;3;2024;18:45;1;94;94078;2;3;1;5;Place Pierre Semard / Rue de Verdun;;
536544648;7;7;2024;11:00;1;29;29162;2;1;1;3;Rue des Ardoisiers;;
536544649;6;7;2024;22:05;1;29;29048;1;1;1;7;Route des Trois Croix;;
536544650;19;3;2024;08:30;1;94;94003;2;1;1;6;Rue de la Citadelle;;
536544651;6;7;2024;11:55;1;31;31574;1;1;1;6;Vernet;;
536544652;18;3;2024;20:25;3;94;94028;2;9;1;6;Avenue du Marechal Lyautey;;
536544653;7;7;2024;14:45;1;38;38417;1;1;1;6;route départementale 1090;;
536544654;19;3;2024;15:30;1;94;94054;2;3;1;2;Route Charles Tillon / impasse du clos pantin;;
536544655;6;7;2024;14:45;1;01;01216;1;1;3;6;D19;;
536544656;19;3;2024;11:40;1;94;94054;2;2;1;2;Rue Paul Vaillant Couturier / Avenue de la Paix;;
536544657;4;7;2024;08:45;1;26;26063;2;3;7;6;Avenue Boissy d’Anglas;;
536544658;18;3;2024;19:15;2;93;93070;2;2;1;3;Rue du Docteur Bauer / Avenue Michelet;;
536544659;19;3;2024;18:45;2;93;93064;2;1;1;3;Boulevard de la Boissière;;
536544660;7;7;2024;02:37;3;72;72100;1;1;1;7;D8;;
536544661;19;3;2024;12:20;1;93;93064;2;1;1;3;Rue Leon Blum;;
536544662;7;7;2024;13:50;1;06;06119;1;1;1;1;Col de la Bonette (Col de montagne);;
536544663;19;3;2024;17:10;1;93;93055;2;2;1;6;Rue Jules Auffret / Avenue du 8 Mai 1945;;
536544664;2;7;2024;01:00;3;45;45098;1;1;1;1;D951 PR 103 + 396;;
536544665;19;3;2024;14:00;1;93;93051;2;3;1;6;Boulevard George Méliès / Promenade Marco Polo;;
536544666;6;7;2024;15:40;1;64;64010;1;1;2;1;D933;;
536544667;19;3;2024;23:00;3;93;93048;2;2;1;3;Boulevard Aristide Briand / Rue Saint-Denis;;
536544668;19;3;2024;10:20;1;93;93032;2;2;1;3;Rue Paul Vaillant Couturier / Rue de la Mare;;
536544669;7;7;2024;08:15;1;73;73100;2;6;1;3;D36 / D38;;
536544670;19;3;2024;20:16;5;93;93010;2;1;1;3;Avenue de Rosny;;
536544672;18;3;2024;08:30;1;93;93007;2;3;1;6;Avenue Henri Barbusse;;
536544673;5;7;2024;20:45;2;53;53211;1;1;1;6;chemin de la grande hairie;;
536544674;19;3;2024;14:46;1;92;92064;2;1;1;4;REPUBLIQUE;;
536544675;6;7;2024;18:10;1;85;85029;1;1;1;7;la brocherie;;
536544676;6;7;2024;15:35;1;17;17024;1;1;1;7;D950;;
536544677;19;3;2024;11:30;1;92;92064;2;1;1;6;GOUNOD;;
536544678;7;7;2024;15:00;1;52;52194;1;1;8;7;RD8;;
536544679;18;3;2024;17:35;1;92;92020;2;1;1;6;TIMBAUD RUE JEAN-PIERRE N° IMPAIRS;;
536544680;18;3;2024;19:10;5;92;92036;2;9;1;6;GENERAL DE GAULLE (AVENUE) (43/129);;
536544681;6;7;2024;16:00;1;973;97309;2;3;1;1;Route de Suzini;;
536544682;6;7;2024;09:05;1;72;72339;1;1;1;6;A11, PK 188+850;;
536544683;19;3;2024;08:35;1;92;92012;2;1;1;6;ALPHONSE LE GALLO (QUAI) 35/FIN;;
536544684;6;7;2024;16:18;1;89;89378;1;1;1;6;Autoroute A6 sens Paris-Lyon PK208+600;;
536544685;19;3;2024;07:23;1;92;92004;2;1;1;6;ARGENTEUIL AV D';;
536544686;19;3;2024;20:15;3;24;24521;2;3;1;3;N21;;
536544687;6;6;2024;13:45;1;34;34270;1;1;1;3;A709;;
536544688;7;7;2024;18:05;2;974;97417;2;1;1;7;26 Rue Leconte de Lisle;;
536544689;5;7;2024;22:00;5;973;97312;2;3;3;1;avenue élie castor;;
536544690;6;7;2024;18:00;1;29;29233;2;1;1;7;Rue de l’Enfer;;
536544691;19;3;2024;17:45;1;12;12053;1;2;1;2;D24;;
536544692;6;7;2024;05:40;2;91;91654;1;6;1;3;D90;;
536544693;10;3;2024;19:35;3;83;83085;1;1;2;1;2040 Route de Callas;;
536544694;6;7;2024;00:38;3;91;91226;2;1;1;7;Route de Saudreville;;