Num_Acc;jour;mois;an;hrmn;lum;dep;com;agg;int;atm;col;adr;lat;long
536544696;6;7;2024;21:45;5;66;66175;1;6;3;6;rond point souvenir français;;
536544697;20;3;2024;10:15;1;83;83070;2;1;1;6;Boulevard de Lattre de Tassigny;;
536544698;7;7;2024;11:55;1;84;84068;1;1;1;1;Route départementale 943;;
536544699;19;3;2024;17:50;1;24;24553;1;3;1;2;D710 intersection avec rue du chaufournier;;
536544700;6;7;2024;15:15;1;06;06057;2;1;1;1;24 Route de la Grave;;
536544701;20;3;2024;13:05;1;59;59159;2;1;1;1;Rue du Schelfvliet;;
536544702;7;7;2024;07:00;1;54;54364;1;1;1;7;D331;;
536544703;20;3;2024;21:10;3;80;80620;2;1;1;6;D917;;
536544704;7;7;2024;14:45;1;42;42147;2;4;1;1;Rue de la République;;
536544705;19;3;2024;16:45;1;80;80215;2;1;7;1;Devant le 2 route d'Abbeville;;
536544706;19;3;2024;09:40;1;82;82079;1;1;1;1;1975 Route de campsas;;
536544707;6;7;2024;23:40;3;07;07042;1;1;3;1;rd 86 - route de saint marcel;;
536544708;11;3;2024;17:10;1;42;42149;2;1;1;6;Route de Saint Etienne;;
536544709;7;7;2024;07:07;1;01;01249;2;1;1;6;Quai du Rhone;;
536544710;20;3;2024;10:15;1;46;46131;2;2;1;3;Intersection D13 D 38;;
536544711;7;7;2024;11:05;1;60;60116;2;1;1;1;Rue Herminie;;
536544712;19;3;2024;18:30;2;68;68258;1;9;1;2;rue de cernay;;
536544713;18;3;2024;01:00;3;29;29207;1;6;1;6;Carrefour de la Vieille Roche.;;
536544714;7;7;2024;02:45;3;80;80541;1;1;1;1;D930;;
536544715;20;3;2024;15:20;1;15;15261;2;3;1;2;RD 678;;
536544716;7;7;2024;13:15;1;80;80002;1;1;1;2;A1;;
536544717;18;3;2024;13:35;1;70;70363;2;6;1;3;D58;;
536544718;20;3;2024;17:10;1;06;06090;2;1;1;1;1140 Route de la Fenerie;;
536544719;6;7;2024;19:00;1;62;62865;2;3;1;6;D50;;
536544720;17;3;2024;06:30;1;10;10055;2;1;1;6;10 Rue des Tilleuls;;
536544721;7;7;2024;01:00;3;59;59379;1;1;1;3;D132;;
536544722;18;3;2024;01:00;3;24;24197;1;1;1;6;Route du Chardonnay;;
536544723;5;7;2024;22:35;3;13;13106;1;1;1;3;A7-Sens Marseille vers Lyon;;
536544724;19;3;2024;17:00;1;27;27129;1;9;1;2;Route d?Orbec;;
536544725;2;7;2024;04:47;3;13;13215;1;1;1;2;A7-Sens Marseille vers Lyon;;
536544726;20;3;2024;07:50;1;37;37085;1;1;1;1;D83;;
536544727;5;7;2024;14:10;1;13;13212;1;1;1;7;A507 sens Marseille - Aubagne;;
536544728;19;3;2024;17:30;1;24;24168;1;9;1;3;N21;;
536544729;5;7;2024;18:15;1;91;91617;1;1;1;2;RN 104;;
536544730;20;3;2024;08:00;1;06;06030;1;1;1;4;A8 PK 161.500 SUD;;
536544731;5;7;2024;15:20;1;91;91617;1;1;1;2;RN6 PROVINCE / RN104 INT;;
536544732;6;7;2024;07:17;2;92;92050;1;1;1;6;A86;;
536544733;18;3;2024;14:55;1;86;86123;1;1;1;2;A10;;
536544734;5;7;2024;02:00;3;93;93064;1;1;1;2;A86;;
536544735;19;3;2024;15:30;1;987;98722;1;1;2;1;PK 25.500 C/MONT TIAREI;;
536544736;19;3;2024;11:20;1;971;97128;1;1;1;2;D115;;
536544737;5;7;2024;20:15;1;95;95500;1;1;1;5;A15;;
536544738;20;3;2024;03:00;3;2B;2B313;1;1;1;7;Départementale 34 - route de San Nicolao;;
536544739;5;7;2024;20:30;1;93;93048;1;1;1;2;A86;;
536544740;19;3;2024;18:50;2;34;34017;1;1;1;6;D613;;
536544741;5;7;2024;18:00;1;95;95572;1;1;1;3;N184;;
536544742;6;7;2024;06:25;1;94;94028;1;1;1;6;A86;;
536544743;20;3;2024;18:30;1;01;01249;1;1;1;1;645 Route de Rillieux;;
536544744;5;7;2024;07:00;1;93;93051;1;1;1;6;A4;;
536544745;17;3;2024;02:00;5;09;09331;2;6;1;6;D820;;
536544746;5;7;2024;13:00;1;988;98818;2;2;8;6;RUE DE VERDUN;;
536544748;3;7;2024;15:45;1;974;97411;2;1;1;2;RN2/043;;
536544749;19;3;2024;19:10;2;35;35072;1;3;1;3;Lieu Dit les Fagueries;;
536544750;5;7;2024;13:00;1;974;97407;2;9;1;6;MONDON (AVENUE);;
536544751;20;3;2024;08:00;1;76;76343;1;1;1;3;D 129;;
536544752;5;7;2024;08:50;1;69;69387;2;2;1;3;Cours Gambetta;;
536544753;5;7;2024;07:45;1;972;97213;1;1;1;4;AUTOROUTE (A1);;
536544754;19;3;2024;19:15;2;60;60575;1;1;1;5;Rd 1001;;
536544755;19;3;2024;19:30;5;80;80479;2;1;1;6;105 rue de normandie;;
536544756;2;7;2024;11:45;1;69;69202;2;2;1;2;Rue Commandant Charcot;;
536544757;18;3;2024;17:24;1;13;13210;2;9;1;6;A50-Sens Marseille vers Aubagne;;
536544758;5;7;2024;15:00;1;971;97120;2;3;1;7;CIMETIERE (RUE DU);;
536544759;17;3;2024;21:22;3;13;13071;1;1;1;6;A7-Sens Lyon vers Marseille;;
536544760;5;7;2024;06:30;1;971;97101;1;1;1;6;RN11;;
536544762;4;7;2024;12:30;1;971;97101;1;1;1;2;CARAQUE;;
536544763;15;3;2024;07:05;1;59;59478;1;1;2;4;AUTOROUTE A25;;
536544764;28;6;2024;17:00;1;971;97120;2;3;1;2;PAUL LACAVE;;
536544765;5;7;2024;14:00;1;2A;2A004;2;1;1;6;NAPOLEON III AVENUE PAIR;;
536544766;5;7;2024;14:00;1;95;95563;2;2;1;3;PASTEUR (RUE);;
536544767;5;7;2024;10:00;1;91;91103;2;4;1;3;RUE EDOUARD DANAUX;;
536544768;4;7;2024;11:35;1;91;91201;2;1;1;6;RUE EUGENE DELACROIX;;
536544769;6;7;2024;00:55;5;91;91687;2;9;1;2;VICTOR SCHOELCHER (AVENUE);;
536544770;6;7;2024;00:05;5;91;91027;2;1;1;2;AV FRANCOIS MITTERRAND;;
536544771;3;7;2024;22:00;5;91;91027;2;2;1;3;AV FRANCOIS MITTERRAND;;
536544772;4;7;2024;18:30;1;91;91228;1;2;1;2;AV PAUL DELOUVRIER;;
536544773;3;7;2024;17:55;1;89;89024;2;9;1;3;MARECHAL JUIN (AVENUE);;
536544774;4;7;2024;20:01;1;87;87085;1;1;1;6;RD941 (OUEST);;
536544775;4;7;2024;15:04;1;87;87038;1;3;1;3;RN520 (COUZEIX);;
536544776;2;7;2024;20:25;1;85;85194;2;1;1;2;Rue de la pironnière;;
536544777;5;7;2024;14:05;1;84;84031;2;1;1;2;MISTRAL AVENUE FREDERIC;;
536544778;6;7;2024;00:55;5;84;84007;2;3;1;6;SAINT LAZARE (Boulevard);;
536544779;5;7;2024;16:15;1;84;84007;2;3;1;3;PRIEURE (RUE DU);;
536544780;4;7;2024;13:06;1;84;84007;2;1;1;6;CARDINAL BERTRAND (Cours)-MONTFAVET;;
536544781;5;7;2024;21:30;1;80;80379;2;1;1;7;D1029;;
536544782;5;7;2024;14:45;1;80;80021;2;1;1;7;Rue des Prémontrés;;
536544783;5;7;2024;12:40;1;80;80021;2;1;1;7;Rue Georges Beauvais;;
536544784;5;7;2024;22:50;5;78;78621;1;6;1;4;DREUX (ROUTE DE);;
536544785;5;7;2024;20:40;1;77;77350;2;3;1;6;AV DU GENERAL LECLERC;;
536544786;5;7;2024;20:20;1;76;76216;2;1;1;6;Route de Dieppe;;
536544787;4;7;2024;14:40;1;69;69029;2;1;1;6;Boulevard Pinel;;
536544788;5;7;2024;17:45;1;67;67482;2;3;1;3;FORET NOIRE (AVENUE DE LA);;
536544789;5;7;2024;14:35;1;67;67043;2;2;1;3;BISCHWILLER (ROUTE DE);;
536544790;3;7;2024;19:30;1;65;65440;2;5;1;3;CRONSTADT (RUE DE);;
536544791;5;7;2024;18:30;1;64;64129;2;1;1;6;TONKIN DU;;
536544792;5;7;2024;18:30;1;64;64129;2;6;1;3;PIEDMONT DU;;
536544793;5;7;2024;13:15;1;64;64445;2;4;1;3;LEON SAY;;
536544794;4;7;2024;18:00;1;64;64269;1;1;1;4;BEARN DU;;
536544795;4;7;2024;15:10;1;64;64122;2;1;1;3;IMPERATRICE (AVENUE DE L');;
536544796;5;7;2024;17:41;1;64;64024;2;3;7;3;BIARRITZ (AVENUE DE);;
536544797;6;7;2024;00:45;5;63;63113;2;3;1;3;BARBUSSE (RUE HENRI);;
536544798;5;7;2024;09:45;1;62;62758;2;1;3;6;Route de Saint Omer;;
536544799;5;7;2024;17:50;1;59;59291;2;2;1;6;MARECHAL LECLERC (AVENUE DU);;
536544800;6;7;2024;00:01;5;59;59350;2;1;1;3;Pont de Fives;;
536544801;5;7;2024;19:30;1;59;59350;2;3;8;1;Rue Ernest Loyer;;
536544802;4;7;2024;12:20;1;56;56162;2;1;1;6;Route du Courégant;;
536544803;5;7;2024;13:25;1;54;54395;2;1;1;2;Boulevard Lobau;;
536544804;5;7;2024;08:45;1;54;54304;2;2;1;2;Avenue de la Résistance;;
536544805;4;7;2024;16:10;1;51;51454;2;1;1;2;GARNIER (RUE FRANCIS);;
536544806;5;7;2024;14:05;1;49;49007;2;3;1;3;MOULIN BOULEVARD;;
536544807;5;7;2024;13:20;1;49;49007;2;1;1;2;COUBERTIN BOULEVARD;;
536544808;5;7;2024;14:45;1;45;45234;2;2;1;3;52 Rue Maurice Dubois;;
536544809;5;7;2024;20:35;1;41;41018;2;1;1;1;VILLOISEAU (RUE DE);;
536544810;5;7;2024;09:42;1;41;41018;2;1;1;6;BOURG SAINT JEAN (RUE DU);;
536544811;6;7;2024;00:01;5;38;38185;2;2;1;1;LESDIGUIERES (RUE)      8 A GAMBETTA;;
536544812;5;7;2024;20:45;1;37;37233;2;3;1;1;GRAND COUR (RUE DE LA);;
536544813;5;7;2024;18:25;1;37;37233;2;1;1;2;DUCLOS (AVENUE JACQUES);;
536544814;5;7;2024;17:45;1;37;37261;2;9;1;3;BERANGER (BOULEVARD);;
536544815;5;7;2024;15:15;1;36;36044;2;1;1;3;Rue Victor Hugo;;
536544816;5;7;2024;15:20;1;35;35051;2;1;1;3;BRAY (RUE DE);;
536544817;5;7;2024;15:15;1;35;35051;1;1;1;4;EST (ROCADE);;
536544818;5;7;2024;12:20;1;35;35051;1;1;1;3;PORTE DE LA RIGOURDIERE;;
536544820;6;7;2024;01:26;3;29;29019;1;1;1;2;route du Vieux Saint-Marc;;
536544821;5;7;2024;13:40;1;22;22278;2;2;1;6;FERRY (JULES);;
536544822;2;7;2024;15:55;1;22;22113;2;1;1;4;RESISTANCE (AVENUE DE LA);;
536544824;4;7;2024;11:50;1;15;15014;1;1;2;7;RN 122;;
536544825;6;5;2024;16:45;1;14;14118;2;9;1;3;1 Rue Claude Bloch;;
536544826;27;6;2024;00:50;5;13;13077;2;1;1;6;SEMARD PIERRE (bld);;
536544827;5;7;2024;18:00;1;13;13214;2;9;1;1;ROLAND DORGELES (BOULEVARD);;
536544828;5;7;2024;02:30;5;13;13208;2;1;1;3;HAMBOURG (BOULEVARD);;
536544829;4;7;2024;20:29;1;13;13207;2;1;1;3;CHARLES LIVON (BOULEVARD);;
536544830;5;7;2024;10:30;1;12;12145;1;4;1;3;D911;;
536544831;5;7;2024;18:45;1;06;06069;2;9;1;5;5 Boulevard Marcel Pagnol;;
536544832;5;7;2024;16:15;1;06;06069;1;1;1;3;193 Route d’Auribeau;;
536544833;5;7;2024;18:30;1;06;06027;2;1;1;3;98 Avenue de Nice;;
536544834;5;7;2024;11:15;1;04;04112;2;1;1;6;CLEMENCEAU (BD. G.);;
536544835;5;7;2024;22:40;5;03;03185;2;1;1;2;Rue Florane;;
536544836;5;7;2024;12:00;1;75;75117;2;1;1;7;BD PERIPHERIQUE INTERIEUR;;
536544837;4;7;2024;08:40;1;75;75118;2;1;1;5;PORTE DE CLIGNANCOURT;;
536544838;4;7;2024;00:15;5;75;75113;2;1;1;2;QUAI D IVRY;;
536544839;5;7;2024;15:20;1;75;75120;2;7;1;1;PORTE DE MONTREUIL;;
536544840;4;7;2024;17:00;1;75;75120;2;2;1;1;RUE DE LAGNY;;
536544841;5;7;2024;01:10;5;75;75116;2;2;1;3;ROUTE DE LA MUETTE A NEUILLY;;
536544842;5;7;2024;13:15;1;75;75114;2;3;1;6;RUE DU GENERAL HUMBERT;;
536544843;14;7;2024;12:35;1;84;84065;1;1;1;6;Chemin de Puget;;
536544844;17;6;2024;04:45;3;84;84087;1;3;1;3;CHAMPLAIN (CHEMIN DE);;
536544845;13;9;2024;15:28;1;987;98735;2;3;1;1;CLEMENCEAU (RUE);;
536544846;14;9;2024;22:15;5;974;97416;2;1;1;2;LEBLOND 1 (RUE MARIUS ET ARY);;
536544847;14;9;2024;14:35;1;974;97416;1;1;1;2;RN 03;;
536544848;14;9;2024;09:25;1;973;97302;2;6;1;3;GIRATOIRE MARINGOUINS;;
536544849;14;9;2024;03:50;5;69;69386;2;2;1;1;Rue Duquesne;;
536544850;14;9;2024;02:08;5;69;69382;2;1;1;6;Quai Jean Moulin;;
536544851;13;9;2024;17:20;1;95;95572;2;1;2;6;D14;;
536544852;14;9;2024;15:05;1;91;91326;2;1;1;4;COUR DE FRANCE (AVENUE DE LA);;
536544853;1;9;2024;21:25;3;89;89387;1;1;1;1;D606;;
536544854;14;9;2024;11:30;1;84;84035;2;6;6;3;BELLEVUE (CARREFOUR);;
536544855;13;9;2024;12:50;1;83;83137;2;1;1;6;REBOUL (RUE LEON);;
536544856;14;9;2024;13:10;1;80;80164;1;1;1;2;CORBIE (ROUTE);;
536544858;14;9;2024;16:10;1;78;78172;2;1;1;6;PASTEUR (RUE);;
536544859;13;9;2024;10:05;1;72;72181;2;9;1;6;SISLEY ALFRED (RUE);;
536544860;14;9;2024;10:00;1;71;71040;2;2;1;3;BIZOTS (ROUTE DES);;
536544861;14;9;2024;19:45;2;69;69266;2;3;1;6;Route de Genas;;
536544862;14;9;2024;18:34;1;69;69266;2;3;1;6;73 Cours Tolstoï;;
536544863;13;9;2024;16:50;1;69;69264;2;9;1;6;Avenue Saint-Exupery;;
536544864;14;9;2024;03:45;5;67;67447;2;1;1;7;CRONENBOURG (RUE DE);;
536544865;14;9;2024;19:10;1;64;64445;2;2;1;2;ALSACE LORRAINE D';;
536544866;14;9;2024;13:15;1;64;64348;2;1;1;2;EUROPE DE L';;
536544867;14;9;2024;19:50;2;64;64125;1;1;1;4;RUE BAZTER;;
536544868;13;9;2024;17:55;1;64;64122;2;1;1;2;EDITH CAVELL (AVENUE);;
536544869;14;9;2024;18:54;1;64;64102;2;1;1;2;SAINTE CROIX (AVENUE DE);;
536544870;18;7;2024;08:20;1;13;13212;1;1;1;2;A507 sens Aubagne- Marseille;;
536544871;9;7;2024;19:30;1;13;13071;1;1;1;7;A55-Sens Martigues vers Marseille;;
536544872;14;9;2024;09:00;1;64;64102;2;1;1;3;PAUL PRAS (AVENUE);;
536544873;4;7;2024;08:25;1;13;13070;2;1;1;3;A50-Sens Aubagne vers Marseille;;
536544874;11;9;2024;19:10;1;62;62133;2;1;1;3;D46;;
536544875;8;7;2024;10:15;1;13;13026;1;1;1;2;A55-Sens Martigues vers Marseille;;
536544876;2;7;2024;16:30;1;13;13211;1;1;1;3;A50-Sens Aubagne vers Marseille;;
536544877;13;9;2024;13:25;1;58;58194;2;3;1;1;FRANCIS GARNIER;;
536544878;25;11;2024;17:46;1;987;98735;2;1;1;3;MOTU UTA;;
536544879;26;11;2024;16:50;1;974;97411;2;1;1;3;GIBERT DES MOLIERES (RUE);;
536544880;14;9;2024;21:00;3;49;49267;1;3;1;3;RD 347;;
536544881;14;9;2024;10:25;1;44;44162;2;9;7;6;Boulevard du Val de Chézine;;
536544882;26;11;2024;15:20;1;973;97302;1;1;1;2;ROUTE NATIONALE 1;;
536544883;14;9;2024;17:15;1;37;37261;2;2;1;6;EUROPE (AVENUE DE L');;
536544884;26;11;2024;07:56;1;973;97302;2;1;2;3;MADELEINE (ROUTE DE LA);;
536544885;14;9;2024;15:50;1;37;37261;2;1;1;2;BERT (QUAI PAUL);;
536544886;26;11;2024;07:20;1;973;97302;2;1;1;3;FELIX EBOUE(ROCADE);;
536544887;25;11;2024;18:20;2;973;97302;2;1;1;1;JACARANDAS (CITE);;
536544888;14;9;2024;10:00;1;35;35238;2;1;1;2;NANTES (RUE DE);;
536544889;25;11;2024;17:37;1;973;97302;2;6;1;2;BADUEL (ROUTE DE);;
536544890;27;4;2024;06:00;2;976;97612;1;1;1;1;RN 1;;
536544891;13;9;2024;16:45;1;35;35238;2;6;1;3;ROUTE DE SAINT-MALO;;
536544892;27;4;2024;00:01;5;83;83116;1;1;2;6;sortie n°34 Autoroute A8;;
536544893;14;9;2024;19:15;1;34;34172;2;1;1;3;PALAVAS (AVENUE DE);;
536544894;25;11;2024;09:40;1;973;97302;2;1;1;4;BADUEL (ROUTE DE);;
536544895;25;4;2024;07:00;1;987;98733;1;1;1;3;PK 25.400, RT1,;;
536544896;26;11;2024;20:10;5;69;69387;2;1;1;6;Boulevard Chambaud de la Bruyère;;
536544897;14;9;2024;13:15;1;30;30007;2;3;1;3;VERNE (RUE JULES);;
536544898;27;4;2024;18:19;3;988;98833;1;1;2;7;RPN3, tribu de Koh;;
536544899;26;11;2024;22:00;5;69;69388;2;2;1;3;Rue Louis Jouvet;;
536544900;9;9;2024;21:30;3;29;29232;1;1;1;2;RN 165;;
536544901;13;9;2024;23:45;3;27;27681;1;1;1;7;QUEUE D'HAYE (RUE DE LA );;
536544902;26;4;2024;17:45;1;95;95446;2;1;1;3;D151;;
536544903;26;11;2024;15:31;1;69;69387;2;3;1;1;Avenue Jean Jaurès;;
536544904;13;9;2024;17:35;1;22;22360;1;1;1;2;RD700;;
536544905;26;11;2024;08:00;1;69;69383;2;1;8;3;Boulevard Marius Vivier-Merle;;
536544906;15;4;2024;10:02;1;91;91207;2;1;1;6;Rue de la Fausse Clairette;;
536544907;14;9;2024;03:50;4;22;22187;1;6;1;6;RD786;;
536544908;26;11;2024;18:40;3;972;97213;1;1;1;2;ROUTE NATIONALE 6;;
536544909;14;9;2024;20:08;1;19;19031;2;6;1;3;CHAUMEIL (RUE PIERRE);;
536544910;27;4;2024;04:30;5;91;91661;1;1;2;2;Rue de la Prairie;;
536544911;26;11;2024;09:31;1;972;97213;1;1;2;2;AUTOROUTE A1;;
536544912;14;9;2024;10:25;1;14;14366;2;3;1;2;74 Rue du Général Leclerc;;
536544913;27;4;2024;15:55;1;78;78276;1;1;2;1;rue du temple;;
536544914;27;4;2024;06:00;2;2B;2B289;1;1;1;6;RT20 92+108;;
536544915;26;11;2024;11:30;1;972;97209;1;1;1;4;Bretelle sortie A1;;
536544916;13;9;2024;19:20;1;14;14271;1;1;1;4;N814;;
536544917;25;11;2024;16:15;1;972;97209;2;9;2;2;MARNE (BOULEVARD DE LA);;
536544918;27;4;2024;14:57;1;83;83023;2;6;1;3;Brignoles (Embranchement d'autoroute);;
536544919;15;9;2024;00:40;5;13;13208;2;1;1;1;MADRAGUE DE MONTREDON (AVE DE LA);;
536544920;26;11;2024;12:55;1;69;69034;2;1;1;3;Rue Pasteur;;
536544921;27;4;2024;09:50;1;38;38344;2;1;1;4;Route de Sablons;;
536544922;14;9;2024;15:00;1;13;13202;2;1;1;5;CARGO RHIN FIDELI (RUE);;
536544923;26;11;2024;11:20;1;95;95219;2;1;1;3;D192;;
536544924;26;4;2024;09:35;1;31;31505;1;1;1;6;D86;;
536544925;26;4;2024;19:20;1;17;17228;1;1;1;7;D140, rue du colonel Beltrame;;
536544926;14;9;2024;01:30;5;13;13216;2;4;1;1;ROGER CHIEUSSE (BOULEVARD);;
536544927;26;11;2024;10:15;1;95;95218;2;1;1;4;N184;;
536544928;26;4;2024;04:24;3;72;72264;2;1;1;2;Rue du Clos du Bois;;
536544929;14;9;2024;19:45;1;13;13001;2;1;1;3;ROI RENE (BD DU);;
536544930;24;4;2024;15:30;1;49;49301;2;1;2;2;Rue de la Vendée (St Macaire-en-Mauges);;
536544931;26;11;2024;13:20;1;91;91228;2;2;1;3;MARECHAL LECLERC (BD);;
536544932;14;9;2024;11:00;1;06;06027;2;1;1;5;12 Avenue de Cannes;;
536544933;25;11;2024;12:40;1;91;91174;2;1;2;6;BD HENRI DUNANT;;
536544934;24;4;2024;09:50;1;44;44215;2;6;1;3;Boulevard Auguste Priou;;
536544935;25;11;2024;17:15;3;88;88383;2;1;3;6;Rue Jules Ferry;;
536544936;13;9;2024;08:45;1;04;04112;2;1;1;2;MAJORAL ARNAUD (AV.);;
536544937;27;4;2024;08:10;1;50;50294;1;1;1;1;D900;;
536544938;26;11;2024;16:45;1;86;86157;1;1;1;1;RN 147;;
536544939;26;4;2024;23:15;3;60;60446;1;1;2;2;N2;;
536544940;13;9;2024;15:15;1;03;03185;2;6;1;3;Avenue des Guineberts;;
536544941;21;11;2024;12:20;1;86;86157;2;1;6;6;RN 147;;
536544942;27;4;2024;02:10;3;02;02282;1;1;1;1;Route Departementale 1044;;
536544943;13;9;2024;12:20;1;75;75120;2;1;1;3;BOULEVARD PERIPHERIQUE INTERIEUR NORD;;
536544944;27;4;2024;10:40;1;59;59034;1;1;1;1;CD 549;;
536544945;12;11;2024;10:10;1;84;84031;1;1;1;6;LEGUE CHEMIN DE LA;;
536544946;13;9;2024;23:25;5;75;75105;2;3;1;3;QUAI DE MONTEBELLO;;
536544947;25;4;2024;08:30;1;83;83090;1;1;1;2;A50;;
536544948;26;11;2024;14:40;1;83;83137;2;1;1;6;BARTOLINI (RUE JEAN);;
536544949;14;9;2024;09:30;1;75;75118;2;2;1;3;BOULEVARD BARBES;;
536544950;25;4;2024;16:10;1;42;42218;1;1;1;6;N88;;
536544951;26;11;2024;17:56;5;83;83061;2;1;1;6;AVENUE ANDRE LEOTARD;;
536544952;14;9;2024;09:00;1;75;75110;2;3;1;3;BOULEVARD DE MAGENTA;;
536544953;25;11;2024;13:00;1;83;83141;1;1;1;1;LE VIGNARET (308 ROUTE DE LA MOTTE);;
536544955;23;8;2024;12:20;1;75;75116;2;1;1;7;BOULEVARD SUCHET;;
536544957;25;11;2024;16:25;1;80;80261;1;1;2;5;D210;;
536544958;14;9;2024;08:00;1;75;75114;2;4;1;6;RUE DAREAU;;
536544959;24;11;2024;11:20;1;80;80164;1;1;6;3;D1;;
536544960;26;4;2024;08:30;1;93;93053;1;1;1;5;A3;;
536544961;14;9;2024;04:40;5;75;75109;2;1;1;6;BOULEVARD HAUSSMANN;;
536544962;12;11;2024;10:45;1;95;95218;2;1;8;6;D48E;;
536544963;26;4;2024;12:05;1;95;95572;1;1;1;4;N184;;
536544964;14;9;2024;12:45;1;94;94081;2;1;1;6;Rue Désiré Granet;;
536544965;26;4;2024;07:38;1;93;93066;1;1;1;5;A1;;
536544966;14;9;2024;14:20;1;94;94068;2;2;1;3;Rue Jean Mermoz;;
536544967;26;11;2024;20:00;3;77;77114;1;1;1;4;D471;;
536544968;26;4;2024;01:20;3;95;95582;1;1;1;6;A15;;
536544969;13;9;2024;21:45;5;94;94071;2;1;2;1;Rue de la Cité Verte;;
536544970;26;11;2024;11:45;1;76;76319;1;1;1;3;Boulevard Maritime;;
536544971;25;4;2024;07:00;1;987;98735;2;1;1;3;BRUAT (AVENUE);;
536544972;14;9;2024;21:45;5;93;93070;2;2;1;3;VICTOR-HUGO (BD);;
536544973;26;11;2024;09:35;1;76;76497;2;1;1;2;N338 - Sud 3;;
536544974;25;4;2024;23:50;5;69;69383;2;2;1;3;Rue Trarieux;;
536544975;26;11;2024;07:50;1;72;72181;1;1;5;2;PATTON GENERAL RTE ST-AUBIN A AV RUBILLA;;
536544976;14;9;2024;13:30;1;93;93014;2;1;1;2;GAGNY (ALLEE DE);;
536544977;25;4;2024;16:05;1;69;69386;2;2;1;3;Boulevard des Belges;;
536544978;25;11;2024;13:29;1;72;72181;2;6;1;3;EINSTEIN ALBERT (RUE);;
536544979;25;4;2024;11:55;1;972;97209;2;1;1;2;BOUILLE (RUE);;
536544980;25;11;2024;17:30;1;71;71076;2;1;1;6;SAINT COSME (GRANDE RUE);;
536544981;26;11;2024;12:20;1;67;67482;2;1;1;3;RATHSAMHAUSEN (RUE DE);;
536544982;24;4;2024;18:10;2;972;97209;2;1;1;2;RD 41 (ROCADE);;
536544983;14;9;2024;00:30;5;93;93046;2;3;1;6;AMEDEE DUNOIS RUE;;
536544984;26;11;2024;08:25;1;67;67482;2;1;1;3;FAUBOURG DE SAVERNE (RUE DU);;
536544985;13;9;2024;23:55;3;93;93046;2;1;1;6;VAUJOURS CHEMIN DE;;
536544986;26;4;2024;01:30;5;69;69384;2;1;2;3;93 Grande Rue de la Croix-Rousse;;
536544987;25;11;2024;17:55;5;64;64024;2;3;8;1;HARDOY (RUE DE);;
536544988;25;4;2024;14:25;1;69;69034;2;1;1;6;75 Rue Pasteur;;
536544989;14;9;2024;19:05;1;93;93079;2;1;1;3;MAROC (AV);;
536544990;24;4;2024;06:51;1;971;97113;1;1;1;7;RN4-ROND POINT SAINT FELIX;;
536544991;25;11;2024;16:55;1;64;64102;2;1;8;2;URSUYA (AVENUE DE L');;
536544992;14;9;2024;09:00;1;93;93027;2;1;1;2;JAURES (AVENUE JEAN);;
536544993;23;4;2024;22:40;5;971;97101;1;1;1;6;RN11;;
536544994;25;11;2024;09:20;1;64;64024;2;1;3;3;SAINT PEE (ROUTE DE);;
536544995;23;4;2024;20:25;5;971;97101;2;1;1;6;CHAUVEL;;
536544996;13;9;2024;22:05;5;93;93027;2;2;1;3;VAILLANT-COUTURIER (AVENUE PAUL);;
536544997;25;11;2024;17:30;5;63;63300;2;1;2;6;STADE (AVENUE DU);;
536544998;25;4;2024;13:45;1;91;91122;2;9;1;1;CHARTRES (ROUTE DE);;
536544999;25;11;2024;17:15;5;63;63032;2;1;2;6;RIVAUX (AVENUE DES);;
536545000;14;9;2024;13:20;1;93;93008;2;9;1;3;BARBUSSE (AVENUE HENRI) A30;;
536545001;24;4;2024;18:00;1;91;91223;2;9;1;7;SAINT MICHEL (BOULEVARD);;
536545002;26;11;2024;07:10;5;59;59527;2;1;2;6;Rue du Général Leclerc;;
536545003;13;9;2024;20:00;2;93;93001;2;1;1;3;JEAN JAURES (AVE)  215 =>;;
536545004;23;4;2024;13:41;1;87;87085;2;1;1;6;BAUDIN ( AVENUE) (VC);;
536545005;14;9;2024;11:00;1;92;92073;2;1;1;6;JAURES (AVENUE JEAN);;
536545006;22;4;2024;08:00;1;85;85194;2;6;1;3;Avenue du commandant belmont;;
536545007;25;11;2024;19:00;5;59;59009;2;5;8;3;OUEST BOULEVARD DE L;;
536545008;14;9;2024;13:00;1;92;92050;2;1;1;6;JOFFRE MARECHAL AVENUE DU;;
536545009;24;4;2024;12:20;1;84;84087;2;1;1;3;MISTRAL (AVENUE FREDERIC);;
536545010;14;9;2024;00:30;5;92;92050;2;1;1;6;BOULEVARD DE LA DEFENSE;;
536545011;26;11;2024;08:00;2;59;59183;2;1;3;6;MAGASIN GENERAL;;
536545012;25;4;2024;15:55;1;83;83126;2;2;1;1;BARTOLINI (AV JEAN);;
536545013;14;9;2024;19:20;1;92;92035;2;1;1;3;Général de Gaulle  ( avenue du );;
536545014;26;11;2024;11:15;1;59;59183;2;1;2;3;REPUBLIQUE;;
536545015;25;4;2024;15:25;1;83;83129;2;1;1;3;LOMBARD (CHEMIN DE);;
536545016;14;9;2024;18:52;1;92;92026;2;1;1;6;ALBERT GLEIZES (AVENUE);;
536545017;25;11;2024;17:45;3;56;56121;2;1;2;2;D465 Desserte Portuaire;;
536545018;14;9;2024;19:00;1;92;92012;2;1;1;7;SILLY (RUE DE) 1/87 - 2/88;;
536545019;25;4;2024;20:35;1;81;81065;2;1;1;5;ALBERT 1° (AV);;