Num_Acc;jour;mois;an;hrmn;lum;dep;com;agg;int;atm;col;adr;lat;long
536545674;6;2;2024;08:40;1;94;94077;2;2;1;3;Avenue Pasteur / Rue Marcel Risser;;
536545675;8;8;2024;14:00;1;29;29185;2;1;2;6;Lieu Dit Poulfoen;;
536545676;6;2;2024;08:45;1;93;93078;2;6;1;2;Boulevard Robert Ballanger / Avenue Georges Clémenceau;;
536545677;20;11;2024;07:15;3;74;74165;1;2;1;3;Route de bloye;;
536545678;9;8;2024;11:35;1;02;02666;1;1;1;1;d946;;
536545679;15;11;2024;18:35;3;74;74256;2;1;1;6;164 Rue des trois lacs;;
536545680;6;2;2024;15:30;1;93;93055;2;2;1;3;Avenue Édouard Vaillant / Rue Magenta;;
536545681;8;8;2024;19:00;2;15;15168;1;1;1;7;RD 4;;
536545682;4;2;2024;23:00;5;93;93013;2;3;1;3;Avenue de la Division Leclerc / Rue Camille Dramart;;
536545683;14;11;2024;17:09;2;74;74081;2;3;1;3;Avenue de la république;;
536545684;8;8;2024;20:15;2;01;01196;1;3;1;6;Route des Forays;;
536545685;6;2;2024;15:00;1;93;93001;2;1;1;3;Rue Léopold Réchossière;;
536545686;9;8;2024;18:40;1;06;06090;2;1;1;7;75 Boulevard de la Mourachonne;;
536545687;10;11;2024;05:30;3;74;74220;1;6;5;6;D2;;
536545688;6;2;2024;20:50;4;92;92078;2;3;1;3;VIEUX CHEMIN DE ST DENIS (AVENUE);;
536545689;7;8;2024;19:00;1;14;14371;1;1;1;5;Route de la Côte Fleurie;;
536545690;7;11;2024;16:45;1;74;74267;2;1;1;7;Route d'albertville;;
536545691;5;2;2024;22:32;5;92;92075;2;1;1;6;PAIX (AVENUE DE LA);;
536545692;6;2;2024;13:14;1;92;92048;2;1;1;7;PAVE DES GARDES (ROUTE DU);;
536545693;7;8;2024;00:15;3;14;14486;1;1;1;6;D91A;;
536545694;6;2;2024;00:25;5;92;92012;2;1;1;2;GENERAL LECLERC (AVENUE DU) 35/FIN - 60/;;
536545695;1;11;2024;16:26;1;74;74148;1;1;1;1;D110;;
536545696;8;8;2024;21:40;3;14;14370;2;1;1;7;250 Rue des Aunais;;
536545697;18;11;2024;17:25;5;94;94076;2;3;2;6;Avenue de la Division Leclerc;;
536545698;8;8;2024;14:00;1;60;60009;1;1;1;5;D927;;
536545699;6;2;2024;08:01;1;92;92002;2;3;1;3;LEON JOUHAUX (AVENUE);;
536545700;9;8;2024;16:00;1;64;64405;2;1;1;6;31 Rue du Bourg Mayou;;
536545701;1;11;2024;05:50;3;57;57433;1;6;9;7;D112f;;
536545702;6;2;2024;18:28;2;71;71047;2;2;1;3;10 Rue des Prébendes;;
536545703;7;8;2024;11:50;1;43;43111;1;1;1;6;Le Cros du Pouget;;
536545704;8;8;2024;15:40;1;10;10328;1;1;7;1;D960;;
536545705;7;2;2024;04:55;3;28;28161;1;1;1;2;A11 - PK 94+400 (vers LE MANS);;
536545706;25;11;2024;10:50;1;13;13026;2;6;1;6;RN 568;;
536545708;7;2;2024;12:50;1;51;51217;1;1;2;6;D18;;
536545709;18;11;2024;14:15;1;88;88484;1;1;2;6;D39;;
536545710;9;8;2024;18:35;1;07;07009;2;1;1;2;rd82;;
536545711;7;2;2024;04:51;3;25;25020;1;1;2;5;Autoroute A36 PK051.600 en direction de BELFORT;;
536545712;12;11;2024;19:32;5;88;88160;2;2;1;6;ALSACE (RUE D');;
536545713;8;8;2024;17:30;1;21;21399;1;2;1;3;D981;;
536545714;4;2;2024;15:45;1;62;62752;2;3;1;3;D143;;
536545715;22;11;2024;13:05;1;88;88349;2;1;4;1;1705 Rue de Gérardmer;;
536545716;8;8;2024;21:45;3;85;85096;1;1;1;7;le Péault;;
536545717;24;1;2024;11:25;1;68;68315;2;1;1;6;Place de l'Eglise;;
536545719;13;11;2024;06:55;2;88;88165;2;1;1;3;64 Rue du Vivier;;
536545720;9;8;2024;12:20;1;37;37084;1;1;1;6;D766;;
536545721;7;2;2024;11:20;1;50;50137;1;1;2;1;D999 PK PR 038+900;;
536545722;12;11;2024;14:40;1;88;88521;1;1;1;3;D46;;
536545723;9;8;2024;15:15;1;37;37279;1;1;1;3;route du lude;;
536545724;7;2;2024;05:20;3;51;51227;1;1;6;6;RD 2;;
536545725;2;8;2024;11:35;1;62;62160;2;1;1;7;Rue d'Outreau;;
536545726;9;8;2024;17:32;1;30;30248;2;2;1;2;Route de Saint-chaptes;;
536545727;6;2;2024;06:45;3;59;59533;2;2;1;3;D942;;
536545728;1;8;2024;10:30;1;62;62160;2;1;1;6;Rue Edmond Rostand;;
536545731;19;7;2024;17:25;1;62;62160;2;3;1;1;Boulevard Chanzy;;
536545732;8;8;2024;15:05;1;06;06085;1;1;1;3;A8 PR 163 + 0;;
536545733;6;2;2024;16:45;1;32;32107;1;1;1;1;4662 Route d?Auch;;
536545734;28;9;2024;16:15;1;59;59129;1;1;1;3;Huquinville;;
536545735;6;2;2024;22:20;3;49;49125;2;2;1;6;Rue du parc;;
536545736;8;8;2024;17:30;1;06;06029;1;1;1;2;A8;;
536545737;20;7;2024;10:05;1;73;73008;2;6;1;3;D1201 Bd Jean Charcot;;
536545738;6;2;2024;11:00;1;49;49228;1;2;1;3;Noyant-Villages;;
536545739;9;8;2024;15:18;1;21;21173;1;9;7;3;A31 PK 003.200;;
536545740;7;2;2024;09:55;1;46;46264;1;1;1;1;D12;;
536545741;2;8;2024;17:10;1;30;30189;1;1;1;2;A9 - PK 56;;
536545742;6;2;2024;13:26;1;44;44067;1;1;1;3;11 le Pont Esnault;;
536545743;24;7;2024;16:20;1;11;11202;1;1;7;6;D327;;
536545744;17;11;2024;03:16;3;17;17291;1;1;1;2;N11;;
536545745;7;2;2024;12:30;1;31;31118;1;1;1;3;Route de Fronton;;
536545746;8;8;2024;20:35;3;988;98808;1;1;1;1;Houaïlou;;
536545747;17;11;2024;22:55;5;13;13208;2;1;1;7;SCHLOESING (BOULEVARD);;
536545748;5;2;2024;22:00;3;38;38141;1;1;1;7;Route des Rôles;;
536545749;4;3;2024;17:30;1;978;97801;2;1;1;3;R DE FRIAR'S BAY;;
536545750;7;2;2024;14:45;1;06;06038;2;1;1;1;Route de Nice;;
536545751;5;7;2024;00:12;5;13;13208;2;1;1;2;HAMBOURG (BOULEVARD);;
536545752;9;8;2024;05:10;5;977;97701;1;6;1;3;rond point de la Tourmente;;
536545753;6;2;2024;07:27;5;21;21603;2;1;1;6;13 Avenue du Général Mazillier;;
536545754;8;8;2024;01:00;3;977;97701;1;1;1;1;TOINY;;
536545755;7;2;2024;08:40;1;40;40273;2;1;1;7;Rue Ambroise 2;;
536545756;19;11;2024;12:45;1;75;75119;2;3;1;2;RUE DES BOIS;;
536545757;6;2;2024;15:30;1;40;40044;1;1;1;1;d817;;
536545758;9;8;2024;00:45;3;972;97224;2;1;3;1;D47 Bois du Parc;;
536545759;19;11;2024;19:20;5;75;75109;2;7;2;6;PLACE DE L OPERA;;
536545760;7;8;2024;14:03;1;29;29147;2;1;7;6;Chemin de Keriouant;;
536545761;2;2;2024;08:50;1;30;30075;1;1;1;5;Route de Sauve;;
536545762;19;11;2024;08:05;2;75;75109;2;3;2;3;BOULEVARD DE CLICHY;;
536545763;8;8;2024;15:50;1;77;77027;2;1;1;6;D43;;
536545764;18;11;2024;09:00;1;75;75109;2;7;2;3;RUE DE DOUAI;;
536545765;21;1;2024;06:00;3;80;80318;1;1;1;6;Autoroute A16 - PK 147+675;;
536545766;7;8;2024;19:24;1;95;95690;1;1;1;7;D205;;
536545767;18;11;2024;15:47;1;75;75102;2;7;2;3;PLACE DE L OPERA;;
536545768;9;8;2024;08:45;1;78;78206;1;1;1;3;D113;;
536545769;17;11;2024;19:25;5;94;94060;1;1;1;2;Cuvette de Champlain;;
536545770;19;11;2024;18:55;5;93;93047;2;1;2;2;JEAN JAURES (AVENUE);;
536545771;6;2;2024;14:40;1;34;34333;1;9;1;3;D114;;
536545773;7;2;2024;14:30;1;973;97309;2;1;1;1;Route des Plages;;
536545774;16;11;2024;23:55;3;59;59459;1;1;3;2;AUTOROUTE A23;;
536545775;7;2;2024;11:00;1;06;06085;1;1;1;3;160 Chemin des Colles;;
536545776;5;8;2024;12:45;1;13;13014;1;1;1;3;D113;;
536545777;16;11;2024;18:00;5;25;25462;2;7;1;3;MARECHAL DE LATTRE DE TASSIGNY (PLACE);;
536545778;9;8;2024;01:50;3;13;13062;1;1;1;7;Route de Gardanne;;
536545779;6;2;2024;07:45;1;06;06085;2;1;1;3;2146 Avenue Marechal Juin;;
536545780;20;12;2024;00:01;5;93;93029;2;2;1;2;AUGUSTE BLANQUI;;
536545781;6;2;2024;19:45;3;971;97125;1;1;1;7;RN5;;
536545782;8;8;2024;11:30;1;63;63284;2;1;1;6;60 avenue de lyon;;
536545783;6;2;2024;19:10;5;977;97701;2;9;1;3;Rue de la République;;
536545784;9;8;2024;13:55;1;38;38003;1;1;1;1;Route de Bouge;;
536545785;22;12;2024;12:10;1;85;85008;1;1;3;2;A87, sortie 32;;
536545786;8;8;2024;23:10;4;09;09039;1;1;1;1;D625;;
536545787;6;2;2024;16:30;1;37;37056;1;2;1;5;D16;;
536545788;20;12;2024;16:20;1;48;48009;1;2;1;3;D809;;
536545789;9;8;2024;05:50;3;31;31433;2;1;1;2;Route d'Espagne;;
536545790;5;2;2024;06:45;2;34;34327;2;1;1;3;1 Avenue de Montpellier;;
536545791;14;11;2024;07:33;1;13;13041;2;6;1;3;avenue de nice;;
536545792;9;8;2024;20:10;1;40;40314;2;1;1;6;Route des Tucs;;
536545793;23;10;2024;16:20;1;30;30176;1;1;1;7;D113;;
536545794;6;2;2024;18:20;3;13;13066;1;4;1;3;D7n;;
536545797;25;1;2024;17:00;1;69;69116;2;3;1;1;513 Rue Sans Souci;;
536545798;8;8;2024;11:35;1;85;85003;1;1;1;4;RD948;;
536545799;18;11;2024;17:30;5;93;93062;2;6;2;6;THIERS (ROND POINT);;
536545801;9;8;2024;09:10;1;50;50099;2;1;2;2;8 Route de Saint-côme;;
536545802;8;8;2024;07:55;1;22;22093;1;2;1;7;La Suette Maroué;;
536545803;18;12;2024;13:45;1;21;21337;2;3;1;3;D976;;
536545805;9;8;2024;15:20;1;02;02684;2;3;1;6;64 Avenue de Sougland;;
536545808;15;7;2024;15:50;1;62;62893;2;1;2;6;D242;;
536545809;7;2;2024;08:00;1;62;62206;1;1;2;6;A16;;
536545810;6;2;2024;17:50;2;13;13214;2;1;1;3;A507 sens Marseille - Aubagne;;
536545811;11;7;2024;01:00;5;62;62893;2;2;1;3;D233E1;;
536545812;5;2;2024;07:31;1;13;13202;1;1;1;2;TVPCM-Sens Saint Victor vers Les Ports;;
536545813;2;7;2024;19:55;1;62;62643;2;2;1;3;Rue Auguste Comte;;
536545814;5;2;2024;21:43;3;13;13106;1;1;1;4;A7-Sens Lyon vers Marseille;;
536545815;27;6;2024;23:15;5;62;62160;2;1;1;7;Rue de Boston;;
536545816;5;2;2024;14:00;1;13;13071;1;1;1;3;A7-Sens Marseille vers Lyon;;
536545817;14;9;2024;17:25;1;84;84144;1;4;1;1;D 190;;
536545818;5;2;2024;13:00;1;13;13215;2;1;1;2;A7-Sens Lyon vers Marseille;;
536545819;14;9;2024;10:00;1;84;84087;1;2;1;3;ROUTE DE CHATEAUNEUF;;
536545820;5;2;2024;13:00;1;13;13117;1;1;1;4;A7-Sens Marseille vers Lyon;;
536545821;24;10;2024;00:15;3;84;84022;1;1;1;6;Route de Villedieu;;
536545822;16;10;2024;16:40;1;84;84087;2;3;8;6;RAMAS (CHEMIN);;
536545823;6;2;2024;06:50;3;69;69297;1;1;5;5;Autoroute 7;;
536545824;6;2;2024;19:14;3;91;91645;1;1;1;7;AUTOROUTE A86;;
536545825;11;10;2024;10:45;1;84;84137;2;9;1;6;Avenue des Choralies;;
536545826;6;2;2024;16:18;1;91;91661;1;1;1;3;AUTOROUTE A10;;
536545827;7;10;2024;18:15;1;84;84040;1;9;1;6;Route de Malaucene;;
536545828;5;10;2024;09:40;1;84;84137;2;6;7;6;avenue François miterrand;;
536545829;6;2;2024;09:05;1;91;91161;1;1;1;4;AUTOROUTE A6;;
536545830;4;10;2024;13:47;1;84;84034;1;1;1;6;D6;;
536545831;6;2;2024;08:50;1;91;91086;1;1;1;2;RN 104;;
536545832;19;11;2024;10:10;1;75;75120;2;1;2;2;BD PERIPHERIQUE EXTERIEUR;;
536545833;5;2;2024;23:42;3;94;94034;1;1;1;2;A6A;;
536545834;28;9;2024;16:00;1;2B;2B301;1;1;6;7;RD 81;;
536545835;6;2;2024;07:40;2;91;91064;1;1;1;3;N118;;
536545836;15;9;2024;15:20;1;2B;2B314;1;1;1;3;RD81;;
536545837;5;2;2024;19:45;5;92;92051;1;1;1;6;RN13;;
536545838;15;9;2024;11:00;1;2B;2B298;2;1;1;1;36 rue principale;;
536545839;5;2;2024;18:05;5;78;78431;1;1;2;2;A13;;
536545840;12;9;2024;14:15;1;2B;2B314;1;1;1;6;Informations;;
536545841;6;2;2024;17:40;3;94;94028;1;1;2;2;A86;;
536545842;28;7;2024;00:10;5;84;84003;2;1;1;1;Rue Saint-Lazare;;
536545843;18;1;2024;00:15;5;93;93048;2;1;8;6;Avenue Pasteur;;
536545844;6;2;2024;07:30;4;94;94017;1;1;8;5;A4;;
536545845;20;12;2024;08:00;1;01;01249;2;1;1;5;Pont;;
536545846;4;2;2024;21:10;5;988;98818;2;3;1;3;VOIE DE DEGAGEMENT EST/Rue De Charleroi;;
536545847;27;10;2024;09:30;1;69;69003;2;6;7;1;Quai de Villevert;;
536545848;5;2;2024;16:45;1;974;97409;1;1;1;4;RN2 SENS STE SUZANNE ST BENOIT;;
536545849;5;2;2024;16:00;1;973;97302;1;1;1;2;ROUTE NATIONALE 3;;
536545850;18;11;2024;19:40;5;75;75107;2;2;2;3;AVENUE BOSQUET;;
536545851;5;2;2024;14:15;1;972;97213;1;1;1;2;AUTOROUTE (A1);;
536545852;18;11;2024;11:40;1;75;75107;2;3;2;3;RUE DE L UNIVERSITE;;
536545853;3;2;2024;21:10;3;971;97101;2;1;1;4;PATRICK SAINT ELOI ( AVENUE );;
536545854;18;11;2024;17:40;5;94;94041;2;3;2;6;Rue Ernest Renan;;
536545855;5;2;2024;19:17;5;971;97105;2;1;1;6;CHARLES DE GAULLE (BD DU GENERAL);;
536545856;4;12;2024;18:15;3;34;34024;1;3;1;1;RD2;;
536545857;5;2;2024;13:30;1;95;95585;2;1;1;6;BAUVES (RUE DES);;
536545858;17;11;2024;15:00;1;95;95197;2;1;1;6;D928;;
536545859;16;11;2024;09:19;1;77;77449;2;1;1;6;RD 345;;
536545860;4;2;2024;07:58;2;87;87085;1;3;5;1;RN520;;
536545861;16;11;2024;17:15;1;32;32013;2;7;1;7;MASSENA (RUE);;
536545862;2;2;2024;15:58;1;87;87050;1;1;1;6;DE NIEUL (CHEMIN);;
536545863;25;10;2024;11:40;1;13;13056;2;3;7;6;DOUMER QUAI PAUL;;
536545864;2;2;2024;09:04;1;87;87085;2;3;1;3;PETINIAUD DUBOS (RUE);;
536545865;28;10;2024;17:00;1;74;74116;1;1;1;2;A410;;
536545866;12;11;2024;19:37;5;74;74012;2;1;1;7;ETREMBIERES (ROUTE D');;
536545867;31;10;2024;13:00;1;74;74010;1;1;1;7;D16;;
536545868;4;2;2024;04:50;5;86;86194;2;2;1;3;Avenue du Plateau des Glières;;
536545869;1;2;2024;10:00;1;83;83126;2;3;1;3;RENOIR (AV AUGUSTE);;
536545870;2;11;2024;14:55;1;74;74035;1;2;1;1;D910;;
536545871;5;2;2024;16:10;1;80;80001;2;1;1;6;69 Rue Saint Vulfran;;
536545872;31;10;2024;12:40;1;74;74056;1;1;1;1;Route des montets;;
536545873;5;11;2024;10:50;1;74;74027;1;1;1;7;D909;;
536545874;31;10;2024;18:15;5;74;74010;2;6;1;3;Avenue des trois fontaines (Seynod);;
536545875;31;10;2024;08:37;1;74;74225;2;1;1;1;Avenue de l'Arcalod;;
536545876;5;2;2024;19:35;5;77;77288;2;1;1;3;HIPPOLYTE ROSSIGNOL  (QUAI);;
536545877;27;10;2024;18:36;5;74;74211;2;2;1;3;1963 Route de la roche-sur-foron;;
536545878;5;2;2024;11:40;1;77;77059;1;1;1;3;GUERMANTES  (RUE DE  );;
536545879;17;10;2024;09:40;1;43;43157;2;9;8;7;Rue Louis Pascal;;
536545880;17;10;2024;04:45;3;43;43211;1;1;2;7;Route de Pont Lignon;;
536545881;12;10;2024;20:45;3;43;43162;1;1;6;6;D103;;
536545882;5;2;2024;12:40;1;76;76322;2;3;1;6;Avenue des Canadiens;;
536545883;11;10;2024;15:45;1;43;43157;1;6;1;6;D373;;
536545884;4;2;2024;01:40;5;76;76351;2;2;2;1;AMIRAL COURBET;;
536545885;30;9;2024;16:20;1;2B;2B033;2;1;1;4;11 - RT;;
536545886;5;2;2024;18:20;5;69;69256;2;1;1;1;10 Rue du 19 Mars 1962;;
536545887;27;9;2024;16:14;1;2B;2B037;1;1;1;6;TOUTES RUES;;
536545888;5;2;2024;11:05;1;69;69264;2;1;1;6;Route de Frans;;
536545889;25;10;2024;09:30;1;50;50395;1;1;2;1;RD 26;;
536545890;4;2;2024;17:25;2;69;69276;2;9;1;3;Route de Vénissieux;;
536545891;30;8;2024;20:45;4;972;97213;2;1;1;6;ROUTE NATIONALE 5;;
536545892;4;2;2024;02:00;5;69;69199;2;1;1;3;Rue Emile Zola;;
536545893;3;2;2024;11:40;1;67;67043;2;1;1;6;BISCHWILLER (ROUTE DE);;
536545894;27;12;2024;19:30;5;77;77018;2;1;1;3;BD DE L EUROPE;;
536545895;5;2;2024;09:10;1;64;64102;2;1;1;6;CHALIBARDON (RUE);;
536545896;25;12;2024;00:43;5;974;97415;2;1;1;6;Chemin Champ de Merle;;
536545897;4;2;2024;19:17;5;64;64102;2;1;1;2;LABOURD (PONT DU);;
536545898;18;12;2024;15:20;1;26;26301;2;6;1;3;Route de Valence;;
536545899;5;2;2024;20:40;4;63;63113;2;1;1;6;MARCHADIER (RUE ROBERT);;
536545900;18;5;2024;18:00;1;85;85284;1;2;1;3;RD32;;
536545901;5;2;2024;13:59;1;63;63113;2;2;1;3;DORMOY (AVENUE MARX);;
536545902;24;12;2024;14:10;1;27;27103;2;1;1;6;Rue de Rouen;;
536545903;21;8;2024;18:45;1;91;91103;2;6;1;6;RUE ALBERT CAMUS;;
536545904;31;1;2024;22:50;5;62;62667;2;2;2;3;Rue Carnot;;
536545905;9;8;2024;02:00;5;91;91174;2;9;1;6;AVENUE SERGE DASSAULT;;
536545906;5;2;2024;18:40;1;59;59350;2;1;1;3;Rue des Postes;;
536545907;5;2;2024;06:35;5;59;59350;2;2;8;3;Rue Colbert;;
536545908;18;10;2024;00:15;3;50;50003;2;1;1;6;Route de Saint Malo de la Lande;;
536545909;3;2;2024;16:30;1;52;52121;2;1;2;7;ALPHANDERY (RUE) IMPAIR;;
536545910;16;10;2024;05:50;3;50;50209;1;1;2;6;Route du Vast;;
536545911;5;2;2024;19:54;5;51;51573;2;1;1;3;VINGT NEUF AOUT 44 (AVENUE DU);;
536545912;24;6;2024;16:24;1;57;57194;1;1;1;5;Autoroute A31;;
536545913;4;2;2024;21:00;5;51;51454;2;1;2;1;LABERTE (RUE ADOLPHE);;
536545914;24;12;2024;17:40;5;93;93010;2;7;8;3;CARROUGES (CHEMIN DES);;
536545915;2;2;2024;16:37;1;49;49007;2;1;1;3;DE LATTRE DE TASSIGNY;;
536545916;29;12;2024;19:30;3;60;60288;1;1;5;6;D150;;
536545917;5;2;2024;18:00;5;37;37261;2;1;8;2;FOUCAULD (RUE CHARLES DE);;
536545918;27;12;2024;09:30;1;988;98812;1;9;1;2;Lieu dit Karembe;;
536545920;4;2;2024;18:10;2;37;37261;2;2;8;3;PREUILLY (BOULEVARD);;
536545921;5;2;2024;07:45;2;34;34129;2;1;1;6;FIGUIERES (AVENUE DE);;
536545922;27;12;2024;11:30;1;42;42149;1;1;1;1;D115;;
536545923;19;11;2024;00:46;3;94;94073;1;1;2;6;A86;;
536545924;5;2;2024;16:20;1;31;31555;2;3;1;3;SEJOURNE (AV PAUL) DU 1AU 16;;
536545925;5;2;2024;12:15;1;31;31555;2;1;1;6;PL JEANNE D ARC;;
536545926;30;5;2024;22:10;3;91;91228;2;2;2;3;BD CHAMPS ELYSEES 198;;
536545927;3;5;2024;16:30;1;91;91228;2;1;1;6;RUE DU BOIS BRIARD;;
536545928;5;2;2024;14:15;1;29;29232;2;1;1;3;Avenue de la France Libre;;
536545929;28;4;2024;08:50;1;91;91136;2;9;2;1;Route de Villebon;;
536545930;5;2;2024;16:05;1;29;29019;2;7;1;3;avenue Victor Le Gorgeu;;
536545931;5;2;2024;14:15;1;25;25462;2;1;1;3;DOUBS DE (DU 0 AU 24);;
536545932;24;4;2024;19:50;1;91;91648;1;1;1;5;D26;;
536545933;5;2;2024;07:15;5;25;25462;2;2;1;6;GARE (DE LA);;
536545934;31;8;2024;23:15;3;38;38053;2;1;1;2;BOIS MARTEL;;
536545935;3;2;2024;16:50;1;15;15014;2;1;7;2;Parking Avenue georges Pompidou;;
536545936;27;8;2024;08:50;1;38;38053;2;6;1;2;ALPES;;
536545937;5;2;2024;15:10;1;13;13215;2;1;1;3;CAP PINEDE (Avenue);;
536545938;26;10;2024;03:11;5;74;74002;2;1;1;1;Route d'annecy;;
536545939;5;2;2024;09:15;1;13;13203;2;1;1;6;MATHIEU STILATTI (RUE);;
536545940;25;10;2024;15:56;1;74;74280;1;1;1;3;D909;;
536545941;5;2;2024;16:20;1;13;13005;2;6;1;6;CANIERS (AVENUE DES);;
536545942;25;10;2024;21:45;5;74;74243;1;1;1;7;A40;;
536545943;5;2;2024;04:52;5;10;10387;2;6;1;3;Boulevard Georges Pompidou;;
536545944;24;10;2024;12:15;1;74;74010;2;1;1;1;Rue du champ de la taillée;;
536545945;24;10;2024;08:45;1;74;74108;2;1;1;6;590 Rte d?Annecy;;
536545946;5;2;2024;20:50;5;06;06088;2;2;1;3;Avenue Georges Clemenceau;;
536545947;24;10;2024;10:20;1;74;74056;2;1;1;6;42 Route des bossons;;
536545948;5;2;2024;12:50;1;05;05061;1;1;1;7;RN85;;
536545949;21;10;2024;19:40;3;74;74250;1;1;1;4;A40;;
536545950;23;1;2024;16:25;1;05;05061;2;6;1;3;EMILE DIDIER ( AV );;
536545951;17;10;2024;07:07;2;74;74118;1;1;2;4;A40;;
536545952;5;2;2024;19:15;5;75;75106;2;2;1;6;BOULEVARD SAINT MICHEL;;
536545953;21;10;2024;16:20;1;74;74185;1;3;1;3;808 Route du saleve;;
536545954;5;2;2024;14:55;1;75;75112;2;1;1;2;AVENUE DE SAINT MAURICE;;
536545955;14;10;2024;17:30;1;74;74010;1;1;1;1;Avenue d'aix-les-bains;;
536545956;5;2;2024;09:30;1;75;75111;2;3;1;3;AVENUE PARMENTIER;;
536545957;13;10;2024;20:30;3;74;74295;1;1;8;1;RD 902;;
536545958;5;2;2024;08:15;1;75;75110;2;4;1;6;BOULEVARD DE MAGENTA;;
536545959;12;10;2024;03:20;4;74;74262;1;1;5;2;A40;;
536545960;5;2;2024;06:56;5;75;75107;2;2;1;3;AVENUE DU MARECHAL GALLIENI;;
536545961;5;2;2024;01:30;5;94;94067;2;3;1;2;Avenue de Paris / Avenue Gambetta;;
536545962;5;10;2024;01:00;3;74;74282;1;1;1;1;D1203;;
536545963;5;2;2024;17:06;1;94;94046;2;1;1;6;Rue du Gué aux Aurochs;;
536545964;1;9;2024;16:00;1;74;74173;2;1;2;6;360 Rue des allobroges;;
536545965;4;2;2024;14:40;1;94;94019;2;1;1;3;Rue Molière;;
536545966;4;12;2024;19:10;5;68;68166;2;5;2;3;INDUSTRIE (RUE DE L');;
536545967;4;2;2024;07:00;2;93;93078;2;1;2;3;Rue de Paris;;
536545968;5;12;2024;13:55;1;46;46042;2;1;1;6;JACOBINS (RUE DES);;
536545969;5;2;2024;17:00;1;93;93064;2;2;1;3;Rue du Bel Air / Rue des 2 communes;;
536545970;5;2;2024;08:50;1;93;93013;2;3;1;3;Rue Edouard Vaillant / Rue Castelnau;;
536545971;13;1;2024;09:30;1;94;94046;2;2;1;3;Rue de Normandie / Rue Gabriel Péri;;
536545972;20;12;2024;11:30;1;38;38175;2;1;1;6;Rue Joliot Curie;;
536545973;3;2;2024;10:42;1;93;93027;2;2;2;3;Avenue Jean Jaurès / Rue Corneille;;
536545974;28;11;2024;17:00;1;34;34077;2;3;1;3;M21;;
536545975;4;2;2024;06:10;5;93;93008;2;1;2;7;Avenue Paul Vaillant - Couturier;;
536545976;15;6;2024;16:40;1;972;97213;1;1;1;4;ROUTE DEPARTEMENTALE 15;;
536545977;5;2;2024;07:55;1;92;92012;2;9;1;3;ROBERT SCHUMAN (AVENUE);;
536545978;15;6;2024;21:30;3;972;97213;1;1;1;3;ROUTE DEPARTEMENTALE 3;;
536545979;20;6;2024;10:35;1;972;97213;2;6;1;2;ROUTE NATIONALE 1;;
536545980;23;6;2024;03:29;5;972;97213;1;1;1;1;ROUTE DEPARTEMENTALE 15;;
536545981;11;6;2024;07:55;1;972;97213;1;1;1;1;ROUTE DEPARTEMENTALE 3 BIS;;
536545982;7;6;2024;02:20;5;972;97213;2;6;1;6;ROUTE DEPARTEMENTALE 15;;
536545983;8;6;2024;08:00;1;59;59305;1;1;1;2;AUTOROUTE A25;;
536545984;20;9;2024;16:15;1;43;43040;2;1;1;6;rue gustave eiffel;;
536545986;27;10;2024;16:15;1;73;73151;1;3;7;1;D201 Route des Marches;;
536545987;26;10;2024;14:05;1;73;73213;1;1;1;6;Autoroute A43 - PK 096.600;;
536545988;22;6;2024;10:25;1;84;84089;1;2;1;4;Route de la Bonde;;
536545989;27;9;2024;17:30;1;84;84086;1;9;1;4;D900;;
536545990;25;10;2024;17:00;1;19;19058;1;1;8;6;D47;;
536545991;6;11;2024;04:00;3;19;19274;2;1;5;2;avenue du griffolet;;
536545992;24;10;2024;16:35;1;19;19106;1;3;1;7;Barrierot;;
536545993;5;8;2024;17:35;1;19;19228;2;9;1;3;18 Le Bourg;;
536545994;11;11;2024;18:30;5;42;42218;2;1;8;5;Rue de la Montat;;
536545995;29;11;2024;16:00;1;68;68149;1;6;1;2;ALSACE ( AVENUE );;
536545997;28;8;2024;13:00;1;27;27082;1;1;1;1;D830;;
536545998;16;12;2024;12:30;1;77;77111;2;1;1;2;D344;;
536545999;9;12;2024;11:50;1;45;45075;2;1;1;3;1 Rue d'Aquitaine;;
536546000;13;9;2024;17:45;1;28;28033;2;2;1;7;Rue Saint-exupéry;;
536546001;22;8;2024;21:00;2;84;84031;2;1;1;2;OLIVIERS ALLEE DES;;
536546002;11;7;2024;15:45;1;84;84015;1;1;1;3;D974;;
536546003;3;6;2024;16:15;1;78;78621;2;1;1;2;TEISSERENC DE BORD (RUE);;
536546004;2;6;2024;05:25;5;77;77216;2;3;8;2;RUE WILSON;;
536546005;3;6;2024;11:39;1;77;77186;1;6;1;3;RD606. de la rochette à l'obélisque;;
536546006;2;6;2024;13:00;1;76;76575;2;3;1;3;Rue Ernest Renan;;
536546007;2;6;2024;21:50;2;76;76351;2;2;1;7;LIEUTENANT CLERIVET;;
536546008;3;6;2024;02:30;4;76;76341;2;1;1;7;ORCHER;;
536546009;1;6;2024;03:05;5;76;76351;2;6;1;7;FRISSARD (QUAI);;
536546010;3;6;2024;11:25;1;74;74012;2;1;1;2;DE GAULLE (AVENUE CHARLES);;
536546011;10;5;2024;17:35;1;73;73065;2;2;1;3;MONTMELIAN (FAUBOURG);;