Num_Acc;jour;mois;an;hrmn;lum;dep;com;agg;int;atm;col;adr;lat;long
536546012;1;6;2024;14:40;1;72;72181;1;9;1;3;LATTRE DE TASSIGNY MARECHAL DE (BD);;
536546013;3;6;2024;08:15;1;71;71540;2;9;1;2;CENTRE A CENTRE (ROUTE);;
536546014;3;6;2024;10:10;1;64;64445;2;2;1;1;CHAMPETIER DE RIBES;;
536546015;3;6;2024;08:50;1;64;64445;2;1;7;6;MARGUERITE LABORDE;;
536546016;2;6;2024;11:10;1;64;64445;2;1;1;6;PAIX;;
536546017;18;5;2024;00:39;5;64;64122;2;1;1;6;CHAPELET (RUE);;
536546018;2;6;2024;13:10;1;64;64122;2;3;1;3;MAYOL DE SENILLOSA (BD);;
536546019;11;5;2024;20:55;1;62;62065;2;1;1;7;Rue des Atrebates;;
536546020;3;6;2024;18:25;1;62;62193;2;1;1;2;Avenue Antoine de Saint Exupéry;;
536546021;3;6;2024;08:20;1;59;59599;2;1;1;6;Place de la Victoire;;
536546022;25;5;2024;17:50;1;59;59350;2;1;1;5;Rue Maurice Berteaux;;
536546023;3;6;2024;12:40;1;51;51454;2;1;1;3;EUROPE (AVENUE DE L');;
536546024;3;6;2024;14:30;1;51;51454;2;3;1;2;WITRY (ROUTE DE);;
536546025;3;6;2024;12:15;1;51;51454;2;3;1;3;BREBANT (AVENUE) DU 1 A 86;;
536546026;2;6;2024;09:20;1;51;51058;2;1;2;6;RUE LOUIS RENAULT;;
536546027;2;6;2024;12:35;1;50;50147;1;1;1;1;ROCADE NORD;;
536546028;1;6;2024;13:38;1;46;46042;1;1;2;3;Départementale 820;;
536546029;4;6;2024;01:30;3;45;45068;1;1;1;6;D2007 PR 15 + 972;;
536546030;3;6;2024;16:40;1;44;44109;2;6;1;6;65 Boulevard Lelasseur;;
536546031;3;6;2024;12:30;1;43;43089;2;1;1;7;22 Avenue de la Mairie;;
536546032;11;5;2024;23:23;5;42;42218;2;2;1;3;Boulevard Fredo Krumnow;;
536546033;3;6;2024;08:00;1;37;37122;2;1;1;3;LAVOISIER (RUE);;
536546034;3;6;2024;10:25;1;35;35238;2;6;7;3;FORCES FRANCAISES DE L'ONU (ROND POINT);;
536546035;2;6;2024;13:45;1;34;34032;1;2;1;2;RD.11;;
536546039;3;6;2024;23:35;3;31;31555;2;1;1;3;RTE DE SAINT SIMON;;
536546040;3;6;2024;18:00;1;31;31069;2;1;1;2;BRASSENS (AV GEORGES);;
536546041;3;6;2024;07:20;1;31;31555;2;1;1;3;RTE D ESPAGNE;;
536546042;3;6;2024;10:20;1;30;30007;2;1;1;1;MAS D'HOURS (QUAI DU);;
536546043;3;6;2024;10:25;1;28;28134;2;1;1;6;VIEUX PRE (PLACE DU);;
536546044;3;6;2024;16:30;1;27;27229;2;2;1;3;BUZOT (RUE);;
536546045;3;6;2024;15:25;1;27;27229;2;1;1;3;DUCY (RUE HENRI);;
536546046;3;6;2024;12:22;1;17;17300;2;3;1;6;LECLERC   AVENUE DU GENERAL;;
536546048;1;6;2024;17:20;1;15;15012;2;1;1;2;RD 320;;
536546049;3;6;2024;13:05;1;13;13117;1;3;1;3;LONDRES (AVENUE DE);;
536546050;3;6;2024;11:40;1;13;13205;2;2;1;3;SAINTE CECILE (RUE);;
536546051;3;6;2024;12:00;1;13;13208;2;1;1;3;PRADO (AVENUE DU);;
536546052;3;6;2024;18:50;1;13;13047;2;6;1;3;FELIX GOUIN AVENUE;;
536546053;3;6;2024;17:30;1;07;07281;2;1;1;3;REPUBLIQUE (RUE DE LA);;
536546054;3;6;2024;07:26;1;06;06088;2;1;1;6;40 Avenue du Ray;;
536546055;3;6;2024;09:20;1;03;03185;2;2;1;3;GUESDE ( AVENUE JULES );;
536546056;3;6;2024;10:10;1;01;01053;2;3;1;3;VICAIRE (RUE GABRIEL);;
536546057;2;6;2024;22:00;5;75;75116;2;1;1;7;BD PERIPHERIQUE EXTERIEUR;;
536546058;3;6;2024;10:10;1;75;75120;2;3;1;6;RUE DE MENILMONTANT;;
536546059;3;6;2024;08:50;1;75;75120;2;3;1;6;RUE D AVRON;;
536546060;1;6;2024;22:17;5;75;75114;2;2;2;3;AVENUE DE LA PORTE DE CHATILLON;;
536546061;1;6;2024;10:12;1;75;75120;2;5;2;6;RUE DES PYRENEES;;
536546062;3;6;2024;15:25;1;75;75110;2;4;1;6;RUE LA FAYETTE;;
536546063;3;6;2024;12:55;1;75;75109;2;3;1;1;RUE DE CLICHY;;
536546064;3;6;2024;15:02;1;75;75107;2;3;1;6;AVENUE DE LA BOURDONNAIS;;
536546065;3;6;2024;08:45;1;75;75115;2;1;1;3;RUE GASTON BOISSIER;;
536546066;3;6;2024;19:15;1;75;75101;2;2;1;2;RUE CAMBON;;
536546067;2;6;2024;02:50;5;94;94067;2;2;1;3;Avenue de Paris / Avenue Aubert;;
536546068;3;6;2024;07:30;1;94;94068;2;2;1;3;Avenue François Adam / Rue du Docteur Roux;;
536546069;3;6;2024;14:25;1;94;94041;2;2;1;6;Rue Pierre et Marie Curie / Avenue de Verdun;;
536546070;2;6;2024;21:17;1;94;94076;2;1;1;6;Rue Marcel Grosménil;;
536546071;3;6;2024;15:30;1;94;94019;2;6;1;6;Rue Rabelais / Route du Plessis;;
536546072;20;10;2024;15:15;1;52;52093;1;1;1;6;D17;;
536546073;3;6;2024;11:10;1;94;94075;2;3;1;5;Avenue du Mal de Lattre de Tassigny / Route de la Grange;;
536546074;16;10;2024;20:14;3;88;88116;1;1;2;7;Route du Menil;;
536546075;3;6;2024;09:00;1;93;93062;2;2;1;3;Allée des Coteaux / Avenue Thiers;;
536546076;2;6;2024;21:40;5;93;93057;2;2;1;3;Allée du Colonel Fabien / Allée de l'Enclos Fleury;;
536546077;20;10;2024;03:30;3;95;95678;1;1;2;6;N184;;
536546078;2;6;2024;20:19;1;93;93001;2;3;1;3;Rue des Postes / Rue des Quatre Chemins;;
536546079;20;10;2024;10:15;1;973;97309;2;1;1;6;Route de Montjoly;;
536546080;3;6;2024;18:40;1;92;92046;2;1;1;6;JULES GUESDE (RUE);;
536546081;3;6;2024;15:30;1;92;92064;2;9;1;2;GEORGES CLEMENCEAU;;
536546082;19;10;2024;05:30;1;987;98715;2;1;1;3;RT 1 PK 6.100;;
536546083;3;6;2024;21:20;1;92;92050;2;2;1;3;NATIONAL (BOULEVARD);;
536546084;3;6;2024;02:30;5;92;92051;2;1;1;6;SAINTE FOY (AVENUE);;
536546085;19;10;2024;21:45;3;69;69027;2;3;1;6;Route Départementale 342;;
536546086;3;6;2024;18:30;1;92;92050;2;3;1;3;SAINT CLOUD RUE DE;;
536546087;3;6;2024;11:01;1;92;92023;2;1;1;6;NORMANDIE (RUE DE);;
536546088;19;10;2024;11:45;1;72;72175;1;3;1;7;D 13;;
536546089;3;6;2024;14:50;1;92;92007;2;1;1;6;HUGO (AVENUE VICTOR);;
536546090;16;10;2024;09:00;1;971;97125;2;1;1;2;Chemin militaire;;
536546091;4;6;2024;18:40;1;50;50027;1;2;8;3;La Chauviniere;;
536546092;4;6;2024;05:30;2;06;06054;1;1;1;6;Ligne de Nice à Breil-sur-Roya (Pont);;
536546094;4;6;2024;15:34;1;95;95480;2;1;1;6;D4;;
536546095;19;10;2024;01:30;3;91;91671;2;1;2;6;D191;;
536546096;4;6;2024;13:40;1;95;95052;2;9;1;6;D78;;
536546097;20;10;2024;14:30;1;66;66171;2;1;1;3;Boulevard Aristide Maillol;;
536546098;3;6;2024;13:30;1;49;49188;1;1;1;7;La Croix des Landes;;
536546099;19;10;2024;22:00;3;66;66037;1;1;1;6;RD 617;;
536546100;3;6;2024;10:45;1;63;63349;1;1;5;3;lafont;;
536546101;19;10;2024;07:10;3;34;34067;1;1;2;6;D 4;;
536546102;3;6;2024;15:20;1;62;62166;1;1;1;3;D916;;
536546103;4;6;2024;07:15;1;83;83018;1;1;1;6;D13 PK 2.400;;
536546104;19;10;2024;16:21;1;05;05038;1;1;2;6;D902;;
536546105;20;10;2024;12:00;1;04;04197;2;1;1;6;rd 4096;;
536546106;3;6;2024;14:30;1;30;30047;1;3;1;2;D6113;;
536546107;20;10;2024;09:00;1;03;03187;1;1;1;6;Route de Gayette;;
536546108;4;6;2024;09:45;1;56;56158;1;6;1;3;giratoire Kroashent-tro Flumir;;
536546109;3;6;2024;10:15;1;77;77239;1;2;1;3;D231;;
536546110;15;5;2024;23:50;4;61;61211;2;1;1;6;D827;;
536546111;20;10;2024;14:05;1;01;01396;1;1;1;5;D122;;
536546112;4;6;2024;20:00;1;55;55010;1;1;1;6;Chemin de Chancenay;;
536546113;3;6;2024;18:10;1;49;49167;1;1;1;1;Route des Coteaux;;
536546114;19;10;2024;15:25;1;17;17308;2;2;1;4;Avenue de Villeneuve;;
536546115;3;6;2024;20:28;2;25;25620;1;1;2;1;D437;;
536546116;4;6;2024;12:50;1;25;25482;1;1;1;6;D67;;
536546117;18;10;2024;23:30;3;40;40244;1;1;2;6;D824;;
536546118;20;10;2024;06:30;3;24;24382;1;1;1;6;Route de Sarlat;;
536546119;2;6;2024;15:50;1;44;44092;2;1;1;4;1 Rue de la Grotte;;
536546120;3;6;2024;16:45;1;07;07010;1;3;7;3;Avenue Ferdinand Janvier;;
536546121;2;6;2024;22:50;5;40;40267;2;1;1;6;37 Allées Gaston Phoebus;;
536546122;19;10;2024;21:00;3;50;50294;1;1;1;6;D352;;
536546123;3;6;2024;12:20;1;24;24291;1;1;1;3;124 Route de Sarlat;;
536546124;20;10;2024;04:26;3;80;80105;1;2;1;3;D930;;
536546125;4;6;2024;17:00;1;30;30268;1;1;1;3;970 Route Departementale 59;;
536546127;27;9;2024;19:00;1;69;69273;1;1;1;5;Route Départementale 301;;
536546128;4;6;2024;08:36;1;06;06088;1;1;1;7;A8 PK 193.050;;
536546129;3;6;2024;11:45;1;974;97417;2;1;1;4;16b ravine ango;;
536546130;4;6;2024;13:15;1;974;97408;1;1;1;3;N1;;
536546131;18;10;2024;17:13;1;92;92064;1;1;1;2;A13;;
536546132;18;10;2024;13:18;1;92;92036;1;1;8;2;A86;;
536546133;3;6;2024;18:25;1;78;78590;1;1;1;3;D149;;
536546134;3;6;2024;12:35;1;13;13081;1;1;1;1;D21;;
536546135;28;5;2024;11:02;1;40;40294;1;1;1;6;Route de Saint Pandelon;;
536546136;18;10;2024;22:45;5;95;95277;1;1;1;2;D170;;
536546139;18;10;2024;15:20;1;77;77363;1;1;8;3;A104.INT;;
536546140;2;6;2024;10:30;1;50;50599;2;1;1;6;48 Les Amonteux;;
536546141;18;10;2024;20:00;5;69;69382;2;1;1;3;4 Quai Jules Courmont;;
536546142;3;6;2024;06:35;2;14;14646;1;2;1;3;D247;;
536546143;18;10;2024;12:05;1;69;69034;2;2;1;3;Avenue Général de Gaulle;;
536546144;3;6;2024;19:27;1;22;22299;1;2;1;3;Le Bois du Rocher;;
536546145;3;6;2024;12:15;1;22;22162;2;1;1;2;Rue de Penvern;;
536546146;18;10;2024;19:41;5;2B;2B033;2;6;1;3;AV DE LA LIBERATION;;
536546147;31;5;2024;15:25;1;67;67482;1;1;1;2;M35;;
536546148;8;10;2024;12:25;1;971;97113;1;1;2;7;Pont de BLANCHARD;;
536546150;31;5;2024;06:25;1;59;59343;1;1;1;6;AUTOROUTE A1;;
536546151;16;10;2024;07:47;1;971;97101;1;3;1;3;ROUTE DE BOISVINS;;
536546152;3;6;2024;20:05;1;94;94038;1;1;1;3;A6A;;
536546153;18;10;2024;11:37;1;2A;2A004;2;1;1;3;#Residence des Fleurs#;;
536546154;3;6;2024;07:30;1;94;94034;1;1;1;2;A86;;
536546155;18;10;2024;10:50;1;91;91689;1;3;8;3;RTE DE MONTJEAN;;
536546156;3;6;2024;08:00;1;92;92036;1;1;1;3;A86;;
536546157;3;6;2024;06:00;2;92;92064;1;1;1;3;A13;;
536546158;18;10;2024;11:05;1;91;91657;2;1;8;3;AV HENRI BARBUSSE;;
536546159;1;6;2024;17:52;1;78;78362;1;1;1;7;A13;;
536546160;18;10;2024;06:45;3;91;91691;2;1;2;1;GERMAINE(RUE);;
536546161;31;5;2024;22:45;3;78;78208;1;1;2;7;RN12 INT;;
536546162;17;10;2024;22:43;5;88;88413;2;1;1;2;Rue des 4 Fréres MOUGEOTTE;;
536546163;2;6;2024;03:40;4;95;95582;1;1;2;6;A15;;
536546164;18;10;2024;20:33;5;86;86194;2;2;1;3;Boulevard Bajon;;
536546166;11;4;2024;12:48;1;44;44109;2;1;1;6;Boulevard Bâtonnier Cholet;;
536546167;18;10;2024;08:00;1;84;84007;2;1;8;2;EUROPE (PONT DE L');;
536546168;9;4;2024;23:39;5;44;44143;2;6;1;7;74 Rue de la Chaussée;;
536546169;18;10;2024;18:00;1;81;81065;1;1;8;6;LAUTREC RD 83 (RTE DE);;
536546170;9;4;2024;14:31;1;44;44109;2;3;8;3;36 Rue de Gigant;;
536546171;18;10;2024;18:40;2;80;80021;1;1;1;7;Chaussée Saint-Pierre;;
536546172;9;4;2024;07:35;1;44;44109;2;6;1;3;Route de Vannes;;
536546173;9;4;2024;08:40;1;44;44143;2;1;1;7;68 Rue Camille Claudel;;
536546174;8;4;2024;09:49;1;44;44109;2;1;8;6;55 boulevard paul chabas;;
536546175;8;9;2024;23:10;3;78;78217;2;9;3;6;ROUTE DE SEPTEUIL;;
536546176;5;4;2024;07:08;2;44;44162;2;6;1;3;Rond-Point des Moulinets;;
536546177;26;5;2024;10:45;1;62;62193;2;1;1;6;Boulevard du Général de Gaulle;;
536546178;18;10;2024;20:15;5;78;78297;2;1;8;7;WRIGHT (RUE FRANCK-LLOYD);;
536546179;2;6;2024;13:20;1;974;97416;2;1;1;2;PRESIDENT MITTERAND(AVENUE);;
536546180;18;10;2024;17:50;1;78;78644;2;1;8;2;NOES  (AVENUE DES);;
536546181;2;6;2024;20:10;1;69;69388;2;2;1;3;Rue Saint Gervais;;
536546182;27;5;2024;14:20;1;69;69034;2;1;1;3;53 Quai Clemenceau;;
536546183;2;6;2024;05:40;5;69;69382;2;2;1;3;Quai Perrache;;
536546184;17;10;2024;17:30;1;77;77269;1;2;1;3;D408;;
536546185;2;6;2024;15:42;1;2A;2A004;2;3;1;3;SAMPIERO BD;;
536546186;2;6;2024;14:00;1;95;95574;2;1;1;3;D192P;;
536546187;17;10;2024;16:30;1;77;77251;2;1;1;6;BD VICTOR SCHOELCHER;;
536546188;1;6;2024;17:45;1;84;84080;1;1;1;1;BEAUREGARD CHEMIN DE;;
536546189;18;10;2024;05:45;3;77;77186;1;1;2;6;RD152;;
536546190;2;6;2024;19:30;1;83;83126;2;6;1;3;RENOIR (AV AUGUSTE);;
536546192;2;6;2024;20:30;1;76;76026;2;6;1;1;ROUTE DE SAINT NICOLAS;;
536546193;2;6;2024;11:30;1;73;73065;2;6;1;3;D991 / PIOCHET (RUE DU);;
536546194;18;10;2024;05:20;5;74;74012;2;9;2;6;ZOLA (RUE EMILE);;
536546195;2;6;2024;13:20;1;69;69266;2;2;2;3;Rue Jules Kumer;;
536546196;1;6;2024;16:20;1;69;69091;2;9;1;3;Rue de la Paix;;
536546197;2;6;2024;02:15;5;66;66136;2;1;1;6;Avenue Maréchal Joffre;;
536546198;17;10;2024;18:15;2;72;72181;2;3;2;3;ROSTOV SUR LE DON (RUE) N° PAIRS;;
536546199;1;6;2024;10:00;1;65;65286;2;1;1;6;Rue du Docteur Bouriot;;
536546200;2;6;2024;16:25;1;64;64445;2;1;1;2;ESPALUNGUE D';;
536546201;17;10;2024;19:45;5;71;71270;2;1;2;7;FONTAINE (RUE DE LA);;
536546202;18;10;2024;18:20;1;71;71445;1;6;8;3;ORLANS (ROND POINT DES);;
536546203;2;6;2024;19:55;1;62;62178;2;1;1;2;D488;;
536546204;2;6;2024;10:30;1;60;60057;2;9;1;3;Rue du Faubourg Saint-André;;
536546205;2;6;2024;20:15;1;59;59650;2;1;1;6;Rue Vallon;;
536546206;18;10;2024;19:54;5;64;64102;2;1;1;1;BERNEDE (RUE);;
536546207;2;6;2024;15:59;1;57;57487;1;9;1;1;RD157B;;
536546208;2;6;2024;18:58;1;56;56260;2;1;1;6;Parking Bilaire Rue de Strasbourg;;
536546209;17;10;2024;15:25;1;64;64102;2;6;3;3;JUPITER (GIRATOIRE);;
536546210;2;6;2024;12:10;1;44;44162;2;6;1;6;45 Boulevard Marcel Paul;;
536546211;18;10;2024;19:57;3;63;63113;2;1;2;1;POMPIDOU (BD GEORGES);;
536546212;2;6;2024;02:20;5;35;35238;2;2;1;3;SERGENT MAGINOT (AVENUE);;
536546213;18;10;2024;20:50;5;62;62193;2;1;1;3;Avenue Louis Blériot;;
536546215;18;10;2024;14:00;1;59;59599;2;7;1;6;HASSEBROUCQ (PLACE VICTOR);;
536546216;2;6;2024;04:45;4;31;31555;2;9;1;6;BD DES MINIMES;;
536546217;18;10;2024;12:20;1;59;59328;2;1;2;5;HIPPODROME AV DE L N°237 AU389;;
536546218;2;6;2024;19:10;1;25;25056;2;7;2;3;CASSOTTE  RUE DE LA;;
536546219;17;10;2024;22:05;5;58;58194;2;1;3;1;MARZY;;
536546220;31;5;2024;16:30;1;22;22113;1;1;1;2;TREGASTEL (ROUTE DE);;
536546221;1;6;2024;17:00;1;18;18279;2;1;8;1;92 Route de Tours;;
536546222;15;10;2024;14:05;1;57;57757;2;3;1;3;GUYNEMER (RUE);;
536546223;17;10;2024;17:10;1;56;56121;2;6;1;3;Boulevard Eugène Cosmao-Dumanoir;;
536546224;2;6;2024;13:30;1;13;13054;2;3;1;3;D9 (BRETELLE);;
536546225;17;10;2024;08:00;2;56;56121;2;6;8;3;Rond-point des Asturies;;
536546226;2;6;2024;18:35;1;13;13215;2;1;1;3;SAINT ANTOINE (AVENUE DE);;
536546228;17;10;2024;16:45;1;54;54547;2;1;1;2;Boulevard de l'Europe;;
536546229;2;6;2024;18:16;1;10;10297;2;1;1;3;Rue Roger Salengro;;
536546230;18;10;2024;19:50;5;51;51454;2;1;2;2;HENROT (BOULEVARD HENRI);;
536546231;2;6;2024;19:35;1;75;75118;2;1;1;4;BD PERIPHERIQUE INTERIEUR;;
536546232;18;10;2024;11:47;1;51;51454;2;6;8;3;NEUFCHATEL (RUE DE) DU N° 123 A FIN (IMP;;
536546233;2;6;2024;13:45;1;75;75120;2;3;1;3;PLACE DE LA PORTE DE MONTREUIL;;
536546234;16;10;2024;17:15;1;51;51454;2;1;1;2;CHAMPAGNE   (  AVENUE DE);;
536546235;2;6;2024;03:00;5;75;75120;2;2;1;2;RUE DES PYRENEES;;
536546236;18;10;2024;17:32;1;49;49007;2;1;1;5;LAC DE MAINE AVENUE;;
536546237;2;6;2024;06:15;2;75;75119;2;2;8;3;PLACE AUGUSTE BARON;;
536546238;17;10;2024;19:50;5;46;46042;2;9;3;6;GAMBETTA (BOULEVARD LEON) N° PAIR;;
536546239;2;6;2024;21:11;1;75;75118;2;2;1;3;RUE DU MONT CENIS;;
536546240;18;10;2024;08:20;2;44;44143;2;1;8;6;123 Rue Jean Fraix;;
536546241;2;6;2024;20:15;1;75;75117;2;2;1;6;AVENUE DE LA PORTE DE CLICHY;;
536546242;2;6;2024;06:50;1;75;75115;2;2;1;3;RUE DE LA CROIX NIVERT;;
536546243;19;10;2024;00:10;3;42;42184;2;9;1;1;Rue Pasteur;;
536546244;2;6;2024;18:00;1;75;75110;2;2;1;1;BOULEVARD DE STRASBOURG;;
536546245;2;6;2024;06:30;2;75;75107;2;1;1;6;AVENUE DE VILLARS;;
536546246;18;10;2024;05:10;3;37;37233;1;1;1;6;LOIRE (LEVEE DE LA);;
536546247;2;6;2024;00:01;5;75;75107;2;1;8;7;AVENUE DE BRETEUIL;;
536546248;2;6;2024;16:08;1;94;94081;2;1;2;2;Avenue Rouget de Lisle;;
536546249;18;10;2024;20:50;5;35;35238;2;6;1;3;ROUTE DE SAINT-MALO;;
536546250;2;6;2024;18:20;1;94;94002;2;1;1;2;139 Rue Paul Vaillant Couturier;;
536546251;18;10;2024;16:20;1;35;35238;2;6;1;1;DREZEN (YOUENN);;
536546252;2;6;2024;19:00;1;93;93066;2;9;1;3;Rue Danielle Casanova / Avenue Paul Vaillant-Couturier;;
536546253;18;10;2024;18:55;1;34;34172;2;1;1;3;GARRATS (AVENUE DES);;
536546254;2;6;2024;13:00;1;93;93031;2;9;2;3;Avenue du 18 Juin 1940;;
536546256;1;6;2024;19:30;1;93;93001;2;1;1;3;Avenue Victor Hugo;;
536546258;2;6;2024;20:57;1;92;92078;2;9;1;3;VERDUN (AVENUE) (PAIRS 92 ET PLUS);;
536546259;18;10;2024;15:25;1;31;31069;2;1;3;6;BUCHES (RUE DES);;
536546260;2;6;2024;12:35;1;92;92073;2;1;1;6;CARNOT (RUE);;
536546261;17;10;2024;18:00;2;29;29232;2;1;1;3;Rond-Point de Becharles;;
536546262;18;10;2024;23:30;3;26;26362;1;1;2;7;L.A.C.R.A. (RN532);;
536546263;1;6;2024;19:28;1;92;92049;2;1;3;3;BRIAND AVENUE ARISTIDE AUTRES N°;;
536546264;18;10;2024;07:45;2;25;25462;1;1;2;1;GRANGES DES;;
536546265;2;6;2024;17:02;1;92;92026;2;1;1;1;SAINT DENIS BD (120 A 174 / 199 A 315);;
536546266;18;10;2024;08:13;2;19;19031;2;1;2;6;HERRIOT (AVENUE EDOUARD);;
536546267;2;6;2024;21:45;1;92;92012;2;1;1;2;GENERAL LECLERC (AVENUE DU) 35/FIN - 60/;;
536546268;18;10;2024;16:41;1;17;17300;2;1;1;1;LECLERC   AVENUE DU GENERAL;;
536546269;2;6;2024;20:03;1;92;92012;2;1;1;3;VIEUX PONT DE SEVRES (RUE DU) 100/170 -;;
536546270;17;10;2024;07:55;2;15;15014;2;3;1;6;Avenue de Tronquières;;
536546271;3;6;2024;11:55;1;95;95116;1;1;1;6;D924;;
536546272;18;10;2024;10:50;1;14;14220;2;2;1;6;89 Avenue de la République;;
536546273;2;6;2024;14:30;1;31;31282;1;1;1;1;Chemin des Sports;;
536546274;16;10;2024;19:25;5;14;14118;2;1;3;3;88 Rue Chemin Vert;;
536546275;2;6;2024;00:01;3;972;97227;1;1;2;6;RN5;;
536546276;10;10;2024;17:35;1;13;13028;2;1;1;3;DULAC (AVENUE GUILLAUME);;
536546277;18;10;2024;15:50;1;13;13005;2;9;1;3;AVELANEDE (CHEMIN DE L');;
536546278;3;6;2024;12:20;1;83;83152;2;1;1;6;RD559 - Avenue du général Bouvet;;
536546279;18;10;2024;08:05;1;10;10387;2;2;1;3;Avenue des Lombards;;
536546280;3;6;2024;17:30;1;62;62307;1;1;1;1;D940;;
536546281;17;10;2024;08:16;1;10;10387;2;3;8;7;ETIENNE PEDRON (RUE);;
536546282;3;6;2024;19:55;1;22;22341;1;2;1;6;La Lande du Moulin Oury;;
536546283;17;10;2024;15:14;1;75;75118;2;3;2;3;RUE MARX DORMOY;;
536546284;2;6;2024;17:15;1;23;23216;1;1;8;6;LE MAS SOUBROT;;
536546285;17;10;2024;14:25;1;75;75106;2;5;8;6;RUE DE L ANCIENNE COMEDIE;;
536546286;18;10;2024;18:25;1;75;75119;2;4;8;6;AVENUE SIMON BOLIVAR;;
536546287;18;10;2024;00:10;5;75;75119;2;2;8;6;BOULEVARD D INDOCHINE;;
536546288;31;5;2024;12:25;1;35;35024;2;1;1;7;Rue d'Helsinki;;
536546289;18;10;2024;13:00;1;75;75118;2;1;1;3;RUE LOUIS PASTEUR VALERY RADOT;;
536546290;18;10;2024;18:35;2;75;75117;2;2;1;3;RUE BOURSAULT;;
536546291;18;10;2024;18:45;1;75;75116;2;7;1;3;Place de la Porte d'Auteuil;;
536546292;17;10;2024;11:00;1;75;75115;2;3;2;6;AVENUE EMILE ZOLA;;
536546293;18;10;2024;14:15;1;75;75110;2;4;1;6;RUE DE NANCY;;
536546294;18;10;2024;09:40;1;75;75108;2;3;2;2;AVENUE DES CHAMPS ELYSEES;;
536546295;18;10;2024;03:20;5;75;75109;2;2;3;2;BOULEVARD HAUSSMANN;;
536546296;18;10;2024;01:30;5;75;75108;2;3;2;7;AVENUE DES CHAMPS ELYSEES;;
536546297;18;10;2024;15:10;1;75;75104;2;3;2;6;RUE DE LOBAU;;
536546298;18;10;2024;09:05;2;75;75101;2;7;2;7;PLACE VENDOME;;
536546299;18;10;2024;01:15;5;75;75102;2;3;2;3;BOULEVARD DE BONNE NOUVELLE;;
536546300;17;10;2024;18:35;5;75;75101;2;1;2;6;RUE DE MONTPENSIER;;
536546301;18;10;2024;06:30;3;94;94028;2;1;2;2;Rue de l’Echat;;
536546302;18;10;2024;08:00;1;94;94018;2;1;2;3;Quai des Carrieres;;
536546303;18;10;2024;16:00;1;94;94071;2;3;2;1;Rue du Général Leclerc;;
536546304;17;10;2024;20:00;2;93;93066;2;1;3;3;LANDY(RUE):N° 1 AU 43;;
536546305;18;10;2024;08:00;1;93;93066;2;1;2;1;LAMAZE DOCTEUR;;
536546306;18;10;2024;19:40;5;93;93048;2;2;1;3;RESISTANCE (AVENUE DE LA);;
536546307;18;10;2024;14:20;1;93;93046;2;9;1;6;JEAN MOULIN BOULEVARD;;
536546308;15;10;2024;09:03;1;92;92073;2;3;1;6;FOUILLEUSE (AVENUE DE);;
536546309;18;10;2024;10:35;1;92;92064;2;1;2;7;CALVAIRE;;
536546310;21;10;2024;10:35;1;92;92063;2;3;8;2;ZURICH (RUE DE);;
536546311;18;10;2024;08:10;1;92;92050;2;1;2;3;BOUVETS BOULEVARD DES;;
536546312;18;10;2024;12:25;1;92;92036;2;1;2;3;JEAN JAURES (RUE) (35/+);;
536546313;18;10;2024;10:30;1;92;92036;2;1;1;3;LUCIEN LANTERNIER (AVENUE) (36/70);;
536546314;18;10;2024;08:00;2;92;92036;2;1;2;2;MARCEL PAUL (AVENUE) (2/50);;
536546315;17;10;2024;16:15;1;92;92025;2;2;3;3;GABRIEL PERI (RUE);;
536546316;18;10;2024;18:50;5;92;92007;2;1;1;3;FRANCE (ALLEE ANATOLE);;
536546318;18;10;2024;12:25;1;21;21473;1;1;2;3;A31;;
536546319;19;10;2024;00:30;3;974;97422;1;1;1;6;Rue Charles Baudelaire;;
536546320;19;10;2024;01:30;5;974;97404;2;1;1;6;103 Avenue Raymond Barre;;
536546321;18;10;2024;18:50;2;27;27306;1;1;1;6;Nationale 1013;;
536546322;18;10;2024;12:46;1;80;80736;1;1;8;6;Route de Paris;;
536546323;19;10;2024;14:22;1;12;12165;1;1;1;1;D904;;
536546324;15;10;2024;15:30;1;46;46080;1;3;1;3;D811;;
536546325;18;10;2024;19:40;3;25;25390;1;1;5;1;D437;;
536546327;18;10;2024;18:45;2;44;44128;1;1;1;2;Béguenette;;
536546328;18;10;2024;03:00;3;15;15262;1;1;8;6;RD 921;;
536546329;19;10;2024;02:15;3;01;01036;1;1;1;6;D8;;
536546330;18;10;2024;17:45;1;70;70296;1;1;1;1;Rue Charles Vincent;;
536546331;19;10;2024;14:30;1;26;26056;1;3;1;2;Route de Crest;;
536546332;19;10;2024;19:45;3;58;58266;2;1;1;6;Route de Prémery;;
536546333;18;10;2024;17:15;1;14;14326;1;1;1;2;Route de Cormeilles;;
536546334;18;10;2024;10:30;1;64;64489;1;1;3;1;D14;;
536546335;18;10;2024;16:20;1;87;87154;2;3;8;3;Avenue Corot;;
536546336;19;10;2024;09:05;1;13;13091;2;1;7;7;34 Avenue Paul Lafargue;;
536546337;18;10;2024;14:45;1;13;13016;1;1;1;2;A52, pk 11, sens nord;;
536546338;19;10;2024;00:49;3;06;06123;1;1;1;2;Bretelle Entrée N°49 Saint-Laurent-du-Var - A8 (Direction Vintimille);;
536546339;19;10;2024;16:00;1;95;95370;1;1;2;1;D28;;
536546340;5;10;2024;08:36;1;91;91200;2;2;1;1;Avenue d'Orléans;;
536546341;19;10;2024;01:45;3;13;13004;1;1;1;7;Route nationale 113;;