Num_Acc;jour;mois;an;hrmn;lum;dep;com;agg;int;atm;col;adr;lat;long
536546342;19;10;2024;12:00;1;38;38468;1;1;1;3;N7;;
536546343;13;10;2024;22:25;4;86;86137;2;1;1;6;Place du Portail Chaussee;;
536546345;18;10;2024;15:40;1;72;72378;1;1;1;7;D134;;
536546346;19;10;2024;15:00;1;29;29144;1;1;7;3;D764;;
536546347;19;10;2024;13:55;1;22;22300;1;1;1;1;D700;;
536546348;19;10;2024;11:10;1;60;60010;1;1;2;5;D105;;
536546349;17;10;2024;14:15;1;13;13215;1;1;1;3;A7-Sens Lyon vers Marseille;;
536546350;18;10;2024;05:30;3;69;69297;1;1;1;6;Autoroute 7;;
536546351;17;10;2024;00:47;3;57;57474;1;1;1;1;Autoroute A31;;
536546353;18;10;2024;14:10;1;92;92063;1;1;1;6;A86;;
536546354;18;10;2024;13:40;1;78;78291;1;1;1;2;A13;;
536546355;18;10;2024;08:36;2;78;78362;1;1;2;3;A13;;
536546356;17;10;2024;18:13;1;78;78007;1;1;3;6;A13W;;
536546357;17;10;2024;15:30;1;78;78165;1;1;3;6;RN12 INT;;
536546358;17;10;2024;11:30;1;92;92047;1;1;2;7;A13;;
536546359;16;10;2024;15:01;1;78;78423;1;1;1;2;RN12;;
536546360;18;10;2024;01:00;3;95;95042;1;1;3;6;N104;;
536546361;18;10;2024;02:30;3;93;93063;1;1;3;2;AUTOROUTE A3;;
536546362;18;10;2024;17:45;1;94;94046;1;1;1;3;A86;;
536546363;18;10;2024;16:25;1;94;94017;1;1;1;2;A4;;
536546364;18;10;2024;08:20;1;77;77258;1;1;2;6;A4.W;;
536546365;17;10;2024;03:10;3;94;94073;1;1;2;2;A86;;
536546366;10;5;2024;22:25;3;32;32107;1;1;1;5;Tauzin;;
536546367;19;8;2024;10:55;1;29;29023;1;1;1;7;créach herou;;
536546368;16;10;2024;18:45;5;974;97416;2;1;1;2;RN3 (2);;
536546369;18;10;2024;01:10;5;974;97411;2;1;1;6;RAMBAUD (LEOPOLD);;
536546370;17;10;2024;18:31;3;974;97411;2;6;1;3;JAURES (BLD 2 JEAN);;
536546371;17;10;2024;06:00;2;974;97411;1;1;1;6;QUATRE VOIES GILLOT (ROUTE A);;
536546372;17;10;2024;13:20;1;974;97407;1;1;1;3;OWENS JAMES;;
536546373;17;10;2024;03:10;5;974;97407;1;1;1;6;BOUVET (AVENUE);;
536546374;17;10;2024;08:20;1;973;97302;1;6;1;3;MARINGOUINS (ROND-POINT);;
536546375;17;10;2024;08:05;1;69;69386;2;1;3;6;Cours Vitton;;
536546376;16;10;2024;11:40;1;69;69386;2;1;1;1;Avenue de Grande-Bretagne;;
536546377;17;10;2024;09:50;1;69;69389;2;2;3;6;Rue de Bourgogne;;
536546378;17;10;2024;05:55;5;95;95088;2;1;8;5;D317;;
536546379;17;10;2024;19:40;3;95;95388;1;1;3;5;C2;;
536546380;17;10;2024;17:10;1;91;91514;2;1;2;6;RUE COMBS LA VILLE;;
536546381;17;10;2024;08:10;1;91;91657;2;1;8;1;RUE DU CHEMIN VERT;;
536546382;16;10;2024;17:35;1;87;87075;2;3;1;1;ARAGON (AVENUE LOUIS);;
536546383;16;10;2024;20:45;5;81;81065;2;3;1;3;136 Rue Ernest Barthe;;
536546384;17;10;2024;04:50;5;78;78440;2;1;1;2;PAUL RAOULT (AVENUE);;
536546385;17;10;2024;15:00;1;78;78123;2;1;2;2;REINE BLANCHE RUE;;
536546386;19;3;2024;09:00;1;91;91339;1;1;1;7;RN 104;;
536546387;19;3;2024;00:08;3;91;91161;1;1;1;2;AUTOROUTE A6;;
536546388;18;3;2024;12:19;1;92;92036;1;1;1;2;A86;;
536546389;18;3;2024;09:20;1;92;92062;1;1;1;3;RN1014 W;;
536546390;19;3;2024;17:40;1;93;93006;1;1;1;3;A3;;
536546391;19;3;2024;18:05;1;93;93008;1;1;1;3;A86;;
536546392;19;3;2024;07:55;1;95;95018;1;1;1;3;A15;;
536546393;18;3;2024;17:45;1;95;95527;1;1;1;5;A1;;
536546394;18;3;2024;15:45;1;95;95527;1;1;1;2;A1;;
536546395;18;3;2024;13:50;1;95;95277;1;1;1;2;A3;;
536546396;18;3;2024;08:40;1;93;93008;1;1;1;3;A86;;
536546397;18;3;2024;07:00;1;987;98735;1;2;1;1;POMARE V (AVENUE);;
536546398;18;3;2024;11:15;1;976;97611;2;1;1;3;kaweni-SPPM ( rue de la );;
536546399;18;3;2024;10:15;1;974;97411;2;3;1;7;MAIRIE (ROUTE DE LA);;
536546400;18;3;2024;07:30;1;974;97409;2;3;1;6;CAMBUSTON (rue de);;
536546401;18;3;2024;19:10;2;974;97407;2;1;1;7;COMPAGNIE DES INDES (BD DE LA);;
536546402;18;3;2024;07:50;1;973;97302;1;1;1;1;GALMOT (AVENUE);;
536546403;18;3;2024;10:30;1;69;69388;2;3;8;3;Route de Vienne;;
536546404;18;3;2024;07:40;1;972;97213;1;1;1;3;ROUTE DEPARTEMENTALE 3;;
536546405;17;3;2024;17:00;1;972;97213;1;1;1;6;DEPARTEMENTALE 28;;
536546406;11;3;2024;17:20;2;971;97113;1;9;2;4;Section Port Blanc;;
536546407;18;3;2024;19:20;2;2A;2A004;2;1;1;6;ROUTE DU STILETTO;;
536546408;18;3;2024;15:30;1;95;95607;2;1;1;6;D409;;
536546409;18;3;2024;08:00;1;91;91457;2;1;7;2;RUE DU PEUPLE LA LANCE;;
536546410;17;3;2024;21:29;5;87;87085;2;3;1;6;LECLERC (AVENUE DU GENERAL);;
536546411;18;3;2024;09:35;1;86;86194;2;2;2;1;Rocade Ouest;;
536546412;17;3;2024;09:00;1;84;84007;2;1;1;2;AMANDIER (Avenue de l');;
536546413;18;3;2024;20:20;5;76;76540;2;1;1;6;Route de Darnetal;;
536546414;15;3;2024;23:00;5;76;76351;2;1;2;6;BOIS AU COQ (AVENUE);;
536546415;17;3;2024;14:23;1;72;72181;2;9;2;2;LEFAUCHEUX PIERRE (BD);;
536546416;17;3;2024;13:38;1;72;72181;2;7;2;2;REMBRANDT (ALLEE);;
536546417;17;3;2024;08:45;1;72;72181;2;2;2;5;ESTIENNE D'ORVES (BD D');;
536546418;29;2;2024;07:26;2;68;68271;2;3;1;1;Rue de la Paix;;
536546419;16;3;2024;21:15;5;64;64132;2;3;1;3;ALFRED NOBEL;;
536546420;18;3;2024;08:50;1;64;64140;2;1;1;2;BRAMARIE (RUE RAOUL);;
536546421;18;3;2024;12:30;1;60;60159;2;3;1;3;Rue Saint-Lazare;;
536546422;18;3;2024;07:25;4;59;59421;2;9;2;6;ROOSEVELT (RUE FRANKLIN);;
536546423;18;3;2024;21:30;5;59;59368;2;8;1;6;Avenue de la République;;
536546424;18;3;2024;09:00;1;59;59343;2;2;1;3;SCHWEITZER RUE DU DOCTEUR;;
536546425;16;3;2024;17:12;1;56;56121;2;6;1;6;MULLER ( DU COLONEL JEAN );;
536546426;16;3;2024;18:08;1;50;50165;2;1;1;3;Route de Coutances;;
536546427;18;3;2024;07:55;1;47;47201;2;3;2;3;GASCOGNE (AVENUE DE);;
536546428;18;3;2024;17:00;1;44;44109;2;6;1;6;Chemin des Bateliers;;
536546429;18;3;2024;15:15;1;44;44109;2;2;1;5;12 Avenue Carnot;;
536546430;18;3;2024;06:35;4;44;44162;2;6;8;3;51 Avenue de la Bouvardière;;
536546431;18;3;2024;12:30;1;37;37261;2;2;1;4;EIFFEL (AVENUE GUSTAVE);;
536546432;18;3;2024;08:40;1;37;37050;1;1;8;4;PERIPHERIQUE N585;;
536546433;17;3;2024;20:40;2;37;37261;2;6;1;3;PAVILLON (RUE DU);;
536546434;14;3;2024;18:10;1;35;35055;2;1;1;3;FREBARDIERE (RUE DE LA);;
536546435;17;3;2024;04:50;3;35;35238;1;1;1;6;PORTE DE BEAUREGARD;;
536546436;17;3;2024;19:40;5;34;34032;2;2;1;3;LIBERTE (BD DE LA);;
536546437;18;3;2024;18:40;1;33;33550;2;4;1;1;Rue Jean-Baptiste Lebas;;
536546438;18;3;2024;22:50;5;31;31555;2;1;1;3;ALL DE BELLEFONTAINE;;
536546439;18;3;2024;15:15;1;30;30007;2;5;1;7;Rue Jean de la Fontaine;;
536546440;18;3;2024;19:20;3;28;28332;1;1;1;7;D 929;;
536546441;18;3;2024;13:10;1;25;25056;2;2;1;5;CHURCHILL BD WINSTON;;
536546442;18;3;2024;19:25;1;22;22360;2;6;1;2;ARMOR (RUE D');;
536546443;14;3;2024;17:15;1;22;22113;2;1;1;3;CORDIERS (RUE DES);;
536546444;17;3;2024;19:40;5;19;19031;2;9;1;3;DE JOUVENEL (BOULEVARD HENRI);;
536546445;18;3;2024;18:55;2;17;17306;2;3;1;6;PELLETAN  EUGENE;;
536546446;17;3;2024;09:30;1;15;15014;2;1;1;6;Rue de l Egalité;;
536546447;18;3;2024;08:50;1;13;13028;2;1;1;4;CD 559 (CHEMIN DEPARTEMENTAL°;;
536546448;18;3;2024;17:15;1;13;13004;2;1;1;6;AV DE HONGRIE;;
536546449;17;3;2024;05:35;5;10;10333;2;1;1;6;Avenue de l'Ile Germaine;;
536546450;3;7;2024;19:11;1;75;75114;2;1;1;6;AVENUE DU GENERAL LECLERC;;
536546451;13;3;2024;16:19;1;10;10387;2;3;1;3;ETIENNE PEDRON (RUE);;
536546452;5;7;2024;15:20;1;75;75113;2;1;1;6;RUE DE PATAY;;
536546453;18;3;2024;07:35;1;06;06069;2;1;1;7;Boulevard Bellevue;;
536546454;24;6;2024;18:40;1;75;75112;2;7;1;3;PLACE DE LA NATION;;
536546455;18;3;2024;08:00;1;06;06069;2;3;1;3;Avenue Antoine de Saint Exupéry;;
536546456;5;7;2024;19:45;1;75;75110;2;1;1;3;QUAI DE JEMMAPES;;
536546457;19;3;2024;01:30;5;06;06029;2;1;1;7;Chemin des Gourguettes;;
536546458;5;7;2024;15:30;1;75;75110;2;6;1;6;RUE LA FAYETTE;;
536546459;18;3;2024;07:35;2;06;06029;2;1;1;5;Boulevard Vallombrosa;;
536546460;5;7;2024;02:45;5;75;75110;2;2;1;6;RUE LOUIS BLANC;;
536546461;5;7;2024;12:50;1;75;75108;2;1;1;7;RUE DE COURCELLES;;
536546462;18;3;2024;10:30;1;75;75119;2;1;1;2;BD PERIPHERIQUE EXTERIEUR;;
536546463;5;7;2024;10:35;1;75;75108;2;1;1;6;AVENUE DES CHAMPS ELYSEES;;
536546464;17;3;2024;01:20;5;75;75114;2;1;1;2;BD PERIPHERIQUE EXTERIEUR;;
536546465;5;7;2024;18:55;1;75;75107;2;1;1;7;QUAI BRANLY;;
536546466;18;3;2024;09:15;1;75;75120;2;3;1;3;RUE SAINT FARGEAU;;
536546467;5;7;2024;16:30;1;75;75101;2;3;1;3;RUE SAINT HONORE;;
536546468;17;3;2024;10:50;1;75;75115;2;3;2;3;RUE DE LA FEDERATION;;
536546469;5;7;2024;13:00;1;75;75101;2;3;1;3;BOULEVARD DE LA MADELEINE;;
536546470;5;7;2024;09:30;1;75;75103;2;1;1;7;RUE MICHEL LE COMTE;;
536546471;18;3;2024;14:05;1;75;75110;2;3;1;6;RUE DU FAUBOURG POISSONNIERE;;
536546472;4;7;2024;23:50;5;75;75101;2;1;1;2;BOULEVARD DE SEBASTOPOL;;
536546473;3;7;2024;21:10;2;75;75101;2;2;1;3;AVENUE DE L OPERA;;
536546474;18;3;2024;07:45;1;75;75109;2;3;1;6;RUE SAINT LAZARE;;
536546475;5;7;2024;19:40;1;94;94081;2;1;1;2;4 Rue des Pépinières;;
536546476;17;3;2024;03:30;5;75;75102;2;1;9;3;BOULEVARD DES CAPUCINES;;
536546477;4;7;2024;20:25;1;94;94081;2;2;1;3;Avenue Youri Gagarine;;
536546478;18;3;2024;15:45;1;75;75108;2;3;1;3;AVENUE DES CHAMPS ELYSEES;;
536546479;4;7;2024;13:18;1;94;94081;2;3;1;6;Rue Antoine Marie Colin;;
536546480;18;3;2024;04:35;5;94;94022;2;2;2;4;Avenue de Newburn / Rue du Four;;
536546481;5;7;2024;16:50;1;94;94078;2;1;1;6;Rue Emile Zola;;
536546482;5;7;2024;08:25;1;94;94068;2;2;1;3;Rue de Beaujeu;;
536546483;18;3;2024;18:05;1;94;94022;2;2;1;3;Avenue de Newburn / Rue du Four;;
536546484;5;7;2024;18:23;1;94;94052;2;1;1;2;Boulevard de Strasbourg;;
536546485;18;3;2024;14:08;1;93;93078;2;1;1;4;Boulevard Robert Ballanger;;
536546486;5;7;2024;10:30;1;94;94041;2;1;1;2;Pont Nelson Mandela;;
536546487;18;3;2024;08:30;1;93;93059;2;3;1;3;Avenue Lénine / Rue Séverine;;
536546488;5;7;2024;13:20;1;94;94021;2;1;1;6;30 Av du Pdt Franklin Roosevelt;;
536546489;18;3;2024;17:30;1;93;93064;2;3;1;6;Avenue du Président John Kennedy / Rue du 11 Novembre;;
536546490;3;7;2024;10:00;1;94;94060;2;1;8;4;30 Rue du Général de Gaulle;;
536546491;18;3;2024;06:20;2;93;93050;2;3;1;3;Rue Paul et Camille Thomoux / Rue du 19 Mars 1962;;
536546492;4;7;2024;21:45;1;93;93073;1;1;1;1;CHAPIT RE ( RUE DU);;
536546493;5;7;2024;16:00;1;93;93066;2;2;1;3;MOULIN JEAN (AVENUE) NR 2 A 8 ET 1 A 11;;
536546494;18;3;2024;09:20;1;93;93006;2;2;1;3;Rue Louise Michel / Avenue Raspail;;
536546495;5;7;2024;18:45;1;93;93064;2;9;1;6;LECLERC (RUE DU GENERAL);;
536546496;18;3;2024;10:55;1;93;93010;2;1;1;3;Avenue Galliéni;;
536546497;5;7;2024;06:15;1;93;93053;2;9;1;3;Rue de Paris;;
536546498;18;3;2024;14:10;1;93;93005;2;3;1;6;Allée Jean-Marie Rous / Avenue de Savigny;;
536546499;5;7;2024;08:35;1;93;93051;2;1;1;3;NOISERAIE (ALLEE);;
536546500;18;3;2024;08:45;1;93;93005;2;6;1;6;Rue du Docteur Fleming / Rue Calmette et Guerin;;
536546501;4;7;2024;13:45;1;93;93048;2;3;1;6;Avenue du President Salvador Allende / Rue Jules Verne;;
536546502;18;3;2024;18:59;2;92;92072;2;9;1;3;GRANDE RUE;;
536546503;4;7;2024;18:30;1;93;93063;2;2;1;3;Avenue Pierre Kérautret / Passage Voltaire / Boulevard Roger Salengro;;
536546504;17;3;2024;18:30;1;92;92022;2;1;1;3;LIBERATION (BOULEVARD DE LA);;
536546505;17;3;2024;12:23;1;92;92064;2;1;2;7;DIX-HUI JUIN;;
536546506;5;7;2024;14:56;1;93;93031;2;3;1;3;Rue d'Estrées / Avenue de la République;;
536546507;5;7;2024;16:30;1;93;93005;2;2;1;3;RAINCY (AVENUE DU);;
536546508;18;3;2024;07:30;1;92;92012;2;9;1;4;GEORGES GORSE (QUAI);;
536546509;5;7;2024;16:00;1;93;93001;2;9;1;2;PAUL ELUARD (ALLEE);;
536546510;17;3;2024;16:45;1;92;92004;2;9;1;2;DOCTEUR DERVAUX  ( QUAI DU );;
536546511;5;7;2024;09:00;1;92;92046;2;1;1;3;PIERRE BROSSOLETTE (AVENUE);;
536546512;14;3;2024;17:25;1;60;60587;1;3;1;3;D1017;;
536546513;5;7;2024;14:00;1;92;92064;2;1;1;2;CARNOT;;
536546514;5;7;2024;18:49;1;92;92051;2;1;1;3;ROULE (AVENUE DU, N° 29 A 91 ET 30 A 86);;
536546515;16;3;2024;00:45;5;974;97415;2;2;1;1;Avenue du Stade;;
536546516;5;7;2024;17:00;1;92;92044;2;3;1;6;GABRIEL PERI(RUE) 25A49 ET 38A46;;
536546517;19;3;2024;05:28;2;976;97610;1;1;1;1;ZI 3 VALLÉES - LONGONI;;
536546518;19;3;2024;17:40;1;24;24442;1;1;1;6;364 Route de Guillassou;;
536546519;2;5;2024;08:40;1;92;92044;2;3;1;3;ANDRE MALRAUX (SQUARE)157DANTON;;
536546520;4;7;2024;11:16;1;92;92035;2;1;1;3;République ( boulevard de la );;
536546521;17;3;2024;20:20;5;40;40065;2;2;1;5;19 Rue des Marsouins;;
536546522;4;7;2024;13:00;1;92;92025;2;7;7;3;GABRIEL PERI (RUE);;
536546523;17;3;2024;13:12;1;71;71383;1;1;1;6;Station service TOTAL - autoroute 6 - aire de MACON LA SALLE - sens LYON PARIS;;
536546524;17;3;2024;02:58;3;17;17414;1;6;1;7;D105;;
536546525;5;7;2024;08:50;1;92;92012;2;1;1;3;REPUBLIQUE (BOULEVARD DE LA) 79/FIN - 76;;
536546526;18;3;2024;09:24;1;14;14738;1;1;1;2;A84;;
536546527;5;7;2024;23:00;3;92;92004;2;2;1;3;DOCTEUR DERVAUX  ( QUAI DU );;
536546528;5;7;2024;17:25;1;63;63388;1;1;1;6;D987;;
536546529;18;3;2024;18:30;2;65;65069;1;1;1;3;D142;;
536546530;5;7;2024;11:15;1;12;12172;1;1;1;2;Route de la Planque;;
536546531;6;7;2024;12:30;1;85;85065;1;1;1;1;la chausseloire;;
536546532;19;3;2024;13:45;1;63;63130;1;3;1;1;RD502 / lieu-dit les monts;;
536546533;5;7;2024;22:00;2;62;62767;2;1;1;1;Rue de Bethune;;
536546534;17;3;2024;20:30;2;47;47069;2;1;1;6;2492 route d'Agen;;
536546535;5;7;2024;17:50;1;41;41149;2;1;1;6;50 Rue du Général Leclerc;;
536546536;19;3;2024;18:14;1;68;68258;1;1;1;3;D429;;
536546537;5;7;2024;16:00;1;66;66141;2;6;1;3;Rue du Néoulous;;
536546538;19;3;2024;08:30;1;44;44063;2;6;7;3;14 Avenue  Xavier Rineau;;
536546539;4;7;2024;02:00;3;62;62819;2;1;1;6;D943E1;;
536546541;6;7;2024;14:00;1;62;62273;2;1;6;3;D127;;
536546542;5;3;2024;19:15;3;35;35331;1;6;1;3;D62 D35;;
536546543;4;7;2024;16:50;1;51;51115;2;1;7;1;l entree des verriats;;
536546544;19;3;2024;07:30;2;29;29210;1;1;1;1;Pen Ar C’hoas;;
536546545;5;7;2024;19:00;1;56;56164;1;1;1;1;Penhouët;;
536546546;19;3;2024;16:40;1;29;29110;1;1;1;7;Douar Ar Zant;;
536546547;6;7;2024;05:30;3;2B;2B185;1;1;1;6;strada pasquale paoli;;
536546548;18;3;2024;10:20;1;31;31100;1;1;1;3;D11;;
536546549;18;3;2024;16:56;1;38;38012;2;1;1;6;D40;;
536546550;5;7;2024;20:15;2;65;65035;2;2;1;1;RUE DE LA MONTJOIE;;
536546551;19;3;2024;17:10;1;84;84051;1;6;1;3;Rond pont de la mayette D900;;
536546552;18;3;2024;18:40;1;64;64235;1;1;1;1;CD 14;;
536546553;6;7;2024;17:42;1;71;71263;1;3;2;2;D678;;
536546554;19;3;2024;12:19;1;43;43018;1;1;1;2;Route de Loudes;;
536546555;17;3;2024;17:55;1;07;07330;1;1;1;7;Route de Bourg Saint Andéol;;
536546556;6;7;2024;17:00;1;71;71305;1;2;3;5;D906;;
536546557;15;3;2024;18:45;5;88;88304;2;2;3;3;3 Rue de l’Abbe Germini;;
536546558;19;3;2024;10:15;1;978;97801;2;1;1;6;rue de coralita - Oyster Pond;;
536546559;28;6;2024;18:20;1;89;89300;1;1;1;3;Santigny;;
536546560;19;3;2024;17:25;2;06;06018;1;1;1;3;Route des Lucioles;;
536546561;6;7;2024;18:50;1;76;76711;2;1;1;3;Quai Albert Cauet;;
536546562;18;3;2024;07:35;1;987;98745;2;3;1;3;sortie OUEST Patio;;
536546563;6;7;2024;19:00;1;47;47310;2;4;1;3;D911;;
536546564;18;3;2024;17:54;1;06;06088;1;1;1;2;autoroute A8, PK 195+500, chaussée nord, tunnel de pessicart;;
536546566;18;3;2024;07:30;1;987;98733;2;1;1;3;PK 23.800 RT1 face au n°522;;
536546567;24;6;2024;22:30;2;44;44129;2;1;1;6;48 Route de la Brière-le Calvaire;;
536546568;18;3;2024;21:30;5;973;97357;2;4;1;1;le bourg;;
536546569;18;3;2024;11:30;1;84;84019;2;3;1;6;Rue Honore Daumier;;
536546570;5;7;2024;21:00;1;44;44212;1;1;1;1;bonne-fontaine;;
536546571;5;7;2024;21:20;2;44;44146;1;1;1;6;6 La Minière;;
536546572;18;3;2024;19:45;5;55;55351;1;1;1;7;Rue Albert 1er;;
536546573;18;3;2024;18:15;1;46;46102;2;1;1;6;37 Rue du Faubourg du Pin;;
536546574;5;7;2024;17:20;1;31;31182;2;1;7;3;173 Route de Paris;;
536546575;6;7;2024;01:10;4;38;38174;2;2;1;6;Route de Lyon;;
536546577;5;7;2024;15:40;1;03;03254;1;1;1;3;D46;;
536546578;18;3;2024;17:30;1;35;35105;1;1;1;1;Villepelee;;
536546579;18;3;2024;12:30;1;60;60141;2;1;1;6;Avenue du Maréchal Joffre;;
536546580;5;7;2024;19:00;1;70;70578;1;2;1;2;D15;;
536546581;14;3;2024;08:20;1;13;13215;1;1;1;3;A7-Sens Marseille vers Lyon;;
536546582;5;7;2024;09:30;1;72;72039;1;2;1;3;D301;;
536546583;18;3;2024;08:15;1;83;83129;1;1;1;4;A50;;
536546584;25;6;2024;17:25;1;72;72319;1;9;1;3;Rue Poche;;
536546585;3;7;2024;13:55;1;09;09228;1;1;1;1;ROUTE NATIONALE 20, PK74+800;;
536546586;16;3;2024;15:00;1;57;57672;1;1;1;4;Autoroute A31;;
536546587;15;3;2024;11:43;1;59;59507;1;1;8;7;AUTOROUTE A1;;
536546588;5;7;2024;18:20;1;45;45276;2;1;1;5;D951 PR 15 + 842;;
536546589;15;3;2024;13:05;1;95;95154;1;1;2;6;A1;;
536546590;16;3;2024;15:00;1;988;98818;2;3;1;3;ROUTE DE LA BAIE DES DAMES;;
536546591;5;7;2024;21:00;2;73;73110;1;2;1;6;D66 Route de la plaine;;
536546592;16;3;2024;10:42;1;988;98818;2;1;8;6;IMPASSE BALARD;;
536546594;17;3;2024;18:00;1;974;97409;2;1;1;2;EMILE THOMAS (rue);;
536546595;5;7;2024;17:45;1;10;10087;2;1;1;3;Rue de Galiche;;
536546596;5;7;2024;21:45;2;36;36001;1;1;1;6;La Bouzanne;;
536546597;17;3;2024;11:35;1;69;69388;2;3;8;3;Route de Vienne;;
536546598;16;3;2024;20:50;5;972;97213;1;9;1;6;ROUTE DEPARTEMENTALE 3;;
536546599;6;7;2024;14:40;1;07;07291;1;1;1;1;RD 290;;
536546600;17;3;2024;16:30;1;972;97209;1;1;1;2;REDOUTE (ROUTE DE LA);;
536546601;5;7;2024;20:05;1;07;07110;2;4;1;7;La Grand Font;;
536546602;17;3;2024;12:25;1;972;97209;2;1;1;2;ABBE LAVIGNE (AVENUE);;
536546603;5;7;2024;18:15;1;07;07260;2;3;1;3;D 22 B;;
536546604;16;3;2024;05:20;5;972;97209;1;1;2;6;RD 41 (ROCADE);;
536546605;6;7;2024;10:40;1;53;53245;1;2;1;2;N12;;
536546606;17;3;2024;17:00;2;69;69142;2;1;2;3;30 Quai Pierre Sémard;;
536546607;17;3;2024;19:10;5;69;69034;2;1;2;7;90 Avenue Général de Gaulle;;
536546608;5;7;2024;18:15;1;21;21089;1;1;1;7;D12 A;;
536546609;6;7;2024;19:15;2;21;21616;1;1;1;6;D18;;
536546610;16;3;2024;15:00;1;76;76476;2;1;1;1;DUFY  RAOUL (RUE);;
536546611;16;3;2024;15:40;1;70;70513;1;1;1;7;Route de Pusey;;
536546612;5;7;2024;20:15;1;40;40218;2;2;1;3;Intersection D36 - D37;;
536546613;6;7;2024;00:30;3;04;04167;1;1;1;6;D900a;;
536546614;17;3;2024;16:55;1;69;69256;2;3;8;1;Avenue Georges Dimitrov;;
536546615;6;7;2024;08:40;1;85;85295;1;1;1;6;RD93;;
536546616;17;3;2024;16:52;1;64;64373;2;1;1;1;YSER DE L';;
536546617;6;7;2024;00:05;3;68;68066;1;1;1;1;autoute A 35;;
536546618;16;3;2024;23:00;3;62;62126;2;1;1;6;D937;;
536546619;6;7;2024;08:15;1;10;10380;1;1;1;7;A26;;
536546620;16;3;2024;15:00;1;62;62108;2;1;1;3;Rue de l’Impératrice;;
536546621;6;7;2024;10:15;1;06;06085;2;1;1;3;1110 Avenue Saint Martin;;
536546622;16;3;2024;05:55;4;61;61169;2;2;2;3;D462;;
536546623;5;7;2024;19:00;1;69;69039;2;3;1;3;Rue Louis Bréchard;;
536546624;15;3;2024;20:50;5;60;60175;2;1;2;6;Rue Henri Bergson;;
536546625;5;7;2024;17:40;1;13;13001;1;1;1;2;A8, pk 20.000, sens nord;;
536546626;17;3;2024;22:20;4;59;59512;2;2;1;3;Avenue Alfred Motte;;
536546627;5;7;2024;09:40;1;17;17146;1;3;1;2;D238e1;;
536546628;17;3;2024;22:05;5;59;59512;2;3;2;6;Rue de l'Alma;;
536546629;6;7;2024;15:25;1;59;59244;1;1;1;2;Autoroute A2;;
536546630;17;3;2024;16:51;1;56;56260;2;1;1;7;Liziec;;
536546631;17;3;2024;07:45;2;42;42170;1;1;1;6;Route du Gros Chêne;;
536546632;3;7;2024;17:00;1;13;13051;1;1;1;2;Autoroute A7, pk 244.000 sens 2;;
536546633;5;7;2024;08:40;1;987;98748;1;1;1;2;PK 4.800 TOAHOTU;;
536546634;16;3;2024;15:30;1;38;38185;2;9;1;2;AVENUE MARIE REYNOARD;;
536546635;5;7;2024;18:00;1;971;97115;1;1;1;6;Route de Routa;;
536546636;16;3;2024;05:17;5;38;38053;1;1;1;6;GRENOBLE (ROUTE DE);;
536546637;2;3;2024;20:30;2;36;36044;2;1;2;6;Rue Pierre Gaultier;;
536546638;6;7;2024;00:45;3;77;77257;1;1;1;3;D401;;
536546639;4;7;2024;23:25;3;95;95535;1;1;1;6;D28;;
536546641;5;7;2024;19:00;1;34;34090;2;1;7;6;Rn 113;;
536546642;17;3;2024;17:25;1;34;34172;2;1;1;7;STRASBOURG (BOULEVARD DE);;
536546643;6;7;2024;13:05;1;83;83065;2;3;1;3;Route Departementale 98a;;
536546644;17;3;2024;03:10;5;28;28404;2;9;2;7;DUPONT (RUE ARMAND);;
536546645;5;7;2024;16:42;1;13;13081;1;1;1;3;N Rd 113;;
536546646;6;7;2024;13:50;1;58;58160;2;1;2;3;Route de Tazieres;;
536546647;17;3;2024;10:40;1;25;25462;2;6;1;3;ROCADE G.POMPIDOU (DU 25 A LA FIN);;
536546648;2;7;2024;02:30;3;73;73290;1;1;1;6;D1006;;
536546649;17;3;2024;03:50;5;25;25056;2;1;1;6;MAZAGRAN CHEMIN DE;;
536546650;5;7;2024;19:50;2;38;38087;2;1;1;2;D4;;
536546651;17;3;2024;19:35;5;22;22113;2;1;1;6;TREBEURDEN (ROUTE DE);;
536546652;20;6;2024;14:50;1;07;07322;1;1;3;6;1165 la Teyre;;
536546653;15;3;2024;16:08;1;14;14118;2;1;2;3;16 Avenue de Verdun;;
536546654;6;7;2024;16:32;1;01;01043;2;2;2;3;Route de Genève;;
536546655;17;3;2024;18:30;2;13;13117;2;3;1;3;BARRE (ALLEE DE LA);;
536546656;4;7;2024;17:20;1;01;01160;2;1;1;6;27 Avenue du Jura;;
536546657;5;7;2024;18:50;2;81;81219;1;1;1;3;lieu dit en roussel;;
536546658;17;3;2024;22:30;4;13;13208;2;1;1;4;MENDES FRANCE (AVENUE);;
536546659;30;6;2024;18:50;1;31;31263;1;1;1;1;Route de Saverdun;;
536546660;6;7;2024;17:45;1;17;17452;1;1;1;7;D25;;
536546661;17;3;2024;13:45;1;13;13213;2;4;1;3;ALPHONSE DAUDET (RUE);;
536546663;3;7;2024;11:30;1;85;85113;2;1;1;7;Quai de la chapelle;;
536546664;5;7;2024;19:40;1;53;53119;1;1;1;7;D112;;
536546665;17;3;2024;00:30;5;13;13201;2;2;1;3;FLAMMARION (BOULEVARD)     1 A 65;;
536546666;6;7;2024;16:20;1;22;22178;1;1;1;3;pk 7 D21;;