Num_Acc;jour;mois;an;hrmn;lum;dep;com;agg;int;atm;col;adr;lat;long
536547980;2;6;2024;02:00;5;94;94052;1;1;1;2;A86;;
536547981;1;6;2024;21:45;3;77;77468;1;9;2;6;A4;;
536547982;17;10;2024;07:57;1;77;77131;2;4;1;3;D934;;
536547983;4;4;2024;05:04;1;44;44109;2;1;1;6;10 Rue Recteur Schmitt;;
536547984;4;4;2024;17:45;1;44;44109;2;7;8;7;Place Emile Zola;;
536547985;17;10;2024;08:00;2;76;76451;2;2;2;6;Place des Coquets;;
536547986;3;4;2024;16:34;1;44;44109;2;2;8;2;46 Rue de Strasbourg;;
536547987;1;4;2024;14:11;1;44;44162;2;1;8;6;Boulevard Charles Gauthier;;
536547988;17;10;2024;14:10;1;76;76351;2;1;1;7;GOBELINS (DES);;
536547989;1;4;2024;13:57;1;44;44109;2;1;8;3;159 Boulevard Jules Verne;;
536547990;16;10;2024;14:20;1;76;76351;2;3;1;6;GLYCINES (DES);;
536547991;31;3;2024;01:45;4;29;29019;2;6;2;6;avenue Salaun Penquer;;
536547992;15;10;2024;08:00;1;76;76351;2;2;1;3;MARYSE BASTIE;;
536547993;29;1;2024;18:01;2;84;84031;2;3;1;3;LUNEL ARMAND;;
536547994;17;10;2024;08:10;2;74;74118;2;1;3;6;18 AOUT (RUE DU);;
536547995;26;1;2024;10:00;1;84;84031;2;1;1;6;NAQUET BOULEVARD ALFRED;;
536547996;16;1;2024;19:30;2;84;84031;2;1;1;2;SAINT ROCH AVENUE;;
536547997;17;2;2024;15:55;1;62;62139;1;1;7;3;D210;;
536547998;17;10;2024;17:50;1;71;71306;2;2;1;1;CLUNY (RUE DE);;
536547999;22;2;2024;18:37;2;62;62040;2;1;1;6;D210;;
536548000;17;10;2024;04:20;5;71;71306;2;1;1;6;MAUGRAND (BLD DE LA);;
536548001;5;2;2024;17:00;2;62;62765;2;3;1;1;rue de Thérouanne;;
536548002;17;10;2024;08:30;1;69;69266;2;2;3;6;Avenue Auguste Blanqui;;
536548003;5;3;2024;18:05;2;74;74082;2;9;8;5;Route d'annecy;;
536548004;16;10;2024;10:20;1;69;69264;2;9;2;6;Avenue Theodore Braun;;
536548005;16;10;2024;16:12;1;69;69276;2;1;1;6;51 Route de Vienne;;
536548006;1;6;2024;14:25;1;974;97411;2;7;1;3;LATTRE DE TASSIGNY (AVENUE MARECHAL DE);;
536548007;17;10;2024;10:50;1;68;68066;2;6;1;3;Avenue de l'Europe;;
536548008;1;6;2024;19:10;3;973;97302;2;3;1;3;MERE THERESA (rue);;
536548009;17;10;2024;18:20;2;67;67043;2;2;1;3;TROIS MAIRES (RUE DES);;
536548010;1;6;2024;12:00;1;69;69388;2;1;1;3;Avenue Jean Mermoz;;
536548011;17;10;2024;13:55;1;67;67267;2;1;1;2;MARECHAL FOCH (RUE DU);;
536548012;1;6;2024;04:05;5;69;69386;2;3;1;3;Rue Garibaldi;;
536548013;16;10;2024;17:45;1;66;66136;2;3;1;3;JUIN (AVENUE DU MARECHAL);;
536548014;31;5;2024;17:00;1;69;69383;2;1;1;3;Avenue Lacassagne;;
536548015;16;10;2024;16:45;1;66;66136;2;1;1;6;KOENING Bd;;
536548016;1;6;2024;02:30;5;2B;2B033;1;3;1;2;11 - RT;;
536548017;16;10;2024;12:40;1;64;64260;2;3;1;6;PELLOT (RUE);;
536548018;1;6;2024;11:30;1;971;97113;2;1;1;1;RN4 - SECTION RIVIERA;;
536548019;16;10;2024;18:30;1;64;64102;2;1;1;3;HENRI DE NAVARRE (AVENUE);;
536548020;1;6;2024;18:58;1;2A;2A004;2;1;1;6;#55 Cours Napoléon#;;
536548021;31;5;2024;17:43;1;2A;2A004;2;3;1;3;SAMPIERO BD;;
536548022;11;10;2024;08:30;1;60;60159;2;3;1;3;Boulevard des États-Unis;;
536548023;1;6;2024;20:00;1;95;95277;2;3;1;3;SAINT NICOLAS (RUE);;
536548024;1;6;2024;15:00;1;95;95203;2;1;2;3;RASPAIL (RUE);;
536548025;17;10;2024;13:30;1;59;59599;2;1;2;1;CANAL (RUE DU);;
536548026;2;6;2024;01:07;5;84;84007;2;3;1;3;RHONE (Boulevard du );;
536548027;15;9;2024;17:00;1;59;59220;2;9;1;3;CARNOT RUE;;
536548028;1;6;2024;22:45;5;83;83137;1;1;1;1;PICOT (AVE DU COLONEL);;
536548029;17;10;2024;05:45;5;59;59431;1;1;2;6;MEUNIERS (RUE DES);;
536548030;1;6;2024;14:10;1;82;82033;1;3;1;3;Chemin du Riou-Tord;;
536548031;17;10;2024;08:20;2;56;56260;2;1;8;6;Avenue de Verdun;;
536548032;1;6;2024;21:05;2;78;78440;2;1;1;3;PAUL RAOULT (AVENUE);;
536548033;16;10;2024;18:35;5;54;54357;2;6;1;3;Rue Lafayette;;
536548034;1;6;2024;22:20;5;78;78168;2;9;2;6;Route nationale 10;;
536548035;16;10;2024;11:00;1;54;54395;2;6;1;6;Rue Saint Nicolas;;
536548036;1;6;2024;16:05;1;77;77284;2;1;2;2;Boulevard Charcot;;
536548037;16;10;2024;21:10;5;51;51454;2;9;1;3;Rond-point Marguerite Boutigny;;
536548038;1;6;2024;19:46;1;69;69259;2;2;1;1;Rue des Martyrs de la Résistance;;
536548039;16;10;2024;13:25;1;51;51454;2;2;1;3;SALENGRO (RUE ROGER);;
536548040;1;6;2024;17:20;1;67;67482;2;3;2;3;SAINT JEAN (QUAI);;
536548041;1;6;2024;16:30;1;64;64445;2;1;1;3;OLOF PALME;;
536548042;16;10;2024;16:15;1;50;50129;2;3;3;3;FERRY (RUE JULES);;
536548043;1;6;2024;00:10;3;64;64102;2;2;1;2;BAB (Boulevard);;
536548044;31;5;2024;12:25;1;62;62826;2;3;2;3;Avenue de Picardie;;
536548045;14;10;2024;12:40;1;50;50129;2;3;1;2;NORMANDIE (AVENUE DE);;
536548046;1;6;2024;00:20;3;62;62510;1;1;2;3;D58;;
536548047;16;10;2024;13:40;1;49;49246;1;1;2;2;ROUTE DE POUILLE;;
536548048;27;5;2024;18:09;1;54;54431;2;1;1;2;Avenue Camille Cavallier;;
536548049;31;5;2024;13:00;1;54;54525;1;1;1;1;D26C;;
536548050;16;10;2024;10:53;1;49;49007;2;2;1;6;RENNES;;
536548051;1;6;2024;11:50;1;54;54099;1;1;1;2;D146;;
536548052;17;10;2024;19:06;5;48;48095;2;1;2;7;FOCH (AVENUE);;
536548053;1;6;2024;10:50;1;51;51474;2;1;1;6;SORBON (RUE);;
536548054;29;5;2024;14:00;1;50;50147;1;9;1;4;ROCADE NORD;;
536548055;17;10;2024;12:45;1;47;47001;2;1;3;2;CUVIER (AV. GEORGES);;
536548056;1;6;2024;18:00;1;45;45338;1;1;2;1;D961 PR 0 + 3383;;
536548057;17;10;2024;20:00;5;44;44184;2;3;1;3;11 Avenue François Mitterrand;;
536548058;17;10;2024;18:44;5;38;38185;2;3;3;1;COURS BERRIAT;;
536548059;31;5;2024;18:45;1;45;45208;2;3;2;5;97 Rue André Coquillet;;
536548060;31;5;2024;18:43;1;45;45208;1;2;2;3;14 Avenue Louis-Maurice Chautemps;;
536548061;16;10;2024;17:00;1;38;38053;2;3;1;3;Boulevard Vincent Scotto;;
536548062;31;5;2024;18:15;1;45;45004;1;9;2;6;D2060 PR 28 + 335;;
536548063;1;6;2024;11:00;1;43;43157;2;1;1;6;Allee des Portes Occitanes;;
536548064;18;9;2024;18:21;1;37;37261;2;2;1;3;CHEVALLIER (RUE AUGUSTE);;
536548065;17;10;2024;06:10;5;37;37261;2;2;2;3;MIRABEAU (PONT);;
536548066;1;6;2024;22:54;4;42;42044;2;1;1;1;Boulevard d’Auvergne;;
536548067;16;10;2024;08:00;1;37;37233;2;6;1;3;ARC EN CIEL ( ROND POINT DE L');;
536548068;1;6;2024;12:25;1;38;38185;2;9;8;6;GENERAL FERRIE (RUE);;
536548069;13;5;2024;09:20;1;34;34108;2;6;1;3;DE GAULE GENERAL (AVENUE DU);;
536548070;16;10;2024;06:55;5;37;37233;2;6;8;3;GRANDS MORTIERS (RUE DES);;
536548071;5;5;2024;16:45;1;34;34301;2;1;1;3;DURAND GENERAL (QUAI);;
536548072;16;10;2024;14:20;1;34;34172;2;1;1;6;ORIENT (BOULEVARD D');;
536548073;1;6;2024;23:18;5;31;31555;2;1;1;6;RTE D AGDE;;
536548074;1;6;2024;15:25;1;31;31555;2;1;1;6;RUE LOUISE WEISS;;
536548075;16;10;2024;12:18;1;34;34032;2;2;1;7;VERDIER PIERRE (AV);;
536548076;1;6;2024;09:54;1;31;31555;2;1;1;6;Rue de la Verge d'Or;;
536548078;1;6;2024;23:15;5;28;28085;2;1;1;3;D823;;
536548079;17;10;2024;01:10;5;31;31555;2;1;1;7;AV JEAN ZAY;;
536548080;1;6;2024;10:30;1;26;26362;1;1;1;7;Avenue Docteur Paul Santy;;
536548081;1;6;2024;17:40;1;17;17415;1;1;1;7;Route Nationale 150;;
536548082;16;10;2024;18:35;1;29;29019;2;2;2;3;rue Camille Pelletan;;
536548083;1;6;2024;05:50;5;17;17415;2;1;1;2;APOTRES DE LA LIBERTE COURS DES;;
536548084;16;10;2024;08:30;1;29;29019;2;1;2;6;place de Strasbourg;;
536548085;1;6;2024;22:30;5;13;13210;2;1;1;2;CAPELETTE (AVENUE DE LA);;
536548086;1;6;2024;19:30;1;13;13208;2;2;1;3;VOLUBILIS (bd des);;
536548087;17;10;2024;08:45;1;19;19031;2;1;3;6;ROLLAND (RUE ROMAIN) A PARTIR DE N° 88;;
536548088;1;6;2024;13:52;1;13;13211;2;1;1;3;SAINT LOUP (BOULEVARD DE);;
536548089;14;10;2024;15:50;1;14;14437;1;1;1;2;N814;;
536548090;1;6;2024;02:20;5;13;13211;2;1;1;3;CARTONNERIE (BOULEVARD DE LA );;
536548092;17;10;2024;17:10;1;13;13212;2;9;1;1;AIGUILLETTE (RUE DE L');;
536548094;17;10;2024;13:54;1;13;13210;2;1;1;2;TOULON (AVENUE DE);;
536548095;31;5;2024;17:55;1;11;11069;1;2;1;3;ROCADE SUD RD 6161;;
536548096;16;10;2024;17:50;1;13;13214;2;1;1;3;PLOMBIERES (BOULEVARD DES);;
536548097;1;6;2024;13:49;1;01;01053;2;2;8;3;ALSACE LORRAINE (AVENUE );;
536548098;16;10;2024;15:57;1;10;10387;2;1;1;3;CHARMILLES (MAIL DES);;
536548099;1;6;2024;18:15;2;75;75118;2;1;2;3;BD PERIPHERIQUE INTERIEUR;;
536548100;1;6;2024;14:50;1;75;75105;2;2;2;3;QUAI DE LA TOURNELLE;;
536548101;17;10;2024;07:35;2;03;03310;2;2;1;3;Boulevard Denière;;
536548102;1;6;2024;12:00;1;75;75117;2;3;1;6;BOULEVARD DE COURCELLES;;
536548103;16;10;2024;16:40;1;03;03190;2;1;1;6;Rue Edmond Bourges;;
536548104;1;6;2024;15:45;1;75;75115;2;1;2;3;RUE DE LA CONVENTION;;
536548105;17;10;2024;08:10;1;75;75113;2;1;1;2;BD PERIPHERIQUE INTERIEUR;;
536548106;1;6;2024;02:51;5;75;75115;2;2;1;3;RUE DE VAUGIRARD;;
536548107;17;10;2024;09:23;1;75;75112;2;1;1;3;BD PERIPHERIQUE EXTERIEUR;;
536548108;31;5;2024;17:15;1;75;75114;2;5;1;3;RUE LIARD;;
536548109;16;10;2024;18:25;2;75;75114;2;1;1;3;BD PERIPHERIQUE INTERIEUR;;
536548110;1;6;2024;12:45;1;75;75113;2;1;2;6;AVENUE D IVRY;;
536548111;17;10;2024;12:50;1;75;75106;2;1;2;6;BOULEVARD DU MONTPARNASSE;;
536548112;16;10;2024;15:25;1;75;75120;2;2;1;3;RUE DES FRERES FLAVIEN;;
536548113;1;6;2024;15:00;1;75;75112;2;2;2;6;AVENUE DU DOCTEUR ARNOLD NETTER;;
536548114;16;10;2024;13:10;1;75;75120;2;3;1;6;RUE DE BELLEVILLE;;
536548115;1;6;2024;14:38;1;75;75109;2;2;2;2;BOULEVARD DE LA MADELEINE;;
536548116;17;10;2024;16:20;1;75;75119;2;1;2;7;RUE D AUBERVILLIERS;;
536548117;1;6;2024;18:00;1;75;75108;2;2;8;1;BOULEVARD HAUSSMANN;;
536548118;17;10;2024;04:50;5;75;75119;2;3;1;3;RUE SIGMUND FREUD;;
536548119;31;5;2024;22:20;5;94;94081;2;3;9;3;Avenue Anatole France / Rue Pasteur;;
536548120;16;10;2024;16:28;1;75;75119;2;1;1;2;BOULEVARD SERURIER;;
536548121;17;10;2024;17:10;2;75;75118;2;3;3;3;AVENUE DE LA PORTE DE CLIGNANCOURT;;
536548122;1;6;2024;04:20;5;94;94046;2;2;2;1;Rue de Joinville / Rue Condorcet;;
536548123;17;10;2024;16:10;1;75;75116;2;7;2;3;PLACE DE LA PORTE MAILLOT;;
536548124;1;6;2024;13:30;1;94;94011;2;1;2;6;Avenue Rodolphe Hottinguer;;
536548125;17;10;2024;07:35;1;75;75116;2;1;1;5;AVENUE DE L HIPPODROME;;
536548126;1;6;2024;15:10;1;94;94075;2;1;2;3;37 Route de la Grange;;
536548127;1;6;2024;08:50;2;94;94071;2;1;2;3;Rue Royale;;
536548128;17;10;2024;20:00;5;75;75115;2;3;2;3;RUE PEGOUD;;
536548129;16;10;2024;12:15;1;75;75115;2;1;1;3;RUE LABROUSTE;;
536548130;1;6;2024;13:10;1;93;93071;2;2;2;3;Avenue Hoche / Avenue Ernest Pivot;;
536548131;31;5;2024;19:40;1;93;93047;2;1;1;2;Avenue des Rosiers;;
536548132;16;10;2024;18:30;2;75;75112;2;3;1;3;BOULEVARD PONIATOWSKI;;
536548133;1;6;2024;23:00;5;92;92062;2;3;2;7;GENERAL DE GAULLE (AVENUE DU);;
536548134;17;10;2024;12:21;1;75;75111;2;4;8;3;BOULEVARD VOLTAIRE;;
536548135;1;6;2024;18:40;2;92;92026;2;1;2;2;DES BATISSEURS (VOIE);;
536548136;17;10;2024;09:12;1;75;75110;2;3;1;6;RUE DE DUNKERQUE;;
536548138;17;10;2024;18:50;5;75;75108;2;2;2;3;AVENUE DE FRIEDLAND;;
536548140;17;10;2024;16:30;1;75;75107;2;3;3;6;RUE DE SEVRES;;
536548141;17;10;2024;01:00;5;75;75101;2;3;2;3;BOULEVARD DE SEBASTOPOL;;
536548142;31;5;2024;22:10;5;08;08067;2;1;1;2;55 route nationale;;
536548143;17;10;2024;05:24;3;94;94078;2;1;1;6;Rue de Paris;;
536548144;2;6;2024;16:00;1;71;71214;1;1;2;7;Chemin reliant GENOUILLY et MAIZERAY via la RD 236;;
536548145;17;10;2024;20:00;5;94;94073;2;3;2;3;Av du Pdt Franklin Roosevelt;;
536548147;17;10;2024;10:30;1;94;94065;2;3;1;3;Rue Auguste Perret;;
536548149;17;10;2024;10:16;1;94;94022;2;1;2;6;Avenue Victor Hugo;;
536548150;1;6;2024;19:30;2;68;68043;2;3;2;1;Rue de Soultz;;
536548151;17;10;2024;09:25;1;92;92064;2;1;2;2;MONT VALERIEN;;
536548152;2;6;2024;02:45;3;60;60527;2;1;2;6;Rue des Marronniers;;
536548153;17;10;2024;16:05;1;92;92051;2;2;2;6;CHATEAU (BOULEVARD DU);;
536548154;31;5;2024;19:00;3;974;97413;2;1;1;1;Rue du Musee;;
536548155;17;10;2024;20:17;5;92;92044;2;2;2;3;VOLTAIRE(RUE)83A91 ET 64A70;;
536548156;1;6;2024;14:30;1;62;62289;2;3;1;3;D138;;
536548157;17;10;2024;09:00;1;92;92040;2;1;8;7;CAMILLE DESMOULINS;;
536548158;2;6;2024;17:15;1;62;62524;2;1;1;3;D341;;
536548159;17;10;2024;18:55;5;92;92024;2;1;3;7;JEAN JAURES (BD) DE (1 A 45)   (2 A 54);;
536548160;17;10;2024;21:40;5;92;92012;2;1;2;7;GENERAL LECLERC (AVENUE DU) 35/FIN - 60/;;
536548161;29;5;2024;12:50;1;59;59074;2;1;8;3;Rue Gambetta;;
536548162;1;6;2024;18:50;1;74;74225;2;1;1;6;Rue Joseph Béard;;
536548163;17;10;2024;10:10;1;92;92012;2;1;2;1;JEAN BAPTISTE CLEMENT (AVENUE) 1/47 - 2/;;
536548164;30;5;2024;13:35;1;71;71073;2;1;1;1;Rue du 8 Mai 1945;;
536548165;17;10;2024;06:20;5;92;92002;2;9;8;3;LEON JOUHAUX (AVENUE);;
536548166;17;10;2024;21:20;5;37;37271;2;2;2;1;54 Rue de la Galandiére;;
536548167;31;5;2024;08:50;1;71;71543;2;3;1;3;4 Av du Mal de Lattre de Tassigny;;
536548168;28;5;2024;13:42;1;61;61037;1;1;2;7;D7;;
536548169;16;10;2024;14:10;1;35;35239;2;1;1;1;Lieu Dit La Chambre;;
536548170;17;10;2024;16:30;1;49;49244;1;1;1;6;Marigne (St Florent-le-Vieil);;
536548171;2;6;2024;04:38;2;55;55348;1;1;8;7;VOIE COMMUNALE N°4 DE MONTIERS SUR SAULX À COUVERTPUIS;;
536548172;2;6;2024;03:30;3;12;12208;2;1;1;7;Chemin de Julhac;;
536548173;18;10;2024;09:00;1;34;34148;2;3;2;3;65 Avenue de Cazouls;;
536548174;2;6;2024;15:45;1;39;39397;2;1;2;3;4 Route des Lacs;;
536548175;14;10;2024;19:14;3;2A;2A276;1;1;1;1;D155;;
536548176;17;10;2024;11:05;1;26;26338;1;1;2;7;Route de la Batie Rolland;;
536548177;1;6;2024;14:10;1;44;44069;1;1;1;4;Route de Herbignac;;
536548178;16;10;2024;09:20;1;76;76503;1;1;1;6;A151;;
536548180;17;10;2024;19:35;3;31;31163;1;1;3;5;Montauriol;;
536548181;31;5;2024;11:51;1;29;29212;2;2;1;2;rue des Myosotis;;
536548182;18;10;2024;14:51;1;21;21599;1;1;1;2;A31;;
536548183;31;5;2024;18:42;1;29;29061;2;1;1;3;route de l'Echangeur;;
536548184;12;10;2024;11:45;1;67;67426;2;3;7;2;Route du Hohwald;;
536548185;17;10;2024;18:25;2;46;46227;1;1;3;6;D911;;
536548186;1;6;2024;19:50;1;02;02141;1;4;2;3;30 Rue du General Debeney;;
536548187;18;10;2024;15:42;1;01;01354;1;3;1;2;D35;;
536548188;1;6;2024;22:00;3;02;02060;2;1;2;1;11 Rue de l'Eglise;;
536548190;2;6;2024;17:45;1;03;03108;1;1;5;6;D998;;
536548191;17;10;2024;19:20;2;56;56039;1;1;1;1;Le Marglas;;
536548192;31;5;2024;22:50;3;01;01420;2;3;1;6;D7;;
536548193;16;10;2024;09:40;1;56;56010;2;6;2;3;Rue du Marechal Leclerc;;
536548194;2;6;2024;15:00;1;07;07197;1;1;2;1;D578;;
536548195;2;6;2024;07:45;1;27;27037;1;2;1;3;D31;;
536548196;18;10;2024;17:10;1;69;69214;2;3;1;5;Route du Pont Mondet;;
536548197;2;6;2024;02:20;3;38;38310;1;1;1;6;A49;;
536548198;15;10;2024;19:55;3;12;12077;1;1;2;1;D65;;
536548199;2;6;2024;18:40;1;13;13029;1;1;1;3;Route départementale 70 A;;
536548200;17;10;2024;19:53;3;34;34332;1;1;2;6;D612a;;
536548201;7;10;2024;07:48;2;22;22248;2;1;1;3;22 Hent Don;;
536548202;1;6;2024;13:40;1;21;21054;1;1;2;5;A6;;
536548204;2;6;2024;05:45;2;974;97403;2;1;1;1;D26;;
536548205;18;10;2024;08:52;1;39;39191;1;3;3;1;rd 1083 pk 56+150  sens POLIGNY LONS LE SAUNIER;;
536548206;2;6;2024;17:00;1;06;06128;1;1;1;1;Route de Vence;;
536548207;15;10;2024;15:00;1;44;44003;2;6;2;3;186 Boulevard de Bad Bruckenau;;
536548209;1;6;2024;02:05;3;03;03298;1;6;3;1;N7;;
536548210;18;10;2024;10:35;1;29;29072;2;1;1;3;Rue de la Liberté;;
536548211;18;10;2024;07:55;2;02;02468;1;1;5;7;Rue de la Ferme de la Tombelle;;
536548212;1;6;2024;10:00;1;07;07087;1;3;1;3;Route de l'Echelette;;
536548213;18;10;2024;11:00;1;15;15135;1;1;2;6;RD 120;;
536548215;18;10;2024;07:15;2;70;70044;1;1;1;6;D 100, les gressoux;;
536548216;1;6;2024;23:45;5;14;14663;2;1;1;7;23 Rue Saint-Sulpice;;
536548217;17;10;2024;19:04;2;66;66149;1;1;8;7;chemin de los masos;;
536548218;1;6;2024;11:30;1;29;29255;1;1;1;7;Pouloupry;;
536548219;17;10;2024;18:50;1;50;50523;2;1;7;4;29 Rue de Baudienville;;
536548220;18;10;2024;08:00;2;50;50453;1;1;5;6;Rue des Rosiers;;
536548221;1;6;2024;23:35;3;59;59419;2;1;1;6;41 Route de Saint Amand;;
536548222;17;10;2024;22:44;3;45;45203;1;1;3;6;D3 PR 0 + 654;;
536548223;1;6;2024;03:50;3;91;91103;1;1;2;2;RN 104;;
536548224;17;10;2024;10:30;1;40;40224;2;1;3;6;rue gambetta;;
536548225;1;6;2024;03:50;3;91;91103;1;1;2;2;RN 104;;
536548226;18;10;2024;15:50;1;17;17166;1;1;1;7;D205;;
536548227;1;6;2024;19:20;1;92;92036;1;1;1;2;A86;;
536548228;31;5;2024;19:08;1;92;92063;1;1;8;6;A86;;
536548229;17;10;2024;18:00;3;87;87090;1;2;3;3;La Croix de l?Arret;;
536548230;31;5;2024;17:36;1;92;92019;1;1;8;3;A86 INT;;
536548231;18;10;2024;13:30;1;87;87116;1;6;2;3;RN 147;;
536548232;1;6;2024;17:35;1;93;93078;1;1;2;3;A104;;
536548233;18;10;2024;07:20;3;30;30146;1;1;8;4;D6110;;
536548234;1;6;2024;04:50;3;95;95018;1;1;2;2;A15;;
536548235;17;10;2024;11:15;1;987;98734;1;1;1;3;PK34.200;;
536548236;1;6;2024;01:30;3;93;93064;1;1;2;6;A103;;
536548238;1;6;2024;00:25;3;95;95582;1;1;3;6;A15;;
536548239;17;10;2024;09:29;1;49;49030;1;1;8;7;A85 PK 30.300;;
536548240;16;10;2024;13:20;1;78;78043;2;2;1;1;Grille de maintenon;;
536548241;17;10;2024;17:18;1;971;97103;1;1;1;3;Burger King (Restauration rapide);;
536548242;18;10;2024;00:23;3;77;77520;1;1;3;2;Autoroute A6 PK 066+800 vers PARIS;;
536548243;18;10;2024;18:30;2;71;71052;1;2;1;3;948 Ancienne Nationale 6;;
536548244;18;10;2024;14:07;1;88;88131;1;1;1;1;rue de la croisette;;
536548245;18;10;2024;15:35;1;81;81140;1;1;2;6;Avenue Pierre Fabre;;
536548246;16;10;2024;17:00;1;31;31429;1;1;8;1;38 Avenue du Lauragais;;
536548247;17;10;2024;07:15;3;17;17100;1;2;8;3;D233e2;;
536548248;17;10;2024;17:40;1;50;50041;1;1;1;1;D64;;
536548249;17;10;2024;17:45;1;29;29057;1;1;1;3;Route de Quimper;;
536548250;17;10;2024;00:05;4;22;22245;1;1;2;7;D767;;
536548251;17;10;2024;10:15;1;35;35244;1;2;1;3;Le Poteau, intersection RD 175 / RD 18;;
536548252;7;10;2024;18:50;2;27;27020;2;2;2;1;Rue de Bérengeville;;
536548253;18;10;2024;15:33;1;76;76057;2;2;1;6;Rue du Général Giraud;;
536548254;17;10;2024;09:05;1;59;59117;2;1;1;1;Route Nationale;;
536548255;17;10;2024;18:00;1;13;13071;1;1;2;2;A7-Sens Lyon vers Marseille;;
536548256;15;10;2024;13:15;1;59;59350;1;1;1;2;AUTOROUTE A25;;
536548257;17;10;2024;00:51;3;92;92048;1;1;2;3;N118;;
536548258;16;10;2024;20:13;4;92;92036;1;1;1;2;A86;;
536548259;16;10;2024;08:10;1;92;92062;1;1;1;2;A14;;
536548260;16;10;2024;11:50;1;95;95582;1;1;1;2;A15;;
536548261;16;10;2024;10:00;1;95;95018;1;1;1;2;A15;;
536548262;15;10;2024;19:45;3;95;95018;1;1;2;6;A15;;
536548263;17;10;2024;08:10;2;94;94052;1;1;2;3;A86;;
536548264;16;10;2024;21:50;3;77;77468;1;1;3;4;A4.Y;;
536548265;16;10;2024;18:49;1;94;94074;1;1;1;2;N406;;
536548266;16;10;2024;08:50;1;94;94004;1;1;1;5;N19;;
536548267;17;10;2024;11:40;1;93;93073;2;2;1;3;RAPERIE (RUE DE LA);;
536548268;17;10;2024;14:45;1;93;93053;2;7;2;3;PARIS (RUE DE);;
536548269;17;10;2024;17:45;1;93;93051;2;1;8;3;MEDERIC (AVENUE);;
536548270;17;10;2024;13:25;1;93;93048;2;2;8;3;JEANNE D'ARC (BOULEVARD);;
536548271;17;10;2024;01:40;5;93;93006;2;4;3;3;CARNOT RUE SADI;;
536548272;17;10;2024;16:45;1;93;93047;2;1;3;6;VICTOR HUGO  (AVENUE);;
536548273;10;8;2024;13:00;1;38;38289;1;1;1;6;D44c;;
536548274;30;7;2024;18:20;1;38;38179;2;1;1;2;COMBE (AVENUE DE LA );;
536548275;16;7;2024;06:20;2;38;38151;2;1;1;3;AVENUE VICTOR HUGO;;
536548276;10;7;2024;19:25;1;38;38185;1;1;1;6;RUE ALFRED DE MUSSET;;
536548277;5;7;2024;17:00;1;38;38185;2;7;1;7;RUE FÉLIX POULAT;;
536548278;30;6;2024;13:54;1;38;38185;2;2;1;3;BOULEVARD AGUTTE SEMBAT;;
536548279;26;6;2024;07:40;1;38;38421;2;9;1;6;AVENUE JEAN JAURÈS;;
536548280;7;8;2024;19:45;1;74;74286;2;1;1;7;2335 Porte de la vallée d'abondance;;
536548281;18;7;2024;10:30;1;74;74276;1;1;1;5;Route du praz de lys;;
536548282;20;7;2024;19:15;1;74;74249;1;1;1;3;Route du gavot;;
536548283;6;8;2024;11:45;1;74;74280;1;3;1;3;Route des aravis;;
536548284;30;7;2024;09:40;1;74;74311;2;2;1;1;23 Route de cornillon;;
536548285;29;7;2024;16:15;1;74;74196;1;1;1;7;119;;
536548286;28;7;2024;09:25;1;74;74257;1;3;1;3;Route de Frangy;;
536548287;3;8;2024;22:30;3;74;74236;1;1;1;7;1482 Route des contamines;;
536548288;3;8;2024;16:52;1;74;74026;1;1;1;1;Route de choisy;;
536548289;6;8;2024;16:40;1;74;74002;1;2;1;1;Route d'annecy;;
536548290;6;8;2024;11:10;1;74;74127;1;1;1;1;Route des grandes alpes;;
536548291;4;8;2024;07:19;2;74;74123;1;1;1;6;831 Route des grottes;;
536548292;1;8;2024;22:30;5;74;74275;2;1;1;3;14 Route de l'égalité;;
536548294;22;7;2024;17:40;1;74;74256;2;1;1;7;278 Avenue de geneve;;
536548295;8;6;2024;12:20;1;74;74308;2;1;1;3;Route de Vers les Granges;;
536548296;2;6;2024;21:30;2;74;74073;1;1;2;6;D32;;
536548297;20;6;2024;18:42;1;84;84031;1;1;1;2;MIRABEAU AVENUE;;
536548298;7;10;2024;20:50;5;44;44162;2;1;1;7;155 Boulevard Salvador Allende;;
536548299;16;10;2024;06:25;2;974;97416;2;2;1;3;FOUR A CHAUX(RUE DU);;
536548300;16;10;2024;15:45;1;974;97411;2;1;1;6;TORTUE (RUELLE);;
536548301;16;10;2024;08:45;1;974;97411;2;1;1;6;JAURES (BLD 1 JEAN);;
536548302;16;10;2024;07:20;1;974;97411;2;1;1;6;BOIS DE NEFLES (ROUTE DE);;
536548303;16;10;2024;12:38;1;973;97302;2;1;1;6;MONTABO (ROUTE DE) 2;;
536548304;16;10;2024;09:50;1;973;97302;2;1;1;5;BADUEL (ROUTE DE);;
536548305;16;10;2024;09:52;1;973;97302;1;1;1;2;ROUTE NATIONALE 1;;
536548306;17;3;2024;20:45;3;38;38218;1;1;1;7;Route du Pilat;;
536548307;18;3;2024;10:15;1;72;72054;1;1;2;1;Route de Saint-calais;;
536548308;17;3;2024;21:40;5;06;06059;1;1;1;5;M6098;;
536548309;17;3;2024;18:15;1;14;14123;2;1;1;7;2 Rue des Lys;;