Num_Acc;jour;mois;an;hrmn;lum;dep;com;agg;int;atm;col;adr;lat;long
536548310;18;3;2024;13:30;1;50;50087;1;1;1;1;Route du Mont Fanu;;
536548311;27;2;2024;17:30;2;45;45103;1;1;1;7;D31 PR 14 + 594;;
536548312;18;3;2024;12:30;1;07;07078;2;6;8;2;D121;;
536548313;15;3;2024;10:40;1;40;40110;2;1;1;6;place de l'hotel de ville;;
536548314;18;3;2024;19:27;2;27;27658;1;1;1;3;D840;;
536548315;15;3;2024;14:10;1;17;17043;1;2;1;3;D119e1;;
536548316;18;3;2024;08:15;1;23;23008;2;1;1;6;Avenue de la République;;
536548317;17;3;2024;17:10;1;87;87089;1;1;2;7;D942;;
536548318;18;3;2024;07:45;1;37;37234;1;1;1;1;D31;;
536548319;15;3;2024;20:30;5;30;30133;2;6;1;7;Avenue Jean Lasserre;;
536548320;18;3;2024;01:15;3;973;97307;1;1;1;1;larivot;;
536548321;18;3;2024;11:15;1;31;31187;2;1;1;6;Route de Tarbes;;
536548322;17;3;2024;17:55;1;30;30347;1;1;1;1;D56;;
536548323;17;3;2024;21:20;5;978;97801;2;3;1;1;route nationale 7;;
536548324;15;3;2024;22:55;3;69;69244;2;1;1;3;Boulevard du Valvert;;
536548325;18;3;2024;07:20;2;06;06018;2;3;1;3;Route de Valbonne;;
536548326;16;3;2024;19:30;5;987;98715;2;2;1;3;Quartier Bel Air;;
536548327;18;3;2024;10:55;1;38;38466;1;3;2;2;D1090;;
536548328;17;3;2024;05:50;2;13;13032;1;1;1;7;D17;;
536548329;12;3;2024;08:00;2;62;62323;1;1;1;6;A1;;
536548330;17;3;2024;14:50;1;987;98714;1;1;1;3;Anau;;
536548331;17;3;2024;01:00;4;987;98754;1;1;1;1;PK 40 fetuna;;
536548332;15;3;2024;18:30;2;971;97117;2;1;1;3;departementale 114;;
536548333;13;3;2024;15:25;1;13;13087;1;1;1;3;D7N;;
536548334;17;3;2024;21:00;5;37;37281;2;1;8;1;les tuileries;;
536548335;17;3;2024;19:53;5;71;71342;2;1;2;6;Rue de Bourgogne;;
536548336;18;3;2024;13:40;1;73;73179;2;3;1;1;Rue de leya;;
536548337;18;3;2024;11:37;1;38;38012;1;1;1;6;Route des Moulins;;
536548338;18;3;2024;17:00;1;26;26377;1;1;1;7;D94;;
536548339;17;3;2024;20:00;3;60;60282;1;1;1;2;D44;;
536548340;17;3;2024;14:35;1;13;13005;1;1;1;2;A50 - Sens Aubagne vers Marseille;;
536548341;17;3;2024;20:23;3;42;42330;1;1;1;2;A72;;
536548342;17;3;2024;14:40;1;91;91136;1;1;1;6;AUTOROUTE A10;;
536548343;17;3;2024;08:05;1;91;91179;1;1;2;2;AUTOROUTE A6;;
536548344;17;3;2024;19:00;3;95;95682;1;1;1;6;N104;;
536548345;17;3;2024;16:50;1;93;93064;1;1;8;2;A86;;
536548346;17;3;2024;13:40;1;95;95582;1;1;2;6;A15;;
536548347;17;3;2024;02:52;3;93;93053;1;1;1;6;A86;;
536548348;16;3;2024;22:20;3;93;93007;1;1;1;5;A1;;
536548349;16;3;2024;16:30;1;95;95018;1;1;1;2;A15;;
536548350;17;3;2024;17:50;2;77;77122;1;1;1;6;RN104;;
536548351;17;3;2024;02:15;3;94;94018;1;1;1;6;A4;;
536548352;16;3;2024;19:10;3;92;92025;2;1;1;3;G.PERI 2 A 192   1 A 247 (RUE);;
536548353;15;3;2024;20:30;5;44;44109;2;2;1;1;138 Route de Vertou;;
536548354;16;3;2024;13:30;1;974;97416;1;1;1;3;PAVE(RUE);;
536548355;16;3;2024;10:20;1;974;97411;1;1;1;2;RAMBAUD (LEOPOLD);;
536548356;4;7;2024;16:20;1;44;44109;2;3;1;3;11 Boulevard Général de Gaulle;;
536548357;16;3;2024;12:10;1;974;97411;2;3;1;6;PARIS (RUE DE);;
536548358;16;3;2024;16:25;1;69;69385;2;1;1;1;Rue de Bélissen;;
536548359;4;7;2024;00:15;5;43;43002;2;6;1;1;Avenue de Bonneville;;
536548360;3;7;2024;22:40;3;41;41269;2;1;1;6;QUATRE HUYES (RUE DES);;
536548361;16;3;2024;20:58;5;2B;2B120;2;1;1;2;11 - RT;;
536548362;4;7;2024;12:00;1;38;38053;2;1;1;6;BERLIOZ (HECTOR);;
536548363;4;7;2024;06:45;1;37;37233;2;6;1;7;MOULIN (PONT JEAN);;
536548364;16;3;2024;13:39;1;2B;2B120;1;1;1;2;11 - RT;;
536548365;4;7;2024;10:40;1;36;36044;2;1;1;2;Boulevard de Cluis;;
536548366;16;3;2024;19:00;2;95;95428;2;1;1;1;RACINE (RUE);;
536548367;4;7;2024;14:45;1;34;34129;2;1;1;6;RAYMOND DUGRAND (AVENUE);;
536548368;16;3;2024;15:00;1;91;91477;2;3;1;1;SACLAY (ROUTE DE);;
536548369;16;3;2024;00:44;3;91;91027;2;1;2;1;DENFERT ROCHEREAU (RUE);;
536548370;30;6;2024;21:00;2;34;34172;2;3;1;4;MOULINS (AVENUE DES;;
536548371;16;3;2024;21:48;5;91;91589;2;4;1;1;BD ARISTIDE BRIAND;;
536548372;15;3;2024;08:40;1;83;83069;2;1;1;6;LOUBES (ROUTE DES);;
536548373;4;7;2024;16:20;1;34;34003;2;1;1;2;GRACE DE MONACO (RUE);;
536548374;16;3;2024;13:55;1;78;78418;2;6;1;3;PABLO PICASSO (RUE);;
536548376;16;3;2024;19:30;5;77;77373;2;1;1;3;RUE DES PRES SAINT MARTIN;;
536548379;14;3;2024;13:17;1;77;77288;2;1;1;6;SAINT LIESNE (RUE);;
536548380;4;7;2024;08:20;1;31;31555;2;1;1;3;AV DES ETATS UNIS;;
536548381;16;3;2024;19:51;5;77;77449;2;1;1;6;CRS DU DANUBE;;
536548382;29;6;2024;12:00;1;29;29232;2;1;1;2;Avenue de la Liberation;;
536548383;15;3;2024;18:05;1;77;77449;2;1;1;1;RTE DE PROVINS;;
536548384;3;7;2024;15:25;1;29;29254;2;1;1;6;Allée Saint François;;
536548385;16;3;2024;23:58;5;77;77186;2;1;1;2;D607;;
536548386;4;7;2024;07:35;1;28;28134;1;1;1;2;RN 12 (LES CHATELETS);;
536548387;15;3;2024;19:40;5;69;69256;2;2;2;3;Rue Emile Zola;;
536548388;4;7;2024;08:20;1;26;26362;2;9;1;3;Avenue de Provence;;
536548389;16;3;2024;14:00;1;65;65440;2;3;1;3;Rue du Portail d’Avant;;
536548390;16;3;2024;14:30;1;64;64284;2;1;1;6;ROMAIN TRESARIEU;;
536548391;4;7;2024;17:15;1;25;25462;2;1;1;2;BESANCON (DU 72TER A LA FIN);;
536548392;16;3;2024;11:20;1;64;64102;2;1;1;2;PONTOTS (GIRATOIRE LES);;
536548393;4;7;2024;10:25;1;22;22113;2;1;1;7;GUINGAMP (ROUTE DE);;
536548394;16;3;2024;19:59;3;63;63063;1;2;1;3;rue des Mauvaises M2-Bd Jean Moulin;;
536548395;3;7;2024;18:20;1;19;19031;2;5;1;3;LOMBARD (AVENUE JACQUES);;
536548396;16;3;2024;10:55;1;59;59598;2;1;1;1;Rue des Déportés;;
536548397;4;7;2024;16:45;1;17;17306;2;1;1;2;ROCHEFORT (DE)  (AVENUE);;
536548398;5;5;2024;17:53;1;14;14327;1;1;3;7;Route de Colombelles;;
536548399;16;3;2024;11:30;1;54;54528;2;1;1;1;Boulevard Aristide Briand;;
536548400;16;3;2024;10:30;1;54;54547;2;3;1;6;Avenue Jeanne d'Arc;;
536548401;16;3;2024;13:05;1;49;49007;2;1;1;6;ROI RENE BOULEVARD;;
536548402;3;7;2024;15:38;1;13;13212;2;3;1;3;BOISERAIE (RUE);;
536548403;15;3;2024;17:35;1;45;45232;2;3;1;1;D14 PR 5 + 275;;
536548404;16;3;2024;10:40;1;44;44114;2;1;1;6;23 Avenue de la Paquelais;;
536548405;4;7;2024;07:45;1;13;13028;2;3;1;3;TRAMONTANE (AVENUE DE LA );;
536548406;16;3;2024;21:23;5;38;38053;2;1;1;7;ITALIE (AVE);;
536548407;3;7;2024;15:35;1;10;10333;2;6;1;3;CHARLES BALTET (RUE);;
536548408;15;3;2024;21:57;5;38;38053;2;1;1;2;GENEVIEVE DE GAULLE (RUE);;
536548409;4;7;2024;16:45;1;06;06088;2;1;1;6;147 Boulevard de l'Ariane;;
536548410;16;3;2024;21:27;5;35;35238;2;2;1;2;DE LATTRE DE TASSIGNY (BD MARECHAL);;
536548411;4;7;2024;17:35;1;06;06069;1;1;1;3;251 Route de Pégomas;;
536548413;4;7;2024;08:00;1;06;06027;2;3;1;5;147 Avenue de Nice;;
536548414;16;3;2024;11:09;1;27;27229;2;3;1;6;RABAIS (RUE DU);;
536548415;4;7;2024;08:50;1;75;75117;2;1;1;2;PORTE DE SAINT OUEN;;
536548416;15;3;2024;15:45;1;25;25462;1;1;1;3;VOIE COMMUNALE DE L'AVIATION;;
536548417;4;7;2024;09:20;1;75;75112;2;1;1;3;ECHANGEUR BERCY;;
536548418;16;3;2024;10:15;1;22;22278;2;3;1;1;ETABLETTE (DE L');;
536548419;3;7;2024;09:55;1;75;75115;2;1;1;2;PORTE DE SEVRES;;
536548420;16;3;2024;22:10;5;13;13203;2;3;1;3;LOUBON (RUE);;
536548421;3;7;2024;08:00;1;75;75116;2;1;1;3;PORTE DAUPHINE;;
536548422;16;3;2024;04:45;5;13;13211;2;1;1;1;VALBARELLE (BOULEVARD DE LA );;
536548423;16;3;2024;16:30;1;13;13047;2;1;1;7;RAYMOND FILIPPI AVENUE;;
536548424;4;7;2024;09:20;1;75;75120;2;2;1;6;RUE PELLEPORT;;
536548425;16;3;2024;21:20;5;13;13001;2;1;1;3;MOURET HENRI (AV);;
536548426;4;7;2024;16:30;1;75;75117;2;3;1;3;BOULEVARD D AURELLE DE PALADINES;;
536548427;16;3;2024;12:00;1;13;13001;2;9;1;3;EUROPE (AV );;
536548428;16;3;2024;10:33;1;10;10333;1;6;8;6;D610;;
536548429;4;7;2024;13:00;1;75;75116;2;7;1;3;PLACE D IENA;;
536548430;16;3;2024;04:06;5;06;06088;2;1;1;6;Promenade des Anglais;;
536548431;4;7;2024;09:00;1;75;75116;2;2;1;6;RUE SPONTINI;;
536548432;16;3;2024;12:25;1;75;75118;2;3;1;6;AVENUE DE LA PORTE DE MONTMARTRE;;
536548433;3;7;2024;23:55;5;75;75115;2;2;1;3;RUE PLUMET;;
536548434;15;3;2024;23:10;5;75;75118;2;2;2;3;RUE DU MONT CENIS;;
536548435;4;7;2024;13:30;1;75;75114;2;1;1;2;RUE BOYER BARRET;;
536548436;16;3;2024;18:45;1;75;75117;2;3;1;6;BOULEVARD GOUVION SAINT CYR;;
536548437;3;7;2024;20:35;1;75;75114;2;1;1;6;BOULEVARD ARAGO;;
536548438;16;3;2024;11:15;1;75;75117;2;6;1;2;PLACE DE VERDUN;;
536548439;4;7;2024;16:40;1;75;75113;2;1;1;6;AVENUE D ITALIE;;
536548440;4;7;2024;08:05;1;75;75112;2;3;1;2;RUE DE CHARENTON;;
536548441;16;3;2024;03:50;5;75;75116;2;2;2;3;BOULEVARD SUCHET;;
536548442;4;7;2024;19:00;1;75;75110;2;1;1;6;BOULEVARD DE MAGENTA;;
536548443;16;3;2024;01:30;5;75;75116;2;2;1;3;RUE GALILEE;;
536548444;4;7;2024;09:25;1;75;75110;2;3;1;6;RUE DU FAUBOURG SAINT MARTIN;;
536548445;15;3;2024;09:45;1;75;75114;2;3;1;7;RUE JULIA BARTET;;
536548446;4;7;2024;16:15;1;75;75108;2;7;1;3;PLACE DE L ALMA;;
536548447;16;3;2024;02:30;5;75;75112;2;3;1;2;RUE DE CHARENTON;;
536548448;15;3;2024;23:30;5;75;75109;2;1;1;7;RUE NOTRE DAME DE LORETTE;;
536548449;16;3;2024;15:41;1;75;75108;2;3;1;6;AVENUE WINSTON CHURCHILL;;
536548450;3;7;2024;22:20;5;75;75107;2;1;1;3;PONT D IENA;;
536548451;16;3;2024;18:00;1;75;75107;2;1;1;1;QUAI BRANLY;;
536548452;4;7;2024;09:10;1;75;75104;2;3;1;6;RUE SAINT ANTOINE;;
536548453;16;3;2024;14:30;1;75;75102;2;3;1;7;RUE DE LA BANQUE;;
536548454;4;7;2024;08:03;1;94;94081;2;3;1;3;Route de Fontainebleau;;
536548455;16;3;2024;19:00;2;94;94016;2;1;1;3;Avenue Pasteur;;
536548456;4;7;2024;12:20;1;94;94078;2;1;1;2;Rue de Paris;;
536548457;16;3;2024;17:20;1;94;94022;2;9;1;3;Avenue de Lugo / Quai Jules Guesde;;
536548458;15;3;2024;22:15;5;94;94004;2;3;2;6;Rue de Brévannes / Rue Louise Chenu;;
536548459;4;7;2024;06:38;1;94;94068;2;9;1;3;Avenue du Bac;;
536548460;16;3;2024;09:45;1;95;95527;2;4;1;3;NOYER AU CHAT (ROUTE DU);;
536548461;4;7;2024;08:50;1;94;94018;2;1;1;1;Avenue de la Liberte;;
536548462;16;3;2024;06:00;3;77;77291;1;1;2;2;CHAPIT RE ( RUE DU);;
536548463;3;7;2024;11:25;1;93;93078;2;2;8;3;Avenue Georges Clémenceau / Avenue Charles de Gaulle;;
536548464;16;3;2024;12:19;1;93;93014;2;9;1;3;Allée Maurice Audin / Chemin des Postes;;
536548465;3;7;2024;20:25;1;93;93072;2;3;1;6;Avenue de Stalingrad / Rue Pasteur;;
536548466;16;3;2024;11:15;1;92;92026;2;3;1;2;MARECHAL JOFFRE (QUAI DU);;
536548467;4;7;2024;11:00;1;93;93070;2;1;1;2;DOCTEUR BAUER(RUE DU) :N° 1 AU 73;;
536548468;15;3;2024;18:15;1;92;92025;2;9;1;1;GABRIEL PERI (RUE);;
536548469;4;7;2024;13:10;1;93;93039;2;9;1;6;MECHIN;;
536548470;16;3;2024;05:21;5;92;92024;2;1;1;2;CLICHY (QUAI DE) DE (104 A 202);;
536548471;4;7;2024;17:52;1;93;93074;2;5;1;3;ROBERT SCHUMANN BOULEVARD;;
536548472;17;3;2024;02:26;4;76;76279;2;9;9;6;2034 Voie Romaine;;
536548473;4;7;2024;21:30;2;93;93029;2;1;1;6;Rue d'Alsace Lorraine;;
536548474;15;3;2024;15:45;1;37;37153;1;1;1;2;141 Lieu Dit la Coulonniere;;
536548475;16;3;2024;13:30;1;2A;2A203;1;1;1;7;RD81;;
536548476;15;3;2024;15:10;1;95;95452;2;8;1;7;D78;;
536548477;4;7;2024;15:25;1;93;93014;2;5;1;6;MONTFERMEIL (ALLEE DE);;
536548478;16;3;2024;09:50;1;31;31547;1;2;1;3;Intersection D12-D50;;
536548479;4;7;2024;08:45;1;92;92078;2;2;1;3;GALLIENI (BD) (1 A 79 ET 22 A 102);;
536548480;4;7;2024;12:12;1;92;92073;2;3;1;1;JAURES (AVENUE JEAN);;
536548481;16;3;2024;14:45;1;972;97225;1;1;1;1;Route Nationale N°2;;
536548482;16;3;2024;16:05;1;23;23101;1;1;1;3;Le Breuil;;
536548483;4;7;2024;08:00;1;92;92063;2;2;7;6;DANTON (RUE);;
536548484;17;3;2024;09:30;1;21;21177;1;1;1;6;A6 - PK246+200;;
536548485;2;7;2024;23:17;5;92;92050;1;1;1;4;PREMIER MAI RUE DU;;
536548486;16;3;2024;19:20;3;71;71333;1;1;8;1;Route de Saint-germain-du-bois;;
536548487;2;7;2024;13:30;1;92;92050;2;9;1;3;GUILLERAIES AVENUE DES;;
536548488;17;3;2024;07:00;2;76;76615;1;1;2;6;route de la garenne;;
536548489;4;7;2024;13:15;1;92;92049;2;1;1;6;BROSSOLETTE AVENUE PIERRE;;
536548491;4;7;2024;11:45;1;92;92024;2;1;1;3;PIERRE BEREGOVOY (RUE);;
536548492;16;3;2024;15:10;1;2B;2B043;1;1;1;6;RD 80;;
536548493;3;7;2024;16:40;1;974;97415;1;1;1;3;N1;;
536548494;17;3;2024;02:00;3;65;65075;1;1;1;6;D929;;
536548495;4;7;2024;11:30;1;974;97415;2;1;2;7;Chemin Ligne Chereau;;
536548496;16;3;2024;15:10;1;65;65448;1;1;1;7;D 39;;
536548497;16;3;2024;13:15;1;69;69018;1;1;1;1;Rue des Écharmeaux;;
536548498;3;7;2024;22:15;3;12;12140;1;1;1;6;D911;;
536548499;17;3;2024;15:40;1;81;81309;1;4;1;3;Route du Dolmen;;
536548500;5;7;2024;15:35;1;47;47015;1;1;1;1;518 route de l'ourtiguet;;
536548501;17;3;2024;14:15;1;11;11129;2;9;1;6;137 Avenue de Carcassonne;;
536548502;14;3;2024;11:40;1;11;11263;1;1;1;3;route départementale 117;;
536548503;12;6;2024;18:58;1;01;01244;1;6;1;5;D1084;;
536548504;16;3;2024;18:25;1;71;71248;1;1;1;6;D975;;
536548505;4;7;2024;19:00;1;26;26140;1;1;1;1;Les Fayolles;;
536548506;16;3;2024;20:10;3;63;63036;1;1;1;7;D717;;
536548507;16;3;2024;11:50;1;63;63178;2;1;1;7;13 Boulevard du Mont Mouchet;;
536548508;5;7;2024;11:55;1;52;52114;1;1;1;7;D6;;
536548509;17;3;2024;16:05;1;55;55463;1;1;2;7;D119;;
536548510;5;7;2024;15:50;1;95;95452;1;1;1;6;D85;;
536548511;16;3;2024;20:55;3;12;12056;1;1;1;6;Route Nationale RN 88;;
536548512;5;7;2024;07:30;1;95;95487;2;6;1;6;D4;;
536548513;16;3;2024;21:15;4;47;47252;2;1;1;6;Av Gaston Carrere;;
536548514;24;6;2024;13:00;1;84;84069;1;1;1;6;CD 974;;
536548515;17;3;2024;12:30;1;01;01304;2;1;1;4;Rue Philibert-le-beau;;
536548516;4;7;2024;03:15;3;31;31228;2;1;1;6;1549 Avenue des Platanes;;
536548517;17;3;2024;05:00;2;01;01196;1;1;1;6;Route de Foissiat;;
536548518;24;6;2024;09:00;1;13;13078;1;1;1;3;Départemental 35;;
536548519;16;3;2024;10:30;1;66;66003;2;2;7;6;Quai Georges Bosch;;
536548520;5;7;2024;00:26;3;83;83073;1;1;1;6;autoroute A8 sens aix6 Nice pk 093.500;;
536548521;5;7;2024;08:00;1;974;97412;2;1;1;6;Rue Paul Demange;;
536548523;3;7;2024;19:30;3;972;97221;1;1;1;7;1426f Habitation Ferral;;
536548524;17;3;2024;09:55;1;07;07056;1;3;1;1;les Rotisses;;
536548525;5;7;2024;01:20;3;35;35085;1;1;1;6;les fresches;;
536548526;16;3;2024;03:00;3;21;21445;1;1;1;6;D26;;
536548527;3;7;2024;12:50;1;46;46091;1;1;1;1;D22;;
536548528;16;3;2024;18:40;2;27;27039;2;1;1;1;142 Rue du Village;;
536548529;16;3;2024;14:20;1;27;27192;2;2;1;3;Rue du Loup Pendu;;
536548530;4;7;2024;17:20;1;14;14061;2;2;1;3;4 Route de Beaumesnil;;
536548531;16;3;2024;20:40;5;27;27011;2;1;2;1;Rue de la République;;
536548532;15;3;2024;21:30;5;30;30341;2;2;1;3;Rue des Capitaines;;
536548533;5;7;2024;15:11;1;974;97410;1;1;1;5;Route Nationale 2;;
536548534;30;6;2024;01:20;4;26;26325;2;6;1;3;Avenue de Lyon;;
536548535;16;3;2024;05:50;3;21;21423;1;1;1;2;A6, PK 307+700, sens PARIS / LYON;;
536548536;4;7;2024;22:40;3;65;65301;1;1;1;7;D632;;
536548537;17;3;2024;07:00;1;973;97311;2;1;1;6;Rue Joseph Symphorien;;
536548538;4;7;2024;18:20;1;72;72155;2;1;1;6;place saint martin;;
536548539;17;3;2024;04:29;3;977;97701;1;1;1;6;route de Lorient D209 après lieu dit coupe gorge;;
536548540;16;3;2024;21:45;3;37;37253;1;1;1;6;D58;;
536548541;28;6;2024;20:50;1;62;62279;2;6;1;7;D939;;
536548542;16;3;2024;15:30;1;66;66037;1;1;1;3;CHEMIN DES TERRES ROUSSES;;
536548543;5;7;2024;15:50;1;83;83018;1;1;1;1;route départementale 15;;
536548544;16;3;2024;06:27;3;34;34157;1;1;1;2;Route de Marseillan;;
536548545;4;7;2024;18:15;1;59;59454;1;3;1;3;Route de Saint Omer;;
536548546;16;3;2024;11:15;1;05;05166;1;1;1;2;"""Les chambons""";;
536548547;4;7;2024;12:40;1;67;67463;1;1;1;7;D752;;
536548548;5;7;2024;19:50;1;11;11422;1;1;1;7;D201;;
536548549;17;3;2024;14:25;1;13;13097;1;1;1;7;N568;;
536548550;5;7;2024;04:45;3;89;89439;1;1;1;6;D43;;
536548551;16;3;2024;10:55;1;70;70279;1;3;1;1;D67;;
536548552;4;7;2024;15:10;1;61;61214;2;1;1;1;Voie Communale;;
536548553;26;6;2024;12:45;1;34;34224;1;3;1;3;Intersection D909 et D33;;
536548554;17;3;2024;18:30;3;68;68063;1;1;1;7;D83;;
536548555;27;6;2024;05:10;2;68;68349;1;3;1;1;D105;;
536548556;17;3;2024;11:00;1;68;68012;2;3;2;3;40 Route de Thann;;
536548557;23;6;2024;10:30;1;39;39392;1;1;1;7;VC entre Brans et Offlanges;;
536548558;16;3;2024;03:30;3;57;57159;1;1;2;1;D19;;
536548560;16;3;2024;14:50;1;42;42094;2;1;1;4;Route de Boen;;
536548561;5;7;2024;11:00;1;31;31232;1;3;1;6;3878 Route de Larra;;
536548562;16;3;2024;07:15;1;13;13202;1;1;1;1;TVPCM-Sens Saint Victor vers Les Ports;;
536548563;4;7;2024;21:45;2;84;84017;1;1;1;6;D19 route de la madeleine;;
536548565;4;7;2024;18:45;1;03;03144;1;1;1;7;D15;;
536548566;16;3;2024;14:50;1;91;91286;1;1;1;2;AUTOROUTE A6;;
536548567;4;7;2024;17:35;1;03;03099;1;1;1;3;Le puy de laraud;;
536548568;4;7;2024;18:05;1;01;01124;2;1;1;7;D996;;
536548569;16;3;2024;06:37;2;91;91161;1;1;8;3;AUTOROUTE A6;;
536548570;28;6;2024;13:05;1;26;26114;2;1;1;3;Route de Nyons;;
536548571;16;3;2024;15:45;1;78;78423;1;1;1;2;A12 W;;
536548572;1;6;2024;16:30;1;72;72126;1;2;1;3;Intersection D21 / C3;;
536548573;16;3;2024;02:20;3;95;95241;1;1;2;2;N104;;
536548574;16;3;2024;00:40;3;93;93027;1;1;2;6;A16;;
536548575;5;7;2024;06:50;1;90;90081;1;2;1;1;D463;;
536548576;5;7;2024;07:50;1;09;09140;1;1;1;6;Route de l?Aude;;
536548577;15;3;2024;16:30;1;92;92078;1;1;1;4;AUTOROUTE A86;;
536548578;15;3;2024;07:30;1;93;93078;1;1;1;6;A104;;
536548579;5;7;2024;11:25;1;45;45233;1;1;1;1;5 Rue de la Vallée de Foussereau;;
536548580;4;7;2024;13:30;1;64;64065;2;1;1;4;D918;;
536548581;5;7;2024;14:40;1;10;10126;1;1;1;7;D619;;
536548582;16;3;2024;15:30;1;77;77373;1;1;1;4;RN104;;
536548583;3;7;2024;17:45;1;40;40044;1;1;1;1;Rd 817;;
536548584;15;3;2024;20:15;3;974;97416;1;1;1;6;BADAMIER(CHEMIN);;
536548585;5;7;2024;08:30;1;85;85265;1;1;7;7;D15 PK 10+700;;
536548586;4;7;2024;17:25;1;85;85039;1;1;1;3;6 rue beauregard;;
536548587;15;3;2024;13:54;1;973;97302;2;1;1;3;MONTABO (ROUTE DE) 2;;
536548588;5;7;2024;15:09;1;87;87126;2;1;1;6;7 Rue Charles de Gaulle;;
536548589;15;3;2024;19:30;5;69;69383;2;1;1;3;Avenue Lacassagne;;
536548590;4;7;2024;18:15;1;37;37084;1;3;1;3;Les Maisons Neuves;;
536548591;15;3;2024;18:50;5;69;69383;2;1;1;3;Rue du Dauphiné;;
536548592;5;7;2024;18:50;1;48;48016;1;1;1;1;D986;;
536548593;15;3;2024;13:20;1;69;69388;2;1;1;3;Rue Professeur Joseph Nicolas;;
536548594;5;7;2024;08:55;1;987;98734;1;1;1;3;PK 38,300 CÔTÉ MONTAGNE;;
536548595;15;3;2024;09:30;1;972;97213;1;1;1;1;CHEMIN DU BAC;;
536548596;3;7;2024;09:45;1;06;06084;2;3;1;1;210 Route de Pégomas;;
536548598;14;3;2024;21:25;3;972;97209;2;1;1;1;VICTOR LAMON (AVENUE);;
536548599;5;7;2024;17:45;1;06;06085;2;1;1;3;99a Avenue de Pibonson;;
536548600;15;3;2024;11:10;1;69;69384;2;1;1;3;88 Boulevard de la Croix-Rousse;;
536548601;5;7;2024;03:30;5;987;98735;1;1;1;1;RDO;;
536548602;13;3;2024;15:45;1;69;69149;2;1;1;6;1 Rue du 8 Mai 1945;;
536548603;5;7;2024;03:47;5;06;06155;1;1;1;4;PV Nord PK 171.48;;
536548604;15;3;2024;18:25;5;971;97101;2;3;1;3;BOISSARD;;
536548605;5;7;2024;08:00;2;36;36243;1;1;1;3;Intersection D64-D17;;
536548606;14;3;2024;08:00;1;971;97101;1;1;1;2;RN11;;
536548607;5;7;2024;07:05;1;17;17434;1;1;1;3;D911bis;;
536548608;9;3;2024;08:10;1;971;97120;2;1;3;7;CHEMIN NEUF;;
536548609;5;7;2024;12:30;1;988;98821;1;1;2;1;RT1 - Tontouta;;
536548610;15;3;2024;21:25;5;95;95582;2;1;3;6;D14;;
536548611;21;6;2024;07:10;1;976;97608;2;1;1;3;Boulevard des Crabes;;
536548612;14;3;2024;12:30;1;95;95203;2;1;1;6;REPUBLIQUE (BOULEVARD DE LA);;
536548613;5;7;2024;14:45;1;974;97423;2;1;1;3;N1a;;
536548614;15;3;2024;19:50;5;95;95598;2;1;2;6;DESCARTES (AVENUE);;
536548615;5;7;2024;10:00;1;974;97418;1;1;7;7;D51;;
536548616;5;7;2024;14:45;1;973;97311;2;1;1;1;Avenue Gaston Monnerville;;
536548617;14;3;2024;20:15;5;91;91201;2;4;1;4;AV DU GENERAL DE GAULLE;;
536548618;3;7;2024;19:00;3;971;97115;1;6;1;2;Jaula;;
536548619;14;3;2024;18:10;1;88;88160;2;2;1;3;OLIMA (RUE D');;
536548620;30;6;2024;18:45;2;971;97107;2;1;1;5;RN1 Section Sainte Marie Four à Chaux;;
536548621;14;3;2024;18:47;2;88;88160;2;1;1;3;POISSOMPRE (FG DE);;
536548622;3;7;2024;19:09;1;77;77183;2;2;1;3;Boulevard de Turenne;;
536548623;27;2;2024;15:05;1;85;85191;2;1;1;7;D160;;
536548624;15;3;2024;15:28;1;84;84031;2;3;1;3;KENNEDY AVENUE JOHN .F.;;
536548625;5;7;2024;07:10;1;2B;2B047;2;3;7;3;PK 57.200;;
536548626;14;3;2024;19:20;1;84;84007;2;1;1;3;JARDINS NEUFS (CHE DES);;
536548627;5;7;2024;06:15;2;11;11099;1;1;1;1;Route départementale 118;;
536548628;15;3;2024;08:10;1;83;83137;2;1;1;6;FUSILIERS MARINS (AVE DES);;
536548629;3;7;2024;21:30;2;04;04096;1;1;1;7;D900;;
536548630;15;3;2024;08:20;1;80;80021;2;1;1;3;Rue d'Abbeville;;
536548631;4;7;2024;20:35;1;13;13100;2;1;1;3;Chemin de Bigau;;
536548632;4;7;2024;11:50;1;13;13100;2;4;1;2;Avenue du General Koenig;;
536548633;4;7;2024;11:00;1;26;26271;1;3;1;2;Avenue du Vercors;;
536548634;15;3;2024;15:40;1;78;78643;2;1;1;5;EUROPE BD DE L';;
536548635;4;7;2024;22:30;3;26;26179;2;3;1;5;Route de Tain;;
536548636;15;3;2024;12:00;1;76;76108;2;1;2;3;Chemin de Clères;;
536548637;14;3;2024;15:50;1;74;74010;2;1;1;6;FRANCE (AVENUE)(SECTEUR 320);;
536548638;3;7;2024;08:05;1;01;01262;2;3;1;3;intersection chemin de la pierre / RD1084;;
536548639;14;3;2024;13:20;1;74;74010;2;2;1;3;ROCADE (BOULEVARD DE LA);;
536548641;4;7;2024;20:30;1;02;02555;2;1;1;3;Rue du Crochet;;
536548642;4;7;2024;17:00;1;80;80561;1;1;1;7;D26;;