Num_Acc;jour;mois;an;hrmn;lum;dep;com;agg;int;atm;col;adr;lat;long
536548971;12;9;2024;09:00;1;92;92002;2;3;1;3;ABBAYE (RUE DE L');;
536548972;22;2;2024;09:10;1;45;45234;2;1;2;2;24 Boulevard Marie Stuart;;
536548973;21;4;2024;03:05;5;987;98735;1;1;1;6;PIERRE LOTI (ALLEE QTIER GARNIER);;
536548974;17;8;2024;16:05;1;47;47282;1;1;2;3;3150 Route de Condom;;
536548975;23;11;2024;19:10;5;03;03190;2;1;1;2;LYON (ROUTE DE);;
536548976;22;4;2024;23:00;5;69;69383;2;2;1;6;Avenue Félix Faure;;
536548977;8;9;2024;17:40;1;24;24236;1;1;1;3;Route du Val de l'Isle;;
536548978;23;11;2024;16:17;1;75;75113;2;1;1;3;QUAI D AUSTERLITZ;;
536548979;22;4;2024;18:05;1;69;69383;2;1;1;6;Rue Duguesclin;;
536548980;23;11;2024;19:20;5;75;75106;2;3;1;6;RUE DE SEVRES;;
536548981;12;9;2024;16:05;1;17;17172;1;3;1;3;Route de Saintes;;
536548982;22;4;2024;15:40;1;69;69383;2;3;2;3;Route de Genas;;
536548983;23;11;2024;21:50;5;75;75111;2;3;1;2;BOULEVARD VOLTAIRE;;
536548984;9;9;2024;13:20;1;972;97204;1;1;2;3;Point de vue de l'Anse Marigot;;
536548985;9;9;2024;07:00;1;972;97225;2;1;3;6;Rue de la Vieille Halle;;
536548986;22;4;2024;12:30;1;69;69386;2;2;1;6;Rue Garibaldi;;
536548987;23;11;2024;01:10;5;75;75109;2;2;1;3;RUE DE DUNKERQUE;;
536548988;23;11;2024;14:59;1;75;75108;2;7;8;2;PLACE DE L'ALMA;;
536548989;12;9;2024;22:50;3;974;97414;1;1;1;5;N1;;
536548990;22;4;2024;16:27;1;2B;2B033;2;1;8;6;MAGDELENA - RUE SANTA;;
536548991;22;11;2024;18:53;5;94;94046;2;2;8;6;Avenue du Professeur Cadiot;;
536548992;22;4;2024;10:12;1;2B;2B033;2;1;8;2;11 - RT;;
536548993;11;9;2024;18:50;1;38;38239;2;2;3;3;D1085;;
536548994;16;3;2024;12:45;1;971;97113;1;1;1;1;SECTION LEROUX;;
536548995;23;11;2024;17:20;5;93;93077;2;2;1;3;GUITLEVITCH (RUE SIMON);;
536548996;13;9;2024;20:45;3;42;42271;1;1;1;2;Route de la Croix de Montvieux;;
536548997;23;11;2024;10:10;1;93;93062;2;1;1;6;PLATEAU (ALLEE DU);;
536548998;22;4;2024;11:55;1;2A;2A004;2;3;1;3;T20;;
536548999;12;9;2024;11:20;1;14;14475;1;1;1;2;A84;;
536549000;22;4;2024;17:35;1;95;95060;2;9;1;6;ISLE (CHEMIN DE L');;
536549001;23;11;2024;15:30;1;93;93055;2;3;1;3;COURTILLIERES(AVENUE DES);;
536549002;23;11;2024;11:25;1;93;93006;2;3;1;6;FERRY JULES RUE;;
536549003;22;4;2024;18:25;1;95;95210;2;1;1;2;CEINTURE (AVENUE DE);;
536549005;23;11;2024;15:30;1;93;93001;2;1;1;3;ANDRE KARMAN (RUE)  => 136/143;;
536549006;20;4;2024;14:45;1;88;88087;2;3;1;3;LECLERC (RUE GENERAL-);;
536549007;13;9;2024;15:00;1;57;57540;2;1;2;6;2 Rue de Bitche;;
536549008;22;11;2024;01:05;3;92;92022;2;1;4;3;PAVE DES GARDES (RUE DU);;
536549009;21;4;2024;05:40;3;86;86133;2;1;1;6;Avenue du Noyer du Roy;;
536549010;12;9;2024;16:30;1;59;59624;2;1;1;6;41 Rue de Cambrai;;
536549011;12;9;2024;08:43;3;56;56061;1;1;1;6;Navetterie;;
536549012;22;4;2024;13:00;1;84;84007;2;1;1;3;TARASCON ( Avenue de);;
536549013;23;11;2024;17:40;5;92;92064;2;1;1;7;DAILLY;;
536549014;21;4;2024;17:28;1;80;80021;2;1;1;6;Place Vogel;;
536549015;13;9;2024;11:00;1;82;82112;2;1;1;6;Boulevard Camille Delthil;;
536549016;23;11;2024;12:12;1;92;92026;2;1;1;3;EUROPE ( ROND POINT DE L' );;
536549017;18;4;2024;13:25;1;78;78640;2;9;1;6;MORANE-SAULNIER (AVENUE);;
536549018;23;11;2024;11:50;1;92;92025;2;9;1;3;KLEBER (AV);;
536549020;22;4;2024;15:00;1;77;77284;2;1;1;6;APPEL DU 18 JUIN 1940 (AV.DE L');;
536549021;22;11;2024;11:25;1;80;80693;2;1;2;3;Rue de Moreuil;;
536549022;21;4;2024;01:05;5;76;76351;2;1;1;6;HERMANN DU PASQUIER (CHAUSSEE);;
536549023;11;9;2024;15:15;1;11;11255;2;1;1;1;RD6113;;
536549024;23;11;2024;23:40;3;95;95395;1;1;1;1;D316;;
536549025;21;4;2024;04:45;5;72;72181;2;1;1;6;COURTILLE (RUE DE LA);;
536549026;13;9;2024;07:30;2;63;63276;2;2;1;6;3 Route de Thiers;;
536549027;23;11;2024;17:57;5;85;85233;2;1;2;3;RD137;;
536549028;22;4;2024;07:30;1;69;69029;2;3;1;2;Avenue Ferdinand Buisson;;
536549029;10;9;2024;17:30;1;63;63034;1;1;1;7;D2089;;
536549030;24;11;2024;11:45;1;14;14061;1;1;6;6;1 le Val la Mer;;
536549031;23;11;2024;18:10;3;30;30299;1;1;2;7;Chemin de St Quentin la Poterie;;
536549032;12;9;2024;13:00;1;12;12037;1;1;1;7;Lieu-dit La Caze;;
536549033;22;4;2024;11:15;1;69;69091;2;1;8;3;Avenue Anatole France;;
536549034;11;9;2024;10:49;1;22;22251;2;1;1;6;12 Rue Allenou;;
536549035;22;11;2024;18:50;3;76;76755;2;1;8;6;Route du Hameau Joyeux;;
536549036;22;4;2024;10:45;1;67;67482;2;3;1;3;FEDERATION (ROUTE DE LA);;
536549037;12;9;2024;21:00;3;44;44069;1;1;1;1;Route des Marais;;
536549038;23;11;2024;17:45;2;82;82097;1;3;1;3;Chemin les Mérits;;
536549039;21;4;2024;05:10;5;67;67482;2;4;2;3;SAINT NICOLAS (QUAI);;
536549040;12;9;2024;17:20;1;29;29135;2;6;1;3;Rue du Général de Gaulle;;
536549041;23;11;2024;22:22;5;65;65258;2;1;1;3;rue alsace lorraine;;
536549042;21;4;2024;06:08;5;64;64102;2;1;1;6;SOULT (AVENUE MARECHAL);;
536549043;22;11;2024;17:19;2;65;65002;1;1;1;4;N21;;
536549044;20;4;2024;20:10;2;59;59334;1;1;2;6;RD 643;;
536549045;24;11;2024;17:00;3;89;89315;1;1;1;6;Préhy;;
536549046;13;9;2024;09:20;1;70;70236;1;1;1;3;D434;;
536549047;24;11;2024;11:30;1;61;61145;2;1;1;7;12 Rue de la Gare;;
536549048;12;9;2024;09:40;1;72;72344;1;6;1;3;Lieu-dit champfleury;;
536549049;22;4;2024;14:15;1;54;54096;1;1;1;6;Lieu dit Thiery;;
536549050;23;11;2024;14:50;1;61;61123;1;2;1;3;D916;;
536549051;13;9;2024;14:18;1;14;14540;2;1;1;7;152 Route de Lisieux;;
536549053;12;9;2024;16:25;1;50;50429;1;1;1;7;Route départementale 49;;
536549054;22;11;2024;22:54;3;55;55204;1;1;1;2;D964;;
536549055;13;9;2024;10:45;1;60;60670;1;1;1;6;D120;;
536549056;24;11;2024;11:15;1;49;49261;2;1;1;3;Route de Saumur;;
536549058;22;4;2024;18:25;1;51;51108;2;2;2;3;GROUPE LIBERATION NORD (RUE);;
536549059;23;11;2024;17:55;2;47;47004;1;1;1;6;RD642;;
536549060;12;9;2024;18:00;1;53;53180;1;1;1;7;chemin de la touche éperon;;
536549061;21;11;2024;08:10;1;22;22079;1;1;4;1;D28;;
536549062;22;4;2024;09:45;1;49;49353;2;6;1;3;BAHONNEAU BOULEVARD;;
536549063;13;9;2024;09:15;1;40;40185;1;1;1;6;Route de Sensacq;;
536549064;23;11;2024;06:30;3;29;29076;1;3;2;6;D67;;
536549065;22;4;2024;10:20;1;45;45234;2;1;1;2;D2020 PR 36 + 6934;;
536549066;23;11;2024;19:05;3;31;31145;1;1;9;6;Lieu Dit Barrau;;
536549067;12;9;2024;16:20;1;04;04024;1;1;1;7;D900;;
536549068;22;4;2024;15:35;1;44;44184;2;6;1;3;22 Boulevard Albert 1er;;
536549069;23;11;2024;12:27;1;50;50487;2;3;6;6;16 Rue de Rennes;;
536549070;12;9;2024;12:15;1;17;17353;2;1;1;3;Rue du Bois Mache;;
536549071;24;11;2024;04:50;3;60;60021;1;1;1;7;D130;;
536549072;22;4;2024;08:00;1;34;34108;2;1;1;1;BALARUC (ROUTE DE);;
536549074;23;11;2024;16:13;1;18;18281;2;1;1;1;61 Rue de la République;;
536549075;24;11;2024;05:38;3;10;10031;1;1;8;6;D40;;
536549076;13;9;2024;05:30;3;13;13118;1;2;1;1;Carrefour RD10 / entrée A8;;
536549077;21;4;2024;03:00;3;34;34129;1;1;1;2;PALAVAS D986 (ROUTE DE);;
536549078;24;11;2024;11:45;1;24;24547;1;1;1;7;Route du Château;;
536549079;10;9;2024;16:40;1;68;68267;1;1;1;2;autoroute A36 point kilométrique 004+620;;
536549081;23;11;2024;19:50;5;85;85084;2;6;1;3;avenue de la promenade;;
536549083;12;9;2024;18:00;1;30;30169;1;9;1;6;A9 PK 58+400 sens 2;;
536549084;13;9;2024;08:20;1;77;77474;1;1;1;2;N3;;
536549085;22;11;2024;12:03;1;38;38229;2;1;1;1;25 Avenue des 7 Laux;;
536549086;22;4;2024;06:45;1;13;13047;2;4;6;2;RASSUEN ROUTE DE;;
536549087;23;11;2024;07:00;1;987;98729;2;1;1;7;Maharepa;;
536549088;13;9;2024;00:40;3;66;66065;1;1;1;5;D914;;
536549089;24;11;2024;15:00;1;988;98814;1;3;2;6;Tribu de Hmelek;;
536549090;13;9;2024;07:45;1;83;83047;2;3;7;3;750 Chemin de Terrimas;;
536549091;21;4;2024;04:20;5;75;75116;2;1;1;5;BD PERIPHERIQUE EXTERIEUR;;
536549092;23;11;2024;15:40;1;971;97117;2;3;1;3;Boulevard Rougé;;
536549093;24;11;2024;10:22;1;21;21540;1;1;6;6;M700;;
536549094;12;9;2024;09:10;1;13;13105;1;1;1;3;D7n;;
536549095;22;4;2024;11:05;1;75;75106;2;3;1;3;BOULEVARD SAINT MICHEL;;
536549096;12;9;2024;11:10;1;21;21183;1;1;1;6;D116;;
536549097;22;11;2024;15:45;1;18;18207;2;2;1;3;Avenue Gabriel Dordain;;
536549098;6;4;2024;18:20;1;75;75106;2;3;1;3;RUE DE CONDE;;
536549099;13;9;2024;15:20;1;55;55122;2;3;1;6;21 Place Charles de Gaulle;;
536549100;23;11;2024;17:15;2;34;34327;1;2;2;3;M65;;
536549101;22;4;2024;18:30;1;75;75111;2;3;1;3;RUE DU FAUBOURG SAINT ANTOINE;;
536549102;12;9;2024;15:10;1;42;42046;2;4;1;3;Chemin de la Ville;;
536549103;23;11;2024;21:25;3;84;84067;1;1;1;3;Route de Carpentras;;
536549104;12;9;2024;19:30;2;40;40114;1;1;1;7;2475 Route de Herm;;
536549105;23;11;2024;23:58;3;69;69001;1;1;6;6;Route Départementale 38;;
536549106;22;4;2024;18:15;1;75;75103;2;3;1;2;RUE REAUMUR;;
536549107;12;9;2024;13:20;1;85;85226;1;3;1;3;RD2038;;
536549108;20;4;2024;18:20;1;94;94068;2;3;1;6;Rue Lafayette / Avenue Pierre Semard;;
536549109;13;9;2024;09:35;1;50;50025;2;2;1;3;Avenue du Rocher;;
536549110;24;11;2024;02:50;3;35;35019;2;1;6;6;4bis Rue du Châtelet;;
536549111;22;4;2024;09:30;1;94;94043;2;2;1;6;Rue Gabriel Péri / Rue de la Convention;;
536549112;15;11;2024;14:30;1;60;60139;2;6;1;1;Rue François Truffaut;;
536549113;12;9;2024;08:00;2;35;35012;1;1;1;1;D53 LA GERBAUDIÈRE;;
536549114;21;4;2024;15:00;1;94;94048;2;2;8;2;N19 / Rue du Vallon;;
536549115;17;4;2024;17:15;1;27;27213;1;2;1;3;croisement des quatre chemins;;
536549116;22;4;2024;09:00;1;93;93073;2;3;1;3;Avenue de la Paix / Rue Lenine;;
536549117;12;9;2024;18:05;1;62;62060;2;1;1;6;D120;;
536549118;22;4;2024;14:25;1;93;93071;2;1;2;3;Boulevard Westinghouse;;
536549119;12;9;2024;08:20;1;13;13207;1;1;1;2;Tunnel Prado Carénage;;
536549120;21;4;2024;23:20;5;93;93064;2;1;1;6;Rue du Général Leclerc;;
536549121;21;4;2024;17:20;1;93;93045;2;3;1;1;Rue de Paris / Rue du Garde-chasse;;
536549122;12;9;2024;00:42;3;13;13056;1;1;2;2;A55-Sens Marseille vers Martigues;;
536549123;22;4;2024;18:40;1;92;92064;2;1;1;6;CALVAIRE;;
536549124;7;9;2024;11:20;1;13;13071;1;1;1;2;A51-Sens Marseille vers Aix en Provence;;
536549125;22;4;2024;13:15;1;92;92064;2;1;1;3;REPUBLIQUE;;
536549126;22;4;2024;10:22;1;92;92063;2;1;1;3;CORIOLIS (RUE DU MARQUIS DE);;
536549127;8;9;2024;14:35;1;67;67482;2;1;1;5;M350;;
536549128;22;4;2024;14:07;1;92;92049;2;1;1;3;PERIER RUE N°35 A 88 ET 26B A 90;;
536549129;20;4;2024;19:45;1;92;92026;2;9;9;3;PRESIDENT KRUGER;;
536549131;16;4;2024;20:40;1;92;92026;2;1;1;3;GEORGES CLEMENCEAU;;
536549132;12;9;2024;04:00;3;59;59343;1;1;1;6;AUTOROUTE A22;;
536549133;12;9;2024;17:15;1;91;91434;1;1;2;2;AUTOROUTE A6;;
536549134;9;4;2024;22:45;5;92;92024;2;1;1;3;FOURNIER (RUE);;
536549135;12;9;2024;07:14;2;94;94038;1;1;1;4;A6A;;
536549136;22;4;2024;17:10;1;92;92014;2;1;1;6;BIEVRE (RUE DE LA);;
536549137;11;9;2024;21:30;3;92;92048;1;1;1;2;N118;;
536549139;23;4;2024;18:30;1;76;76054;1;1;1;6;D149;;
536549140;11;9;2024;14:20;1;93;93066;1;1;1;7;AUTOROUTE A86;;
536549141;23;4;2024;17:10;1;91;91666;1;1;1;1;D35;;
536549142;12;9;2024;14:30;1;77;77517;1;1;1;2;A104.INT;;
536549143;23;4;2024;09:30;1;83;83091;2;3;1;3;Av des Anciens Combattants d?Afn;;
536549144;12;9;2024;11:11;1;94;94052;1;1;1;3;A86;;
536549146;12;9;2024;09:00;1;77;77384;1;1;1;2;A5B;;
536549147;22;4;2024;17:00;1;95;95026;1;1;1;6;GOURDEAUX (RUE DES);;
536549148;19;6;2024;18:31;1;14;14047;2;6;1;6;7 Boulevard du 6 Juin;;
536549149;23;4;2024;16:50;1;65;65258;2;1;1;2;Rue des Résistants;;
536549150;23;4;2024;11:15;1;65;65330;2;1;1;6;D935;;
536549151;11;9;2024;07:00;2;44;44109;2;9;2;6;27 Boulevard Henry Orrion;;
536549152;1;4;2024;18:08;1;71;71479;1;1;2;6;chemin du brosset;;
536549153;16;4;2024;19:00;5;92;92023;2;1;1;2;PAIX (AVENUE DE LA);;
536549154;22;4;2024;12:30;1;63;63378;2;1;1;7;Route de Pre Monsieur;;
536549155;23;4;2024;14:15;1;63;63368;1;1;1;6;Chemin de Larmat;;
536549156;11;9;2024;11:15;1;974;97416;1;1;1;4;RN3 (ANCIENNE ROUTE);;
536549157;22;4;2024;16:55;1;47;47280;2;1;1;1;26 Avenue Georges Robert;;
536549158;22;4;2024;16:00;1;31;31579;1;1;1;4;D45;;
536549159;11;9;2024;07:50;1;974;97416;1;1;1;2;RN3 (ANCIENNE ROUTE);;
536549160;23;4;2024;11:30;1;50;50412;2;1;1;6;15 Rue Aubert;;
536549161;21;4;2024;17:33;1;60;60577;1;1;1;6;12 Route Nationale;;
536549162;21;4;2024;15:40;1;53;53027;1;1;1;7;D24;;
536549163;11;9;2024;19:40;5;974;97411;2;4;1;2;FRANCISCEAS (CHEMIN DES);;
536549164;22;4;2024;17:55;1;53;53247;1;5;1;3;La Cocherie;;
536549165;11;9;2024;11:15;1;974;97411;2;2;1;3;LABOURDONNAIS;;
536549166;21;4;2024;05:25;5;21;21638;2;6;1;6;D974;;
536549167;11;9;2024;18:35;3;974;97407;1;1;1;2;ROUTE NATIONALE N° 1;;
536549168;11;9;2024;01:05;5;69;69388;2;1;1;6;Rue Laennec;;
536549169;23;4;2024;16:15;1;87;87032;1;1;1;3;chareilles;;
536549170;21;4;2024;16:34;1;30;30050;1;1;1;7;D27;;
536549171;10;9;2024;07:25;2;95;95323;2;2;1;6;OISE (BOULEVARD DE L');;
536549172;12;4;2024;19:30;5;973;97309;2;3;1;3;Route de Rémire;;
536549173;11;9;2024;20:00;1;91;91103;1;9;1;3;AV DE LA MAISON NEUVE;;
536549175;22;4;2024;17:20;1;34;34022;1;1;1;2;A9, PK 90, direction MONTPELLIER;;
536549176;24;8;2024;13:30;1;89;89387;2;1;1;3;Avenue Henri Delanne;;
536549177;22;4;2024;11:50;1;30;30189;1;1;1;2;Autorouter A54 - PK 01+000;;
536549178;11;9;2024;13:20;1;87;87050;1;1;2;6;LIMOGES (AVENUE DE);;
536549179;21;4;2024;14:15;1;988;98830;1;9;1;7;Paola (Tribu) lieu dit Tyeme;;
536549180;22;4;2024;15:30;1;77;77089;1;3;1;3;RD 213 PK13+900;;
536549181;22;4;2024;08:20;1;77;77508;1;6;1;1;RD231 PK 42+795;;
536549182;10;9;2024;17:45;1;81;81004;2;1;1;6;LATTRE DE TASSIGNY (AV DE);;
536549183;23;4;2024;14:10;1;34;34157;1;3;1;5;D613;;
536549184;17;4;2024;17:46;1;84;84067;1;1;1;6;Chemin du Canal de Carpentras;;
536549185;9;9;2024;11:25;1;80;80021;2;1;2;3;ALSACE LORRAINE (BOULEVARD D');;
536549186;22;4;2024;16:30;1;83;83068;1;6;2;2;D559;;
536549187;22;4;2024;14:55;1;13;13059;2;1;1;1;D96;;
536549188;22;4;2024;19:00;2;67;67463;1;1;1;7;D468;;
536549189;11;9;2024;17:10;1;78;78551;2;1;1;6;LOGES (AVENUE DES);;
536549190;22;4;2024;18:00;1;07;07326;2;1;8;6;camping municipal;;
536549191;22;4;2024;23:50;3;50;50041;1;2;1;6;D22;;
536549192;23;4;2024;14:45;1;27;27008;1;1;1;6;Route du Manoir;;
536549193;11;9;2024;19:15;1;78;78005;1;4;1;3;RD30;;
536549194;10;9;2024;16:45;1;77;77495;2;1;1;6;PASTEUR (RUE);;
536549196;22;4;2024;10:45;1;76;76567;1;2;1;3;départemantale 929;;
536549197;3;2;2024;17:25;2;31;31555;2;9;8;3;RUE DU POUSET;;
536549198;19;4;2024;08:45;1;59;59212;2;1;1;6;Rue du College;;
536549199;11;9;2024;14:30;1;77;77143;1;1;1;3;D405;;
536549200;20;4;2024;13:00;1;59;59350;1;1;1;3;ROUTE NATIONALE 356;;
536549201;11;9;2024;12:50;1;77;77284;2;1;1;6;VIEUX MOULINS (RUE DES);;
536549202;20;4;2024;02:35;5;59;59350;1;1;1;7;AUTOROUTE A25;;
536549203;11;9;2024;10:15;1;77;77143;1;1;8;7;RD 38;;
536549204;2;2;2024;15:40;1;19;19272;2;3;1;3;Raymond Poincaré (Av);;
536549205;22;4;2024;09:20;1;92;92025;1;1;1;2;A86;;
536549206;3;2;2024;13:57;1;16;16102;2;1;1;6;MONNET (PLACE JEAN);;
536549207;12;9;2024;00:15;5;69;69256;2;3;2;3;Avenue de Böhlen;;
536549208;22;4;2024;08:20;1;95;95042;1;1;1;2;N104;;
536549209;3;2;2024;19:06;5;14;14118;2;1;1;7;62 Rue Armand Marie;;
536549210;11;9;2024;12:30;1;69;69256;2;1;1;6;Place Gilbert Boissier;;
536549211;22;4;2024;10:00;1;93;93053;1;1;1;3;A86;;
536549212;11;9;2024;13:55;1;69;69264;2;2;1;6;90 Boulevard Etienne Bernand;;
536549213;22;4;2024;08:00;1;93;93007;1;1;1;2;A3;;
536549214;3;2;2024;07:15;1;13;13203;2;3;1;3;GÉNÉRAL LECLERC (RUE);;
536549215;7;9;2024;22:00;5;64;64445;2;9;1;2;CATHERINE DE BOURBON;;
536549216;21;4;2024;22:20;4;93;93064;1;1;1;2;A86;;
536549217;3;2;2024;15:45;1;13;13028;2;1;1;1;DULAC (AVENUE GUILLAUME);;
536549218;3;2;2024;12:25;1;09;09225;2;7;1;6;CHARLES DE GAULLE RUE;;
536549219;11;9;2024;09:50;1;62;62133;2;1;1;7;Rue des Fusillés;;
536549220;21;4;2024;04:40;3;95;95604;1;1;1;3;A1;;
536549221;3;2;2024;11:40;1;75;75117;2;1;1;4;PORTE DE CLICHY;;
536549222;5;8;2024;17:22;1;13;13212;1;1;1;4;A507 sens Marseille - Aubagne;;
536549223;4;9;2024;17:35;1;62;62270;2;9;1;4;D941;;
536549224;3;2;2024;09:05;1;75;75118;2;1;1;6;BOULEVARD NEY;;
536549225;21;4;2024;19:30;3;974;97411;1;1;2;4;LITTORAL (ROUTE 1 DU);;
536549227;5;9;2024;14:30;1;59;59196;2;1;1;6;ZONE COMMERCIALE;;
536549228;21;4;2024;16:30;1;974;97411;1;1;1;1;RN2/111;;
536549229;3;2;2024;18:10;5;75;75105;2;3;8;6;RUE SAINT JACQUES;;
536549231;21;4;2024;13:10;1;973;97302;1;1;2;6;LEBLOND (ROND POINT);;
536549232;3;2;2024;13:50;1;75;75115;2;2;8;7;BOULEVARD GENERAL MARTIAL VALIN;;
536549233;10;9;2024;16:50;1;56;56098;2;3;8;7;Rue de la République;;
536549234;5;8;2024;23:00;3;92;92072;1;1;1;7;N118;;
536549235;21;4;2024;05:58;4;973;97309;2;1;2;7;TIGRE (ROUTE DU);;
536549236;2;2;2024;21:15;5;75;75112;2;1;1;2;QUAI DE BERCY;;
536549237;10;9;2024;12:15;1;56;56121;2;9;1;3;13 Rue François Toullec;;
536549238;21;4;2024;13:26;1;971;97101;1;1;1;3;GRAND CAMP(SECTION);;
536549239;5;8;2024;18:45;1;95;95527;1;1;1;2;A1;;
536549240;3;2;2024;14:30;1;75;75110;2;3;8;3;RUE SAINT MAUR;;
536549241;11;9;2024;10:30;1;53;53130;2;9;1;6;KELLERMANN ( BOULEVARD );;
536549242;20;4;2024;21:25;5;971;97101;1;9;3;7;BOZON;;
536549243;6;8;2024;18:40;1;77;77146;1;1;1;3;RN104;;
536549244;11;9;2024;21:00;5;51;51454;2;1;1;6;ELUS (RUE DES);;
536549245;3;2;2024;22:00;5;94;94067;2;5;2;6;Avenue Gallieni / Avenue Foch;;
536549246;20;4;2024;11:30;1;971;97120;1;1;1;6;HANNE (BOULEVARD);;
536549247;19;5;2024;19:35;2;34;34172;2;1;1;7;Rue Auguste Broussonnet;;
536549248;2;2;2024;22:10;5;94;94080;2;3;2;6;Avenue de Paris / Avenue du Petit Parc;;
536549249;11;9;2024;13:15;1;51;51454;2;2;1;3;ALBERT 1ER (BOULEVARD);;
536549250;21;4;2024;04:20;3;95;95203;2;6;1;6;D928;;
536549251;3;2;2024;00:25;5;94;94052;2;1;2;6;Boulevard de Strasbourg;;
536549252;11;9;2024;07:10;2;51;51454;2;1;2;6;PAIX (BOULEVARD DE LA);;
536549253;5;8;2024;16:22;1;973;97302;2;1;1;1;CHARLERY (GUSTAVE);;
536549254;5;8;2024;14:15;1;972;97209;1;9;1;6;SOLEIL COU COUPE (RUE);;
536549255;7;9;2024;00:33;5;51;51506;2;6;1;2;SIMON (AVE JACQUES);;
536549256;16;4;2024;17:30;1;95;95476;1;1;1;4;N14;;
536549257;2;2;2024;21:00;5;94;94060;2;5;1;2;Avenue du Maréchal Mortier / Rue Pierre de Coubertin;;
536549258;11;9;2024;19:19;1;49;49007;2;1;1;3;CHALOUERE;;
536549259;4;8;2024;18:45;3;972;97209;2;1;2;1;CLUNY (ROUTE DE);;
536549260;2;2;2024;15:20;1;93;93047;2;2;1;3;Rue du Général de Gaulle / Avenue Daniel Perdrige;;
536549261;10;9;2024;15:15;1;49;49267;2;1;1;3;GATS;;
536549262;21;4;2024;17:20;1;91;91692;1;3;1;4;RD35;;
536549263;5;8;2024;15:00;1;69;69389;2;2;1;3;Rue Laporte;;
536549264;3;2;2024;16:35;1;93;93071;2;1;1;2;Avenue John Fitzgerald Kennedy;;
536549265;10;9;2024;17:50;1;41;41212;1;1;1;2;RD 956;;
536549266;5;8;2024;17:14;1;971;97101;2;1;1;6;PROVIDENCE;;
536549267;21;4;2024;12:15;1;91;91174;2;2;1;1;AVENUE SERGE DASSAULT;;
536549268;2;2;2024;20:24;5;92;92050;2;2;1;3;PROVINCES FRANCAISES BD DES;;
536549269;11;9;2024;07:00;2;37;37208;2;6;3;3;GRANGES GALANT (RUE DES);;
536549270;4;8;2024;02:30;3;971;97101;1;1;1;6;Marin BONINE;;
536549271;21;4;2024;10:10;1;91;91223;2;1;1;6;CHARPENTIER (AVENUE THEODORE);;
536549272;3;2;2024;23:30;5;92;92049;2;1;1;6;GINOUX AV. HENRI N°1 A 95 ET 2 A 104;;
536549273;4;8;2024;01:55;4;971;97101;1;1;1;6;PROVIDENCE;;
536549274;21;4;2024;09:00;1;83;83090;2;1;1;7;MONNET (AVE JEAN);;
536549275;11;9;2024;15:40;1;35;35238;2;1;1;2;MITTERAND (MAIL FRANCOIS);;
536549276;3;8;2024;18:40;3;971;97101;1;1;1;6;ROUTE DE COMA;;
536549277;3;2;2024;15:10;1;92;92048;2;2;8;3;COLONEL MORAINE (ROUTE DU);;
536549278;11;9;2024;09:55;1;35;35238;2;1;1;6;CHATEAU (AVENUE FRANCOIS);;
536549279;20;4;2024;15:15;1;78;78551;2;9;1;6;PENDANTS D'HENNEMONT (AVENUE DES);;
536549280;3;2;2024;02:10;5;92;92026;2;9;2;6;HÔTEL DE VILLE (PLACE;;
536549281;31;7;2024;23:10;5;95;95268;1;9;1;2;MORILLONS (AVENUE DES);;
536549282;21;4;2024;16:10;1;78;78423;2;4;8;6;BLES D'OR (RUE DES);;
536549283;3;2;2024;12:45;1;92;92024;2;1;1;6;GENERAL LECLERC (BD DU) (9 A 59)   (4 A;;
536549284;11;9;2024;19:18;2;31;31555;1;1;2;4;VA008493 LA CRABE A624 Sortie 2;;
536549285;3;8;2024;15:12;1;91;91377;2;4;1;3;AV DES MARTYRS DE SOWETO;;
536549286;3;2;2024;19:55;5;92;92007;2;3;1;1;SUISSES (VOIE DES);;
536549287;10;9;2024;08:00;1;29;29019;2;6;1;3;rue Beaumanoir;;
536549288;2;8;2024;11:20;1;89;89287;2;1;1;2;JULES FERRY (RUE);;
536549289;12;1;2024;21:15;3;50;50541;1;1;1;7;Route de Villedieu;;
536549290;2;8;2024;14:20;1;87;87085;2;1;1;6;LECLERC (AVENUE DU GENERAL);;
536549291;11;9;2024;17:35;1;28;28134;2;8;1;3;SAINT THIBAULT (RUE);;
536549292;3;2;2024;16:35;1;22;22311;1;1;1;3;D19;;
536549293;11;9;2024;11:55;1;25;25056;2;8;2;3;ALLENDE  BOULEVARD SALVADOR;;
536549294;21;4;2024;12:50;1;77;77441;2;1;1;3;VALVINS (AVENUE DE);;
536549295;3;2;2024;16:20;1;49;49092;1;1;1;1;D961;;
536549296;4;8;2024;09:00;1;84;84007;2;3;1;3;QUAI SAINT LAZARE (Bd du);;
536549297;11;9;2024;23:55;3;22;22360;1;1;1;6;ROND POINT DE BREZILLET;;
536549298;3;2;2024;20:45;3;31;31575;1;1;1;6;Chemin des Etroits - PR 26;;
536549299;5;8;2024;19:20;1;83;83137;2;1;1;6;MISSIESSY (HLM / CITE);;
536549300;4;2;2024;01:00;3;974;97412;2;9;1;6;Sentier des Ritournelles;;
536549301;10;9;2024;17:45;1;22;22215;2;1;1;3;FREHEL RUE DE);;
536549302;11;12;2024;18:30;3;78;78172;2;1;1;2;RN 184;;