Num_Acc;jour;mois;an;hrmn;lum;dep;com;agg;int;atm;col;adr;lat;long
536549628;5;8;2024;19:20;3;972;97203;1;1;1;1;N3;;
536549629;1;2;2024;18:00;1;56;56121;2;1;1;6;COUEDIC (RUE  DU );;
536549630;29;12;2024;10:50;1;75;75115;2;2;1;6;RUE LECOURBE;;
536549631;5;8;2024;16:00;1;35;35172;1;5;1;1;Tournebride;;
536549632;2;2;2024;08:10;2;56;56083;1;1;2;2;Pont de Locoyarn;;
536549633;28;12;2024;18:15;5;75;75109;2;2;1;3;RUE DU FAUBOURG MONTMARTRE;;
536549634;29;1;2024;17:11;1;54;54528;2;1;7;1;Avenue du Colonel Péchot;;
536549635;29;12;2024;06:50;5;75;75117;2;3;1;6;PLACE DU MARECHAL JUIN;;
536549636;4;8;2024;04:10;3;35;35235;1;4;1;6;D463;;
536549637;4;8;2024;16:10;1;67;67391;1;1;1;7;D218;;
536549638;29;12;2024;11:40;1;75;75104;2;2;1;6;RUE DE RIVOLI;;
536549639;2;2;2024;09:20;1;54;54395;2;2;1;3;Rue de Nabecor;;
536549640;6;8;2024;16:50;1;22;22018;2;2;1;1;intersection RD15/RD20;;
536549641;30;1;2024;13:10;1;52;52121;2;1;1;2;LAVOISIER (RUE);;
536549642;29;12;2024;06:00;3;94;94060;2;3;8;3;Rue du Général de Gaulle;;
536549644;29;12;2024;17:45;5;93;93050;2;1;1;2;MARX DORMOY (RUE);;
536549645;2;2;2024;17:00;2;51;51454;2;1;1;2;BOULEVARD DES TONDEURS;;
536549647;29;12;2024;19:10;5;93;93047;2;2;2;3;Avenue Gabriel Péri / Avenue des Coquelicots;;
536549648;1;2;2024;12:20;1;51;51454;2;1;2;2;CLEMENCEAU (AVENUE GEORGES);;
536549649;4;8;2024;04:40;3;87;87143;1;1;1;6;D28;;
536549650;6;8;2024;10:50;1;51;51212;1;1;1;7;D79;;
536549651;29;12;2024;18:20;2;92;92064;2;1;2;4;MARECHAL JUIN;;
536549652;1;2;2024;12:20;1;51;51454;2;2;1;3;SAINT BRICE (RUE);;
536549653;5;8;2024;12:40;1;59;59663;1;1;1;3;Route de Cassel;;
536549654;29;12;2024;18:55;5;92;92044;2;1;2;7;VILLIERS(RUE DE)  2A52;;
536549655;2;2;2024;20:50;3;38;38563;1;1;1;1;D1076;;
536549656;4;8;2024;11:30;1;67;67199;1;1;1;3;RD 323;;
536549657;2;2;2024;08:30;1;38;38185;2;1;1;1;CHEMIN DE HALAGE;;
536549658;5;8;2024;19:15;1;76;76336;1;4;1;7;rue bricoté;;
536549659;29;12;2024;01:35;5;92;92024;2;1;2;2;CLICHY (QUAI DE) DE (104 A 202);;
536549660;2;2;2024;05:45;3;38;38053;1;6;1;1;BOURG EN BRESSE;;
536549661;6;8;2024;10:55;1;76;76655;2;2;1;6;Avenue Foch;;
536549662;29;12;2024;17:08;5;92;92007;2;1;2;3;VERDUN (RUE DE) N° IMPAIRS;;
536549663;29;12;2024;22:30;3;01;01290;1;1;5;6;rd 4;;
536549665;2;2;2024;18:30;2;37;37233;2;6;1;3;REPUBLIQUE (AVENUE DE LA);;
536549666;4;8;2024;22:50;5;80;80228;2;1;1;7;28 Route de la Maye;;
536549667;29;12;2024;16:50;1;76;76652;1;1;1;1;D22;;
536549668;2;2;2024;01:45;3;35;35278;1;1;1;6;RD 137;;
536549669;19;12;2024;21:00;4;01;01033;1;1;2;6;D101f;;
536549670;1;2;2024;22:30;5;35;35238;2;1;1;6;BOURGOGNE (DE);;
536549671;4;8;2024;07:30;1;82;82093;2;3;1;1;D928;;
536549672;29;12;2024;20:35;5;56;56053;2;2;1;3;Rue Rochefort;;
536549673;2;2;2024;11:00;1;35;35115;2;1;5;6;BOURDON (RUE LOUIS);;
536549674;7;12;2024;19:30;5;80;80533;2;1;2;6;Rue Roger Salengro;;
536549675;6;8;2024;10:29;1;63;63276;1;1;7;3;route de pont-astier;;
536549676;28;12;2024;10:45;1;71;71157;1;1;1;7;D11;;
536549677;2;2;2024;20:15;5;34;34129;2;2;1;3;FIGUIERES (AVENUE DE);;
536549678;30;12;2024;15:15;1;89;89485;1;1;1;6;D606;;
536549679;5;8;2024;19:00;1;63;63022;1;1;1;2;D710;;
536549681;30;12;2024;15:10;1;63;63267;1;1;1;6;Route des Sarraix;;
536549682;6;8;2024;11:15;1;12;12258;1;1;1;6;le moulin de bouscal;;
536549683;29;12;2024;00:35;3;47;47019;1;1;5;6;1710 Route du Lac;;
536549685;4;8;2024;19:10;1;12;12088;1;3;1;6;D921;;
536549686;2;2;2024;21:00;5;29;29232;2;1;2;6;Plasenn Alexandre Massé;;
536549687;5;8;2024;18:00;1;68;68273;1;1;1;6;D9BIS5;;
536549688;2;2;2024;15:30;1;29;29232;2;1;1;5;Rue Guy Autret;;
536549689;27;12;2024;11:20;1;01;01304;2;1;7;4;Rue Gabriel Vicaire;;
536549690;5;8;2024;16:00;1;25;25357;1;1;1;7;chemin du train;;
536549691;29;12;2024;23:00;4;26;26042;2;4;1;6;Rue des Ecoles;;
536549692;3;8;2024;06:35;2;29;29220;1;1;1;6;D785;;
536549693;2;2;2024;02:10;5;29;29019;2;2;2;3;boulevard de l'Europe;;
536549695;30;12;2024;09:45;1;40;40046;1;1;5;1;D46 PK9;;
536549696;1;2;2024;13:15;1;29;29019;2;3;1;3;rue Marcellin Duval;;
536549697;6;8;2024;05:00;2;84;84030;1;1;1;6;D974;;
536549698;29;12;2024;17:45;3;24;24211;1;1;1;1;route des moulins;;
536549699;1;2;2024;08:35;2;29;29019;2;2;2;3;rue Mozart;;
536549700;6;8;2024;15:30;1;03;03018;1;1;1;1;Route de Gannat;;
536549701;29;12;2024;17:00;1;06;06030;1;1;1;2;A8 PK 161.700 Chaussée Nord;;
536549702;30;1;2024;12:40;1;28;28085;2;1;8;7;LECLERC (RUE DU MARECHAL);;
536549703;29;12;2024;19:55;3;91;91017;1;1;1;6;A10;;
536549704;5;8;2024;21:30;3;01;01124;1;1;1;1;Route de Bourg;;
536549705;2;2;2024;01:30;5;28;28085;2;1;5;6;COURTILLE (BOULEVARD DE LA);;
536549706;29;12;2024;22:15;5;978;97801;2;1;2;1;VOI 8 RUE DE HOLLANDE;;
536549707;6;8;2024;09:30;1;70;70398;1;1;7;1;route des gouvets;;
536549708;1;2;2024;08:21;1;27;27229;2;1;2;2;COCHEREL (RUE DE);;
536549709;29;12;2024;15:00;1;73;73176;1;1;1;3;D1090 - Route du Col du Petit Saint Bernard;;
536549710;6;8;2024;09:35;1;58;58083;2;1;1;6;Avenue Saint-jean;;
536549711;2;2;2024;18:50;5;26;26362;2;1;1;3;Avenue Sadi Carnot;;
536549712;29;12;2024;18:30;3;73;73054;1;1;1;1;D119 - Route des Arcs;;
536549713;2;2;2024;10:15;1;26;26252;2;1;1;6;Route des Mernes;;
536549714;28;12;2024;18:30;5;01;01043;2;1;1;7;Chemin des Malettes;;
536549715;6;8;2024;10:45;1;66;66063;1;1;1;3;D900;;
536549716;1;2;2024;18:00;2;19;19031;2;2;1;3;Avenue Ribot;;
536549717;5;8;2024;17:20;1;72;72165;2;9;1;1;Rue de la Martinière;;
536549718;30;12;2024;16:40;1;17;17219;1;1;8;4;D728;;
536549719;2;2;2024;03:20;3;17;17274;1;1;1;7;D108;;
536549720;29;12;2024;14:50;1;56;56146;1;1;8;7;Le Stumo;;
536549721;4;8;2024;17:00;1;14;14078;1;2;1;3;Route de Longuemare;;
536549722;29;12;2024;14:30;1;13;13203;1;1;1;3;A557-Liaison A7 Marseille-A55 Marseille;;
536549723;5;8;2024;12:30;1;05;05142;1;1;1;6;Route Napoléon;;
536549724;2;2;2024;15:20;1;16;16015;2;1;1;3;BASSEAU (RUE DE N° 1 A 237);;
536549725;27;12;2024;13:35;1;13;13015;1;1;1;2;A515CD-Gardanne vers A51-Marseille;;
536549726;1;2;2024;22:15;3;14;14059;1;1;1;7;37 Chemin des Enclos;;
536549727;5;8;2024;19:30;1;45;45272;1;1;1;2;D2020 PR 46 + 565;;
536549728;1;2;2024;16:10;1;14;14366;2;1;1;7;1 Rue du Carmel;;
536549729;29;12;2024;05:25;3;69;69276;1;1;5;1;Autoroute 7;;
536549730;5;8;2024;10:00;1;64;64326;1;1;1;2;ROUTE DE LA PLAINE;;
536549731;2;2;2024;18:40;2;13;13075;2;1;1;3;L'ENJOLRAS (AVE DE);;
536549732;6;8;2024;14:40;1;43;43152;1;3;1;3;D13;;
536549734;2;2;2024;20:05;5;13;13208;2;1;1;3;PARADIS (RUE);;
536549736;29;12;2024;14:40;1;91;91687;1;1;1;2;AUTOROUTE A6;;
536549737;5;8;2024;10:25;1;07;07041;1;1;1;7;Route de Vidalon;;
536549738;2;2;2024;18:15;5;13;13211;2;1;1;3;CARTONNERIE (BOULEVARD DE LA );;
536549739;29;12;2024;07:37;5;94;94043;1;1;1;6;A6B;;
536549740;5;8;2024;14:00;1;24;24388;1;1;1;7;Route du Château de Labatut;;
536549741;2;2;2024;14:30;1;13;13213;1;6;1;2;OLIVES (AVENUE DES);;
536549742;29;12;2024;15:45;2;93;93048;1;1;1;4;AUTOROUTE A3;;
536549743;4;8;2024;19:45;1;24;24082;1;1;1;1;D704a;;
536549744;31;7;2024;15:00;1;24;24479;1;1;7;7;Route de Miallet;;
536549745;1;2;2024;23:10;5;13;13005;2;1;1;2;SALENGRO (AVENUE ROGER);;
536549746;29;12;2024;18:30;3;77;77294;1;1;1;2;A104;;
536549747;6;8;2024;07:25;1;37;37098;1;1;1;6;D91;;
536549748;3;2;2024;01:00;3;13;13001;2;1;1;6;R.N 7;;
536549749;6;8;2024;08:30;1;48;48104;1;1;1;7;D900;;
536549750;25;9;2024;07:40;1;28;28027;1;1;2;1;D9;;
536549751;2;2;2024;08:30;1;13;13001;2;1;1;3;JAURES JEAN (BD);;
536549752;18;9;2024;19:20;2;28;28309;1;1;1;7;Le Hasard;;
536549753;6;8;2024;10:30;1;08;08070;2;2;1;1;1 Rue d?Avancon;;
536549754;2;2;2024;07:40;1;13;13001;2;2;1;3;REPUBLIQUE (BD DE LA);;
536549755;13;9;2024;19:50;3;28;28191;2;1;1;6;39 Rue de la Billardiere;;
536549756;6;8;2024;08:53;1;06;06152;2;1;1;2;23 Route de Nice;;
536549757;26;1;2024;15:35;1;12;12202;2;2;1;3;EUROPE (AVENUE DE L');;
536549758;6;8;2024;16:50;1;13;13001;1;1;1;1;autoroute A8, pk 18+400, sens sud;;
536549759;25;10;2024;22:55;5;74;74012;2;3;1;1;ARVE (QUAI D');;
536549760;20;10;2024;22:45;5;74;74081;2;6;1;6;25 Grande rue;;
536549761;21;1;2024;03:15;4;12;12202;2;2;9;3;LAROMIGUIERE (BOULEVARD);;
536549762;17;1;2024;13:00;1;12;12202;2;1;1;6;BELLE ISLE (BOULEVARD);;
536549763;17;10;2024;22:10;3;74;74010;1;1;2;7;Chemin du purgatoire;;
536549764;4;8;2024;05:00;3;13;13032;1;1;1;2;Autoroute A8, pk 011+750, sens sud/nord;;
536549766;4;10;2024;22:15;5;74;74010;2;1;1;6;243 Route des creuses (Seynod);;
536549767;28;8;2024;12:15;1;74;74185;1;1;1;6;Route des bornes;;
536549768;31;7;2024;17:50;1;971;97118;1;1;1;1;404 Chemin de Bel Air Desrozieres;;
536549769;1;2;2024;17:26;2;11;11069;2;9;1;3;22 Boulevard Barbès;;
536549770;5;8;2024;21:40;3;28;28317;1;2;1;7;d.24;;
536549772;24;1;2024;20:59;5;10;10362;2;3;1;1;Rue Chanteloup;;
536549773;2;7;2024;09:50;1;13;13208;2;1;1;3;PICON JACQUES RUE;;
536549774;6;8;2024;13:05;1;77;77031;2;1;1;1;D201A;;
536549775;1;2;2024;18:35;5;10;10265;2;1;1;6;LAMARTINE (RUE);;
536549776;17;8;2024;09:50;1;84;84031;2;1;1;3;NOTRE DAME DE SANTE AVENUE;;
536549777;1;2;2024;12:14;1;10;10060;1;1;1;3;ROCADE OUEST;;
536549778;5;8;2024;18:20;1;34;34022;2;3;1;6;N113;;
536549779;15;8;2024;09:47;1;84;84031;1;1;1;2;D942;;
536549780;2;2;2024;08:20;1;07;07070;1;1;1;5;ROUTE DEPARTEMENTALE 86;;
536549781;6;8;2024;16:50;1;05;05136;1;1;1;3;RN94;;
536549782;11;8;2024;20:45;1;84;84031;2;1;1;3;DURAND BOULEVARD ALBIN;;
536549783;2;2;2024;10:40;1;07;07316;2;1;1;1;MONTGOLFIERS (AVENENUE DES FRERES);;
536549784;6;8;2024;09:50;1;04;04019;2;2;1;3;Avenue Ernest Pellotier;;
536549785;19;8;2024;07:49;1;84;84080;2;1;7;3;ROULIERS CHEMIN DES;;
536549786;5;8;2024;07:50;2;13;13059;1;6;1;3;Départementale 556;;
536549787;2;2;2024;15:40;1;06;06088;2;1;1;2;Promenade des Anglais;;
536549788;3;8;2024;16:40;1;84;84031;1;6;1;7;D942;;
536549789;2;8;2024;21:40;3;84;84031;2;1;2;6;ROUTE DE BEDOIN;;
536549790;5;8;2024;05:20;2;67;67519;1;1;1;7;M223;;
536549791;2;2;2024;13:50;1;06;06069;2;9;1;3;Avenue Mathias Duval;;
536549792;1;8;2024;10:24;1;84;84080;2;1;1;6;TREWEY BOULEVARD;;
536549793;4;8;2024;09:35;1;69;69255;2;4;7;6;Rue du Dronaud;;
536549794;23;7;2024;04:40;3;84;84031;1;6;1;7;SAINT ROCH AVENUE;;
536549795;2;2;2024;10:45;1;06;06069;2;1;1;2;Boulevard Fragonard;;
536549796;5;8;2024;15:10;1;09;09157;1;1;1;1;Avenue Pierre Sémard;;
536549797;20;7;2024;15:51;1;84;84089;2;6;1;3;Route d?Aix;;
536549798;2;2;2024;02:50;5;06;06029;2;1;1;6;44 Boulevard Carnot;;
536549799;13;3;2024;15:03;1;84;84056;1;1;1;6;Route de Violès;;
536549800;2;2;2024;07:05;2;06;06004;2;3;1;6;Chemin de Saint Claude;;
536549802;5;8;2024;21:10;1;72;72244;1;3;7;3;1134 route de sable;;
536549803;28;12;2024;23:20;5;974;97407;2;6;1;3;VERGES(AVENUE);;
536549804;28;12;2024;15:50;1;2B;2B037;2;6;1;3;TOUTES RUES;;
536549805;6;8;2024;14:00;1;50;50616;1;3;8;3;D456;;
536549806;28;12;2024;14:20;1;2A;2A004;2;9;1;3;MARECHAL JUIN AVENUE;;
536549807;31;7;2024;11:00;1;29;29046;2;3;1;7;Route de Quimper;;
536549808;28;12;2024;11:06;1;2A;2A004;2;3;1;3;#Rue Achille Peretti#;;
536549809;4;8;2024;22:45;3;22;22168;2;2;1;3;Route de Pleumeur-bodou;;
536549810;5;8;2024;23:40;4;22;22162;2;3;1;6;Rue Gilles le Guen;;
536549811;28;12;2024;14:22;1;91;91286;2;6;8;6;ROUTE NATIONALE 7;;
536549812;6;8;2024;00:30;3;27;27114;2;1;1;6;rue guy de maupassant;;
536549813;28;12;2024;19:02;5;91;91228;2;9;1;3;BD DE L EUROPE;;
536549814;6;8;2024;17:05;1;59;59659;2;1;1;6;Rue Camille Desmoulins;;
536549815;5;8;2024;18:40;1;91;91692;1;1;1;6;AUTOROUTE A10;;
536549816;27;12;2024;19:45;3;77;77459;1;1;5;1;D619;;
536549817;4;8;2024;20:45;1;92;92050;1;1;1;7;A86;;
536549818;28;12;2024;06:00;5;68;68066;2;6;5;7;LADHOF (RUE DU);;
536549819;4;8;2024;20:40;2;95;95277;1;1;1;2;A3;;
536549820;28;12;2024;19:30;4;66;66136;2;2;1;3;WILSON (BOULEVARD THOMAS;;
536549821;28;12;2024;13:24;1;64;64024;2;9;1;3;MONTBRUN (AVENUE DE);;
536549822;3;8;2024;02:53;3;77;77495;1;1;1;2;A5B;;
536549823;28;12;2024;09:30;2;64;64102;2;1;1;6;LORRAINE (BOULEVARD D'ALSACE);;
536549824;28;12;2024;12:15;1;63;63113;2;1;1;6;BLANZAT (RUE DE);;
536549825;28;2;2024;13:15;1;14;14475;1;1;1;2;2871 Route de Bretagne (Noyers-Bocage);;
536549826;28;12;2024;05:40;3;54;54149;1;1;9;6;RN52;;
536549827;3;8;2024;00:50;5;34;34301;2;9;1;6;CLERVILLE CHEVALIER DE (BOULEVARD);;
536549828;27;12;2024;17:35;5;51;51454;2;3;1;6;VASNIER (BOULEVARD HENRI) COTE IMPAIR;;
536549829;29;4;2024;03:50;5;95;95323;2;1;1;6;GIROLLES (RUE DES);;
536549830;28;12;2024;16:20;1;46;46042;2;1;1;6;CAVAIGNAC (QUAI EUGENE);;
536549831;4;8;2024;20:00;3;988;98818;2;1;1;6;Sur parking Hyprocal;;
536549832;28;12;2024;07:50;5;35;35115;2;6;1;3;CARNOT (PLACE DU PRESIDENT);;
536549833;4;8;2024;11:50;1;974;97411;2;1;1;6;PROVIDENCE (BOULEVARD DE LA);;
536549835;4;8;2024;00:01;5;2A;2A004;1;6;1;7;T21;;
536549836;28;12;2024;18:00;5;29;29039;2;6;1;3;Rue de la Villeneuve;;
536549837;4;8;2024;15:50;1;95;95277;1;1;1;4;D170;;
536549838;28;12;2024;03:30;3;26;26252;1;9;5;7;RN7;;
536549839;4;8;2024;17:28;1;91;91552;2;1;1;6;RTE DE CORBEIL;;
536549840;4;8;2024;13:45;1;90;90010;2;1;1;6;FRANCE BOULEVARD ANATOLE );;
536549841;27;12;2024;17:25;3;14;14271;1;1;1;4;N814;;
536549842;4;8;2024;20:10;1;83;83090;2;1;1;2;RESISTANCE (AVE DE LA);;
536549843;28;12;2024;19:00;5;13;13103;2;1;1;6;BOULEVARD JOLY - VICTOR;;
536549844;3;8;2024;19:55;1;83;83126;2;3;1;1;POMPIDOU (CORNICHE GEORGES);;
536549845;28;12;2024;18:08;5;13;13203;2;2;1;3;CHANTERAC (RUE DE);;
536549846;28;12;2024;07:45;3;13;13213;2;1;1;1;ALBERT EINSTEIN (RUE);;
536549847;4;8;2024;16:10;1;82;82121;2;6;1;6;avenue du 10e dragon;;
536549848;28;12;2024;18:45;3;13;13001;2;6;1;7;RD 543;;
536549849;4;8;2024;04:15;3;82;82121;1;1;1;1;A20;;
536549850;28;12;2024;19:40;5;07;07102;2;6;1;6;REPUBLIQUE (AV.DE LA) [DU N° AU N°];;
536549851;27;12;2024;17:55;5;75;75119;2;1;1;6;BOULEVARD MACDONALD;;
536549852;28;12;2024;14:20;1;75;75111;2;2;1;6;AVENUE PARMENTIER;;
536549853;1;6;2024;14:10;1;94;94069;1;1;2;2;A4;;
536549854;31;5;2024;06:45;2;77;77373;1;1;2;7;RN104;;
536549855;31;5;2024;13:42;1;987;98735;2;9;1;3;POMARE (BVD BLOC DU FOYER DES J.FILLES);;
536549856;31;5;2024;12:35;1;976;97611;2;1;1;6;tsoundzou-Maternelle;;
536549857;31;5;2024;08:00;1;974;97416;2;3;1;3;CHATEAU D'EAU (CHEMIN DU);;
536549858;31;5;2024;14:20;1;974;97407;2;1;1;3;ROMERO(AVENUE);;
536549859;31;5;2024;13:00;1;973;97302;2;1;1;2;TROUBIRAN (CHEMIN DE);;
536549860;31;5;2024;11:30;1;973;97302;2;1;1;3;REPUBLIQUE (BD DE LA);;
536549861;30;5;2024;07:47;1;973;97302;2;3;1;3;MONTABO (ROUTE DE) 1;;
536549862;29;5;2024;12:35;1;973;97302;2;3;1;1;MADELEINE (ROUTE DE LA);;
536549863;31;5;2024;20:55;2;69;69387;2;2;1;3;Pont de l'Université;;
536549864;30;4;2024;21:25;5;972;97213;1;1;1;2;ROUTE NATIONALE 5;;
536549865;31;5;2024;10:25;1;972;97209;2;9;1;3;BOUILLE (RUE);;
536549866;31;5;2024;18:40;1;2B;2B033;2;1;1;7;FAVALE - COURS;;
536549867;31;5;2024;13:40;1;91;91692;2;1;2;6;BERRY (AVENUE DU);;
536549868;31;5;2024;05:15;2;91;91687;2;3;2;3;GENERAL DE GAULLE (AVENUE DU);;
536549869;31;5;2024;16:00;1;91;91433;2;1;3;3;PONTS (RUE DES);;
536549870;31;5;2024;05:11;5;87;87085;2;3;1;3;ALLENDE (QUAI SALVADOR);;
536549871;31;5;2024;23:10;3;85;85194;1;1;1;7;RD 949;;
536549873;29;5;2024;16:35;1;83;83144;1;6;1;3;Rond point de l'Université;;
536549874;29;5;2024;17:15;1;83;83126;2;2;1;3;JUIN (AV MARECHAL);;
536549875;31;5;2024;14:47;1;83;83061;1;1;1;6;D7;;
536549876;29;5;2024;18:20;1;81;81163;2;6;1;3;RICHARDE;;
536549877;31;5;2024;16:00;1;80;80001;2;3;2;2;MENCHECOURT (de);;
536549878;31;5;2024;20:00;1;78;78311;2;1;2;6;BLAISE PASCAL (RUE);;
536549879;22;5;2024;13:10;1;77;77468;2;1;2;6;LAGNY (ROUTE DE);;
536549880;31;5;2024;12:20;1;77;77014;2;2;8;6;FRANKLIN ROOSEVELT (AVENUE);;
536549881;30;5;2024;20:45;1;69;69029;2;3;2;3;Rue Lionel Terray;;
536549882;30;5;2024;08:50;1;69;69259;1;1;1;2;Rue des Frères Louis et Emile Bertrand;;
536549883;31;5;2024;17:45;1;66;66136;2;1;1;2;Avenue de l'Ancien-Champs-de-Mars;;
536549884;31;5;2024;19:48;1;64;64445;2;2;1;1;LUCIEN FAVRE;;
536549885;28;5;2024;18:10;1;63;63103;1;3;1;3;RD227 / rue de St-Hubert;;
536549886;31;5;2024;15:30;1;63;63113;2;1;1;7;MONTLOSIER (RUE);;
536549887;31;5;2024;13:57;1;63;63113;2;1;1;2;VERNE (RUE JULES);;
536549888;31;5;2024;11:00;1;63;63113;2;1;1;6;BLANZAT (RUE DE);;
536549890;30;5;2024;20:05;1;59;59378;2;1;1;2;Avenue du Maréchal Foch;;
536549891;30;5;2024;16:45;1;57;57672;2;1;1;6;ALLIES (PONT DES);;
536549892;31;5;2024;12:30;1;56;56260;2;6;1;3;Rue Robert Schuman;;
536549893;31;5;2024;12:30;1;56;56098;2;2;1;3;CHARCOT (RUE  COMMANDANT );;
536549894;30;5;2024;14:30;1;54;54339;2;1;1;1;rue Antoine de Saint Exupéry;;
536549895;30;5;2024;13:20;1;54;54395;2;2;1;3;Rue Jeannot;;
536549896;31;5;2024;12:35;1;49;49007;2;1;1;6;TOURAINE RUE ET SQUARE;;
536549897;30;5;2024;18:39;1;49;49007;2;2;1;5;VOLNEY;;
536549898;31;5;2024;12:46;1;45;45169;2;3;1;3;Route d'Orleans;;
536549899;1;6;2024;00:21;5;42;42187;2;3;2;6;Rue Albert Thomas;;
536549900;31;5;2024;21:22;5;42;42187;2;3;1;6;Quai du Canal;;
536549901;30;5;2024;19:45;1;41;41226;1;6;2;3;PARIS (ROUTE DE);;
536549902;31;5;2024;06:00;3;37;37233;2;1;1;6;LOIRE (LEVEE DE LA);;
536549903;31;5;2024;12:00;1;35;35238;2;3;1;3;MABILAIS (DE LA);;
536549904;31;5;2024;12:00;1;34;34172;2;1;1;6;LOUISVILLE (AVENUE DE);;
536549906;31;5;2024;21:14;1;31;31555;2;1;1;6;AV DU CHATEAU D EAU;;
536549907;31;5;2024;12:33;1;31;31555;2;1;1;3;AV DE MURET;;
536549908;31;5;2024;20:23;1;29;29019;2;2;1;3;rue Massillon;;
536549909;31;5;2024;21:50;3;28;28223;1;1;2;3;D 152;;
536549910;31;5;2024;13:50;1;27;27528;2;2;2;3;NOTRE DAME (RUE);;
536549911;31;5;2024;20:25;1;27;27229;2;6;2;3;MOULIN (RUE JEAN);;
536549912;30;5;2024;13:17;1;27;27229;2;1;3;3;LAVOISIER (RUE);;
536549913;31;5;2024;12:55;1;25;25056;2;1;3;1;RIVOTTE  FAUBOURG;;
536549914;30;5;2024;08:30;1;15;15012;1;9;2;7;RD 990;;
536549915;30;5;2024;15:15;1;14;14574;1;1;1;7;1570 Route de Dives;;
536549916;30;5;2024;14:06;1;14;14574;1;1;1;5;1993 Route de Dives;;
536549917;31;5;2024;22:39;5;13;13203;2;3;1;3;PLOMBIERES (BOULEVARD DES);;
536549918;31;5;2024;20:00;1;13;13203;2;1;1;1;CASSIN (RUE);;
536549919;31;5;2024;11:05;1;13;13207;2;2;1;3;CÉSAR ALEMAN (RUE);;
536549920;31;5;2024;10:30;1;13;13001;2;1;1;2;JUVENAL MAX (AV);;
536549921;31;5;2024;14:13;1;10;10333;2;6;1;3;Rue Charles Baltet;;
536549922;30;5;2024;18:19;1;10;10387;2;2;8;6;MARECHAL FOCH (RUE DU);;
536549923;30;5;2024;13:39;1;10;10387;2;1;1;6;CHAILLOUET RUE);;
536549924;30;5;2024;07:36;1;10;10343;2;9;1;3;MICHEL BAROIN (RUE);;
536549925;27;5;2024;17:50;1;02;02304;2;3;1;2;1 rue des bigors;;
536549926;23;5;2024;10:15;1;01;01289;2;1;1;6;BELLEVUE ( CHEMIN DE) PAIR;;
536549927;31;5;2024;17:30;1;75;75118;2;2;1;6;RUE DES POISSONNIERS;;
536549928;31;5;2024;16:30;1;75;75118;2;3;2;6;RUE DE L EVANGILE;;
536549929;31;5;2024;10:40;1;75;75118;2;2;8;6;RUE DE LA CHAPELLE;;
536549930;31;5;2024;18:50;1;75;75108;2;4;2;7;VOIE GEORGES POMPIDOU;;
536549931;31;5;2024;08:00;1;75;75101;2;3;1;1;BOULEVARD DE SEBASTOPOL;;
536549932;30;5;2024;20:27;1;75;75104;2;1;8;6;QUAI DE L HOTEL DE VILLE;;
536549933;30;5;2024;16:22;1;75;75101;2;7;1;3;AVENUE DE L OPERA;;
536549934;30;5;2024;14:40;1;75;75103;2;2;2;2;BOULEVARD SAINT MARTIN;;
536549935;31;5;2024;09:15;1;94;94080;2;1;2;3;Rue de Montreuil;;
536549936;30;5;2024;20:00;1;94;94078;2;1;1;6;Avenue du President John Fitzgerald Kennedy;;
536549937;30;5;2024;09:00;1;94;94073;2;4;2;4;rue de Thiais / Bretelle D7;;
536549938;31;5;2024;07:00;2;94;94033;2;3;2;6;Sentier de la Prairie / Rue des Alouettes;;
536549939;30;5;2024;17:47;1;94;94022;2;3;1;2;Boulevard de Stalingrad / Avenue de la République;;
536549940;31;5;2024;18:00;1;92;92063;2;6;2;2;FOUILLEUSE (AVENUE DE);;
536549941;29;5;2024;12:09;1;92;92063;2;1;2;3;HOPITAL STELL (BOULEVARD DE L');;
536549942;30;5;2024;23:45;4;92;92050;1;6;1;6;CHEMIN ACCES USINE EDF;;
536549943;30;5;2024;15:00;1;92;92050;2;3;2;2;OMBRAIES RUE DES;;
536549944;30;5;2024;09:15;1;92;92025;2;1;1;3;RENOUILLERS  (RUE DES);;
536549945;31;5;2024;07:50;1;92;92024;2;2;1;6;ALSACE (RUE D') DE (1 A 25)   (2 A 36);;
536549946;31;5;2024;20:55;1;92;92023;1;9;3;2;GENERAL DE GAULLE (AV DU) N°130 A 340 ET;;
536549947;31;5;2024;10:00;1;92;92004;2;1;1;2;DOCTEUR DERVAUX  ( QUAI DU );;
536549948;31;5;2024;21:45;5;974;97415;2;6;1;2;Rue de la Croix;;
536549949;31;5;2024;19:45;1;08;08403;2;2;1;2;279 Rue de Perthes;;
536549950;27;5;2024;20:30;1;91;91390;2;9;1;2;Rue de la Gare;;
536549951;24;5;2024;16:17;1;45;45187;1;1;1;1;D88 PR 11 + 627;;
536549952;1;6;2024;01:20;3;63;63116;1;1;2;1;d2144 pr 13+200;;
536549953;31;5;2024;19:49;1;01;01354;1;6;1;3;Route de Meyrin;;
536549954;30;5;2024;18:15;1;83;83140;2;1;1;1;D205;;
536549955;31;5;2024;17:45;1;04;04126;1;1;1;7;D900;;
536549956;6;4;2024;09:15;1;2B;2B346;2;7;1;6;Village;;
536549957;31;5;2024;19:00;1;82;82195;1;1;1;7;1519 Route de Bordeaux;;
536549959;1;6;2024;13:20;1;32;32181;1;1;1;3;N21;;
536549960;31;5;2024;20:56;2;11;11206;2;1;1;6;63 Avenue de Catalogne;;
536549961;1;6;2024;17:00;1;71;71093;1;1;1;6;3a Route de Mervans;;