Num_Acc;jour;mois;an;hrmn;lum;dep;com;agg;int;atm;col;adr;lat;long
536549962;12;5;2024;05:45;2;61;61063;1;1;1;5;D924;;
536549963;31;5;2024;07:30;2;12;12088;1;1;2;6;lieu-dit Miegevie;;
536549964;31;5;2024;05:45;2;34;34229;1;1;2;7;RD908;;
536549965;30;5;2024;10:40;1;34;34187;1;3;1;2;RD908, PR18+580;;
536549966;1;6;2024;04:45;2;68;68062;1;1;1;7;D419;;
536549967;31;5;2024;19:30;1;39;39520;2;1;1;1;49 route Nationale;;
536549968;16;10;2024;07:40;1;973;97302;2;3;1;3;HAMEAU DES ENCENS (RUE DU) Cité St Marti;;
536549969;29;5;2024;15:00;1;25;25321;1;1;1;3;D461;;
536549970;31;5;2024;17:30;1;25;25203;1;1;8;6;D31;;
536549971;1;6;2024;15:00;1;29;29174;1;3;1;3;Lieu Dit Creac H Calvic;;
536549972;16;10;2024;13:00;1;972;97213;1;1;1;7;Z I CALIFORNIE;;
536549973;30;5;2024;16:15;1;31;31037;2;2;1;3;Chemin du Rivet;;
536549974;1;6;2024;17:45;1;02;02315;1;1;2;3;Rue du Petit Détroit;;
536549975;16;10;2024;09:15;1;69;69202;2;3;1;3;Rue Commandant Charcot;;
536549976;31;5;2024;10:20;1;03;03236;2;6;2;2;Rue de Vichy;;
536549977;1;6;2024;13:00;1;58;58287;1;1;3;7;Départementale 973;;
536549978;1;6;2024;01:00;5;10;10187;2;1;1;6;Grande Rue;;
536549979;1;6;2024;00:01;3;24;24394;1;1;1;6;L?Echanleuil;;
536549980;16;10;2024;14:00;1;95;95219;2;6;1;3;GENERAL DECAEN (RUE DU);;
536549981;31;5;2024;09:15;1;04;04094;1;1;1;1;D4;;
536549982;28;5;2024;23:15;3;85;85145;1;1;1;6;guinefolle;;
536549983;1;6;2024;15:05;1;85;85008;1;1;1;7;D4 PK 29 - 600;;
536549984;16;10;2024;10:43;1;91;91326;2;2;1;3;REPUBLIQUE (AVENUE DE LA);;
536549985;31;5;2024;17:15;1;27;27383;1;2;2;2;D926;;
536549986;1;6;2024;07:56;1;28;28232;1;1;2;6;48 Rue Louis Houde - D15;;
536549987;15;10;2024;14:10;1;87;87085;2;1;1;7;CORGNAC (CHEMIN ET IMPASSE DE);;
536549988;1;6;2024;18:50;1;28;28130;1;1;1;6;La Pelletiere;;
536549989;31;5;2024;19:00;1;87;87059;1;1;1;6;D675;;
536549990;1;6;2024;02:17;3;87;87003;1;1;2;6;8 La Gare;;
536549991;31;5;2024;16:15;1;52;52114;2;6;2;3;Rue Saint-jacques;;
536549992;31;5;2024;20:10;2;01;01228;1;1;2;6;A 40 PK 127+600 direction Macon;;
536549993;1;6;2024;08:00;1;973;97309;2;9;1;1;2316 Route de Rémire;;
536549994;31;5;2024;15:20;1;53;53108;1;1;1;6;barrière de péage la gravelle;;
536549995;13;10;2024;02:00;5;84;84007;2;3;3;3;QUAI DE LA LIGNE (BOULEVARD DU);;
536549996;31;5;2024;21:00;2;45;45051;2;2;8;3;D952 PR 35 + 621;;
536549997;31;5;2024;15:19;1;78;78120;1;1;2;3;149;;
536549998;1;6;2024;19:40;2;30;30258;2;1;1;7;Rue de l'Occitan;;
536549999;16;10;2024;13:30;1;83;83137;2;1;2;4;15EME CORPS (AVE DU);;
536550000;1;6;2024;02:45;3;11;11281;1;1;1;6;Route départementale 33 l'Hazard;;
536550001;1;6;2024;14:10;1;84;84003;2;1;1;6;Quai de la Liberté;;
536550002;29;5;2024;16:49;1;13;13007;1;1;1;3;Route de la Sainte Baume;;
536550003;16;10;2024;09:20;1;83;83137;2;1;8;2;BRIAND (AVE ARISTIDE PROLONGEE);;
536550004;31;5;2024;17:30;1;13;13030;1;1;1;1;D8n;;
536550005;31;5;2024;14:00;1;88;88091;1;1;8;7;Pont Bresson;;
536550006;1;6;2024;04:19;3;73;73211;1;1;1;7;D925 - Pont de la louie;;
536550007;1;6;2024;03:00;3;38;38467;1;1;1;7;1191 Route du Bugey;;
536550008;16;10;2024;12:30;1;81;81060;2;1;1;1;14 Rue de la Salle;;
536550009;31;5;2024;21:00;2;85;85092;2;4;1;3;Rue du port;;
536550010;31;5;2024;15:45;1;14;14325;2;4;2;3;288 Route de Caen;;
536550011;31;5;2024;17:50;1;22;22214;1;1;1;3;Route de Saint Brieuc;;
536550012;31;5;2024;17:45;1;59;59534;1;1;1;6;Route d'Avesnes;;
536550013;16;10;2024;09:45;1;77;77404;2;3;1;3;GENERAL LECLERC (AVENUE DU);;
536550014;31;5;2024;12:44;1;13;13106;1;1;1;4;A7-Sens Marseille vers Lyon;;
536550015;27;5;2024;14:30;1;13;13043;1;1;1;2;A55-Sens Martigues vers Marseille;;
536550016;15;10;2024;16:25;1;77;77447;1;1;1;6;D82;;
536550017;30;4;2024;15:30;1;13;13211;1;1;1;2;A50-Sens Marseille vers Aubagne;;
536550018;29;5;2024;12:45;1;13;13005;1;1;1;3;Sens Aubagne vers Marseille;;
536550019;16;10;2024;09:00;1;77;77284;2;1;1;3;PALAIS DE JUSTICE (RUE DU);;
536550020;26;5;2024;20:52;3;13;13056;1;1;1;2;A55-Sens Martigues vers Marseille;;
536550021;31;5;2024;15:52;1;67;67482;1;1;1;4;M351;;
536550022;16;10;2024;18:25;1;76;76498;2;3;1;3;Rue des Patis;;
536550024;16;10;2024;11:30;1;76;76575;1;2;1;6;Boulevard Lénine;;
536550026;31;5;2024;19:50;1;92;92078;1;1;2;4;AUTOROUTE A86;;
536550027;30;5;2024;19:10;3;93;93053;1;1;2;2;A3;;
536550028;16;10;2024;23:30;5;74;74010;2;1;8;5;GENEVE (AVENUE DE)(SECTEUR 410);;
536550029;31;5;2024;23:12;3;77;77018;1;1;1;6;A4;;
536550030;13;10;2024;11:20;1;73;73087;2;1;1;3;D14 BORDEAUX HENRY (AVENUE);;
536550031;30;5;2024;13:30;1;974;97411;2;3;1;3;GAULLE (DU GENERAL DE);;
536550032;30;5;2024;07:30;1;974;97411;2;1;1;3;JAURES (BLD 2 JEAN);;
536550033;16;10;2024;19:10;5;69;69264;2;1;8;6;Avenue Theodore Braun;;
536550034;30;5;2024;17:20;2;974;97407;2;3;1;3;PASTEUR(AVENUE);;
536550035;30;5;2024;12:02;1;69;69387;2;1;2;1;Rue de Créqui;;
536550036;30;5;2024;19:00;1;69;69389;2;4;8;3;111 Rue Marietton;;
536550037;30;5;2024;16:45;1;2A;2A004;2;1;1;3;18 Avenue du Docteur Noel Franchini;;
536550038;15;10;2024;13:38;1;69;69259;2;2;1;3;Rue Pierre Stoppa;;
536550039;30;5;2024;19:15;1;95;95051;2;9;1;3;D106;;
536550040;29;5;2024;15:05;1;91;91201;2;1;3;4;BD HENRI BARBUSSE;;
536550041;15;10;2024;22:06;5;64;64445;2;2;1;1;TOURASSE;;
536550042;30;5;2024;14:40;2;91;91286;2;6;3;6;CORBEIL (ROUTE DE);;
536550043;30;5;2024;15:00;1;83;83144;2;6;1;6;AUTOROUTE EST (ECHANG LA BIGUE-LA FARLED;;
536550044;15;10;2024;17:15;1;64;64102;2;1;8;1;MAI 1945 (AVENUE DU 8);;
536550045;30;5;2024;18:15;1;83;83123;2;1;1;3;HUIDE (CHEMIN DE) N° IMPAIRS;;
536550046;29;5;2024;17:12;1;81;81144;1;6;1;3;HERMET ( ROND POINT DE );;
536550047;29;5;2024;14:15;1;80;80021;2;1;1;3;Boulevard Saint-Quentin;;
536550048;16;10;2024;20:21;5;63;63113;2;2;1;3;rue d'Aline / rue de la Cerisière;;
536550049;16;10;2024;08:35;1;63;63075;2;1;1;6;ROYAT (AVENUE DE);;
536550050;29;5;2024;09:20;1;78;78168;2;5;2;5;Route nationale 10;;
536550051;30;5;2024;23:00;3;77;77462;1;1;1;2;ROUTE NATIONALE 2;;
536550052;30;5;2024;16:00;1;77;77169;2;1;1;3;TOLENTINO (RUE DE);;
536550053;30;5;2024;09:34;1;77;77079;2;1;1;6;PL DE L'EUROPE;;
536550054;16;10;2024;09:25;1;59;59410;2;1;1;3;DE GAULLE RUE DU GENERAL;;
536550055;30;5;2024;12:27;1;77;77335;1;1;1;3;RD129 (ROUTE DEPARTEMENTALE);;
536550056;15;10;2024;15:20;1;56;56098;1;4;1;3;Rue Jean-Marie Tjibaou;;
536550057;30;5;2024;06:20;1;77;77369;1;1;1;6;D405A;;
536550058;30;5;2024;08:20;1;71;71306;2;2;1;2;ANATOLE FRANCE (RUE);;
536550059;15;10;2024;17:50;1;54;54526;2;2;1;6;Rue Cécile Brunschvicg;;
536550060;30;5;2024;18:25;1;69;69266;2;1;1;6;Rue des Mûriers;;
536550061;24;5;2024;23:45;5;69;69115;2;1;1;7;Route d’Anse;;
536550062;15;10;2024;09:40;1;54;54357;2;6;1;1;Rue Lafayette;;
536550063;29;5;2024;17:40;1;69;69264;2;1;1;3;Impasse Albert de Mun;;
536550064;11;10;2024;09:30;1;51;51230;2;1;1;6;HUGUES PLOMB (PLACE);;
536550065;15;10;2024;11:45;1;50;50218;2;1;1;6;MATIGNON (AV DES);;
536550066;29;5;2024;07:30;1;69;69029;2;4;8;3;Route de Genas;;
536550067;16;10;2024;19:25;5;49;49007;2;2;3;3;CHAUVAT BOULEVARD;;
536550068;29;5;2024;09:58;1;69;69271;1;8;1;3;Boulevard de l'Europe;;
536550069;28;5;2024;08:30;1;69;69259;2;8;1;6;Boulevard Ambroise Croizat;;
536550070;16;10;2024;13:10;1;45;45147;2;1;1;4;123 Rue André Dessaux;;
536550071;30;5;2024;12:00;1;64;64445;2;1;2;2;UNIVERSITE DE L';;
536550072;16;10;2024;06:50;5;45;45234;1;9;1;1;73 Boulevard Marie Stuart;;
536550073;30;5;2024;11:20;1;64;64445;2;1;2;6;RONSARD;;
536550074;30;5;2024;21:00;1;64;64122;2;1;1;6;DE LATTRE DE TASSIGNY MAL (AV);;
536550075;30;5;2024;07:30;1;64;64102;2;1;2;7;ARITXAGUE (BD D');;
536550076;15;10;2024;12:30;1;45;45004;2;6;2;2;Rue de l'Europe;;
536550077;30;5;2024;18:25;1;63;63300;2;1;2;6;LIBERATION (AVENUE DE LA);;
536550078;16;10;2024;12:30;1;38;38151;2;1;2;2;COURS JEAN JAURÈS;;
536550079;16;10;2024;08:55;1;38;38151;1;9;2;3;RN87;;
536550080;30;5;2024;16:00;1;61;61001;2;3;1;4;D438;;
536550081;16;10;2024;08:15;1;35;35238;2;1;1;3;TOUR D'AUVERGNE (BD DE LA);;
536550082;30;5;2024;07:14;1;59;59650;2;2;1;6;Boulevard Pierre Mauroy;;
536550083;15;10;2024;19:30;5;34;34301;2;3;8;3;CLERVILLE CHEVALIER DE (BOULEVARD);;
536550084;16;10;2024;21:45;5;34;34172;2;9;2;3;JUSTICE DE CASTELNAU (AVENUE DE LA);;
536550085;16;10;2024;08:15;1;34;34172;2;1;2;4;LODEVE (ROUTE DE);;
536550088;16;10;2024;16:15;1;32;32013;2;3;1;3;PIERRE DE MONTESQUIOU (AVENUE);;
536550089;16;10;2024;17:45;1;27;27229;2;1;1;6;JAURES (RUE JEAN);;
536550090;16;10;2024;11:10;1;27;27229;2;9;1;2;VAL ITON (RUE DU);;
536550091;16;10;2024;01:10;3;27;27299;1;1;1;6;RN 154;;
536550092;16;10;2024;11:00;1;25;25204;1;1;1;3;Grande rue;;
536550093;16;10;2024;20:25;2;19;19031;2;3;2;2;COMTE (RUE ERNEST);;
536550094;14;10;2024;16:55;1;14;14181;2;3;1;3;1 Rue des Étercelets;;
536550095;16;10;2024;00:10;5;13;13208;2;3;2;3;PARADIS (RUE);;
536550096;15;10;2024;16:25;1;11;11069;2;1;1;3;120 Av du Pdt Franklin Roosevelt;;
536550097;16;10;2024;06:55;5;07;07281;2;1;2;3;AVENUE DU 8 MAI;;
536550098;16;10;2024;09:10;1;04;04070;2;3;2;3;ST BENOIT (AV.);;
536550099;15;10;2024;23:15;5;03;03185;2;1;1;6;Avenue John Fitzgerald Kennedy;;
536550100;16;10;2024;07:15;3;75;75112;2;1;1;3;BD PERIPHERIQUE INTERIEUR;;
536550101;16;10;2024;04:35;5;75;75116;2;1;1;2;BD PERIPHERIQUE EXTERIEUR;;
536550102;15;10;2024;07:04;5;75;75106;2;3;1;1;RUE DE VAUGIRARD;;
536550103;16;10;2024;12:46;1;75;75119;2;2;1;6;BOULEVARD DE LA COMMANDERIE;;
536550104;16;10;2024;12:55;1;75;75119;2;1;1;6;RUE DE L OURCQ;;
536550105;16;10;2024;12:55;1;75;75119;2;2;1;3;RUE CURIAL;;
536550106;16;10;2024;08:20;1;75;75119;2;1;1;6;RUE COMPANS;;
536550107;16;10;2024;13:10;1;75;75118;2;2;1;6;BOULEVARD BARBES;;
536550108;16;10;2024;15:55;1;75;75115;2;1;1;6;RUE LEBLANC;;
536550109;16;10;2024;12:05;1;75;75114;2;3;1;3;RUE DE RIDDER;;
536550110;15;10;2024;17:55;1;75;75112;2;2;1;3;RUE DE CHARENTON;;
536550111;16;10;2024;08:51;1;75;75110;2;2;1;6;BOULEVARD DE MAGENTA;;
536550112;16;10;2024;09:20;1;75;75110;2;3;1;6;BOULEVARD DE LA VILLETTE;;
536550113;16;10;2024;08:18;1;75;75110;2;4;1;2;BOULEVARD DE MAGENTA;;
536550114;16;10;2024;21:10;5;75;75108;2;3;2;3;Rue Saint-Lazare;;
536550115;15;10;2024;18:30;2;94;94068;2;1;8;1;Rue Chevalier;;
536550116;16;10;2024;20:35;5;94;94016;2;3;1;3;Avenue Cousin de Méricourt;;
536550117;16;10;2024;18:19;1;94;94011;2;1;1;4;Route de la Pompadour;;
536550118;14;10;2024;18:40;1;94;94073;2;3;1;3;Av du Mal de Lattre de Tassigny;;
536550119;16;10;2024;16:30;1;94;94017;2;2;1;1;Avenue Marx Dormoy;;
536550120;16;10;2024;18:20;1;93;93073;2;1;1;3;RESISTANCE (RUE DE LA);;
536550121;16;10;2024;11:50;1;93;93051;2;1;1;1;GEORGES CLEMENCEAU (AVENUE);;
536550122;16;10;2024;07:35;2;93;93051;2;1;1;6;NEUILLY (ROUTE);;
536550123;16;10;2024;09:00;1;93;93045;2;2;1;6;BRUYERES RUE DES;;
536550124;16;10;2024;15:58;1;93;93057;2;2;1;3;ROME (AV.);;
536550125;15;10;2024;18:36;1;93;93001;2;1;1;3;HAIE COQ (RUE DE LA ) => 91/92;;
536550126;16;10;2024;08:20;1;92;92051;2;1;1;6;JEAN MERMOZ (BOULEVARD, N° 5 A 15);;
536550127;16;10;2024;13:45;1;92;92044;2;1;1;6;VILLIERS(RUE DE)  88A140;;
536550128;16;10;2024;14:45;1;92;92040;2;2;1;6;GOUVERNEUR GAL EBOUE DU 09 AU 65 BIS;;
536550129;16;10;2024;15:30;1;92;92026;2;1;1;2;VERDUN (DE 62 A FIN);;
536550130;16;10;2024;09:58;1;92;92007;2;6;1;2;FORTIN (AVENUE JEAN-BAPTISTE);;
536550131;16;10;2024;14:15;1;80;80213;2;4;7;3;Rue de Dommartin;;
536550132;17;10;2024;07:45;5;65;65362;2;3;2;1;15 Avenue Jean Moulin;;
536550133;16;10;2024;18:40;2;65;65344;1;1;1;2;D936;;
536550134;17;10;2024;09:00;1;32;32254;1;2;2;3;N21;;
536550135;16;10;2024;14:30;1;63;63262;1;1;1;2;D 978;;
536550136;16;10;2024;18:35;3;49;49329;1;1;2;7;D106;;
536550137;16;10;2024;17:55;1;46;46132;1;3;1;1;lieu dit Vernique;;
536550138;16;10;2024;15:17;1;68;68062;1;3;1;3;D419;;
536550139;16;10;2024;20:50;3;25;25157;1;1;2;6;D67b;;
536550140;16;10;2024;22:50;3;31;31136;1;6;1;6;Avenue de Villemur;;
536550141;16;10;2024;16:10;1;03;03168;1;1;1;7;Lieu-dit Jovinière;;
536550142;17;10;2024;07:45;2;01;01265;2;1;3;2;88 Avenue de Bresse;;
536550143;17;10;2024;13:30;1;06;06059;1;1;1;6;Avenue de Verdun;;
536550144;17;10;2024;10:50;1;06;06059;1;1;1;6;904 Avenue Raymond Poincaré;;
536550145;17;10;2024;01:30;3;10;10148;1;1;2;6;18 Rue des Borderets;;
536550146;17;10;2024;15:00;1;10;10437;2;1;2;1;Rue Roger Dossot;;
536550147;17;10;2024;11:43;1;16;16253;1;1;2;6;Tourteron;;
536550148;17;10;2024;07:50;2;40;40273;2;1;3;6;D817;;
536550149;17;10;2024;06:30;3;04;04157;1;1;2;1;D8;;
536550150;15;10;2024;14:20;1;87;87082;1;1;1;1;Route de la Vallade;;
536550151;17;10;2024;12:50;1;87;87037;1;1;2;6;lartimache;;
536550152;16;10;2024;16:40;1;37;37177;1;1;2;6;La Rousseliere;;
536550153;14;10;2024;17:20;1;24;24293;1;9;1;1;Route de la Lénotte;;
536550154;16;10;2024;16:36;1;01;01451;1;1;1;6;PK142+800, A39;;
536550155;16;10;2024;16:35;1;987;98715;1;9;1;3;Teroma;;
536550156;17;10;2024;00:01;5;974;97418;2;1;1;6;134 Rue Jean XXIII;;
536550157;16;10;2024;16:00;1;45;45335;1;3;1;3;D921 PR 64 + 171;;
536550158;16;10;2024;07:20;5;2B;2B168;2;1;1;6;Monticello;;
536550159;16;10;2024;08:40;1;34;34213;1;3;1;3;D2e5;;
536550160;13;10;2024;22:00;3;69;69163;2;1;2;6;Chemin de la Halte;;
536550161;14;10;2024;16:47;1;31;31263;2;1;8;2;Route de la Fontanasse;;
536550162;16;10;2024;18:50;1;40;40257;1;1;2;6;route départementale 87;;
536550163;17;10;2024;08:00;2;22;22162;2;6;1;3;Rue Bécot;;
536550164;16;10;2024;17:00;1;22;22162;2;2;2;3;Rue Guillaume Thos;;
536550165;17;10;2024;13:00;1;27;27136;1;1;2;6;D70;;
536550166;16;10;2024;10:25;1;60;60042;1;2;1;3;Allee des Fresnes;;
536550167;13;10;2024;10:40;1;69;69277;1;1;1;2;Rocade Est;;
536550169;16;10;2024;18:50;3;91;91228;1;1;1;3;RN 104;;
536550170;16;10;2024;17:10;1;91;91174;1;1;1;3;RN 104;;
536550171;16;10;2024;10:35;1;91;91174;1;1;1;3;RN 104;;
536550172;15;10;2024;18:20;1;75;75116;1;1;1;3;A13Y;;
536550173;15;10;2024;20:16;3;78;78640;1;1;1;4;N118;;
536550174;15;10;2024;10:45;1;78;78646;1;1;1;6;RN12 INT;;
536550175;15;10;2024;09:50;1;92;92036;1;1;1;3;A86;;
536550176;15;10;2024;09:00;1;78;78140;1;1;1;3;A13;;
536550177;15;10;2024;08:05;1;92;92050;1;1;1;3;A14;;
536550178;15;10;2024;04:00;3;95;95018;1;1;1;6;A15;;
536550179;25;4;2024;13:00;1;93;93039;2;3;1;3;Avenue du Pont d’Épinay / Quai de la Marine;;
536550180;31;5;2024;21:00;1;93;93066;2;3;2;3;Boulevard Marcel Sembat / Boulevard Marcel Sembat;;
536550181;31;5;2024;09:50;1;93;93066;2;1;8;1;Rue Henri Delaunay;;
536550182;31;5;2024;07:30;1;93;93066;2;1;2;3;Chemin du Fort de la Briche;;
536550183;31;5;2024;05:41;2;93;93066;2;1;1;1;Rue Ambroise Croizat;;
536550184;30;5;2024;22:16;4;93;93066;2;9;2;6;Place Jean Poulmarc'h / Boulevard de la Libération;;
536550185;27;5;2024;07:45;1;93;93066;2;1;8;5;Avenue des Arts et Métiers;;
536550186;25;5;2024;17:05;1;93;93066;2;3;1;3;Rue Henri Delaunay / Avenue Jules Rimet;;
536550187;24;5;2024;17:15;1;93;93066;2;1;1;3;BRICHE NR 2 A 38;;
536550188;18;5;2024;18:38;1;93;93066;2;2;1;6;Place de la Résistance / Rue Gabriel Péri;;
536550189;18;5;2024;16:50;1;93;93066;2;1;1;3;Rue Ambroise Croizat;;
536550190;17;5;2024;09:30;1;93;93066;1;9;1;4;STADE DE FRANCE (AVENUE DU);;
536550191;14;5;2024;12:00;1;93;93066;2;2;2;3;Cours du Rû de Montfort / Avenue Leroy des Barres;;
536550192;28;3;2024;16:30;1;93;93008;2;6;1;2;Avenue Jean Jaures / Avenue du Président Salvador Allende;;
536550193;28;1;2024;18:00;2;93;93008;2;6;1;3;Avenue Paul Vaillant Couturier / Avenue Louis Aragon;;
536550194;6;8;2024;19:35;1;91;91691;2;6;1;3;MARECHAL JUINI(RUE);;
536550195;14;10;2024;15:00;1;987;98736;2;1;1;6;ANTHONY BAMBRIDGE (RUE);;
536550196;14;10;2024;11:41;1;987;98735;1;2;1;3;C U SACREE;;
536550197;15;10;2024;08:10;1;976;97611;2;9;1;2;m'tsapere-Nationale 2 (route);;
536550198;15;10;2024;07:50;1;973;97302;2;3;1;3;MONTABO (ROUTE DE) 2;;
536550199;14;10;2024;11:48;1;973;97302;2;6;1;3;CHARLERY (GUSTAVE);;
536550200;15;10;2024;12:10;1;69;69388;2;2;1;3;Rue Rochambeau;;
536550201;15;10;2024;08:40;1;69;69383;2;1;8;1;Quai Victor Augagneur;;
536550202;15;10;2024;16:00;1;972;97209;2;9;1;1;SALVADOR ALLENDE (AVENUE);;
536550203;15;10;2024;15:35;1;972;97209;2;3;1;3;LIBERTE (RUE DE LA);;
536550204;10;10;2024;23:00;5;972;97209;1;1;1;1;AUTOROUTE (A1);;
536550205;15;10;2024;18:40;2;69;69149;1;6;1;3;Route Départementale 15;;
536550206;15;10;2024;15:35;1;2B;2B033;2;1;1;6;VEZZANI - RUE CESAR;;
536550207;13;10;2024;05:30;2;971;97101;1;1;1;2;RN1-  HAUTEUR DE SORTIE LAURICISQUE;;
536550208;15;10;2024;12:10;1;2A;2A004;2;1;1;2;SEBASTIANU COSTA BD;;
536550209;15;10;2024;17:30;1;95;95268;2;1;1;3;D84A;;
536550210;15;10;2024;18:00;1;91;91687;2;1;1;6;JEAN CHARCOT (AVENUE);;
536550211;15;10;2024;13:15;1;91;91479;2;2;1;3;AV G PERI;;
536550212;12;10;2024;13:01;1;87;87085;2;1;1;7;PORT DU NAVEIX (RUE DU);;
536550213;15;10;2024;07:00;5;85;85191;2;1;3;6;Boulevard louis blanc;;
536550214;14;10;2024;15:30;1;84;84035;2;1;2;6;MERIMEE (AVENUE PROSPER);;
536550215;15;10;2024;17:10;1;84;84007;2;1;1;5;EUROPE (PONT DE L');;
536550216;14;10;2024;08:00;1;83;83069;1;3;1;3;SALINS ( ROUTE DES VIEUX);;
536550217;15;10;2024;11:50;1;78;78029;2;1;1;1;CD 113;;
536550218;14;10;2024;12:45;1;72;72181;2;9;1;6;FAROUX CHARLES (RUE) N° PAIRS;;
536550219;15;10;2024;08:40;1;71;71499;2;1;2;3;CARNOT (RUE);;
536550220;15;10;2024;08:50;1;71;71270;1;1;2;3;Route Départementale 906;;
536550221;15;10;2024;14:30;1;69;69266;2;3;1;3;Route de Genas;;
536550222;14;10;2024;06:20;5;69;69259;2;1;2;2;Boulevard de Jodino;;
536550223;14;10;2024;01:58;5;69;69259;2;1;1;6;Boulevard Irène Joliot Curie;;
536550224;13;3;2024;17:30;1;71;71153;2;2;1;3;REPUBLIQUE (AVENUE DE LA);;
536550225;15;10;2024;20:50;5;67;67482;2;3;1;3;RHIN (AVENUE DU);;
536550226;15;3;2024;19:10;5;69;69286;2;3;2;3;17 Avenue de l'Europe;;
536550227;15;3;2024;13:55;1;69;69115;2;1;2;6;Route de Riottier;;
536550228;15;10;2024;17:02;1;63;63300;2;2;1;3;RD2029/RD83/Bd Clémentel faubourg Bardon;;
536550229;14;3;2024;20:20;5;69;69259;2;2;1;1;Avenue Pierre Sémard;;
536550230;15;10;2024;20:00;5;63;63113;2;2;1;3;Bonnabaud / Eugène Gilbert;;
536550231;14;3;2024;12:00;1;69;69259;2;8;1;6;28 Avenue Jean Cagne;;
536550232;15;10;2024;09:35;1;63;63113;2;1;1;3;THEVENOT (RUE THIBAUD);;
536550233;13;3;2024;10:20;1;68;68066;2;1;1;3;Avenue d'Alsace;;
536550234;15;3;2024;08:55;1;64;64132;2;1;1;3;ALBERT 1ER;;
536550235;15;10;2024;08:54;1;63;63032;2;3;1;4;HOTEL DE VILLE (RUE DE L');;
536550236;15;3;2024;23:40;5;64;64122;2;1;1;7;ELISABETH II (ESPLANADE);;
536550237;13;10;2024;21:15;5;62;62193;2;6;1;7;Avenue Pierre de Coubertin;;
536550238;14;3;2024;17:20;1;63;63300;2;3;1;3;av de Chatel-Guyon / allée des Tilleuls;;
536550239;15;10;2024;16:40;1;59;59033;2;6;1;6;PARMENTIER (RUE);;
536550240;15;10;2024;09:20;2;59;59043;2;1;5;3;LILLE (ROUTE DE);;
536550241;15;3;2024;20:46;5;63;63113;2;9;1;3;Rue André Moinier / rue St-Herem;;
536550242;15;10;2024;07:35;5;56;56260;2;9;1;3;Rue de Bilaire;;
536550243;15;3;2024;18:30;2;63;63113;2;1;1;3;CLOS NOTRE DAME (RUE DU);;
536550244;14;10;2024;20:00;5;56;56121;2;2;1;3;Rue de Belgique;;
536550245;6;3;2024;08:30;1;62;62330;2;1;1;2;D72;;
536550246;14;10;2024;18:25;1;56;56121;2;1;1;6;Rue Jean Le Coutaller;;
536550247;15;3;2024;13:19;1;62;62753;2;1;2;1;D260;;
536550248;15;10;2024;19:24;5;54;54580;2;2;1;6;Rue du Marechal Foch;;
536550249;13;3;2024;15:15;1;59;59122;2;1;1;6;PICARDIE (PLACE DE);;
536550250;12;10;2024;19:50;5;50;50129;2;3;1;3;DELAVILLE ( AVENUE);;
536550251;13;3;2024;17:00;1;58;58194;2;1;1;6;MARIENNES;;
536550252;14;3;2024;16:45;1;58;58194;2;3;1;3;TREIZIEME DE LIGNE;;
536550253;15;3;2024;13:43;1;56;56260;2;1;1;7;Boulevard des Îles;;
536550254;14;3;2024;13:10;1;56;56121;2;1;1;6;BELGIQUE (RUE  DE );;
536550255;14;3;2024;19:05;5;54;54395;2;2;1;3;Boulevard Albert 1er;;
536550256;14;3;2024;08:30;1;54;54547;2;1;8;6;Avenue de la Forêt de Haye;;
536550257;15;3;2024;15:40;1;51;51454;2;2;2;3;EPERNAY (AVENUE D') COTE PAIR;;
536550258;12;3;2024;18:45;1;49;49007;2;1;1;3;GANDHI;;
536550259;12;3;2024;20:05;5;44;44162;2;1;1;6;Boulevard Marcel Paul;;
536550260;15;3;2024;19:22;5;38;38185;2;2;1;1;GAMBETTA (BOULEVARD);;
536550261;15;3;2024;07:20;1;38;38185;2;3;1;3;EAUX CLAIRES (RUE DES);;
536550262;14;3;2024;18:25;1;36;36202;2;1;1;3;Route de Niherne;;
536550263;15;3;2024;18:00;2;34;34172;2;1;1;6;JEANBRAU (AVENUE DU PROFESSEUR EMILE);;
536550264;15;3;2024;09:30;1;34;34032;1;1;1;6;VOIE COMMUNALE NR.13;;
536550266;13;3;2024;16:57;1;31;31555;2;1;1;6;RUE JULES AMILHAU;;
536550267;15;3;2024;08:42;1;27;27681;2;1;1;2;JAURES (BOULEVARD JAURES);;
536550268;14;3;2024;16:45;1;27;27229;2;1;1;3;BOUIN (RUE JEAN);;
536550269;14;3;2024;11:03;1;27;27229;2;1;1;7;NOBEL (RUE ALFRED);;
536550270;15;3;2024;23:25;5;22;22278;2;6;1;3;MONGE;;
536550271;14;3;2024;11:10;1;15;15014;2;1;1;6;Boulevard Jean Jaures;;
536550272;14;3;2024;06:50;2;15;15014;2;1;1;3;RN 122;;
536550273;14;3;2024;18:35;1;14;14271;2;9;1;3;4 Rue Serge Rouzière;;
536550274;14;3;2024;09:00;1;14;14327;2;3;1;2;6 Avenue de Dubna;;
536550275;11;2;2024;14:54;1;14;14125;1;1;8;6;D7;;