Num_Acc;jour;mois;an;hrmn;lum;dep;com;agg;int;atm;col;adr;lat;long
536550276;15;3;2024;17:20;1;13;13063;2;9;1;3;NORD AVENUE DU;;
536550277;15;3;2024;15:00;1;13;13028;2;6;1;3;ROVARCH (AVENUE PIERRE);;
536550278;15;3;2024;12:45;1;13;13005;2;1;1;3;BON CIVET (CHEMIN DU);;
536550279;12;3;2024;12:00;1;13;13005;2;3;1;3;DIX NEUF MARS 1962 (AVENUE DU);;
536550280;15;3;2024;15:54;1;06;06088;2;2;1;6;Rue Verdi;;
536550281;15;3;2024;18:50;2;06;06069;2;1;1;6;89 Avenue Pierre Sémard;;
536550282;15;3;2024;11:45;1;06;06027;2;3;1;6;Avenue Général Leclerc;;
536550283;15;3;2024;07:50;1;06;06027;2;1;1;6;Rue du Chevalier Martin;;
536550284;15;3;2024;01:30;3;06;06004;1;1;1;6;1971 Route de Nice;;
536550285;15;3;2024;20:10;5;01;01053;2;1;8;7;LYON (AVENUE DE - N° PAIRS);;
536550286;15;3;2024;18:20;1;75;75120;2;2;1;2;RUE DES AMANDIERS;;
536550287;15;3;2024;15:28;1;75;75120;2;2;1;6;BOULEVARD DE BELLEVILLE;;
536550288;15;3;2024;14:00;1;75;75119;2;1;1;3;AVENUE SIMON BOLIVAR;;
536550289;15;3;2024;13:10;1;75;75118;2;1;8;6;RUE FIRMIN GEMIER;;
536550290;15;3;2024;20:30;5;75;75117;2;3;2;7;BOULEVARD GOUVION SAINT CYR;;
536550291;15;3;2024;12:04;1;75;75115;2;2;1;6;RUE DE VAUGIRARD;;
536550292;15;3;2024;10:35;1;75;75115;2;3;2;7;BOULEVARD VICTOR;;
536550293;15;3;2024;10:00;1;75;75114;2;3;1;3;AVENUE DU GENERAL LECLERC;;
536550294;14;3;2024;17:00;1;75;75114;2;2;1;6;BOULEVARD BRUNE;;
536550295;15;3;2024;17:15;1;75;75113;2;2;1;6;BOULEVARD SAINT MARCEL;;
536550296;14;3;2024;15:20;1;75;75112;2;1;1;6;AVENUE LEDRU ROLLIN;;
536550297;15;3;2024;16:00;1;75;75111;2;2;1;6;RUE JEAN PIERRE TIMBAUD;;
536550298;15;3;2024;12:00;1;75;75111;2;2;1;2;Boulevard de Belleville;;
536550299;15;3;2024;00:20;5;75;75109;2;2;1;4;BOULEVARD HAUSSMANN;;
536550300;15;3;2024;05:02;5;75;75108;2;2;1;6;AVENUE WINSTON CHURCHILL;;
536550301;15;3;2024;21:00;5;75;75101;2;3;2;6;RUE DE L AMIRAL DE COLIGNY;;
536550302;15;3;2024;01:05;5;75;75101;2;2;1;3;BOULEVARD DE SEBASTOPOL;;
536550303;15;3;2024;13:50;1;94;94074;2;1;1;3;Rue Sacco et Vanzetti;;
536550304;15;3;2024;00:10;5;94;94074;2;3;1;1;Avenue Salvador Allende / Rue Alfred Kastler;;
536550305;2;7;2024;17:35;1;54;54547;2;1;1;6;Rue de Lisbonne;;
536550306;1;7;2024;17:16;1;49;49007;2;1;1;7;Boulevard du Bon Pasteur;;
536550307;15;3;2024;15:50;1;94;94065;2;4;1;2;N186B / Bretelle N186;;
536550308;3;7;2024;09:55;1;45;45232;2;3;1;3;1991 Rue Marcel Belot;;
536550309;15;3;2024;11:30;1;94;94033;2;1;8;2;Avenue de la République;;
536550310;26;6;2024;09:25;1;41;41018;2;1;1;6;DUGAY-TROUIN (RUE)  N° IMPAIRS;;
536550311;13;3;2024;08:45;1;94;94028;2;1;2;6;Avenue François Mitterrand;;
536550312;3;7;2024;15:35;1;39;39198;2;3;1;3;Avenue Jean Jaures;;
536550313;15;3;2024;15:10;1;94;94022;2;2;1;2;Avenue Léon Gourdault / Avenue Jean Jaurès;;
536550314;14;3;2024;13:30;1;93;93073;2;2;1;3;Rue du Sonnet / Rue des Terres Noires;;
536550315;3;7;2024;14:00;1;37;37261;2;6;1;3;DANEMARK (AVENUE DU);;
536550316;3;7;2024;11:40;1;37;37214;2;9;1;6;DE GAULLE (BD CHARLES);;
536550317;15;3;2024;07:00;1;93;93066;2;1;1;3;Rue Ambroise Croizat;;
536550318;15;3;2024;18:00;2;93;93053;2;3;1;3;Rue Anatole France / Avenue Hoche;;
536550319;3;7;2024;18:30;1;36;36044;2;1;1;4;MONTAIGNE;;
536550320;15;3;2024;07:45;1;93;93033;2;1;1;1;Avenue de Champs;;
536550321;3;7;2024;22:15;5;35;35238;2;3;1;1;MOTTE BRULON (DE LA);;
536550322;15;3;2024;19:10;5;93;93046;2;3;1;1;Rue Eugène Massé / Rue Charles Hiver;;
536550323;3;7;2024;19:20;1;35;35055;2;1;1;6;LOGES (RUE DES);;
536550324;15;3;2024;21:15;5;93;93010;2;9;2;6;Route de Villemomble;;
536550325;3;7;2024;16:43;1;34;34108;1;1;1;2;RD 612;;
536550326;3;7;2024;19:10;1;34;34172;2;3;1;6;MARES (AVENUE HENRI);;
536550327;15;3;2024;19:45;5;93;93001;2;5;2;3;Boulevard Anatole France / Avenue du Président Roosevelt;;
536550328;4;7;2024;01:40;4;33;33063;2;1;1;6;Avenue de la République;;
536550329;15;3;2024;18:45;2;92;92051;2;1;1;2;CHEZY (RUE DE , N°14 A 100);;
536550330;3;7;2024;10:35;1;33;33550;2;3;1;1;Allée des Pins;;
536550331;15;3;2024;10:30;1;92;92050;2;1;1;3;SAINT CLOUD RUE DE;;
536550332;29;6;2024;10:20;1;29;29232;2;4;1;3;Allée de Meilh Stang Vihan;;
536550333;15;3;2024;12:55;1;92;92035;2;7;3;2;Belgique ( Place de );;
536550334;3;7;2024;18:30;1;25;25056;2;1;1;6;DIJON RUE DE;;
536550335;16;3;2024;10:20;1;34;34276;1;1;1;6;D26;;
536550336;3;7;2024;15:20;1;17;17299;2;6;1;3;WILSON AVENUE;;
536550337;12;3;2024;18:10;1;31;31044;2;3;1;3;7 Rue Georges Bernanos;;
536550338;16;3;2024;17:25;1;67;67202;2;6;1;3;Rue des 4 Vents;;
536550339;3;7;2024;20:00;1;13;13117;2;1;1;1;MONNET (AVENUE JEAN);;
536550340;15;3;2024;00:30;3;974;97410;2;1;1;6;Chemin Grand Fond;;
536550341;2;7;2024;23:40;3;13;13056;1;9;1;6;CD 49;;
536550342;16;3;2024;13:50;1;83;83049;1;1;1;5;D43;;
536550343;3;7;2024;23:45;3;13;13216;2;4;1;1;CHASSAIGNON (IMPASSE);;
536550344;15;3;2024;13:20;1;72;72231;2;1;2;3;Avenue Abel Tirand;;
536550345;2;7;2024;15:19;1;13;13207;2;1;1;1;Corniche John Fitzgérald Kennedy;;
536550346;15;3;2024;15:55;1;15;15259;1;1;1;6;A 75;;
536550349;3;7;2024;17:10;1;06;06069;2;1;1;1;115 Avenue Auguste Renoir;;
536550350;16;3;2024;13:55;1;71;71023;1;2;1;3;Route de Cuisery;;
536550351;3;7;2024;18:25;1;06;06069;2;3;1;1;104 Avenue Pierre Sémard;;
536550352;16;3;2024;06:45;2;80;80024;1;1;1;1;D191;;
536550353;3;7;2024;07:00;1;06;06027;2;1;1;6;13 Avenue Auguste Renoir;;
536550354;16;3;2024;01:00;3;12;12243;2;3;1;6;Avenue de la Liberte;;
536550355;3;7;2024;19:40;1;75;75120;2;1;1;3;PORTE DE BAGNOLET;;
536550356;3;7;2024;08:25;1;75;75117;2;1;1;7;PORTE DE SAINT OUEN;;
536550358;3;7;2024;10:46;1;75;75117;2;1;1;2;BOULEVARD PERIPHERIQUE INTERIEUR OUEST;;
536550359;15;3;2024;17:00;1;31;31502;1;1;1;1;D5;;
536550360;3;7;2024;00:15;5;75;75106;2;5;1;2;PLACE DU QUEBEC;;
536550361;15;3;2024;16:15;1;31;31104;1;2;1;7;D10;;
536550362;3;7;2024;13:28;1;75;75117;2;2;1;3;PLACE GENERAL CATROUX;;
536550363;14;3;2024;13:50;1;38;38516;2;2;1;3;Avenue de Verdun;;
536550364;1;7;2024;23:30;5;75;75117;2;2;1;7;RUE JACQUES IBERT;;
536550365;15;3;2024;16:30;1;03;03107;1;1;1;6;Route du Mercurol;;
536550366;12;3;2024;21:00;3;15;15169;1;1;1;1;RD 22;;
536550367;2;7;2024;20:50;1;75;75116;2;2;1;3;RUE DE LA POMPE;;
536550368;16;3;2024;10:00;1;58;58024;1;1;1;7;D958;;
536550369;3;7;2024;18:00;1;75;75113;2;2;1;6;BOULEVARD KELLERMANN;;
536550370;12;3;2024;13:40;1;54;54045;1;3;1;3;RD1;;
536550371;3;7;2024;11:00;1;75;75113;2;1;1;3;BOULEVARD DU GENERAL JEAN SIMON;;
536550372;16;3;2024;17:45;1;72;72115;2;1;1;7;Rue de la Bouvaterie;;
536550373;16;3;2024;16:30;1;07;07129;1;1;1;7;D533;;
536550374;3;7;2024;13:00;1;75;75109;2;7;1;3;PLACE DE CLICHY;;
536550375;15;3;2024;18:00;1;17;17403;1;1;1;7;Route d?Allas Bocage;;
536550376;16;3;2024;11:00;1;48;48092;2;1;1;6;Avenue Théophile Roussel;;
536550377;3;7;2024;00:45;5;94;94046;2;1;1;2;Rue Jean Jaurès;;
536550378;16;3;2024;00:30;3;08;08408;1;1;2;6;1 D88;;
536550379;3;7;2024;17:20;1;94;94054;2;1;1;6;Allée des Violettes;;
536550380;16;3;2024;02:30;3;973;97307;1;1;2;1;RN 2 PK 8;;
536550381;3;7;2024;12:30;1;93;93072;2;1;1;3;Avenue de Stalingrad;;
536550382;16;3;2024;13:40;1;13;13051;2;1;1;1;Route de Saint Jean;;
536550383;3;7;2024;11:20;1;93;93064;2;9;1;1;GALOIS (RUE EVARISTE);;
536550384;16;3;2024;01:03;3;06;06088;1;1;1;6;autoroute A8;;
536550385;3;7;2024;12:25;1;93;93051;2;1;1;3;MARECHAL FOCH (BOULEVARD);;
536550386;16;3;2024;16:45;1;974;97417;2;3;1;1;Route Nationale 2;;
536550387;3;7;2024;00:20;5;93;93010;2;1;1;3;Chemin du Pont;;
536550388;15;3;2024;20:20;1;973;97306;1;1;1;7;CD 9 PK23;;
536550389;3;7;2024;09:00;1;92;92075;2;1;1;3;LYCEE (BOULEVARD DU);;
536550391;3;7;2024;20:10;1;92;92025;2;3;1;3;KLEBER (AV);;
536550392;2;7;2024;09:30;1;92;92025;2;1;8;3;PRESIDENT SALVADOR ALLENDE (RUE DU);;
536550393;14;3;2024;08:10;1;77;77317;2;1;1;5;16 avenue de la gare;;
536550394;3;7;2024;18:45;1;92;92024;2;3;1;2;JEAN JAURES (BD) DE 47 A 109)   (56 A 14;;
536550395;15;3;2024;16:10;1;21;21716;2;1;1;6;31 Rue du Vieux Château;;
536550396;3;7;2024;19:49;1;92;92023;2;3;1;3;CECILE DINANT (RUE);;
536550397;16;3;2024;10:10;1;10;10300;2;2;1;3;D148;;
536550398;3;7;2024;00:01;5;92;92012;2;1;1;3;AGUESSEAU (RUE D') 91/FIN - 84/FIN;;
536550399;3;7;2024;01:35;5;92;92014;2;3;1;3;GENERAL LECLERC (AV.) (1 A 55BIS - 2 A 4;;
536550400;28;2;2024;19:35;2;88;88348;1;2;1;3;D48;;
536550401;3;7;2024;01:00;4;974;97415;2;1;1;7;165 Chemin des Combavas;;
536550402;16;3;2024;12:00;1;81;81099;2;1;1;1;23 AVENUE JEAN ROSTAND;;
536550403;4;7;2024;14:00;1;28;28012;1;1;1;2;D927;;
536550404;16;3;2024;10:50;1;47;47157;2;3;1;6;Rue de la République;;
536550405;4;7;2024;06:00;2;974;97412;2;1;2;7;Chemin Francois Cordonin;;
536550406;3;7;2024;10:20;1;972;97222;1;1;3;6;D1;;
536550407;16;3;2024;14:45;1;76;76533;1;1;1;7;parc logistique du pont de normandie;;
536550408;3;7;2024;11:55;1;83;83004;1;1;1;5;Dn7;;
536550409;3;7;2024;17:15;1;12;12113;1;1;1;1;D38;;
536550410;4;7;2024;16:50;1;91;91458;2;4;1;6;4 Rue du Bois-Clair;;
536550411;4;7;2024;20:39;3;974;97414;2;1;1;6;N1c;;
536550412;4;7;2024;14:00;1;50;50601;1;9;1;3;A84, PR 217+900;;
536550413;4;7;2024;09:20;1;62;62181;1;1;1;7;Rue Principale;;
536550414;4;7;2024;16:40;1;69;69100;2;1;1;7;Route de Brignais;;
536550415;4;7;2024;13:15;1;51;51440;1;6;1;3;Route de Vouziers;;
536550416;15;3;2024;01:40;3;83;83137;1;1;1;6;A50;;
536550417;3;7;2024;16:30;1;51;51282;2;4;1;2;Rue des Sablons;;
536550418;3;7;2024;13:25;1;69;69012;1;1;2;7;296 Route de Chenelette;;
536550419;15;3;2024;19:50;2;33;33397;1;1;1;6;AUTOROUTE A 10;;
536550420;4;7;2024;19:40;1;63;63040;1;1;1;7;Chemin de la Gourguerie;;
536550421;4;7;2024;18:00;1;42;42026;1;1;1;1;Route de Melay;;
536550422;1;7;2024;11:00;1;34;34012;2;3;1;1;Chemin de Font Mejeanne;;
536550425;3;7;2024;23:30;3;25;25278;1;1;1;6;D492 PR 48+100;;
536550427;3;7;2024;19:08;1;38;38473;1;2;1;3;Chemin de Viriville;;
536550428;30;6;2024;17:30;1;01;01420;2;1;1;3;Avenue du Port;;
536550429;4;7;2024;14:30;1;01;01093;1;1;1;1;Route de Saint Trivier;;
536550430;15;3;2024;04:35;3;78;78158;1;1;1;6;A13;;
536550431;29;6;2024;15:10;1;01;01072;1;1;1;3;RD979;;
536550432;4;7;2024;16:19;1;70;70075;1;1;1;7;D12;;
536550433;14;3;2024;19:30;3;92;92064;1;1;1;2;A13;;
536550434;4;7;2024;13:35;1;66;66003;2;6;1;3;Avenue Beausoleil;;
536550435;1;7;2024;17:30;1;06;06074;1;1;1;6;Route du Val de Lantousca;;
536550436;4;7;2024;04:30;3;06;06119;1;1;1;7;M2205 PK 67+360;;
536550437;15;3;2024;19:15;3;93;93005;1;1;3;3;A104;;
536550438;4;7;2024;17:55;1;06;06032;1;1;1;7;12 Route Moyenne Corniche;;
536550439;4;7;2024;11:45;1;06;06150;2;9;1;3;46 Route de Menton;;
536550440;15;3;2024;13:00;1;93;93027;1;1;1;3;A1;;
536550441;3;7;2024;17:15;1;14;14229;2;1;1;3;3 Rue Emile Nicol;;
536550442;14;3;2024;20:30;3;95;95572;1;1;1;6;N184;;
536550443;3;7;2024;21:45;2;64;64453;2;1;1;7;38 Chemin de l?Aumette;;
536550444;14;3;2024;14:00;1;95;95582;1;1;1;3;A15;;
536550445;3;7;2024;18:20;1;43;43221;1;1;1;3;Rd 589;;
536550446;14;3;2024;08:50;1;93;93053;1;1;1;5;A3;;
536550448;3;7;2024;07:49;1;85;85213;1;1;1;7;106 la greffelière;;
536550449;13;3;2024;18:00;1;93;93001;1;1;1;7;A86;;
536550450;14;3;2024;14:34;1;988;98818;2;1;1;6;N°2 RUE DES GAIACS;;
536550451;2;7;2024;18:00;1;37;37266;2;1;1;6;D17;;
536550452;13;3;2024;14:46;1;987;98735;2;7;1;3;REMPARTS (RUE BLOC KIKIRIRI);;
536550453;3;7;2024;16:00;1;30;30100;2;1;1;3;route neuve;;
536550454;14;3;2024;07:10;1;976;97611;2;1;1;3;passamanty-Vahibé ( route );;
536550455;4;7;2024;05:20;2;52;52212;1;9;1;3;Route de Saint-Urbain;;
536550456;15;3;2024;03:45;5;974;97411;2;9;2;3;DESBASSYNS (CHEMIN);;
536550457;4;7;2024;11:24;1;31;31588;2;3;1;3;Chemin de Cote Goubard;;
536550458;3;7;2024;18:10;1;13;13044;1;1;1;2;N569;;
536550459;14;3;2024;16:50;1;974;97411;2;1;1;4;JAURES (BLD 1 JEAN);;
536550460;13;3;2024;17:48;2;973;97302;2;1;1;6;FELIX EBOUE(ROCADE);;
536550461;3;7;2024;19:38;1;66;66108;2;3;1;3;41 Avenue du 8 Mai 1945;;
536550462;13;3;2024;15:05;1;973;97302;2;1;1;6;MOLE;;
536550463;4;7;2024;08:50;1;13;13065;1;1;7;2;D17;;
536550464;13;3;2024;13:00;1;973;97302;2;1;2;3;HOMAT(CITE);;
536550465;2;7;2024;07:50;1;987;98747;2;1;1;1;RT1 face magasin NATURELAND TARAVAO;;
536550466;14;3;2024;13:30;1;69;69383;2;2;1;3;Rue Voltaire;;
536550467;3;7;2024;11:30;1;974;97420;2;1;1;6;74 Avenue Pierre Mendès France;;
536550468;8;3;2024;09:40;1;69;69386;2;2;1;3;Rue Vauban;;
536550469;3;7;2024;12:25;1;974;97408;1;1;1;2;N1;;
536550470;14;3;2024;08:06;1;2B;2B033;1;1;1;2;SAMPIERO CORSO - AV;;
536550471;3;7;2024;18:15;1;971;97117;1;1;2;1;Rue Sainte Marguerite;;
536550472;4;7;2024;09:00;1;45;45198;1;1;1;1;D2152 PR 14 + 638;;
536550473;13;3;2024;19:40;5;95;95203;2;2;1;1;D928;;
536550474;14;3;2024;12:10;1;91;91471;2;1;1;6;GUY MOQUET (RUE);;
536550475;1;7;2024;15:00;1;77;77437;1;1;1;5;N330;;
536550476;14;3;2024;23:50;5;91;91589;2;1;2;6;BD ARISTIDE BRIAND;;
536550477;3;7;2024;23:30;5;2A;2A247;2;1;1;1;#82 Avenue de Bastia#;;
536550478;25;2;2024;00:55;5;91;91027;2;1;8;6;FRANCOIS MITTERRAND (AVENUE);;
536550479;4;7;2024;11:40;1;30;30128;1;1;1;3;route de nimes;;
536550480;23;2;2024;21:20;5;91;91228;2;2;1;1;AV DE L ORME A MARTIN;;
536550482;13;3;2024;16:40;1;84;84087;2;3;1;2;POURTOULES (COURS);;
536550483;14;3;2024;00:55;5;84;84007;2;6;1;6;AERODROME  (ROUTE DE L')-MONTFAVET;;
536550484;4;7;2024;12:20;1;26;26124;1;1;1;3;A7 PK078.900 sens nord-sud;;
536550485;13;3;2024;05:20;3;84;84007;2;2;1;3;CHARLES DE GAULLE;;
536550486;14;3;2024;16:40;1;83;83069;1;1;1;6;LOUBES (ROUTE DES);;
536550487;4;7;2024;11:40;1;26;26362;1;1;1;2;A7 PK71.500 sens sud-nord;;
536550488;14;3;2024;20:35;3;78;78551;1;9;1;1;LOGES (AVENUE DES);;
536550489;4;7;2024;05:20;1;21;21295;1;1;1;1;D931;;
536550490;13;3;2024;18:00;1;77;77438;2;9;1;6;SAINT GERMAIN DES NOYERS  (AVENUE);;
536550491;4;7;2024;07:35;1;55;55553;1;1;3;6;D958;;
536550492;3;7;2024;22:40;5;38;38349;2;4;1;6;Route des Alpes;;
536550493;14;3;2024;13:50;1;76;76351;2;3;1;6;ESTIENNE D'ORVES (D');;
536550494;13;3;2024;14:20;1;76;76351;2;2;1;3;PIERRE FARCIS;;
536550495;3;7;2024;15:06;1;81;81283;2;2;1;3;Route de Lincarque;;
536550496;13;3;2024;20:35;5;76;76351;2;8;1;3;RAYMOND GUENOT;;
536550497;4;7;2024;10:35;1;65;65059;2;1;1;3;Avenue Maquis de Payolle;;
536550498;14;3;2024;17:30;1;69;69266;2;1;1;3;Cours Emile Zola;;
536550499;1;7;2024;19:15;1;31;31478;1;2;8;1;route de revel;;
536550500;13;3;2024;17:15;1;69;69290;2;1;1;7;Chemin de Saint Bonnet de Mure;;
536550502;13;3;2024;15:30;1;69;69290;2;1;1;2;Autoroute 43;;
536550503;4;7;2024;04:00;5;29;29042;1;1;1;6;Tal ar Groas - Route de Crozon (Arrêt de bus);;
536550504;14;3;2024;16:20;1;67;67482;2;1;1;6;VIENNE (ROUTE DE);;
536550505;4;7;2024;03:30;3;35;35228;1;1;1;7;D266;;
536550506;14;3;2024;09:45;1;67;67043;1;1;1;3;TRIAGE (RUE DU);;
536550507;26;6;2024;09:30;1;59;59025;2;6;1;3;Rue de Verdun;;
536550508;13;3;2024;19:10;5;67;67482;2;3;8;3;KOENIGSHOFFEN (RUE DE);;
536550509;3;7;2024;08:55;1;13;13212;2;1;1;4;A507 sens Marseille - Aubagne;;
536550510;14;3;2024;07:30;1;66;66136;1;1;1;4;Avenue de la SALANQUE;;
536550511;3;7;2024;13:20;1;69;69007;1;9;1;6;Autoroute 7;;
536550512;13;3;2024;18:40;2;64;64102;2;1;7;6;SOULT (AVENUE MARECHAL);;
536550513;3;7;2024;15:15;1;78;78362;1;1;1;2;A13;;
536550514;2;7;2024;20:20;1;92;92036;1;1;1;2;A86;;
536550515;13;3;2024;17:30;1;64;64024;2;1;1;3;BARTHES (CHEMIN DES);;
536550516;1;7;2024;17:35;1;92;92025;1;1;1;3;A86;;
536550517;13;3;2024;07:20;1;64;64140;2;3;1;1;DOUANE (QUAI DE LA);;
536550518;3;7;2024;16:30;1;93;93007;1;1;1;3;AUTOROUTE A3;;
536550519;14;3;2024;13:55;1;63;63014;2;1;1;2;LANDAIS (AVENUE DES);;
536550520;3;7;2024;07:00;1;95;95351;1;1;1;2;N104;;
536550521;2;7;2024;20:25;1;95;95252;1;1;1;3;A15;;
536550522;14;3;2024;18:20;1;62;62186;2;3;1;1;D58;;
536550523;2;7;2024;18:50;1;95;95582;1;1;1;2;A15;;
536550524;14;3;2024;09:15;1;59;59599;2;1;1;7;Rue de Roubaix;;
536550525;2;7;2024;19:40;1;93;93066;1;1;1;2;AUTOROUTE A86;;
536550526;14;3;2024;07:25;1;59;59220;2;2;1;6;Rue Anatole France;;
536550527;3;7;2024;03:30;4;94;94004;1;1;1;2;Avenue du Général Leclerc;;
536550528;16;1;2024;14:15;1;91;91692;2;1;1;3;CANADA (AVENUE DU);;
536550529;13;3;2024;15:00;1;56;56121;2;3;1;3;Boulevard de Normandie;;
536550530;13;3;2024;23:30;5;54;54395;2;3;1;1;Rue des Tiercelins;;
536550531;29;3;2024;07:45;1;14;14654;1;1;1;7;Route de Crèvecœur;;
536550532;14;3;2024;18:00;2;54;54451;1;1;1;7;Rue de Boismont;;
536550533;23;3;2024;22:00;3;49;49099;2;1;1;7;TOURAINE (BOULEVARD DE);;
536550534;12;3;2024;20:00;5;50;50129;2;3;1;3;ABBAYE (RUE DE L');;
536550535;12;3;2024;19:15;5;49;49267;2;1;1;6;CHENE VERT;;
536550536;24;2;2024;23:00;3;49;49099;2;3;1;6;RICHARD (BOULEVARD GUSTAVE);;
536550537;12;3;2024;17:01;1;49;49007;2;1;1;3;PASTEUR AVENUE;;
536550539;14;3;2024;08:30;1;45;45285;2;1;1;6;90 Rue Croix Baudu;;
536550540;26;6;2024;17:00;1;976;97611;2;1;1;6;mamoudzou centre-Haladi Selemani ( rue );;
536550541;14;3;2024;22:00;5;41;41226;2;2;1;3;Route de Paris;;
536550542;2;7;2024;18:35;5;974;97416;2;3;1;6;LEBLOND 1 (RUE MARIUS ET ARY);;
536550543;13;3;2024;19:50;5;38;38151;2;6;1;1;AVENUE DE KIMBERLEY;;
536550544;2;7;2024;09:40;1;974;97416;2;9;1;3;LEBLOND 1 (RUE MARIUS ET ARY);;
536550545;13;3;2024;19:50;5;37;37261;2;7;1;6;HEURTELOUP (BOULEVARD);;
536550546;2;7;2024;22:45;5;974;97409;2;1;1;6;MASCAREIGNES (Avenue des);;
536550547;14;3;2024;09:35;1;37;37261;2;1;1;2;POMPIDOU (AVENUE GEORGES);;
536550548;2;7;2024;18:50;2;974;97407;2;1;1;6;MONPELLIER (RUE);;
536550549;1;7;2024;11:45;1;69;69387;2;1;1;3;Avenue Leclerc;;
536550550;13;3;2024;09:30;1;35;35281;1;1;1;4;RD 177;;
536550551;1;7;2024;12:15;1;972;97209;1;1;3;2;RN9;;
536550552;13;3;2024;14:30;1;34;34301;2;2;1;6;RHIN ET DANUBE (QUAI);;
536550553;2;7;2024;17:44;1;2B;2B037;1;1;1;4;TOUTES RUES;;
536550554;1;7;2024;12:03;1;2B;2B033;2;1;1;3;TOUTES RUES;;
536550555;14;3;2024;21:30;5;34;34172;2;1;1;3;LAVERUNE (ROUTE DE;;
536550556;1;7;2024;17:50;1;971;97113;1;1;2;2;RN4 - SECTION RIVIERA;;
536550558;2;7;2024;12:00;1;91;91552;2;2;1;1;RTE DE CORBEIL;;
536550561;1;7;2024;17:30;1;91;91549;2;3;1;3;GEORGES PITARD (AVENUE);;
536550562;14;3;2024;21:00;5;31;31555;2;1;1;6;AGDE (RTE D) DU 1AU 67;;
536550563;1;7;2024;17:20;1;91;91469;1;1;1;5;ARTONOU (ROUTE D') CD49;;
536550564;14;3;2024;15:55;1;31;31555;2;1;1;4;12 LES IZARDS (PERIPH EST A62);;
536550565;13;3;2024;17:10;1;30;30007;2;6;1;7;Quai de Grabieux;;
536550566;30;6;2024;06:20;2;87;87085;2;1;1;2;HUGO (BOULEVARD VICTOR);;
536550567;13;3;2024;19:30;2;29;29019;2;6;1;3;avenue Victor Le Gorgeu;;
536550568;1;7;2024;17:20;1;84;84031;2;4;1;1;EISENHOWER AVENUE DWIGHT;;
536550569;13;3;2024;09:20;1;29;29019;2;3;8;3;rue Marengo;;
536550570;2;7;2024;18:10;1;83;83098;2;3;1;3;PREMIERE (D.F.L);;
536550571;14;3;2024;16:46;1;25;25056;2;3;1;3;BELFORT RUE DE BELFORT (sup 144)4;;
536550572;1;7;2024;16:55;1;80;80674;2;1;1;3;THUILLIER DELAMBRE (RUE);;
536550573;14;3;2024;07:55;1;25;25056;2;6;1;6;LAFAYETTE RUE;;
536550574;1;7;2024;11:10;1;80;80021;2;1;1;7;DIJON (RUE);;
536550575;21;2;2024;18:51;1;22;22360;1;6;2;3;ARMOR (RUE D');;
536550576;3;7;2024;00:45;3;78;78168;2;1;1;6;Route nationale 10;;
536550577;2;7;2024;08:45;1;76;76366;2;3;1;1;Rue du Général de Gaulle;;
536550578;1;7;2024;19:00;1;76;76351;2;3;1;6;LESUEUR (RUE);;
536550579;1;7;2024;16:00;1;74;74012;2;1;1;6;GIFFRE (AVENUE DU);;
536550580;2;7;2024;18:20;1;73;73065;2;3;1;5;GRANDE CHARTREUSE (AVENUE DE LA);;
536550581;2;7;2024;12:30;1;72;72181;2;2;1;5;CUGNOT NICOLAS (BD);;
536550582;2;7;2024;00:40;3;72;72181;2;9;1;6;EVENTAIL RUE DE L' N° IMP 1 A 61;;
536550583;1;7;2024;21:08;1;72;72181;2;2;1;2;JAURES JEAN (AV) N° IMP 35 A 179;;
536550584;1;7;2024;11:44;1;71;71306;2;1;1;3;JEAN BOUVERI (RUE);;
536550585;2;7;2024;07:35;1;71;71076;2;3;1;3;BOUCICAUT (AVENUE);;
536550586;1;7;2024;10:30;1;69;69276;2;1;1;6;Rue du 11 Novembre 1918;;
536550587;30;6;2024;18:00;1;67;67482;2;3;8;3;SCHIRMECK (ROUTE DE);;
536550588;2;7;2024;19:00;1;64;64445;2;2;1;3;SAINT-LOUIS DE GONZAGUE;;
536550589;1;7;2024;17:05;1;64;64132;2;1;2;4;D802;;
536550590;1;7;2024;16:15;1;64;64132;2;3;1;7;YSER DE L';;
536550591;2;7;2024;16:08;1;63;63014;2;3;1;5;MONT MOUCHET (AVENUE DU);;
536550592;2;7;2024;11:10;1;59;59193;1;1;1;1;D.952;;
536550593;1;7;2024;17:20;1;59;59220;2;1;1;3;CARNOT RUE;;
536550594;6;3;2024;13:29;1;59;59350;2;9;1;6;Rue Desaix;;
536550595;1;7;2024;16:45;1;57;57631;2;3;1;3;MONTAGNE (RUE DE LA);;
536550596;1;7;2024;11:43;1;56;56162;2;6;1;6;Kerscouët;;
536550597;2;7;2024;12:20;1;54;54395;2;3;1;3;Quai Claude le Lorrain;;
536550598;1;7;2024;09:45;1;54;54274;2;1;2;2;Rue Forges du Nord et de l’Est;;
536550599;1;7;2024;14:45;1;54;54575;1;1;1;1;Route d’Hussigny;;
536550600;2;7;2024;17:40;1;51;51573;2;1;8;1;COUTURIER (RUE PAUL VAILLANT);;
536550601;2;7;2024;06:00;1;51;51058;2;7;1;3;SALMON (RUE PIERRE);;
536550602;2;7;2024;17:18;1;50;50165;2;1;1;2;COUTANCES (ROUTE DE);;
536550603;1;7;2024;08:00;1;50;50129;2;1;1;3;Quai Lawton COLLINS;;
536550604;1;7;2024;14:25;1;49;49007;2;1;1;3;PROUDHON;;
536550605;1;7;2024;08:00;1;49;49007;2;1;1;3;PORTET BOULEVARD;;