Num_Acc;jour;mois;an;hrmn;lum;dep;com;agg;int;atm;col;adr;lat;long
536550606;28;6;2024;15:00;1;49;49267;2;1;1;3;ANGERS ROUTE;;
536550607;2;7;2024;14:30;1;45;45208;2;1;1;3;66 Avenue de Lattre de Tassigny;;
536550608;15;6;2024;10:55;1;40;40088;2;1;1;6;BOUVET (PLACE CAMILLE);;
536550609;2;7;2024;21:20;1;37;37208;2;1;1;6;DE GAULLE (AV. DU GAL);;
536550610;2;7;2024;18:00;1;35;35238;2;1;1;3;SAINT-MALO (RUE DE);;
536550612;2;7;2024;13:15;1;34;34301;1;1;1;5;AGDE (ROUTE DE);;
536550613;2;7;2024;13:10;1;34;34301;2;9;1;3;FOOTBALL (RUE DU);;
536550614;22;11;2024;18:15;5;13;13214;1;1;1;5;A7-Sens Marseille vers Lyon;;
536550615;19;11;2024;19:15;3;13;13106;1;1;2;2;A7-Sens Lyon vers Marseille;;
536550616;1;7;2024;22:35;5;34;34108;1;6;1;3;LA PEYRADE (ROND-POINT);;
536550617;30;6;2024;20:00;2;34;34032;2;7;1;6;GARIBALDI (PLACE);;
536550618;22;11;2024;17:35;3;83;83062;1;1;1;4;A570;;
536550622;23;11;2024;12:45;1;91;91064;1;1;1;4;RN 118;;
536550623;23;11;2024;11:05;1;94;94034;1;1;2;2;A86;;
536550624;2;7;2024;18:00;1;26;26362;1;3;1;3;Route de Montelier;;
536550625;23;11;2024;01:50;3;92;92064;1;1;1;2;A13;;
536550626;23;11;2024;01:00;3;95;95527;1;1;1;6;A1;;
536550627;23;11;2024;01:00;3;92;92078;1;1;1;6;AUTOROUTE A86;;
536550628;2;7;2024;15:20;1;13;13202;2;1;1;3;CAMILLE PELLETAN (AVENUE);;
536550629;22;11;2024;20:55;3;94;94028;1;1;2;2;A86;;
536550630;1;7;2024;16:00;1;13;13103;2;6;1;3;JACQUES MINET BOULEVARD;;
536550631;2;7;2024;09:15;1;13;13028;2;1;1;3;CAPORAL CHEF ALAIN DERUY (AVENUE DU);;
536550632;22;11;2024;10:50;1;974;97416;1;3;1;3;BADAMIER(CHEMIN);;
536550633;2;7;2024;16:00;1;13;13005;2;3;1;3;CD 2 (CAMP MAJOR);;
536550634;22;11;2024;11:30;1;974;97411;1;1;1;2;QUATRE VOIES GILLOT (ROUTE A);;
536550635;22;11;2024;07:40;1;974;97407;2;3;2;3;BELLEAU REMI(RUELLE);;
536550636;2;7;2024;12:15;1;13;13001;2;1;1;2;BROSSOLETTE PIERRE (AV);;
536550637;21;11;2024;19:23;3;973;97302;1;1;1;6;ROUTE NATIONALE 1;;
536550638;24;6;2024;15:15;1;12;12202;2;6;1;3;GIRATOIRE SAINT LOUIS ( AVENUE DE VABRES;;
536550639;21;11;2024;17:21;1;973;97302;2;6;1;3;BADUEL (ROUTE DE);;
536550640;28;6;2024;01:10;3;07;07019;1;1;1;6;RN 102;;
536550641;21;11;2024;07:40;1;973;97302;1;1;1;3;ROUTE NATIONALE 1;;
536550642;22;11;2024;20:25;5;69;69388;2;3;1;3;Rue Jean Sarrazin;;
536550643;22;11;2024;21:00;5;69;69387;2;2;1;3;Rue Sébastien Gryphe;;
536550644;22;11;2024;19:24;5;69;69387;2;3;1;3;Rue de Marseille;;
536550645;22;11;2024;18:50;5;69;69388;2;1;1;6;Rue Maryse Bastié;;
536550646;22;11;2024;17:22;2;972;97213;1;1;1;6;BASSE GONDEAU (CHEMIN RURAL N°3 DE);;
536550647;22;11;2024;06:50;1;972;97213;2;1;2;3;BASSE GONDEAU (CHEMIN RURAL N°4 DE);;
536550648;22;11;2024;15:00;1;971;97113;1;9;1;7;SECTION GRANDE RAVINE;;
536550649;22;11;2024;16:55;5;95;95563;2;9;1;6;JEANNE D'ARC (RUE);;
536550650;22;11;2024;14:57;1;91;91691;2;3;1;6;RENE COTY(RUE);;
536550651;22;11;2024;18:45;5;91;91228;2;2;1;6;ORME A MARTIN (AVENUE DE L');;
536550652;21;11;2024;16:40;1;87;87085;2;1;6;6;GAUGUIN (RUE);;
536550654;22;11;2024;19:20;5;84;84031;2;3;1;6;MISTRAL AVENUE FREDERIC;;
536550655;22;11;2024;16:15;5;84;84007;2;1;1;1;CABRIERE (AVENUE DE LA);;
536550656;21;11;2024;19:30;4;83;83123;1;1;1;2;ROUTE DE BANDOL;;
536550658;22;11;2024;09:40;1;74;74010;2;1;8;2;FIER (BOULEVARD DU));;
536550659;22;11;2024;14:45;1;72;72181;2;1;1;6;BARTHOLDI FRED AUGUSTE (AV) IMPAI;;
536550660;21;11;2024;22:00;5;72;72181;1;1;1;3;PATTON GENERAL RTE BAUGE A CHEMIN RONDE;;
536550661;22;11;2024;11:20;1;69;69264;2;1;1;3;384 Boulevard Louis Blanc;;
536550662;22;11;2024;06:50;5;69;69264;2;1;8;2;Route de Frans;;
536550663;22;11;2024;23:30;5;69;69199;2;1;1;3;Boulevard Yves Farge;;
536550664;22;11;2024;01:45;4;69;69290;1;1;2;6;Rue Jules Verne;;
536550665;22;11;2024;17:50;5;67;67482;2;1;8;6;THUMENAU (RUE DE LA);;
536550666;22;11;2024;19:10;5;67;67180;2;3;1;5;FOULON (RUE DU);;
536550667;22;11;2024;09:30;1;64;64483;2;1;3;6;SALLAGOITY GARRA (RUE);;
536550668;22;11;2024;23:05;5;64;64445;2;1;1;3;FAGET DE BAURE;;
536550669;22;11;2024;20:00;5;64;64445;2;9;1;6;BAYARD;;
536550670;22;11;2024;08:55;1;64;64445;2;1;2;7;GENERAL POEYMIRAU DU;;
536550671;21;11;2024;14:05;1;64;64445;2;3;1;6;MARCELIN BERTHELOT;;
536550672;22;11;2024;13:50;1;64;64122;1;1;2;3;MARCEL DASSAULT (BD);;
536550673;22;11;2024;20:10;4;64;64102;2;1;1;4;LOUIS DE FOIX (AVENUE);;
536550674;22;11;2024;14:30;1;59;59599;2;1;1;2;DUNKERQUE (RUE DE);;
536550675;22;11;2024;15:00;1;56;56098;2;2;1;3;Rue Gérard Philipe;;
536550676;22;11;2024;07:20;5;54;54395;2;2;1;6;Rue Henri Bazin;;
536550677;21;11;2024;10:40;1;54;54395;2;3;1;3;avenue Raymond Pinchard;;
536550678;20;11;2024;18:00;5;54;54395;2;3;1;3;Avenue de Strasbourg;;
536550679;22;11;2024;10:15;1;51;51454;2;1;4;7;GILBERT (RUE);;
536550680;21;11;2024;17:55;3;51;51058;2;1;1;6;LOUIS VICTOR DE BROGLIE;;
536550681;21;11;2024;08:20;5;50;50129;2;1;8;1;SALINE (BOULEVARD DE LA);;
536550682;18;11;2024;17:45;5;50;50129;2;6;3;2;EST (BOULEVARD DE L');;
536550683;21;11;2024;15:55;1;49;49099;2;3;1;6;THIBAULT CARTE (RUE);;
536550684;22;11;2024;10:22;1;49;49353;2;1;1;6;CAMUS;;
536550685;21;11;2024;22:00;5;49;49007;2;1;1;6;MONTAIGNE AVENUE;;
536550686;21;11;2024;08:06;5;49;49246;2;6;4;6;PYRAMIDE ROUTE;;
536550687;21;11;2024;08:20;5;49;49007;2;2;4;3;VAUBAN AVENUE;;
536550688;20;11;2024;16:20;1;49;49007;2;1;1;2;BARANGE BOULEVARD;;
536550689;22;11;2024;19:30;5;38;38563;2;1;2;3;SAND (RUE G.);;
536550690;22;11;2024;18:10;5;38;38185;2;2;1;3;BOULEVARD GAMBETTA;;
536550691;22;11;2024;05:45;5;37;37233;2;6;9;7;DUCLOS (AVENUE JACQUES);;
536550692;23;11;2024;01:00;3;35;35238;1;1;1;2;ROCADE 13-14;;
536550693;22;11;2024;14:30;1;35;35278;1;1;1;2;GUE MARY (RUE DU);;
536550694;19;4;2024;12:00;1;76;76217;2;1;1;2;CHANZY (GENERAL);;
536550695;22;11;2024;08:20;2;35;35238;2;1;1;3;SEVIGNE (BD DE);;
536550696;22;11;2024;17:25;5;34;34172;2;1;1;3;NIMES (AVENUE DE);;
536550697;19;4;2024;17:35;1;71;71270;2;2;1;2;SANCE (RUE DE);;
536550698;22;11;2024;10:05;1;34;34172;2;2;1;3;SOULAS (AVENUE DU PERE;;
536550699;21;4;2024;08:20;1;66;66136;1;1;1;4;Départementale  617;;
536550700;19;4;2024;11:33;1;65;65286;2;1;1;3;Avenue Alexandre Marqui;;
536550702;21;4;2024;16:20;1;63;63113;2;1;1;6;MONTLOSIER (RUE);;
536550704;20;4;2024;17:45;1;60;60463;1;1;1;6;Chemin de la Cavee des Granges;;
536550706;21;4;2024;13:30;1;59;59512;2;2;1;1;LUXEMBOURG (RUE DU);;
536550708;20;4;2024;11:35;1;59;59350;2;2;1;3;Avenue de Dunkerque (Lille);;
536550710;21;4;2024;02:00;3;59;59122;2;1;1;6;ARRAS (RUE D');;
536550712;21;4;2024;13:50;1;56;56260;2;1;1;6;HERRIOT(AVENUE EDOUARD);;
536550713;22;11;2024;12:35;1;29;29019;2;6;1;2;Pen ar Ch'leuz;;
536550714;21;4;2024;19:10;2;54;54099;1;1;1;7;D138;;
536550715;21;11;2024;17:08;2;27;27229;2;1;9;2;SAINT ANDRE (ROUTE DE);;
536550716;21;4;2024;17:49;1;45;45208;2;1;1;3;12 Allée de la Résidence de la Roseraie;;
536550717;21;4;2024;21:44;5;44;44109;2;6;1;6;Rue Gaston Michel;;
536550718;21;4;2024;04:50;5;43;43157;2;2;8;3;Boulevard de Cluny;;
536550719;22;11;2024;22:45;5;26;26362;2;3;1;3;Rue des Alpes;;
536550720;21;4;2024;20:35;2;37;37122;2;3;1;6;JAURES (BOULEVARD JEAN);;
536550721;22;4;2024;01:05;5;34;34172;2;1;1;2;CARDONILLE (RUE DE LA);;
536550722;21;4;2024;14:43;1;34;34003;2;1;1;2;ROCHELONGUE (G14 A O16;;
536550723;22;11;2024;07:53;5;22;22278;2;1;2;6;CLEMENCEAU (BD);;
536550725;21;4;2024;17:20;1;33;33063;2;3;1;6;RUE JULES GUESDE;;
536550726;22;11;2024;07:50;1;15;15014;1;1;1;6;RD 117;;
536550727;21;4;2024;02:25;5;33;33063;2;1;1;6;Rue Capdeville;;
536550729;21;11;2024;07:35;3;14;14366;2;1;4;3;Route de Paris;;
536550730;21;4;2024;17:12;1;31;31555;2;1;1;3;PAS LOUIS PERGAUD;;
536550731;22;11;2024;19:20;5;13;13054;2;1;1;1;MARECHAL JUIN (AV DU );;
536550732;19;4;2024;17:50;1;22;22113;2;1;1;7;MORLAIX (ROUTE DE);;
536550733;21;4;2024;22:00;5;17;17415;2;1;1;7;DUFAURE AVENUE JULES;;
536550734;22;11;2024;11:50;1;13;13202;2;3;1;3;CAMILLE PELLETAN (AVENUE);;
536550735;21;4;2024;05:05;5;17;17300;2;1;1;7;DOCTEUR DANIEL PLANET;;
536550736;22;11;2024;07:19;2;13;13213;2;6;1;1;ROTONDE (PLACE DE LA);;
536550737;22;11;2024;02:30;5;13;13211;2;1;8;1;POMME (BOULEVARD DE LA );;
536550738;21;4;2024;19:15;1;13;13117;2;3;1;1;MARSEILLE ( AVENUE DE );;
536550739;22;11;2024;01:30;5;13;13206;2;1;1;2;PRADO (AVENUE DU);;
536550740;21;4;2024;18:45;1;13;13210;2;1;1;3;ROMAIN ROLLAND (BOULEVARD);;
536550742;20;4;2024;15:35;1;13;13028;1;1;1;1;CD 559;;
536550743;21;11;2024;18:25;5;11;11069;2;2;2;6;Rue du Manège;;
536550744;21;4;2024;12:00;1;13;13005;2;6;1;3;SALENGRO (AVENUE ROGER);;
536550745;21;11;2024;18:00;5;11;11069;2;1;2;3;72 Boulevard Paul Langevin;;
536550746;21;4;2024;16:30;1;13;13004;2;2;1;3;RUE MIRABEAU;;
536550747;22;11;2024;17:40;5;10;10333;2;3;4;3;Avenue d'Echenilly;;
536550748;21;4;2024;23:30;5;06;06088;2;1;2;6;2 Avenue Saint-Jean-Baptiste;;
536550749;22;11;2024;12:25;1;07;07186;2;1;1;1;BOURRET (RUE DU DOCTEUR);;
536550750;21;4;2024;21:30;5;06;06104;2;1;2;1;18 Avenue Francois de Monleon;;
536550751;22;11;2024;09:25;1;06;06159;1;9;1;3;145 Avenue Bella Vista;;
536550752;21;4;2024;16:20;1;06;06104;2;4;1;3;77 Avenue Gabriel Hanotaux;;
536550753;21;11;2024;15:00;1;06;06088;2;7;1;3;16 Rue du Congrès;;
536550754;22;11;2024;14:40;1;06;06104;2;1;1;6;17 Avenue de France;;
536550755;21;4;2024;12:05;1;06;06069;2;1;1;3;57 Avenue Georges Pompidou;;
536550756;18;11;2024;14:00;1;06;06029;2;1;1;3;95 Avenue Docteur Raymond Picaud;;
536550757;20;11;2024;15:00;1;75;75113;2;1;1;3;BD PERIPHERIQUE INTERIEUR;;
536550758;20;4;2024;23:30;5;75;75112;2;1;1;4;BD PERIPHERIQUE INTERIEUR;;
536550759;21;4;2024;15:45;1;75;75120;2;9;1;6;BD PERIPHERIQUE EXTERIEUR;;
536550760;18;11;2024;15:30;1;75;75113;2;1;2;2;BD PERIPHERIQUE INTERIEUR;;
536550761;21;4;2024;03:57;5;75;75120;2;2;8;6;RUE DES ORTEAUX;;
536550762;22;11;2024;20:36;5;75;75120;2;3;1;3;BOULEVARD DAVOUT;;
536550763;21;4;2024;08:30;2;75;75119;2;5;1;3;RUE DE L INSPECTEUR ALLES;;
536550764;22;11;2024;00:30;5;75;75117;2;2;8;6;RUE POUCHET;;
536550765;20;4;2024;15:15;1;75;75117;2;4;1;2;BOULEVARD BESSIERES;;
536550766;21;4;2024;17:25;1;75;75113;2;5;1;1;RUE DE TOLBIAC;;
536550767;22;11;2024;10:15;1;75;75116;2;3;8;5;RUE DU DOCTEUR BLANCHE;;
536550768;21;4;2024;17:50;1;75;75113;2;1;2;3;AVENUE D ITALIE;;
536550769;22;11;2024;09:28;1;75;75114;2;1;1;6;AVENUE JEAN MOULIN;;
536550770;21;4;2024;17:40;1;75;75113;2;3;1;3;BOULEVARD VINCENT AURIOL;;
536550771;22;11;2024;20:00;5;75;75113;2;1;1;6;AVENUE DE LA PORTE D IVRY;;
536550772;21;4;2024;05:50;5;75;75111;2;2;1;1;AVENUE PARMENTIER;;
536550773;22;11;2024;22:10;3;75;75111;2;2;1;3;AVENUE DE LA REPUBLIQUE;;
536550774;21;4;2024;18:50;1;75;75116;2;5;1;6;BOULEVARD EMILE AUGIER;;
536550775;22;11;2024;12:15;1;75;75108;2;4;1;6;RUE DE CONSTANTINOPLE;;
536550776;21;4;2024;06:40;2;94;94078;2;3;1;3;Rue de Paris / Rue de l'Orme Sainte Marie;;
536550777;22;11;2024;18:23;5;75;75107;2;1;1;3;QUAI ANATOLE FRANCE;;
536550778;21;4;2024;10:23;1;93;93005;2;1;1;6;Rue Jules Vallès;;
536550779;22;11;2024;09:40;1;75;75102;2;7;8;7;PLACE DES VICTOIRES;;
536550780;21;4;2024;18:48;1;93;93048;2;2;8;3;Place Jean Jaures / Avenue Walwein;;
536550781;21;11;2024;17:15;5;75;75101;2;1;4;6;RUE DE L AMIRAL DE COLIGNY;;
536550782;21;4;2024;15:10;1;93;93047;2;1;2;2;Boulevard Bargue;;
536550783;21;11;2024;14:40;1;75;75102;2;3;4;6;RUE FEYDEAU;;
536550784;21;4;2024;19:50;1;92;92051;2;1;1;3;GENERAL KOENIG (BOULEVARD DU);;
536550785;21;4;2024;12:45;1;92;92026;2;9;1;3;TROIS FRÈRES LEBOEUF (PLACE DES);;
536550786;22;11;2024;18:15;5;94;94078;2;1;1;2;Avenue Anatole France;;
536550787;21;4;2024;17:25;1;92;92036;2;1;1;7;BAS ( RUE DES );;
536550788;21;4;2024;10:50;1;974;97415;1;1;1;6;Chemin du Tour des Roches;;
536550789;22;11;2024;02:30;5;94;94068;2;1;4;6;Avenue Raymond Poincaré;;
536550790;21;11;2024;22:55;5;94;94068;2;1;4;7;Boulevard Rabelais;;
536550791;22;11;2024;16:30;1;94;94041;2;1;1;3;Avenue Georges Gosnat;;
536550792;22;11;2024;14:45;1;94;94041;2;1;2;6;Avenue de Verdun;;
536550793;18;4;2024;21:35;3;86;86272;1;1;1;6;D14;;
536550794;22;11;2024;08:35;1;94;94037;2;1;4;3;Avenue Paul Vaillant-couturier;;
536550795;22;4;2024;18:10;1;68;68177;1;2;1;3;D430;;
536550796;22;4;2024;08:25;1;95;95487;2;9;1;1;D78;;
536550797;22;11;2024;13:15;1;94;94028;2;6;2;3;Rue Sully;;
536550798;20;4;2024;14:45;1;11;11148;1;3;1;3;D6113;;
536550799;22;11;2024;10:20;1;95;95527;1;2;4;3;NOYER AU CHAT (ROUTE DU);;
536550801;21;11;2024;23:15;5;93;93064;2;1;4;5;PERI (BOULEVARD GABRIEL) 39 / 44 - FIN;;
536550802;21;4;2024;19:30;5;971;97109;2;1;1;1;Rue Ferdinand Vignal;;
536550803;21;4;2024;16:10;1;84;84127;2;1;1;6;Chemin de la Grande Garrigue;;
536550804;22;11;2024;09:13;1;93;93047;2;1;4;6;PERVENCHES (AVENUE DES);;
536550805;21;4;2024;20:45;2;12;12270;1;1;1;3;Autoroute A75;;
536550806;22;11;2024;14:10;1;93;93057;2;1;1;2;HUGO (AV. VICTOR);;
536550807;22;4;2024;04:30;3;83;83140;1;1;1;1;Dn7;;
536550808;11;9;2024;09:30;1;94;94041;2;1;1;3;Boulevard Paul Vaillant Couturier;;
536550809;22;11;2024;02:00;5;93;93008;2;1;4;3;PARIS (RUE DE);;
536550810;21;4;2024;19:44;2;51;51035;2;1;1;1;Rue du Puits Saint Christophe;;
536550811;21;11;2024;22:50;5;93;93008;2;1;4;2;PARIS (RUE DE);;
536550812;22;4;2024;00:40;3;32;32334;1;1;1;7;RN 124 PK 005+800 SENS TOULOUSE AUCH;;
536550813;10;9;2024;17:23;1;94;94028;1;1;1;5;Rue du Général Leclerc;;
536550814;11;9;2024;19:10;1;94;94022;2;1;1;6;Rue Jean Jaures;;
536550815;22;11;2024;14:20;1;92;92040;2;3;1;3;PAIX (AVENUE DE LA);;
536550816;21;4;2024;16:12;1;71;71294;2;4;1;3;22 Rue du Clos l'Evêque (Bourgneuf-Val-d'Or);;
536550817;22;11;2024;11:30;1;92;92051;2;9;1;6;CHARLES DE GAULLE (AVENUE, N° 18 A 116);;
536550819;11;9;2024;01:40;5;94;94060;2;3;8;3;Rue du Général de Gaulle;;
536550820;11;9;2024;22:10;3;93;93064;2;1;1;6;BERTHAUDS (RUE DES) 24 - 25 / FIN;;
536550821;22;11;2024;09:30;1;92;92051;2;1;2;6;ARGENSON (BOULEVARD, N° 17 AU 43);;
536550822;21;4;2024;23:10;4;61;61257;2;1;1;2;D976;;
536550823;20;11;2024;18:46;5;92;92051;2;1;8;6;GENERAL KOENIG (BOULEVARD DU);;
536550824;21;4;2024;12:45;1;49;49369;1;1;9;6;D207;;
536550825;11;9;2024;19:10;1;93;93048;2;1;1;3;RESISTANCE (AVENUE DE LA);;
536550826;21;4;2024;00:15;3;34;34277;1;1;1;6;D25;;
536550827;18;11;2024;19:20;5;92;92051;2;1;2;6;CHARLES DE GAULLE (AVENUE, N°27 A 129);;
536550828;11;9;2024;12:44;1;93;93027;2;1;1;3;VAILLANT-COUTURIER (AVENUE PAUL);;
536550829;22;11;2024;13:13;1;92;92050;2;1;9;6;NATIONAL BOULEVARD;;
536550830;22;4;2024;07:25;1;29;29251;1;2;1;3;Ker Ar Rhun;;
536550831;11;9;2024;08:40;1;93;93007;2;2;1;6;"""PAUL VAILLANT COUTURIER (AVENUE """"DU 13";;
536550832;22;4;2024;13:15;1;29;29197;2;3;1;3;Rue du Général de Gaulle;;
536550833;11;9;2024;10:30;1;92;92064;2;1;1;6;REPUBLIQUE;;
536550834;22;11;2024;09:55;1;92;92050;2;3;2;3;METZ RUE DE;;
536550835;11;9;2024;12:20;1;92;92012;2;1;1;6;ABONDANCES (RUE DES);;
536550836;22;4;2024;18:50;1;70;70386;1;1;1;1;nationale 19;;
536550837;18;11;2024;17:26;5;92;92050;2;1;2;1;CLEMENCEAU GEORGES AVENUE N° PAIR;;
536550838;11;9;2024;13:20;1;92;92012;2;1;1;7;JEAN JAURES (BOULEVARD) 63/215 - 70/208;;
536550839;20;4;2024;19:01;2;54;54102;1;1;1;1;D908;;
536550840;22;11;2024;11:30;1;92;92044;2;2;1;6;J. GUESDES(RUE)103A139ET122A148;;
536550841;11;9;2024;12:45;1;92;92004;2;1;1;3;DOCTEUR DERVAUX  ( QUAI DU );;
536550842;22;4;2024;08:00;2;06;06042;2;1;8;6;4431 Route de la Tinée;;
536550843;22;4;2024;10:50;1;05;05098;2;1;1;6;Chemin de Pralalegre;;
536550844;22;11;2024;15:15;1;92;92025;2;1;1;2;GABRIEL PERI (RUE);;
536550845;11;9;2024;09:50;1;71;71235;2;3;1;3;Chemin de Franclieu;;
536550846;22;4;2024;07:10;2;64;64137;1;6;1;3;Route de Lagos;;
536550847;22;11;2024;08:00;1;92;92024;2;1;1;6;EUROPE (ALLEES DE);;
536550848;11;9;2024;18:20;1;24;24019;1;1;2;1;Route des Rebières;;
536550849;22;11;2024;02:10;5;92;92024;2;1;4;7;GENNEVILLIERS (PONT DE);;
536550851;21;4;2024;06:00;3;53;53148;1;1;1;7;D230;;
536550852;22;11;2024;11:20;1;92;92002;2;5;1;6;ARMAND GUILLEBAUD (AVENUE);;
536550853;21;4;2024;17:55;1;40;40271;1;1;1;3;Route de Bayonne;;
536550854;6;9;2024;09:20;1;84;84088;1;9;1;4;ZA Prato 2 (Zone industrielle);;
536550855;22;11;2024;10:00;1;92;92002;2;1;4;2;ADOLPHE PAJEAUD (RUE);;
536550856;22;4;2024;11:15;1;24;24434;1;1;1;6;RD2 - PK 17+700;;
536550857;11;9;2024;17:40;1;972;97210;1;1;1;2;NATIONALE 6;;
536550858;22;4;2024;18:54;1;28;28401;1;1;1;1;L?Hetre Frelon;;
536550859;12;9;2024;16:00;1;83;83004;1;1;1;7;Dn7;;
536550860;22;11;2024;05:50;3;09;09167;1;1;3;2;D919;;
536550862;10;9;2024;06:50;2;51;51326;1;1;1;2;PK 12+200 D 21;;
536550863;22;11;2024;23:40;3;41;41104;2;1;9;6;306 Route de Chambord;;
536550864;7;9;2024;14:35;1;68;68203;1;1;1;7;D47;;
536550865;21;4;2024;11:55;1;30;30322;1;1;1;6;departementale 39;;
536550866;22;11;2024;20:20;5;06;06161;1;1;1;6;D6007 PR 30 + 655;;
536550868;20;4;2024;21:47;3;30;30061;1;1;6;5;N106;;
536550869;12;9;2024;00:20;3;83;83116;1;1;1;1;Dn7;;
536550870;19;11;2024;08:00;1;83;83031;1;1;1;4;A57;;
536550871;11;9;2024;17:25;1;83;83116;1;1;1;1;1461 Route de Rougiers;;
536550872;22;4;2024;12:15;1;973;97307;1;6;3;3;La Matourienne (Pont);;
536550873;22;11;2024;23:45;3;71;71195;1;1;1;2;Autoroute A6 PK 363.000 sens LYON-PARIS;;
536550874;11;9;2024;23:20;3;62;62297;1;1;1;1;D300;;
536550875;21;4;2024;03:30;3;73;73252;1;1;1;2;A 43  -PK 144.400;;
536550876;12;9;2024;07:05;2;95;95352;1;1;1;1;D316;;
536550877;22;4;2024;06:55;2;01;01237;2;2;1;1;Grande rue intersection rue du commerce;;
536550878;23;11;2024;12:55;1;01;01446;2;2;7;3;D70;;
536550879;11;9;2024;16:40;1;51;51140;1;6;1;3;Route départementale 980;;
536550881;23;11;2024;07:15;3;29;29142;1;1;2;7;RN165;;
536550882;22;4;2024;07:20;1;62;62817;2;1;1;2;D939;;
536550883;11;9;2024;18:45;1;59;59037;2;1;1;6;route nationale;;
536550884;26;3;2024;15:40;1;971;97128;2;1;1;3;Chateaubrun;;
536550885;22;11;2024;21:50;5;62;62580;2;1;8;6;D77;;
536550886;10;8;2024;14:00;1;56;56061;2;3;1;3;1 Avenue des Erables;;
536550887;19;2;2024;11:15;1;66;66115;1;1;1;6;Avenue de la Mer;;
536550888;23;11;2024;11:50;1;83;83073;2;1;1;1;Route des Mayons;;
536550889;21;4;2024;20:00;2;11;11379;1;1;1;1;route départementale 6009;;
536550890;12;9;2024;17:30;1;2B;2B318;1;1;1;2;T10;;
536550892;22;11;2024;09:00;2;56;56166;1;9;1;1;Route de Quimperlé;;
536550893;21;4;2024;16:40;1;83;83063;1;1;1;3;1332 Route du Luc;;
536550895;23;11;2024;04:00;3;55;55171;1;1;8;6;D603 PK041.700;;
536550896;12;4;2024;07:55;1;83;83068;1;1;1;3;D61;;
536550897;11;9;2024;21:26;3;63;63223;1;1;2;6;pk 34 D2144;;
536550898;22;11;2024;14:15;1;12;12162;1;1;1;3;4168 Route de Baraqueville;;
536550899;22;4;2024;16:10;1;06;06099;1;1;3;1;Route Departementale 6202;;
536550900;11;9;2024;05:25;3;61;61274;1;3;2;3;Intersection D37 / D613;;
536550901;19;11;2024;10:00;1;29;29212;1;6;2;7;D789;;
536550902;22;4;2024;06:00;2;26;26072;1;1;8;6;Autoroute A7 PK 050.500;;
536550903;23;11;2024;09:15;1;03;03254;2;1;1;2;Route de Saulcet;;
536550904;8;9;2024;19:13;1;49;49048;1;1;2;5;Route de Tiercé;;
536550905;21;4;2024;14:45;1;38;38019;1;1;1;3;Autoroute A7 (S/N), PK 012+100;;
536550906;22;11;2024;13:45;1;70;70245;1;1;4;6;Chemin des Moliéres;;
536550907;22;4;2024;09:10;1;89;89055;2;1;1;1;Route de Joigny;;
536550908;23;11;2024;03:00;3;50;50543;1;1;1;6;Rue Montgomery;;
536550909;10;9;2024;18:40;1;68;68062;2;3;8;2;Route de Carspach;;
536550910;22;11;2024;18:00;5;53;53110;2;3;1;6;5 Rue de la Libération;;
536550911;16;4;2024;07:10;1;38;38110;1;1;1;1;Route des Dauphines;;
536550912;12;9;2024;10:00;1;03;03138;1;1;1;3;Route de Paris;;
536550913;22;4;2024;17:25;1;81;81038;2;2;1;3;1 Chemin de Labouyssière;;
536550914;23;11;2024;06:45;3;17;17394;2;1;1;7;19 Route de Surgères;;
536550915;11;9;2024;16:20;1;50;50580;1;1;1;3;le Moulin de Beauchamp;;
536550916;21;4;2024;16:05;1;40;40283;1;1;1;6;D824  sortie BUGLOSE;;
536550917;23;11;2024;01:37;3;17;17309;1;1;1;7;Route du Petit Brandy;;
536550918;11;9;2024;18:20;1;36;36088;2;1;3;2;Boulevard de Stalingrad;;
536550919;21;4;2024;22:13;3;60;60138;1;1;1;1;D1330;;
536550921;23;11;2024;08:35;2;31;31587;2;3;1;1;1011 Route de Castelnau;;
536550922;22;4;2024;08:30;1;62;62128;2;1;1;2;D42;;
536550923;12;9;2024;01:20;3;40;40152;1;2;1;7;D140;;
536550924;21;4;2024;19:30;1;13;13213;2;1;1;3;A507 sens Marseille - Aubagne;;
536550925;22;11;2024;16:20;1;35;35206;2;3;1;6;1 Rue Nicolas Appert;;
536550926;12;9;2024;11:00;1;24;24547;2;2;1;6;Rue de la République;;
536550927;23;11;2024;02:10;3;06;06027;1;1;1;6;A8, PK 183.173 chaussée nord;;
536550928;12;9;2024;20:20;2;85;85264;1;1;1;6;RD938 ter;;
536550929;20;4;2024;20:00;1;13;13117;1;1;6;2;A7-Sens Lyon vers Marseille;;
536550930;12;9;2024;14:00;1;87;87127;1;1;1;1;D704;;
536550931;20;4;2024;19:45;1;13;13211;2;1;1;4;A50-Sens Aubagne vers Marseille;;
536550932;22;11;2024;18:15;3;62;62019;1;1;1;5;A26;;
536550933;11;9;2024;21:20;3;37;37218;1;1;1;6;D59 PR 039+100 SENS SAINT-FLOVIER/CHATILLON SUR INDRE;;
536550934;20;4;2024;15:00;1;83;83144;1;1;1;2;A57;;
536550935;9;9;2024;16:45;1;48;48127;1;2;1;3;D50;;
536550936;3;1;2024;20:00;5;69;69029;2;1;1;2;Autoroute 43;;