Num_Acc;jour;mois;an;hrmn;lum;dep;com;agg;int;atm;col;adr;lat;long
536551273;10;9;2024;08:20;1;29;29232;2;1;1;3;Pont de Poulguinan;;
536551274;27;12;2024;14:10;1;91;91228;2;6;1;6;D 446;;
536551275;2;2;2024;10:30;1;09;09160;2;1;1;7;Av du Onze Novembre 1918;;
536551276;10;9;2024;08:20;1;28;28209;2;1;1;2;PAIX (AVENUE DE LA );;
536551277;28;12;2024;00:55;3;90;90039;1;1;9;7;R.D.16;;
536551278;10;9;2024;16:20;1;27;27701;1;1;1;1;RD6015;;
536551279;2;2;2024;15:05;1;85;85035;1;1;1;1;RD 38;;
536551280;26;12;2024;22:06;5;87;87085;2;2;1;3;BORIE (BOULEVARD DE LA);;
536551281;3;2;2024;14:25;1;85;85178;1;1;1;6;sainte-anne;;
536551282;10;9;2024;17:30;1;25;25056;2;1;8;6;LUMIERE  RUE FRERES;;
536551283;26;12;2024;17:50;5;85;85194;2;9;1;6;RD949;;
536551284;10;9;2024;15:45;1;25;25056;2;1;1;6;OBSERVATOIRE AVENUE DE L';;
536551285;14;12;2024;08:50;1;83;83123;2;1;1;6;BUGE (CHEMIN DE LA)N° PAIRS;;
536551286;15;1;2024;13:50;1;72;72244;1;1;1;1;D134;;
536551287;10;9;2024;10:05;1;22;22215;2;1;1;6;COUBERTIN (RUE PIERRE DE);;
536551288;27;12;2024;12:00;1;78;78208;2;2;1;6;DOUANIER ROUSSEAU (SQUARE DU);;
536551289;3;2;2024;09:45;1;14;14530;1;1;8;4;D513;;
536551290;9;9;2024;15:31;1;19;19031;2;6;1;7;DIX HUIT JUIN 1940 (AVENUE DU);;
536551291;27;12;2024;19:40;5;72;72181;2;1;1;2;POITEVIN ALPHONSE (RUE);;
536551292;3;2;2024;14:15;1;27;27275;2;1;1;7;D6015;;
536551293;25;12;2024;17:45;5;71;71270;2;1;1;6;LYON (ROUTE DE);;
536551294;10;9;2024;09:10;1;17;17415;2;3;1;5;BOISNARDERIE RUE DE LA;;
536551295;2;2;2024;12:30;1;13;13001;1;1;1;2;A51-Sens Marseille vers Aix en Provence;;
536551296;26;12;2024;07:30;5;69;69091;2;9;1;3;Rue Edouard Idoux;;
536551297;9;9;2024;07:30;1;15;15014;2;2;2;3;RN 122;;
536551298;28;1;2024;20:42;3;13;13005;1;9;1;1;A502-Sens Aubagne vers Toulon par R.N.;;
536551299;10;9;2024;19:20;1;13;13103;2;3;1;3;AVENUE DE LATTRE DE TASSIGNY-RD 17-;;
536551300;27;12;2024;21:45;3;67;67218;1;3;5;5;ALFRED KASTLER (ROUTE);;
536551301;31;1;2024;12:31;1;13;13071;1;1;1;2;A55-Sens Martigues vers Marseille;;
536551302;2;2;2024;15:30;1;13;13023;1;1;1;7;A50;;
536551303;26;12;2024;11:15;1;67;67482;2;8;1;3;FOUDAY (RUE DE);;
536551304;10;9;2024;08:45;1;13;13063;2;3;1;3;MAZEL  BOULEVARD;;
536551305;29;1;2024;08:00;1;69;69286;1;1;1;3;Autoroute 46;;
536551306;27;12;2024;17:10;1;66;66136;2;3;1;3;RUBENS (PAUL);;
536551307;10;9;2024;09:20;1;13;13047;1;1;1;3;CD16 (LE DELA);;
536551308;27;12;2024;21:53;5;64;64129;2;1;5;7;JEAN MERMOZ;;
536551309;1;2;2024;12:10;1;33;33039;1;1;1;2;Pont François Mitterrand;;
536551310;10;9;2024;15:30;1;07;07186;2;1;1;5;TEMPLE (COURS DU);;
536551312;26;12;2024;08:55;1;64;64445;1;6;1;3;BACHAGA BOUALAN;;
536551313;10;9;2024;18:35;1;07;07281;1;9;1;7;Avenue du Puy en Velay;;
536551314;27;12;2024;15:51;1;64;64122;2;9;1;3;MACHELON (RUE DE);;
536551315;31;1;2024;20:40;4;33;33550;1;1;1;6;ROCADE A 630;;
536551316;26;12;2024;19:35;5;62;62186;2;1;1;2;D166;;
536551317;10;9;2024;14:09;1;06;06088;2;4;1;3;1 Avenue de Brancolar;;
536551318;27;1;2024;09:10;1;59;59554;1;1;1;7;AUTOROUTE A23;;
536551319;27;12;2024;09:30;1;59;59152;2;9;5;6;Rue du Château;;
536551320;1;2;2024;14:25;1;92;92063;1;1;1;6;A86;;
536551321;24;8;2024;13:05;1;02;02722;2;1;1;6;1 Rue François Mauriac;;
536551322;27;12;2024;11:30;1;59;59378;2;2;1;3;Boulevard Clémenceau;;
536551323;2;2;2024;18:05;5;93;93008;1;1;1;2;AUTOROUTE A86;;
536551324;10;9;2024;15:45;1;75;75112;2;1;1;2;BOULEVARD PERIPHERIQUE INTERIEUR NORD;;
536551325;26;12;2024;18:20;5;59;59271;2;2;1;3;MOULIN;;
536551326;2;2;2024;06:50;3;93;93005;1;1;1;3;AUTOROUTE A104;;
536551327;10;9;2024;10:45;1;75;75118;2;1;1;5;BOULEVARD PERIPHERIQUE EXTERIEUR NORD;;
536551328;26;12;2024;22:20;5;58;58194;2;3;1;3;CHEMIN DE FER;;
536551329;2;2;2024;05:20;5;95;95018;1;1;1;3;A15;;
536551330;27;12;2024;06:40;5;56;56260;2;1;1;6;Rue Eugène Delacroix;;
536551331;10;9;2024;15:35;1;75;75106;2;1;8;5;RUE DE VAUGIRARD;;
536551332;29;1;2024;13:10;1;974;97411;2;1;1;1;GRIMAUD (EMILE);;
536551333;10;12;2024;12:00;1;55;55505;2;1;1;7;LIBERATION ( DE LA );;
536551334;1;2;2024;08:20;1;973;97302;2;1;1;3;UNIVERSITE CHICAGO (RUE DE);;
536551335;20;11;2024;12:00;1;55;55545;2;1;1;7;FRERES BOULHAUT ( DES );;
536551336;10;9;2024;16:35;1;75;75118;2;2;1;3;BOULEVARD BARBES;;
536551337;31;1;2024;13:25;1;973;97302;1;1;1;2;ROUTE NATIONALE 1;;
536551338;24;12;2024;17:50;3;54;54431;2;2;1;6;Rue de Verdun;;
536551339;10;9;2024;07:25;1;75;75117;2;2;1;6;AVENUE MAC MAHON;;
536551340;4;8;2024;22:10;3;78;78168;2;1;1;6;LEVIS ST NOM (ROUTE DE);;
536551341;1;2;2024;19:45;5;69;69388;2;3;1;3;Rue Marius Berliet;;
536551342;10;9;2024;09:20;1;75;75116;2;1;1;7;BOULEVARD PERIPHERIQUE EXTERIEUR OUEST;;
536551343;26;12;2024;20:10;5;54;54304;2;1;1;1;Avenue de la Résistance;;
536551344;1;2;2024;18:25;1;69;69387;2;1;1;6;61 Rue Félix Brun;;
536551345;10;9;2024;13:50;1;75;75116;2;3;1;6;AVENUE MOZART;;
536551346;4;8;2024;22:50;5;77;77373;2;1;1;6;CHE D 21;;
536551347;10;9;2024;09:30;1;75;75114;2;1;1;7;AVENUE DAVID WEILL;;
536551348;1;2;2024;10:50;1;69;69386;2;2;1;3;Boulevard des Brotteaux;;
536551349;27;12;2024;00:20;3;54;54451;1;1;1;4;RN52;;
536551350;4;8;2024;14:30;1;76;76410;2;3;1;3;Route de Dieppe;;
536551351;31;1;2024;07:50;1;972;97213;2;9;1;6;NELSON MANDELA;;
536551352;9;9;2024;12:45;1;75;75114;2;2;1;3;RUE DIDOT;;
536551353;27;12;2024;21:10;5;51;51454;2;3;1;1;JAURES (AVENUE JEAN ) DU N° 61 A FIN;;
536551354;3;8;2024;17:45;1;66;66136;2;2;1;3;Rue Pierre Renaudel;;
536551355;1;2;2024;19:25;5;69;69389;2;1;1;3;19 Quai Arloing;;
536551356;9;9;2024;08:40;1;75;75114;2;3;2;6;PLACE SAINT JACQUES;;
536551357;26;12;2024;19:00;5;51;51454;2;1;1;6;WILSON (BOULEVARD DU PRESIDENT) COTE IMP;;
536551358;1;2;2024;14:13;1;2B;2B033;2;1;1;6;AV DE LA LIBERATION;;
536551359;11;7;2024;08:20;1;61;61006;2;1;7;6;2 Boulevard du Général de Gaulle;;
536551360;10;9;2024;18:00;1;75;75111;2;1;1;3;RUE ALEXANDRE DUMAS;;
536551361;26;12;2024;18:30;2;49;49007;2;1;1;6;JEAN XXIII PLACE;;
536551362;20;1;2024;22:00;5;95;95585;2;1;1;2;D125;;
536551363;4;8;2024;20:30;1;59;59650;2;1;1;3;BRIFFAUT (RUE HENRI);;
536551364;9;9;2024;22:50;5;75;75110;2;1;1;3;BOULEVARD DE LA VILLETTE;;
536551365;27;12;2024;16:10;1;47;47323;2;2;7;6;FRATERNITE(RUE DE LA );;
536551366;1;2;2024;08:30;1;95;95197;2;1;2;6;D928;;
536551367;26;12;2024;18:10;5;44;44190;2;1;1;6;52 Boulevard des Pas Enchantés;;
536551368;10;9;2024;10:25;1;75;75114;2;7;1;6;BOULEVARD DU MONTPARNASSE;;
536551369;4;8;2024;20:00;1;59;59386;2;1;1;3;MENIN RUE DE;;
536551370;31;1;2024;06:45;5;91;91552;2;9;1;4;RN 20;;
536551371;10;9;2024;10:55;1;75;75104;2;3;1;6;RUE DU TEMPLE;;
536551372;4;8;2024;13:25;1;59;59368;2;2;1;6;FOUBERT AVENUE;;
536551373;10;9;2024;07:10;1;94;94044;2;1;1;2;Avenue Jean Monnet;;
536551374;1;2;2024;10:30;1;91;91434;2;3;2;3;PROGRES (RUE DU);;
536551375;27;12;2024;18:39;5;42;42187;1;1;1;5;N7;;
536551376;10;9;2024;09:50;1;94;94068;2;1;1;3;Avenue Foch;;
536551377;27;12;2024;12:35;1;37;37261;2;9;8;6;MERIMEE (SQUARE PROSPER);;
536551378;3;8;2024;09:25;1;47;47031;2;3;1;3;Avenue de Bigorre;;
536551379;31;1;2024;17:10;1;91;91027;2;3;1;3;JEAN MOULIN (RUE);;
536551380;10;9;2024;10:25;1;94;94021;2;9;1;6;Av. de Bretagne;;
536551381;27;12;2024;12:45;1;34;34301;2;3;1;2;BLANC CAMILLE (BOULEVARD);;
536551383;1;2;2024;16:25;1;91;91223;2;3;8;1;SAINT JACQUES (RUE);;
536551384;9;9;2024;10:15;1;94;94011;2;1;1;2;Avenue du Docteur Emile Roux;;
536551385;4;8;2024;20:03;2;31;31555;2;1;1;6;DEMOISELLES (ALL DES) DU 2AU 80;;
536551387;31;1;2024;12:24;1;87;87085;2;3;1;3;avenue de Landouge;;
536551389;1;2;2024;22:00;5;84;84007;2;1;1;3;OULLE (Boulevard de l');;
536551390;4;8;2024;18:55;1;29;29051;2;2;1;5;Avenue du Rouillen;;
536551391;9;9;2024;22:45;5;93;93051;2;3;1;3;STATION;;
536551392;27;12;2024;19:40;5;31;31557;2;1;1;7;FERRET (CH DE);;
536551393;4;8;2024;05:15;5;29;29232;2;1;1;7;Rue de Benodet;;
536551394;10;9;2024;02:40;3;93;93047;2;1;1;6;ROSIERS  (AVENUE DES);;
536551395;1;2;2024;07:40;2;83;83062;2;1;1;1;RN 98;;
536551396;27;12;2024;15:00;1;31;31555;2;2;1;3;RTE D ALBI;;
536551397;25;12;2024;17:00;1;30;30007;2;1;1;7;Avenue Olivier de Serres;;
536551398;4;8;2024;19:30;1;27;27229;2;6;1;3;MENDES FRANCE (RUE PIERRE);;
536551399;10;9;2024;17:38;1;93;93048;2;1;1;6;GENERAL DE GAULE (PLACE DU);;
536551400;1;2;2024;18:35;5;83;83069;2;3;1;3;AVENUE RITONDALE LEOPOLD;;
536551401;4;8;2024;06:00;1;13;13214;2;1;1;7;SAINTE MARTHE (AVENUE DE);;
536551402;10;9;2024;08:55;1;93;93048;2;1;1;3;ARISTIDE BRIAND (BOULEVARD);;
536551403;31;1;2024;20:15;5;80;80021;2;1;1;6;Boulevard de Pont Noyelles;;
536551404;26;12;2024;14:30;1;27;27229;2;2;2;2;SAINT ANDRE (ROUTE DE);;
536551405;1;2;2024;17:20;1;80;80001;2;1;1;6;Petite Rue Notre - Dame;;
536551406;4;8;2024;15:50;1;13;13214;1;2;1;2;BUREL (BOULEVARD);;
536551407;10;9;2024;07:30;1;93;93048;2;3;1;3;PARIS (RUE DE);;
536551408;1;2;2024;04:30;3;78;78486;1;1;1;6;RN 10;;
536551409;27;12;2024;15:00;1;25;25462;2;3;9;3;VUILLECIN (RUE DE);;
536551410;9;9;2024;05:50;2;93;93048;2;1;1;1;PAUL SIGNAC (AVENUE);;
536551411;3;8;2024;08:30;1;13;13208;2;1;1;2;POMPIDOU (PROMENADE);;
536551412;1;2;2024;09:15;1;76;76429;2;4;2;6;Rue Leon Gambetta;;
536551413;4;8;2024;07:45;1;13;13005;2;6;1;3;GEMENOS (ROUTE DE CD2);;
536551414;27;12;2024;09:45;1;17;17415;1;1;1;1;route nationale 141;;
536551415;10;9;2024;18:24;1;93;93046;2;2;1;6;JEAN JAURES BOULEVARD;;
536551416;4;8;2024;18:30;1;07;07102;2;1;1;7;LYON (AVENUE DE);;
536551417;31;1;2024;15:00;1;76;76351;2;4;1;2;GENERAL FERRIE (AVENUE);;
536551418;10;9;2024;10:20;1;93;93008;2;1;1;2;DIVISION LECLERC (AVENUE DE LA) A20;;
536551419;27;12;2024;08:55;2;17;17333;2;1;1;3;JAURES (AVENUE);;
536551420;4;8;2024;11:10;1;04;04112;2;6;1;2;ARBAUD (PL. DAMASSE);;
536551421;31;1;2024;18:20;5;76;76351;2;1;1;1;SALVADOR ALLENDE (RUE);;
536551422;10;9;2024;18:06;2;93;93005;2;1;1;6;MARECHAL JUIN (AVENUE DU);;
536551423;2;8;2024;19:00;1;04;04112;2;6;1;3;SAINT JOSEPH(BOULEVARD);;
536551424;27;12;2024;09:00;1;13;13211;2;3;1;3;JEAN LOMBARD (AVENUE);;
536551425;3;9;2024;16:20;1;93;93001;2;1;1;6;Pont de Stains;;
536551426;2;8;2024;08:25;1;04;04112;1;1;1;1;FOUCAULT(CHEMIN LEON);;
536551427;1;2;2024;08:30;1;71;71076;2;2;1;3;Avenue de Paris;;
536551428;24;12;2024;17:30;5;13;13203;2;1;1;1;ROGER SALENGRO (AVENUE);;
536551429;10;9;2024;09:00;1;92;92078;2;2;1;3;VERDUN (AVENUE) (PAIRS 92 ET PLUS);;
536551430;3;8;2024;16:30;1;75;75116;2;1;1;2;BD PERIPHERIQUE INTERIEUR;;
536551431;1;2;2024;13:00;1;69;69266;2;3;8;6;Rue Jean Jaurès;;
536551432;12;12;2024;10:10;1;12;12176;2;6;1;3;SAINT MARC (GIRATOIRE);;
536551433;10;9;2024;09:05;1;92;92051;2;1;1;6;MADRID (AVENUE DE);;
536551434;30;7;2024;13:30;1;75;75116;2;1;1;3;BD PERIPHERIQUE EXTERIEUR;;
536551435;1;2;2024;18:58;3;65;65433;1;1;1;1;PIC DU MIDI (BOULEVARD DU);;
536551436;10;9;2024;12:30;1;92;92050;2;1;1;6;JOLIOT CURIE F. ET IRENE AVENUE  N°PAIRS;;
536551437;3;8;2024;13:00;2;75;75113;2;2;1;2;BOULEVARD AUGUSTE BLANQUI;;
536551438;10;9;2024;09:45;1;92;92050;2;1;1;3;PREMIER MAI RUE DU;;
536551439;1;2;2024;18:00;2;64;64445;2;6;1;3;TOURASSE;;
536551440;26;12;2024;18:15;5;10;10387;2;1;1;6;QUATORZE JUILLET (RUE DU);;
536551441;10;9;2024;17:55;1;92;92071;2;1;1;3;HOUDAN (RUE);;
536551442;1;2;2024;13:45;1;64;64445;2;2;1;3;PAIX;;
536551443;4;8;2024;15:30;1;75;75111;2;2;1;3;BOULEVARD DES FILLES DU CALVAIRE;;
536551444;10;9;2024;07:55;1;92;92014;2;1;1;7;GENERAL LECLERC (AV.) (57 A 135 - 50 A 1;;
536551445;27;12;2024;15:20;1;06;06088;1;2;1;3;Traverse de la Digue des Français;;
536551446;30;1;2024;10:10;1;64;64445;2;6;1;3;PEYROULET;;
536551447;7;9;2024;17:00;1;14;14455;1;1;3;7;D23;;
536551448;27;12;2024;15:00;1;06;06088;2;9;1;6;Parking Leclerc Boulevard Mercantour;;
536551449;4;8;2024;21:10;2;93;93072;2;1;1;7;"""STALINGRAD (AVENUE), NR 88 A 114 BIS""";;
536551450;1;2;2024;20:30;3;64;64125;2;9;8;1;FAMILISTERE (RUE);;
536551451;10;9;2024;14:00;1;11;11203;2;1;1;2;6 Boulevard Gallieni;;
536551452;27;12;2024;10:29;1;06;06088;2;9;1;3;161 Avenue Sainte-Marguerite;;
536551453;1;2;2024;16:50;1;63;63113;2;9;1;6;MONTLOSIER (RUE);;
536551454;11;9;2024;08:25;1;06;06064;2;1;1;1;460 Route de la Baronne;;
536551455;27;12;2024;22:00;3;06;06104;2;1;1;1;56 Avenue Jean Jaurès;;
536551456;4;8;2024;02:25;5;93;93046;2;2;1;3;JULES GUESDES AVENUE;;
536551457;1;2;2024;02:50;3;62;62510;2;1;2;3;Rue Jean Caron;;
536551458;27;12;2024;14:50;1;05;05061;2;1;1;6;Avenue de Veynes;;
536551459;4;8;2024;10:30;1;93;93005;2;7;1;3;COUDRAY (ROND-POINT DU);;
536551460;31;1;2024;08:00;1;60;60159;1;6;1;3;Avenue de la Faisanderie;;
536551462;27;12;2024;14:40;1;75;75116;2;1;1;4;BD PERIPHERIQUE EXTERIEUR;;
536551463;1;2;2024;16:00;1;59;59650;2;9;1;1;EUROZONE (ROND POINT DE L');;
536551464;4;8;2024;06:40;1;92;92025;2;1;1;2;VALMY (BD DE);;
536551466;26;12;2024;11:00;1;75;75118;2;1;1;3;BOULEVARD PERIPHERIQUE INTERIEUR NORD;;
536551467;27;12;2024;12:00;1;75;75119;2;1;1;7;AVENUE RENE FONCK;;
536551468;4;8;2024;03:55;3;76;76258;1;1;1;6;D926 PK-PR 5+500;;
536551469;31;1;2024;21:13;4;59;59024;2;1;1;2;DOUAI (RUE DE);;
536551470;10;9;2024;17:20;1;2A;2A004;1;1;2;3;Caldaniccia;;
536551471;27;12;2024;12:50;1;75;75106;2;3;1;6;RUE DES QUATRE VENTS;;
536551472;11;9;2024;04:00;5;2A;2A271;2;1;1;7;T22;;
536551473;5;8;2024;01:33;3;35;35250;1;2;1;6;Vegon;;
536551474;1;2;2024;00:05;4;57;57757;2;1;1;1;Route d'Illange;;
536551475;26;12;2024;23:45;5;75;75110;2;3;1;3;RUE DU FAUBOURG SAINT MARTIN;;
536551476;4;8;2024;12:30;1;09;09109;1;1;1;7;D14;;
536551477;10;9;2024;18:40;1;55;55166;1;3;1;3;Dugny-sur-Meuse;;
536551478;1;2;2024;10:55;1;54;54431;2;2;2;6;Rue Gambetta;;
536551479;10;9;2024;11:00;1;12;12284;1;1;1;7;lieu dit reynes;;
536551480;27;12;2024;16:00;1;94;94078;2;1;1;5;Avenue de Valenton;;
536551481;1;2;2024;19:00;5;54;54028;2;1;1;6;Rue Dante Pederzoli;;
536551482;4;8;2024;14:35;1;974;97422;2;6;1;3;Rue Jules Bertaut;;
536551483;27;12;2024;15:07;1;94;94076;2;1;1;2;Avenue Paul Vaillant-couturier;;
536551484;11;9;2024;16:50;1;01;01079;1;1;2;5;D54;;
536551485;1;2;2024;13:35;1;54;54099;1;1;1;6;RD138;;
536551486;4;8;2024;17:25;1;972;97227;1;1;1;1;N5;;
536551487;27;12;2024;15:40;1;94;94028;2;1;1;6;Route de Choisy;;
536551488;10;9;2024;18:15;1;22;22004;1;1;1;6;Kerwennou Izelan;;
536551489;27;12;2024;01:13;5;94;94004;2;1;9;6;Rue de Marolles;;
536551490;4;8;2024;16:45;1;63;63408;1;3;1;6;RD523/ rue de Salacrut;;
536551491;1;2;2024;18:51;5;47;47001;2;3;1;3;DE GAULLE (AV. DU GENERAL);;
536551492;27;12;2024;15:00;1;93;93072;2;1;1;3;STALINGRAD (AVENUE) DES N°2 AU N°100;;
536551494;31;1;2024;16:55;1;44;44184;2;9;1;3;2 Boulevard Paul Leferme;;
536551495;3;8;2024;21:35;3;59;59478;1;2;3;3;rd 110;;
536551496;27;12;2024;14:20;1;93;93029;2;1;7;2;COLONEL FABIEN (DU);;
536551497;1;2;2024;19:00;5;44;44109;2;6;2;3;15 Rue de la Petite Baratte;;
536551498;10;9;2024;17:15;1;02;02755;1;1;8;6;N2;;
536551499;27;12;2024;18:20;5;93;93001;2;1;1;6;PRESIDENT ROOSEVELT (AVENUE DU);;
536551500;3;8;2024;23:15;3;34;34184;1;1;1;2;Autoroute A75 PK 307+700 sens 1;;
536551501;1;2;2024;11:25;1;43;43157;2;1;1;2;Allee des Portes Occitanes;;
536551502;10;9;2024;12:00;1;01;01266;2;1;1;6;15 Avenue de Macon;;
536551503;27;12;2024;18:00;5;92;92072;2;1;1;2;GRANDE RUE;;
536551504;4;8;2024;16:20;1;56;56058;1;1;7;7;1 rue du four;;
536551505;10;9;2024;16:55;1;06;06151;1;1;1;6;M6202  PR 88 + 950;;
536551506;27;12;2024;13:53;1;92;92051;2;1;1;6;WINSTON CHURCHILL (PLACE);;
536551507;1;2;2024;06:25;3;38;38563;2;2;2;3;VERDIN (MONTEE DU);;
536551508;4;8;2024;14:30;1;77;77134;1;1;1;7;D204;;
536551509;11;9;2024;13:55;1;05;05140;1;1;1;7;Saint-Étienne-le-Laus;;
536551510;27;12;2024;11:30;1;92;92026;2;3;1;2;SAINT GUILLAUME (RUE ET VILLA);;
536551511;1;2;2024;17:50;5;38;38544;2;9;1;6;ST LOUIS(PLACE);;
536551512;4;8;2024;22:20;3;76;76646;1;9;1;1;chemin communal;;
536551513;27;12;2024;18:10;5;92;92002;2;1;1;6;LEON BLUM (AVENUE);;
536551514;31;1;2024;16:24;1;37;37261;2;1;1;6;BUFFON (RUE);;
536551515;10;9;2024;12:05;1;05;05170;1;1;1;4;Avenue Napoleon;;
536551516;1;2;2024;08:55;1;37;37208;2;1;1;2;LAC (AVENUE DU);;
536551517;5;8;2024;19:10;1;82;82080;2;3;1;1;777 Chemin de Lavilledieu;;
536551518;27;12;2024;11:55;1;14;14409;1;1;1;3;Route d'Escanneville;;
536551519;5;8;2024;07:30;1;65;65050;1;1;1;7;D618;;
536551520;1;2;2024;17:00;1;35;35238;2;1;1;3;PATTON (AVENUE DU GENERAL SIR GEORGES);;
536551521;2;9;2024;07:20;2;60;60296;2;1;1;6;Rue de Villers sur Auchy;;
536551522;4;8;2024;10:45;1;65;65362;1;1;1;3;RD 920 PR 1+44;;
536551523;27;12;2024;15:30;1;47;47230;1;1;1;1;Brandal;;
536551524;1;2;2024;17:05;1;35;35238;2;6;1;3;CARREL (BD ALEXIS);;
536551525;27;12;2024;18:20;5;31;31467;2;1;1;6;11 Rue du Rempart;;
536551526;3;8;2024;19:00;1;81;81291;1;3;1;6;D90;;
536551527;1;2;2024;11:40;1;35;35238;2;6;1;6;ALSACE (D');;
536551528;27;12;2024;13:30;1;38;38383;1;1;1;6;Route de la Chartreuse;;
536551529;31;1;2024;19:15;5;34;34108;2;1;5;1;MAL JUIN (AVENUE DU);;
536551530;4;8;2024;18:43;1;89;89388;1;2;1;3;Lieu Dit les Grilots;;
536551531;30;1;2024;20:20;5;34;34003;2;1;1;6;DE GAULLE (E14 A F15;;
536551532;4;8;2024;23:25;3;55;55489;1;4;1;7;D115;;
536551533;27;12;2024;21:00;5;85;85109;2;1;1;6;Rue Ampère;;
536551535;4;8;2024;18:40;1;22;22119;2;1;1;3;Rue de Maudez;;
536551536;27;12;2024;15:00;1;56;56057;1;2;1;3;Stéroulin;;
536551537;1;2;2024;14:35;1;31;31555;2;6;1;4;Rd Pt Firmin Pons;;
536551538;5;8;2024;17:25;1;22;22203;1;1;1;1;D44;;
536551539;28;12;2024;17:30;2;56;56075;1;1;1;1;Le Beneac;;
536551540;1;2;2024;07:50;2;31;31483;2;4;1;3;MONDON ( RUE ET IMPASSE);;
536551541;27;12;2024;15:55;1;76;76500;2;1;1;6;Route de Nesle;;
536551543;28;7;2024;08:40;1;38;38408;1;1;1;6;1860 route de valencin;;
536551545;1;2;2024;21:25;5;29;29232;2;3;1;3;Rue Amiral Ronarc'h;;
536551546;4;8;2024;17:00;1;38;38333;1;1;1;7;rd 531 PK 25+900;;
536551547;23;12;2024;14:30;1;69;69248;1;1;1;3;Route Départementale 308;;
536551548;31;1;2024;18:30;5;29;29232;2;1;2;1;SAINT ALOR RUE;;
536551549;27;12;2024;21:45;3;63;63011;1;1;1;7;D2144;;
536551550;5;8;2024;11:20;1;84;84072;1;1;1;3;d 70 la venue de caromb;;
536551551;1;2;2024;20:30;3;29;29151;1;9;8;3;route de plougasnou ploujean;;
536551552;2;8;2024;07:50;1;03;03260;1;1;1;6;D22;;
536551553;27;12;2024;18:01;3;61;61491;1;1;5;1;Lieu Dit Chateauroux;;
536551554;31;1;2024;12:41;1;26;26198;2;1;1;6;Avenue John Fitzgerald Kennedy;;
536551555;5;8;2024;11:00;1;15;15196;2;6;1;3;RD 32;;
536551556;26;12;2024;13:15;1;61;61092;1;1;8;1;D926;;
536551557;1;2;2024;19:35;5;25;25462;2;9;2;3;SALINS DE (DU 64 A LA FIN);;
536551558;28;12;2024;15:07;1;49;49090;1;1;1;6;La Glardière;;
536551559;5;8;2024;16:35;1;50;50619;1;1;1;6;LIEU DIT LE FRONDEAUX;;
536551560;1;2;2024;18:12;5;25;25462;2;1;2;6;BESANCON (RUE DE);;
536551561;5;8;2024;08:40;1;50;50353;1;1;1;6;passerelle;;
536551562;27;12;2024;12:12;1;25;25058;2;1;1;3;25 Route de Lyon;;
536551563;28;7;2024;17:10;1;45;45067;1;1;1;3;4 haute levee;;
536551564;1;2;2024;17:58;5;25;25056;2;3;2;6;DOLE RUE DE (entre 82 et 185);;
536551565;21;12;2024;11:20;1;44;44089;1;1;1;6;la Hioterie;;
536551567;27;12;2024;23:22;3;44;44108;1;1;1;6;25 Rue  Saint Martin;;
536551568;1;2;2024;14:00;1;22;22113;2;6;1;3;PARK NEVEZ (AVENUE DE);;
536551569;4;8;2024;13:45;1;10;10238;2;1;1;3;Rue du Lac;;
536551570;23;12;2024;19:40;3;29;29117;1;1;2;3;D13;;
536551572;4;8;2024;07:00;2;07;07112;1;1;1;6;Cuze;;
536551573;28;12;2024;12:40;1;38;38006;1;1;1;6;ROUTE DES GENTIANES;;
536551574;2;8;2024;23:00;3;07;07296;1;1;1;6;158 Route de Lachapelle;;
536551575;29;1;2024;18:15;1;19;19031;2;3;1;3;VERLHAC (BOULEVARD DOCTEUR);;
536551576;4;8;2024;11:30;1;53;53245;1;1;1;4;Route de Luitré;;
536551577;25;1;2024;19:30;5;19;19031;2;1;1;2;ALVITRE (AVENUE ABBE);;
536551578;28;12;2024;11:15;1;01;01229;1;2;5;5;Route d'Etrez;;
536551579;4;8;2024;18:00;1;24;24301;1;1;1;7;ROUTE DU PERIGORD NOIR;;
536551581;5;8;2024;16:40;1;27;27260;1;1;1;1;D6178;;
536551582;28;12;2024;14:20;1;70;70477;2;6;1;7;Grande Rue;;
536551583;5;8;2024;05:10;3;37;37266;1;1;1;6;Route de Ballan;;
536551584;27;12;2024;02:25;3;72;72011;1;1;1;6;lieu dit le bas rance;;
536551585;5;8;2024;11:30;1;30;30172;1;1;1;7;D39;;
536551586;1;2;2024;12:50;1;15;15014;2;1;1;3;57 Rue de l'Egalite;;
536551587;24;12;2024;04:15;5;14;14714;1;1;1;6;61 Route de Bayeux Saint-Lô;;
536551588;5;8;2024;09:30;1;976;97602;1;1;1;2;Route Nationale 1;;
536551589;27;12;2024;23:00;3;10;10238;1;1;5;1;RD619;;
536551590;31;1;2024;17:25;1;15;15014;2;1;1;2;RN 122;;
536551591;5;8;2024;16:56;1;45;45169;1;1;1;3;autoroute A10 point kilométrique 097+710;;
536551592;31;1;2024;19:00;5;14;14333;2;2;1;3;23 Avenue de la Brigade Piron;;
536551593;28;12;2024;11:15;1;21;21561;1;1;9;5;D971;;
536551594;5;8;2024;22:23;2;60;60612;1;1;1;2;Autoroute A1 PK 042+200;;
536551595;28;12;2024;07:00;1;988;98805;1;1;1;3;Route des bassins;;
536551596;1;2;2024;07:30;2;13;13117;2;2;1;3;DE LATTRE DE TASSIGNY ( AVENUE );;
536551597;3;8;2024;05:10;2;987;98723;1;1;1;7;Punaei;;
536551598;1;2;2024;19:00;5;13;13203;2;9;1;3;ROGER SALENGRO (AVENUE);;