Num_Acc;jour;mois;an;hrmn;lum;dep;com;agg;int;atm;col;adr;lat;long
536551938;29;5;2024;19:00;1;95;95256;1;1;2;2;N184;;
536551939;29;5;2024;20:45;2;95;95218;1;1;2;6;A15;;
536551940;29;5;2024;21:35;2;93;93078;1;1;3;6;A104;;
536551941;30;5;2024;09:45;1;94;94018;1;1;1;3;A4;;
536551942;30;5;2024;06:55;1;94;94017;1;1;2;4;A4;;
536551943;29;5;2024;09:49;1;94;94022;1;1;2;2;A86;;
536551944;30;3;2024;11:54;1;44;44109;2;1;8;3;Place du Port Cormmuneau;;
536551945;28;3;2024;11:03;1;44;44109;2;1;1;6;2 Place Saint Similien;;
536551946;27;3;2024;10:55;1;44;44114;2;2;8;3;Avenue de la Paquelais;;
536551947;17;3;2024;13:58;1;44;44109;2;1;1;3;85 Route de Paris;;
536551948;15;3;2024;13:40;1;44;44109;2;2;8;3;Boulevard de Seatle;;
536551949;31;1;2024;09:00;1;44;44109;2;2;1;3;9 Rue de Richebourg;;
536551950;26;1;2024;09:21;1;32;32115;1;1;5;1;1483 Route de Noulens;;
536551951;28;5;2024;13:30;1;987;98735;1;1;1;3;POMARE V (AVENUE);;
536551952;29;5;2024;07:30;1;974;97411;2;1;1;6;JAURES (BLD 1 JEAN);;
536551953;27;5;2024;11:25;1;974;97411;2;1;1;3;GAULLE (DU GENERAL DE);;
536551954;29;5;2024;17:05;1;973;97302;2;1;1;2;BADUEL (ROUTE DE);;
536551955;29;5;2024;10:45;1;973;97302;1;6;1;3;CRIQUE FOUILLEE (ROND POINT);;
536551956;28;5;2024;13:00;1;973;97302;2;1;1;7;ESTREES (AVENUE D');;
536551957;29;5;2024;07:10;1;973;97302;2;1;2;6;CABASSOU (ROUTE DE);;
536551958;29;5;2024;14:00;1;972;97209;2;1;1;2;RD 41 (ROCADE);;
536551959;28;5;2024;05:55;1;972;97209;2;1;1;3;CHATEAUBOEUF (ROUTE DE);;
536551960;29;5;2024;18:12;1;69;69389;2;1;1;6;Place Abbé Pierre;;
536551961;29;5;2024;09:20;1;69;69389;2;1;1;3;55 Rue Pierre Audry;;
536551962;28;5;2024;16:20;1;95;95427;2;1;2;6;D311;;
536551963;29;5;2024;09:10;1;91;91645;2;2;2;6;POMPIDOU (AVENUE GEORGES);;
536551964;29;5;2024;14:10;1;91;91589;2;1;2;6;ROBERT LEUTHREAU (AVENUE);;
536551965;14;10;2024;21:50;5;49;49007;2;1;1;1;MOULIN PONT ET PLACE;;
536551966;28;5;2024;18:09;1;87;87085;2;1;1;6;NEXON (RUE DE);;
536551967;15;10;2024;07:55;2;45;45234;2;1;1;1;80 Quai du Châtelet;;
536551968;29;5;2024;13:00;1;83;83069;2;9;1;3;RIQUIER (AVENUE OLBIUS);;
536551969;27;5;2024;15:25;1;82;82033;2;1;1;6;Route de Moissac;;
536551970;15;10;2024;07:50;2;37;37208;2;6;8;6;LAC (AVENUE DU);;
536551971;29;5;2024;19:15;1;69;69266;2;2;1;3;Rue du Nord;;
536551972;15;10;2024;07:30;5;37;37122;2;6;8;3;JAURES (BOULEVARD JEAN);;
536551973;28;5;2024;17:15;1;69;69290;2;1;1;3;Rue du Grisard;;
536551974;15;10;2024;19:25;2;35;35238;1;1;1;6;RN136;;
536551975;28;5;2024;17:00;1;69;69029;2;1;1;7;4 Avenue Maréchal de Lattre de Tassigny;;
536551976;15;10;2024;17:20;1;35;35238;2;1;1;3;SOUVESTRE (SQUARE EMILE);;
536551977;11;5;2024;06:46;2;68;68166;2;1;1;1;GUEBWILLER (RUE DE);;
536551978;28;5;2024;07:05;1;67;67482;2;1;1;3;NEUHOF (ROUTE);;
536551979;15;10;2024;13:15;1;35;35238;2;6;1;3;VALLES (JULES);;
536551980;28;5;2024;12:05;1;64;64445;2;1;1;6;HAUTERIVE;;
536551981;15;10;2024;13:10;1;35;35115;2;3;2;3;FEUTERIES (RUE DES);;
536551982;29;5;2024;09:05;1;64;64122;2;1;1;1;RD 810;;
536551983;28;5;2024;19:13;1;64;64102;2;9;1;6;RESPLANDY (AVENUE DU CAPITAINE);;
536551984;28;5;2024;18:42;1;64;64024;2;1;1;2;GIROUETTE (ROUTE DES);;
536551986;28;5;2024;17:39;1;64;64024;2;9;1;3;ADOUR (AVENUE DE L');;
536551988;28;5;2024;18:52;1;64;64024;2;1;1;2;BAB (Boulevard);;
536551989;15;10;2024;16:10;1;31;31555;2;3;1;2;AV JEAN ZAY;;
536551990;28;5;2024;16:30;1;64;64102;2;1;1;3;SAINT BERNARD (CHEMIN DE);;
536551991;30;5;2024;01:40;5;63;63075;2;1;1;6;THERMALE (AVENUE);;
536551992;14;10;2024;16:04;1;19;19272;2;1;1;6;Henri de Bournazel (Av);;
536551993;24;5;2024;14:45;1;62;62570;2;2;1;3;Rue Jules Mousseron;;
536551994;29;5;2024;19:00;1;60;60684;2;1;3;1;Avenue F et I Joliot Curie;;
536551995;15;10;2024;07:25;5;15;15014;2;1;1;6;Avenue de la République;;
536551996;29;5;2024;22:00;5;59;59512;2;2;1;3;Rue de Beaurewaert;;
536551997;15;10;2024;11:10;1;14;14699;2;2;1;3;1 Rue de Saint-andreasberg;;
536551998;29;5;2024;23:00;5;59;59009;2;1;1;2;Avenue de Flandre;;
536551999;15;10;2024;22:05;5;13;13206;2;2;2;2;PARADIS (RUE);;
536552000;15;10;2024;11:20;1;13;13212;2;3;1;3;CHARLES KADDOUZ (RUE);;
536552001;14;10;2024;09:20;1;13;13215;2;1;1;5;PIERRE DRAMARD (BOULEVARD);;
536552002;15;10;2024;12:20;1;13;13005;2;1;1;6;BARTHELEMY (RUE DU DR);;
536552003;15;10;2024;18:50;2;11;11069;2;1;2;6;60 Avenue Bunau Varilla;;
536552004;28;5;2024;09:30;1;59;59350;2;1;1;6;Rue Saint-Sauveur;;
536552005;15;10;2024;09:56;1;10;10297;2;1;1;1;Rue Danton;;
536552006;28;5;2024;08:50;1;57;57480;2;1;1;6;MARTYRS DE LA RESISTANCE (RUE DES );;
536552007;14;10;2024;10:40;1;07;07281;1;9;2;7;C.D. 533 (VERS LE PUY);;
536552008;14;10;2024;16:39;1;06;06088;2;1;1;6;38 Boulevard Général Louis Delfino;;
536552009;29;5;2024;08:18;1;56;56260;2;1;2;5;Route de Rennes;;
536552010;14;10;2024;15:40;1;75;75117;2;1;1;3;BD PERIPHERIQUE EXTERIEUR;;
536552011;14;10;2024;22:39;5;75;75105;2;2;1;3;BOULEVARD SAINT GERMAIN;;
536552012;15;10;2024;16:30;1;75;75117;2;2;1;3;AVENUE DES TERNES;;
536552013;14;10;2024;21:20;5;75;75115;2;2;1;3;BOULEVARD PASTEUR;;
536552014;9;10;2024;22:20;5;75;75114;2;2;3;6;PLACE DU VINGT CINQ AOUT 1944;;
536552015;15;10;2024;19:45;5;75;75105;2;2;2;6;BOULEVARD SAINT MARCEL;;
536552016;14;10;2024;12:45;1;75;75111;2;3;1;2;RUE DE LA ROQUETTE;;
536552017;15;10;2024;17:01;1;75;75110;2;2;1;3;BOULEVARD DE MAGENTA;;
536552018;15;10;2024;10:05;1;75;75109;2;3;1;6;RUE DES MARTYRS;;
536552019;14;10;2024;14:07;1;75;75107;2;3;8;3;AVENUE DU MARECHAL GALLIENI;;
536552020;14;10;2024;12:05;1;94;94068;2;5;1;3;Rue Danton;;
536552021;15;10;2024;07:55;1;94;94033;2;1;1;2;Avenue de Lattre de Tassigny;;
536552022;15;10;2024;15:35;1;94;94046;2;1;1;1;13 Avenue du Général de Gaulle;;
536552023;15;10;2024;07:30;2;94;94043;2;1;1;3;Boulevard du Général de Gaulle;;
536552024;15;10;2024;19:13;5;94;94041;2;2;2;1;Quai Jean Compagnon;;
536552025;15;10;2024;09:15;1;94;94041;2;9;1;3;Quai Marcel Boyer;;
536552026;14;10;2024;16:40;1;94;94017;2;3;1;3;Avenue Marx Dormoy;;
536552027;15;10;2024;07:40;2;93;93066;2;3;1;3;GUYNEMER;;
536552028;15;10;2024;13:53;1;93;93074;2;1;1;3;MEAUX RUE DE;;
536552029;15;10;2024;12:25;1;93;93047;2;9;8;6;GROUES  (CHEMIN DES);;
536552030;15;10;2024;18:45;1;93;93005;2;6;1;3;CLEMENT ADER (RUE);;
536552031;15;10;2024;08:50;1;92;92020;2;1;1;6;DIVISION LECLERC AVENUE DE LA;;
536552032;15;10;2024;17:55;1;92;92040;2;1;1;3;GUYNEMER;;
536552033;15;10;2024;22:30;5;92;92024;2;3;1;3;VICTOR HUGO (BD);;
536552034;16;10;2024;08:30;1;974;97415;1;1;1;5;D2;;
536552035;15;10;2024;19:40;3;35;35120;1;1;1;6;la Cornillère;;
536552036;15;10;2024;16:40;1;01;01045;1;2;1;3;D2;;
536552037;16;10;2024;10:25;1;62;62057;2;9;1;3;Rue Virginie Plachier;;
536552038;14;10;2024;11:35;1;27;27306;1;1;8;1;route de saint-andré;;
536552039;15;10;2024;12:12;1;01;01033;1;1;1;1;RD 1084 - PR 88+960;;
536552040;16;10;2024;07:00;2;42;42032;1;1;1;7;Route du Val Fleury;;
536552041;16;10;2024;02:10;3;83;83057;1;9;3;6;Route de Nice;;
536552042;15;10;2024;07:45;2;56;56083;1;1;1;2;Haut-Locoyarne;;
536552043;15;10;2024;17:20;1;56;56240;1;1;1;1;Monciot;;
536552044;15;10;2024;23:51;3;56;56147;1;1;2;7;Moulin de Bourigan;;
536552045;14;10;2024;22:30;4;69;69065;1;1;1;2;Route Départementale 306;;
536552046;16;10;2024;11:00;1;63;63397;1;1;1;6;D82;;
536552047;13;10;2024;15:55;1;61;61098;1;1;1;6;D438;;
536552048;11;10;2024;18:00;1;42;42052;2;1;1;7;Rue du Camping;;
536552049;16;10;2024;16:45;1;25;25212;2;3;1;6;Rue de Châtillon;;
536552050;13;10;2024;14:45;1;29;29007;1;1;2;6;D42;;
536552051;14;10;2024;14:30;1;01;01348;1;3;1;3;Rue du Bas Mizeriat;;
536552052;16;10;2024;08:20;1;01;01096;1;2;1;3;CD 936;;
536552053;16;10;2024;03:20;3;14;14431;1;1;1;6;Route de Mézidon;;
536552054;15;10;2024;14:15;1;14;14277;1;6;1;3;Route des Cinq Fermes;;
536552055;16;10;2024;09:00;1;60;60044;2;4;1;6;Route de Mouy;;
536552056;16;10;2024;12:50;1;28;28264;1;1;1;6;D941;;
536552057;14;10;2024;07:35;2;37;37132;2;1;8;1;48 rue Saint Jacques;;
536552058;16;10;2024;10:00;1;30;30284;1;6;3;2;N106;;
536552059;13;10;2024;06:05;2;973;97307;2;1;1;1;Route de l'Est (Pont);;
536552060;16;10;2024;08:45;1;72;72223;1;1;1;2;A11;;
536552061;16;10;2024;09:00;1;17;17382;1;1;1;2;route nationale 11 pk000.030;;
536552062;16;10;2024;11:40;1;974;97403;2;1;1;6;3 Rue Hubert Delisle;;
536552064;7;10;2024;18:45;2;95;95199;2;6;2;6;D370;;
536552065;15;10;2024;08:00;1;91;91587;2;3;1;3;Rue de Lunezy;;
536552066;15;10;2024;16:00;1;2B;2B303;1;1;1;3;Lieu dit Dispensa;;
536552067;15;10;2024;16:45;1;2B;2B042;2;1;1;6;Route des Marines de Borgo;;
536552068;15;10;2024;15:45;1;34;34294;1;1;1;6;34;;
536552069;15;10;2024;17:30;1;84;84132;1;2;1;3;810 Route de Fontaine de Vaucluse;;
536552070;15;10;2024;20:00;5;05;05177;2;1;1;7;Allée Aicardi;;
536552071;16;10;2024;08:50;1;68;68185;2;3;5;7;45 Grand'Rue;;
536552072;16;10;2024;08:35;1;73;73069;1;3;1;3;D925 / D25;;
536552073;16;10;2024;13:57;1;42;42328;1;1;2;7;Route de la Bruyère;;
536552074;15;10;2024;15:05;1;42;42256;1;1;1;2;Route de Sury;;
536552075;16;10;2024;10:07;1;46;46102;2;9;1;6;8 Quai Albert Bessieres;;
536552076;16;10;2024;17:15;1;31;31420;1;1;1;4;D820 - PK;;
536552077;15;10;2024;16:30;1;85;85011;1;1;1;6;RD38;;
536552078;15;10;2024;20:26;5;76;76057;2;3;1;6;Rue Ambroise Paré;;
536552079;15;10;2024;16:10;1;59;59449;2;1;1;6;restaurant scolaire rue fleuris durez;;
536552080;15;10;2024;15:52;1;59;59595;1;1;1;1;D630;;
536552081;15;10;2024;02:05;3;13;13216;1;1;8;6;A55-Sens Marseille vers Martigues;;
536552082;14;10;2024;06:30;3;83;83047;1;1;2;4;A570;;
536552083;14;10;2024;15:25;1;57;57764;1;1;8;4;Autoroute A.31;;
536552084;10;10;2024;18:05;1;67;67365;1;1;2;4;M35;;
536552085;14;10;2024;08:25;1;78;78297;1;1;1;3;RN12;;
536552086;14;10;2024;12:30;1;77;77373;1;1;1;2;RN104;;
536552087;13;10;2024;23:35;3;94;94028;1;1;1;2;A86;;
536552088;27;7;2024;03:58;3;91;91377;1;1;3;3;AUTOROUTE A10;;
536552089;26;7;2024;14:45;1;91;91692;2;6;1;6;R.N 446;;
536552090;14;7;2024;07:20;1;38;38151;2;2;1;3;RUE DE LA PAIX;;
536552091;7;7;2024;18:25;1;38;38151;2;9;1;3;AVENUE VICTOR HUGO;;
536552093;13;7;2024;19:27;1;43;43185;2;9;1;6;Place Francois Mitterrand;;
536552094;20;7;2024;17:42;1;43;43157;2;1;1;6;Boulevard Saint Louis;;
536552095;20;7;2024;11:20;1;43;43041;2;1;1;6;Avenue Charles Dupuy;;
536552096;18;7;2024;19:50;1;43;43038;1;4;7;1;Laroche Trandon;;
536552097;16;7;2024;18:00;1;43;43061;1;4;1;4;D156;;
536552098;10;7;2024;13:00;1;43;43102;1;3;1;3;Route de Montfaucon;;
536552099;7;6;2024;18:25;5;974;97409;2;6;2;6;CAMBUSTON (rue de);;
536552100;14;10;2024;13:00;1;972;97209;2;1;1;3;COLIBRI (RUE);;
536552101;13;10;2024;22:50;5;972;97209;1;1;2;7;AUTOROUTE (A1);;
536552102;14;10;2024;01:25;5;69;69034;2;1;1;1;Avenue Général Leclerc;;
536552103;13;10;2024;22:22;5;95;95219;2;6;1;3;18 JUIN (RUE DU);;
536552104;13;10;2024;16:45;1;91;91201;2;3;1;3;BD HENRI BARBUSSE;;
536552105;14;10;2024;19:30;1;84;84007;2;1;1;2;SAINT LAZARE (PLACE);;
536552106;13;10;2024;05:25;5;83;83123;2;1;8;1;BANDOL (ROUTE)N° IMPAIRS;;
536552107;14;10;2024;11:50;1;82;82033;2;1;1;2;Route de Lafrançaise;;
536552108;13;10;2024;11:23;1;82;82033;2;1;1;2;Chemin de Saint-Jean des Vignes;;
536552109;14;10;2024;19:15;2;77;77288;2;2;1;3;PAUL VALERY (RUE);;
536552110;14;10;2024;22:25;3;77;77059;1;1;1;6;D217B;;
536552111;14;10;2024;19:15;5;76;76540;2;6;5;7;Boulevard de l'Europe;;
536552112;11;10;2024;08:00;1;76;76351;2;2;1;3;JULES LECESNE (RUE);;
536552113;14;10;2024;08:00;1;72;72181;2;1;1;3;CHAMPION HENRI (RUE) N° IMP;;
536552114;14;10;2024;21:45;4;71;71445;2;1;1;3;VILLENEUVE (RUE DE LA);;
536552115;13;10;2024;20:10;3;67;67482;2;1;8;2;DOLLER (RUE DE LA);;
536552116;14;10;2024;13:40;1;66;66136;2;1;1;1;Rue des Coquelicots;;
536552117;14;10;2024;17:00;1;63;63300;1;3;1;4;ROCADE RD 446;;
536552118;14;10;2024;14:30;1;63;63113;2;1;1;3;LIMOUSIN (AVENUE DU);;
536552119;14;10;2024;14:25;1;59;59350;2;3;2;3;Rue d'Iéna;;
536552120;13;10;2024;12:05;1;54;54395;2;1;1;3;Rue de Verdun;;
536552121;13;10;2024;16:20;1;51;51454;2;1;1;6;BROSSOLETTE (RUE PIERRE);;
536552122;13;10;2024;11:00;1;51;51454;2;1;1;6;KENNEDY (AVENUE DU PRESIDENT);;
536552123;14;10;2024;11:32;1;51;51230;2;3;1;2;REIMS (RUE DE);;
536552124;11;10;2024;12:55;1;49;49099;2;4;1;3;LORRAINE (RUE DE);;
536552125;14;10;2024;16:05;1;41;41018;2;1;1;3;SAINT-JEAN (QUAI);;
536552126;10;10;2024;08:00;1;40;40063;2;9;8;6;MONTFORT (ROUTE DE);;
536552127;14;10;2024;19:00;1;37;37261;2;1;1;6;PORTILLON (QUAI DE);;
536552128;15;10;2024;00:15;5;35;35238;2;1;1;6;METZ (BD DE);;
536552129;9;10;2024;17:10;1;34;34198;2;1;1;6;EXPANSION (ALLEE DE L' );;
536552130;13;10;2024;02:30;3;34;34336;1;6;1;7;MEDITERRANEE (ROND POINT DE LA);;
536552132;14;10;2024;19:31;5;31;31555;2;3;1;3;AV JEAN CHAUBET;;
536552133;14;10;2024;19:10;5;31;31555;2;1;1;1;RUE LOUIS BONIN;;
536552134;13;10;2024;21:25;3;29;29039;1;1;1;6;RD 122;;
536552135;12;10;2024;14:30;1;29;29019;2;3;1;3;rue du Tromeur;;
536552136;9;10;2024;15:44;1;14;14118;2;3;1;3;75 Rue Docteur Calmette;;
536552137;14;10;2024;07:00;2;13;13071;2;1;2;5;MITTERRAND (AVENUE FRANCOIS);;
536552138;14;10;2024;12:30;1;13;13213;2;1;1;3;ROSE (AVENUE DE LA);;
536552139;14;10;2024;06:10;3;13;13210;2;1;1;3;JEAN EUGENE CABASSUD (BOULEVARD);;
536552140;13;10;2024;17:45;1;07;07316;2;1;1;2;MONTGOLFIERS (AVENENUE DES FRERES);;
536552141;14;10;2024;06:14;3;01;01289;1;1;9;6;BOULEAUX ( CHEMIN DES ) IMPAIR;;
536552142;14;10;2024;10:40;1;75;75116;2;1;1;3;BD PERIPHERIQUE INTERIEUR;;
536552143;4;10;2024;15:00;1;75;75106;2;2;1;7;BOULEVARD DU MONTPARNASSE;;
536552144;13;10;2024;04:56;5;75;75107;2;2;1;2;BOULEVARD DE LA TOUR MAUBOURG;;
536552145;13;10;2024;04:56;5;75;75107;2;2;1;1;BOULEVARD DE LA TOUR MAUBOURG;;
536552146;14;10;2024;12:40;1;75;75117;2;1;1;2;BOULEVARD PERSHING;;
536552147;10;10;2024;17:00;1;75;75117;2;1;1;4;AVENUE MAC MAHON;;
536552148;14;10;2024;09:40;1;75;75115;2;3;1;3;RUE DE DANTZIG;;
536552149;10;10;2024;13:00;1;75;75107;2;2;1;6;PONT D IENA;;
536552150;13;10;2024;19:50;5;75;75112;2;1;1;3;RUE DE PICPUS;;
536552151;14;10;2024;09:10;1;75;75110;2;3;1;6;RUE DE LANCRY;;
536552152;14;10;2024;06:03;5;75;75109;2;3;1;3;RUE LA FAYETTE;;
536552153;14;10;2024;11:00;1;75;75108;2;1;1;3;RUE LA BOETIE;;
536552154;14;10;2024;21:00;5;75;75107;2;3;1;7;RUE OUDINOT;;
536552155;14;10;2024;11:35;1;75;75114;2;3;1;6;RUE D ALESIA;;
536552156;14;10;2024;09:50;1;75;75104;2;3;1;7;RUE DE RIVOLI;;
536552157;14;10;2024;19:40;5;94;94081;2;1;1;6;Rue Léon Geffroy;;
536552158;13;10;2024;19:00;1;94;94081;2;1;1;5;13 Quai Jules Guesde;;
536552159;13;10;2024;11:13;1;94;94068;2;1;1;4;Avenue Foch;;
536552160;13;10;2024;16:40;1;94;94028;2;1;1;6;Route de Choisy;;
536552161;14;10;2024;20:35;5;94;94069;2;1;1;3;Avenue Saint Maurice du Valais;;
536552162;14;10;2024;18:00;2;93;93051;2;1;8;6;AUGUSTE RODIN (ALLEE);;
536552163;13;10;2024;01:10;5;93;93048;2;1;9;6;GUSTAVE COURBET (ALLEE DU);;
536552164;14;10;2024;14:30;1;93;93047;2;2;1;3;MYOSOTIS   (AVENUE DES);;
536552165;14;10;2024;16:50;1;93;93005;2;2;1;3;JACQUES DUCLOS [CD44] (RUE);;
536552166;13;10;2024;10:20;1;92;92050;2;1;1;6;THOREZ MAURICE RUE;;
536552167;12;10;2024;12:30;1;92;92040;2;2;1;3;AUGUSTE GERVAIS;;
536552168;13;10;2024;15:45;1;92;92040;2;1;1;3;ROUGET DE L'ISLE;;
536552169;10;10;2024;10:52;1;92;92026;2;1;1;6;ARMAND SILVESTRE (DE 95 A FIN);;
536552170;14;10;2024;09:31;1;92;92026;2;1;1;3;PAIX;;
536552171;14;3;2024;12:30;1;13;13209;2;6;1;3;LUMINY (AVENUE DE);;
536552173;14;3;2024;08:00;1;13;13214;2;1;1;3;CAPITAINE GEZE (BOULEVARD);;
536552174;13;3;2024;17:55;1;13;13214;2;1;1;2;MORETTI (BOULEVARD);;
536552175;14;3;2024;18:18;1;13;13005;2;1;1;2;RN 8;;
536552176;15;10;2024;08:00;1;81;81080;1;2;1;3;D922;;
536552177;13;3;2024;19:40;5;13;13005;2;1;1;1;SOULAT (SQUARE MARCEL);;
536552178;15;10;2024;09:25;1;66;66144;1;1;1;2;A9 Pk 257 sens France-Espagne;;
536552179;14;3;2024;18:00;2;06;06104;2;1;1;3;155 Avenue de Verdun;;
536552180;14;3;2024;00:45;5;06;06030;2;1;1;6;Avenue du Campon;;
536552182;13;3;2024;18:17;1;03;03185;2;1;1;1;Route de Villebret;;
536552183;14;10;2024;18:15;3;972;97212;1;1;1;6;Dumaine;;
536552184;14;3;2024;00:35;5;75;75114;2;1;1;2;ECHANGEUR ORLEANS;;
536552185;15;10;2024;10:20;1;63;63206;1;1;1;1;D227;;
536552186;14;3;2024;12:30;1;75;75105;2;1;1;6;PONT DE SULLY;;
536552187;14;3;2024;08:47;1;75;75106;2;2;1;3;BOULEVARD RASPAIL;;
536552188;15;10;2024;09:00;1;12;12011;1;4;1;3;Route du Rueillou;;
536552189;14;3;2024;19:30;1;75;75119;2;1;1;1;AVENUE JEAN JAURES;;
536552190;14;3;2024;16:35;1;75;75117;2;1;1;3;AVENUE DE LA PORTE D ASNIERES;;
536552191;15;10;2024;01:45;3;21;21652;1;1;5;6;A6;;
536552192;14;3;2024;11:11;1;75;75117;2;1;1;3;RUE DE COURCELLES;;
536552193;12;10;2024;14:20;1;62;62804;1;1;2;7;D59;;
536552194;14;3;2024;08:00;1;75;75117;2;2;7;1;RUE DE LA JONQUIERE;;
536552195;15;10;2024;17:10;1;83;83092;1;1;8;3;D97;;
536552196;14;3;2024;15:50;1;75;75116;2;1;1;7;ROUTE DE LA SEINE A LA BUTTE MORTEMART;;
536552197;14;3;2024;20:26;5;75;75113;2;2;1;6;AVENUE DE FRANCE;;
536552198;14;3;2024;18:40;1;75;75111;2;7;1;6;PLACE DE LA NATION;;
536552199;14;3;2024;18:00;1;75;75111;2;3;1;7;RUE DE CHARONNE;;
536552200;14;3;2024;16:25;1;75;75111;2;1;1;6;BOULEVARD VOLTAIRE;;
536552201;14;3;2024;13:00;1;75;75111;2;1;1;6;BOULEVARD VOLTAIRE;;
536552202;14;3;2024;09:00;1;75;75111;2;1;1;3;BOULEVARD DE BELLEVILLE;;
536552203;14;3;2024;12:25;1;75;75108;2;1;1;3;AVENUE DE WAGRAM;;
536552204;14;3;2024;11:30;1;75;75108;2;3;1;2;RUE DE ROME;;
536552205;13;3;2024;13:46;1;75;75108;2;1;1;3;AVENUE DES CHAMPS ELYSEES;;
536552206;14;3;2024;07:08;1;75;75107;2;2;1;3;RUE DE GRENELLE;;
536552207;13;3;2024;05:50;5;75;75107;2;2;1;6;BOULEVARD SAINT GERMAIN;;
536552208;14;3;2024;17:30;1;75;75103;2;2;1;3;BOULEVARD DE SEBASTOPOL;;
536552209;14;3;2024;13:20;1;75;75101;2;1;1;6;QUAI DES TUILERIES;;
536552210;2;7;2024;15:40;1;75;75117;2;1;1;4;BD PERIPHERIQUE INTERIEUR;;
536552211;13;3;2024;22:40;5;94;94041;2;3;1;6;Rue de la Baignade / Quai Jules Guesde;;
536552212;1;7;2024;14:05;1;75;75118;2;1;1;4;BD PERIPHERIQUE INTERIEUR;;
536552213;13;3;2024;23:40;5;94;94078;2;3;1;3;Avenue du 8 Mai 1945 / Pont de Villeneuve le Roi;;
536552214;1;7;2024;05:00;5;75;75106;2;2;1;3;BOULEVARD SAINT GERMAIN;;
536552215;14;3;2024;13:00;1;94;94068;2;1;1;2;Quai Winston Churchill;;
536552216;2;7;2024;14:52;1;75;75106;2;3;1;6;BOULEVARD DU MONTPARNASSE;;
536552217;13;3;2024;16:30;1;94;94055;2;6;8;6;Avenue du Moulin à Vent / Rue d'Amboile;;
536552218;1;7;2024;23:50;3;75;75120;2;7;1;3;AVENUE DE LA PORTE DE MONTREUIL;;
536552219;14;3;2024;12:45;1;94;94018;2;1;1;6;Rue Jean Pigeon;;
536552220;2;7;2024;16:00;1;75;75119;2;1;1;6;RUE DE TANGER;;
536552221;14;3;2024;17:54;1;93;93078;2;6;1;6;Avenue des Acacias / Avenue Pasteur;;
536552222;2;7;2024;11:00;1;75;75119;2;2;1;6;AVENUE CORENTIN CARIOU;;
536552223;14;3;2024;08:10;1;93;93078;1;1;1;1;Avenue du Sausset;;
536552224;2;7;2024;16:30;1;75;75118;2;4;1;6;RUE DE SUEZ;;
536552225;2;7;2024;16:50;1;75;75117;2;4;1;3;BOULEVARD DE DOUAUMONT;;
536552226;13;3;2024;19:20;5;93;93001;2;2;1;1;Avenue du Président Roosevelt / Rue des Noyers;;
536552227;2;7;2024;17:10;1;75;75115;2;2;1;2;RUE DE LA CROIX NIVERT;;
536552228;14;3;2024;20:00;5;93;93066;2;9;1;3;Voie sur Berge / Boulevard de la Libération;;
536552229;1;7;2024;16:45;1;75;75113;2;2;1;6;BOULEVARD VINCENT AURIOL;;
536552230;14;3;2024;14:42;1;93;93008;2;1;1;3;Avenue de la Division Leclerc;;
536552231;2;7;2024;09:10;1;75;75112;2;2;1;2;RUE DE PICPUS;;
536552232;14;3;2024;12:30;1;93;93005;2;1;1;3;Rue Clément Ader;;
536552233;2;7;2024;13:40;1;75;75110;2;3;1;2;BOULEVARD DE BONNE NOUVELLE;;
536552234;14;3;2024;07:30;1;93;93005;2;6;1;1;Avenue de la Croix Blanche / Rue de Lorraine;;
536552235;2;7;2024;16:26;1;75;75108;2;1;1;3;AVENUE DES CHAMPS ELYSEES;;
536552236;2;7;2024;08:59;1;75;75108;2;7;1;3;PLACE FRANCOIS 1ER;;
536552237;13;3;2024;14:30;1;92;92020;2;1;1;2;PARIS AVENUE DE N°84 A FIN;;
536552238;14;3;2024;12:30;1;92;92048;2;1;1;6;LOUVOIS (AVENUE);;
536552239;2;7;2024;18:40;1;75;75107;2;1;1;2;QUAI BRANLY;;
536552240;2;7;2024;09:15;1;75;75114;2;1;8;7;AVENUE PIERRE MASSE;;
536552241;13;3;2024;14:05;1;92;92044;2;2;1;3;MARIUS AUFAN(RUE) 1A67 ET 2A78;;
536552242;2;7;2024;09:15;1;75;75107;2;2;1;3;QUAI D ORSAY;;
536552243;14;3;2024;10:05;1;92;92026;2;1;1;3;VERDUN (DE 62 A FIN);;
536552244;12;3;2024;17:30;1;92;92025;2;1;2;6;CHARLES DE GAULLE (BD);;
536552245;2;7;2024;14:00;1;75;75102;2;2;1;3;BOULEVARD DE SEBASTOPOL;;
536552246;14;3;2024;11:15;1;92;92002;2;1;1;6;PROVIDENCE (AVENUE DE LA);;
536552247;1;7;2024;14:20;1;75;75101;2;3;1;7;QUAI DE L HORLOGE;;
536552248;2;7;2024;18:25;1;94;94038;2;1;1;2;Avenue Larroumes;;
536552249;14;3;2024;00:20;5;92;92014;2;2;1;3;HUIT MAI 1945 (RUE DU);;
536552250;2;7;2024;16:40;1;94;94038;2;1;1;6;Rue Roger Salengro;;
536552251;14;3;2024;18:30;1;35;35328;1;3;8;3;Noyal Lourme;;
536552252;1;7;2024;20:20;1;94;94028;2;9;1;7;Avenue du Maréchal Foch;;
536552253;15;3;2024;07:15;2;62;62295;1;1;2;6;Chemin de la Gonze;;
536552254;30;6;2024;19:30;1;94;94028;2;5;1;3;Rue René Arcos / Rue du Jeu de Paume;;