Num_Acc;jour;mois;an;hrmn;lum;dep;com;agg;int;atm;col;adr;lat;long
536552910;26;12;2024;09:15;2;62;62193;2;1;2;2;Boulevard des Justes;;
536552911;18;4;2024;17:15;1;39;39150;2;1;1;3;12b Route Nationale;;
536552912;6;9;2024;13:20;1;84;84087;1;1;1;5;A7;;
536552913;19;4;2024;18:39;1;38;38421;2;1;1;2;Avenue Ambroise Croizat;;
536552914;25;12;2024;19:33;5;62;62178;2;2;1;3;Rue Alfred Leroy;;
536552915;10;9;2024;23:40;5;77;77001;1;1;1;6;A6 PK 58+000 direction LYON;;
536552916;17;4;2024;10:10;1;37;37261;2;3;1;3;HEURTELOUP (BOULEVARD);;
536552918;20;12;2024;22:15;5;62;62516;2;2;2;3;D188;;
536552919;18;4;2024;08:40;1;37;37261;2;3;1;3;STENDHAL (AVENUE);;
536552920;26;12;2024;11:55;1;56;56260;1;1;1;3;Liziec;;
536552921;7;9;2024;22:55;3;77;77508;1;1;8;2;D1036;;
536552922;12;12;2024;17:05;2;49;49328;2;1;1;2;WEYGAND (BOULEVARD DU GENERAL);;
536552923;12;4;2024;10:00;1;37;37261;2;1;1;3;LOIRE (QUAI DE LA);;
536552924;9;9;2024;04:00;3;11;11076;1;1;1;6;CD 6113;;
536552925;6;12;2024;18:40;5;49;49328;2;6;1;3;DE GAULLE (AVENUE DU GENERAL);;
536552926;19;4;2024;21:30;3;35;35238;2;2;1;3;VERDUN (BD DE);;
536552927;2;12;2024;10:45;1;49;49328;2;1;1;3;AMY (RUE ROBERT);;
536552928;10;9;2024;16:17;1;34;34057;2;9;1;3;10 Avenue de la Moutte;;
536552929;26;12;2024;21:00;3;47;47027;1;1;1;6;FAVOLS (lieu-dit);;
536552930;19;4;2024;19:30;1;34;34172;2;3;1;3;FRIMAIRE (RUE);;
536552931;23;12;2024;19:00;5;40;40192;2;1;1;2;HOUGA (AV DU);;
536552932;10;9;2024;20:54;5;84;84003;2;2;1;3;Boulevard National;;
536552934;26;12;2024;16:40;1;15;15014;2;1;1;7;Rue du Docteur Chibret;;
536552936;10;9;2024;18:00;1;83;83042;1;1;1;6;D 98;;
536552937;26;12;2024;13:25;1;14;14118;2;2;1;5;4 Boulevard Henri Becquerel;;
536552938;19;4;2024;14:45;1;31;31555;2;1;1;3;AV DU GENERAL EISENHOWER;;
536552939;9;9;2024;09:30;1;69;69243;2;2;2;6;38 Rue de la République;;
536552940;24;12;2024;17:45;1;13;13108;1;2;1;3;CAYADES (ROUTE DES);;
536552941;18;4;2024;18:22;1;31;31555;1;1;1;4;ECHANGEUR BORDELONGUE (A64/A620);;
536552942;17;12;2024;17:15;1;30;30032;1;3;1;3;saint gilles route de D38;;
536552943;9;9;2024;11:30;1;17;17385;1;3;8;3;92 Route des Châteliers;;
536552944;19;4;2024;18:20;1;29;29019;2;3;1;3;RUE GUSTAVE ZEDE;;
536552945;26;12;2024;20:00;3;13;13039;2;1;1;7;ROUTE NATIONALE 569;;
536552947;17;4;2024;05:35;5;29;29019;2;3;1;4;boulevard Léon Blum;;
536552948;26;12;2024;12:00;1;13;13208;2;1;1;5;PARADIS (RUE);;
536552949;26;12;2024;11:52;1;13;13208;2;9;1;6;PRADO (contre allée);;
536552950;17;2;2024;15:20;1;27;27681;2;1;1;2;DEVOS (BOULEVARD JULIEN);;
536552952;19;4;2024;17:10;1;25;25056;2;3;2;3;BATAILLE RUE FREDERIC;;
536552953;26;12;2024;18:20;5;11;11069;2;1;1;3;Avenue Claude Bernard;;
536552954;19;4;2024;21:30;5;18;18279;2;1;1;6;12 Rue Raspail;;
536552955;25;12;2024;16:00;2;06;06029;2;1;7;6;90 Boulevard du Midi Louise Moreau;;
536552956;9;9;2024;13:30;1;27;27242;1;2;2;3;D830;;
536552957;17;4;2024;20:50;1;14;14118;2;3;8;3;50 Avenue Sainte-Thérèse;;
536552958;25;12;2024;17:00;2;06;06027;2;1;1;6;3 Promenade de la Plage;;
536552959;7;9;2024;23:15;3;59;59652;1;1;1;7;D148;;
536552960;25;12;2024;10:00;1;75;75116;2;1;2;2;BD PERIPHERIQUE INTERIEUR;;
536552961;17;4;2024;17:00;1;30;30032;1;2;1;3;saint gilles route de D38;;
536552962;9;9;2024;08:15;1;13;13210;1;1;1;2;A50-Sens Aubagne vers Marseille;;
536552963;25;12;2024;10:00;1;75;75120;2;1;2;6;BD PERIPHERIQUE INTERIEUR;;
536552964;20;4;2024;00:30;5;13;13201;2;2;1;6;CANEBIERE    30 A 68;;
536552965;10;9;2024;18:10;1;91;91363;1;1;1;3;RN 104;;
536552966;26;12;2024;12:35;1;75;75112;2;1;1;4;BOULEVARD PERIPHERIQUE EXTERIEUR SUD;;
536552967;19;4;2024;12:20;1;13;13001;2;3;1;3;COQ D'ARGENT (BD DU);;
536552968;23;12;2024;06:24;5;75;75116;2;1;1;6;BD PERIPHERIQUE EXTERIEUR;;
536552969;10;9;2024;18:47;1;92;92019;1;1;1;4;RN 385 Extèrieure;;
536552971;25;12;2024;16:50;5;75;75116;2;3;1;6;PONT DE GRENELLE;;
536552972;16;4;2024;16:05;1;06;06069;2;1;1;6;28 Route de Cannes;;
536552973;26;12;2024;13:45;1;75;75112;2;1;1;2;RUE ROBERT ETLIN;;
536552974;10;9;2024;08:35;1;78;78466;1;1;7;4;A13;;
536552975;18;4;2024;18:00;1;75;75116;2;1;1;2;BD PERIPHERIQUE EXTERIEUR;;
536552976;26;12;2024;02:08;5;75;75112;2;3;1;3;RUE DE CHARENTON;;
536552977;18;4;2024;00:21;5;75;75112;2;3;1;7;BOULEVARD PONIATOWSKI;;
536552978;9;9;2024;20:03;2;92;92036;1;1;1;4;RN315 Y;;
536552979;19;4;2024;15:05;1;75;75105;2;7;2;3;BOULEVARD SAINT MICHEL;;
536552980;26;12;2024;20:40;5;75;75111;2;2;1;4;BOULEVARD VOLTAIRE;;
536552981;9;9;2024;08:40;1;78;78158;1;1;2;3;A13;;
536552982;19;4;2024;08:57;1;75;75119;2;1;1;3;PLACE DE LA PORTE DE PANTIN;;
536552983;10;9;2024;16:25;1;95;95151;1;1;1;6;N104;;
536552984;26;12;2024;11:55;1;75;75111;2;2;1;3;RUE SAINT SEBASTIEN;;
536552985;26;12;2024;18:30;2;75;75108;2;1;1;3;RUE DE ROME;;
536552986;18;4;2024;15:20;1;75;75116;2;3;1;2;AVENUE DE MALAKOFF;;
536552987;10;9;2024;11:50;1;92;92036;1;1;1;4;RN 315;;
536552988;1;2;2024;22:30;5;06;06161;2;2;1;3;Carrefour D2/D6007;;
536552989;19;4;2024;09:00;1;75;75114;2;3;1;7;BOULEVARD SAINT JACQUES;;
536552990;26;12;2024;00:45;5;75;75116;2;7;1;2;PLACE CHARLES DE GAULLE;;
536552991;18;4;2024;14:55;1;75;75114;2;3;1;7;RUE D ALESIA;;
536552992;9;9;2024;08:10;1;93;93005;1;1;1;2;AUTOROUTE A3;;
536552993;2;2;2024;07:35;2;31;31445;2;9;1;3;Route de Castres;;
536552994;26;12;2024;07:45;5;94;94078;2;2;2;3;Rue Voltaire;;
536552995;28;1;2024;20:30;3;972;97223;1;1;1;7;d6;;
536552996;9;9;2024;03:30;3;95;95241;1;1;9;6;N104;;
536552997;19;4;2024;17:10;1;75;75113;2;3;2;2;RUE DE L AMIRAL MOUCHEZ;;
536552998;9;9;2024;05:00;4;92;92036;1;1;1;6;AUTOROUTE A15;;
536552999;25;12;2024;12:50;1;94;94068;2;2;8;3;Avenue du Général Leclerc;;
536553000;9;9;2024;01:50;3;92;92078;1;1;8;6;AUTOROUTE A86;;
536553001;2;2;2024;14:30;1;63;63171;1;2;1;3;lieu-dit les quatres routes;;
536553002;19;4;2024;21:34;5;75;75108;2;2;9;3;RUE LA BOETIE;;
536553003;26;12;2024;12:00;1;94;94058;2;1;1;6;Avenue Ledru-rollin;;
536553004;10;9;2024;11:30;1;77;77059;1;1;1;2;A104;;
536553005;19;4;2024;18:30;1;75;75103;2;3;3;2;BOULEVARD DES FILLES DU CALVAIRE;;
536553006;26;12;2024;16:00;1;94;94076;2;1;1;3;Rue Marcel Grosménil;;
536553007;9;9;2024;22:45;3;77;77169;1;1;1;6;RN104;;
536553008;26;12;2024;22:40;5;94;94041;2;1;1;3;Boulevard Paul Vaillant Couturier;;
536553009;18;4;2024;16:10;1;75;75104;2;1;1;5;BOULEVARD BOURDON;;
536553010;26;12;2024;18:30;5;94;94079;2;3;1;6;Avenue André Rouy;;
536553011;9;9;2024;18:50;1;93;93051;1;1;2;5;A4;;
536553012;17;4;2024;10:51;1;94;94067;2;5;7;3;Place du General Leclerc / Avenue Gallieni;;
536553013;26;12;2024;00:45;5;94;94002;2;1;2;6;Chemin de Villeneuve St Georges;;
536553014;9;9;2024;18:00;1;94;94028;1;1;2;3;A86;;
536553015;19;4;2024;18:45;1;94;94074;2;1;2;6;Rue Vasco de Gama;;
536553016;26;12;2024;18:00;5;93;93071;2;4;1;6;WESTINGHOUSE (BOULEVARD);;
536553017;19;4;2024;17:20;1;94;94078;2;3;8;6;Avenue Anatole France / Rue Jules Verne;;
536553018;9;9;2024;15:50;1;94;94017;1;1;2;3;A4;;
536553019;9;9;2024;04:20;3;94;94073;1;1;2;6;A86;;
536553020;26;12;2024;20:25;5;93;93078;2;2;1;3;Boulevard Robert Ballanger / Avenue Nollet;;
536553021;18;4;2024;19:50;1;94;94028;2;2;1;3;Avenue des Compagnons de la Libération / Rue Jean Moulin;;
536553022;2;2;2024;06:40;2;21;21567;1;1;5;3;lieu dit BarrivesRD 906, PR 050.500 sens LACANCHE/ARNAY LE DUC,;;
536553023;9;9;2024;02:00;3;94;94073;1;1;2;6;A86;;
536553024;19;4;2024;05:09;5;94;94022;2;1;1;2;Pont de l'Appel du 18 Juin 1940;;
536553025;2;2;2024;00:01;3;42;42284;1;1;2;6;Route Nationale 7;;
536553026;26;12;2024;13:15;1;93;93046;2;2;1;3;CESAR COLLAVERI AVENUE;;
536553027;28;1;2024;22:10;3;974;97414;1;1;3;7;Rue Evariste de Parny;;
536553028;26;12;2024;07:16;3;93;93015;1;1;2;6;Route Stratégique;;
536553029;19;4;2024;21:25;3;94;94019;2;1;2;1;Rue de Champigny;;
536553030;26;2;2024;16:20;1;42;42189;1;1;1;4;M201;;
536553031;1;2;2024;17:15;1;26;26010;2;1;1;3;10 Rue de l'Europe;;
536553032;26;12;2024;10:00;1;93;93001;2;1;1;7;DOCTEUR PESQUE (RUE DU);;
536553033;5;9;2024;13:46;1;44;44109;2;6;1;3;Route de Saint Joseph;;
536553034;19;4;2024;17:50;1;94;94059;2;6;2;2;avenue alphonsine / avenue de la maréchale;;
536553035;31;1;2024;12:30;1;63;63241;1;9;1;2;Autoroute A75 PK18+800 sens SUD/NORD;;
536553036;26;12;2024;18:50;5;92;92078;2;9;1;3;MOULIN CAGE (QUAI);;
536553037;2;2;2024;12:00;1;62;62198;2;1;1;1;D75;;
536553038;5;1;2024;06:10;5;42;42218;2;2;1;1;Boulevard Robert Maurice;;
536553039;26;12;2024;12:27;1;92;92024;2;1;1;2;GENERAL ROGUET (RUE DU) DE (1 A 57)   (2;;
536553040;19;4;2024;21:30;5;94;94017;2;2;2;3;Rue Louis Talamoni / Rue Albert Thomas;;
536553042;19;5;2024;14:57;1;38;38487;2;1;1;3;BON ACCUEIL(MONTEE);;
536553043;26;12;2024;19:00;5;92;92023;2;3;1;6;PORTE DE TRIVAUX (RUE DE) N°57 A 197 ET;;
536553044;2;2;2024;08:50;1;2B;2B319;1;1;1;5;T10;;
536553045;13;5;2024;04:45;3;38;38317;1;1;1;2;A 480;;
536553046;25;12;2024;17:50;5;92;92023;2;1;1;6;JEAN BAPTISTE CLEMENT (AVENUE);;
536553047;2;2;2024;12:44;1;33;33424;1;1;1;7;les Trois Lagunes;;
536553048;18;4;2024;12:35;1;94;94002;2;3;1;4;Quai Blanqui / Rue du Confluent;;
536553049;5;9;2024;08:30;2;44;44162;2;1;1;6;82 Rue de la Gare;;
536553050;24;12;2024;08:15;2;47;47164;1;1;5;1;Route d'Issigeac;;
536553051;2;2;2024;11:50;1;71;71340;1;1;1;1;RN 70;;
536553052;19;4;2024;08:40;1;93;93078;2;2;1;1;Centre Commercial Beau Sevran;;
536553053;29;6;2024;18:30;1;66;66136;2;1;1;3;Rue Madame Marie de Sévigné;;
536553054;29;1;2024;16:30;1;71;71316;1;1;1;6;route de vicelaire;;
536553055;23;12;2024;18:20;5;83;83058;2;6;1;2;D557;;
536553056;19;4;2024;21:25;5;93;93072;2;1;9;1;Avenue du Colonel Rol-Tanguy;;
536553057;2;2;2024;20:30;5;63;63295;2;1;1;1;59 rue du commerce;;
536553058;28;6;2024;08:50;1;66;66136;2;3;1;3;PALMAROLE (COURS FRANCOIS);;
536553059;23;12;2024;10:50;1;84;84142;1;2;1;2;D31;;
536553060;1;2;2024;13:50;1;61;61474;1;1;2;7;Voie Communale;;
536553061;18;4;2024;09:45;1;93;93072;2;3;8;3;Boulevard Maxime Gorki / Rue Salvador Allende;;
536553062;4;9;2024;07:00;2;44;44109;2;6;1;6;6 Route de Paris;;
536553063;1;2;2024;18:10;3;46;46311;1;1;5;1;prentegarde;;
536553064;18;12;2024;07:30;2;42;42032;1;1;1;6;Route du Val Fleury;;
536553065;19;4;2024;13:00;1;93;93005;2;1;1;6;Avenue de Savigny;;
536553066;3;9;2024;18:30;1;44;44143;2;1;1;6;23 Rue de la Gabardière;;
536553067;1;2;2024;19:05;2;68;68240;2;1;1;2;Rue du Chemin de Fer (Oberdorf);;
536553068;19;4;2024;19:47;1;93;93070;2;5;2;3;Avenue Gabriel Péri / Rue Kléber;;
536553069;2;2;2024;01:30;3;25;25233;1;1;1;6;D461;;
536553070;3;9;2024;09:05;1;44;44162;2;6;1;3;Boulevard du Zenith;;
536553071;18;12;2024;10:30;1;83;83116;2;1;1;2;Route d?Esparron;;
536553072;26;1;2024;17:45;2;29;29192;1;1;7;6;Kerveuleugan;;
536553073;21;12;2024;20:20;5;83;83116;2;1;1;6;27 Rue Marceau;;
536553074;18;4;2024;19:30;1;93;93057;2;3;1;3;Allee d’Athenes / Avenue du Quatorze Juillet;;
536553076;26;1;2024;20:50;5;38;38431;2;1;1;7;Chemin de la Baratiere;;
536553077;18;4;2024;17:11;1;92;92048;2;2;1;6;PAVE DES GARDES (ROUTE DU);;
536553078;30;1;2024;16:15;1;01;01348;1;1;1;7;chemin de la passerelle de vannans;;
536553079;7;9;2024;15:04;1;93;93066;2;1;2;6;ARNOUVILLE;;
536553080;23;12;2024;09:00;1;19;19259;1;1;1;5;D1120;;
536553081;18;4;2024;08:55;1;92;92022;2;1;8;6;STALINGRAD (RUE DE);;
536553082;2;2;2024;08:10;1;66;66149;1;1;1;6;Route départementale 66;;
536553083;6;9;2024;15:30;1;81;81065;2;1;1;6;DE LAS CASES (RUE COMTE DE);;
536553084;23;12;2024;09:35;1;65;65161;1;1;8;1;N21;;
536553085;19;4;2024;19:00;1;92;92025;2;2;3;3;CHARLES DE GAULLE (BD);;
536553086;2;2;2024;10:44;1;54;54368;1;2;1;3;D992;;
536553087;2;9;2024;09:20;1;44;44109;2;6;1;3;18 Boulevard Michelet;;
536553089;19;4;2024;08:18;1;92;92024;2;3;1;2;MADAME DE SANZILLON (RUE);;
536553090;1;2;2024;17:34;1;50;50550;1;1;1;1;D433;;
536553091;30;5;2024;09:45;1;14;14036;1;1;1;7;A13;;
536553092;27;12;2024;12:50;1;61;61091;1;2;1;3;RD21;;
536553093;19;4;2024;13:40;1;92;92012;2;2;1;3;GALLIENI (RUE) 142/FIN;;
536553094;19;4;2024;08:20;1;92;92007;2;1;1;6;BRIAND (AVENUE ARISTIDE) N° 2 A 98;;
536553095;2;2;2024;12:30;1;50;50433;1;2;1;3;Route du Cap;;
536553096;11;7;2024;08:30;1;57;57647;2;3;1;3;FAMECK (RUE DE);;
536553097;26;12;2024;18:25;3;68;68060;1;1;5;6;D483;;
536553098;9;9;2024;08:20;1;974;97416;1;1;1;3;RN3 (3);;
536553099;1;2;2024;16:30;1;60;60368;2;3;1;3;Rue du Martellois;;
536553100;19;4;2024;19:50;1;72;72243;1;9;1;6;lieu dit la croix jouis;;
536553101;27;12;2024;14:00;1;39;39013;2;1;1;6;22 Route de Besançon;;
536553102;26;12;2024;23:05;3;31;31455;1;1;1;7;D627;;
536553103;2;2;2024;15:50;1;64;64472;1;1;1;1;20 Route de Montardon;;
536553104;9;9;2024;18:05;2;974;97411;2;6;1;3;JAURES (BOULEVARD JEAN);;
536553105;20;4;2024;16:35;1;59;59594;1;1;8;2;D169;;
536553106;2;2;2024;12:50;1;10;10107;1;1;1;1;N77;;
536553107;7;9;2024;20:00;5;974;97407;2;1;1;2;CARPAYE(AVENUE);;
536553108;20;4;2024;11:58;1;14;14162;1;3;1;1;Le Campoint;;
536553109;2;2;2024;07:45;2;16;16120;1;1;8;1;D104;;
536553110;9;9;2024;04:08;4;973;97302;2;6;1;3;CHARLERY (GUSTAVE);;
536553111;27;12;2024;00:40;3;06;06108;2;1;1;1;462 Chemin du Pont Neuf;;
536553112;19;4;2024;19:45;1;86;86262;1;1;1;1;Lieu-dit la Chambue;;
536553113;1;2;2024;16:40;1;07;07172;1;1;1;1;D267;;
536553114;8;9;2024;20:17;5;973;97302;2;6;1;7;MADELEINE (ROUTE DE LA);;
536553115;25;1;2024;08:00;2;24;24520;2;3;1;6;AVENUE THIERS;;
536553116;26;12;2024;18:45;3;14;14762;1;4;5;7;Route de Tesson;;
536553117;20;4;2024;17:10;1;974;97422;1;1;9;3;Chemin Forestier du Volcan;;
536553118;8;9;2024;11:20;1;973;97302;2;2;1;3;MOLE;;
536553119;2;2;2024;13:15;1;04;04049;2;1;1;6;Avenue du General de Gaulle;;
536553120;27;12;2024;16:10;1;90;90053;2;1;1;6;32 Rue General Leclerc;;
536553121;20;4;2024;09:30;1;67;67073;2;2;2;3;Route Romaine;;
536553122;9;9;2024;18:25;1;69;69388;2;3;9;6;Rue Professeur Beauvisage;;
536553123;1;2;2024;18:38;5;85;85108;2;1;1;3;5 Rue de grasla;;
536553124;26;12;2024;14:05;1;60;60509;2;1;1;1;Avenue d’Auvelais;;
536553125;27;8;2024;11:00;1;972;97209;2;1;1;6;REDOUTE (ROUTE DE LA);;
536553126;1;2;2024;15:00;1;27;27049;2;1;1;1;Rue de l'Ecole;;
536553127;20;12;2024;07:39;2;60;60541;2;1;5;6;D100;;
536553128;20;4;2024;09:10;1;974;97404;1;1;1;4;N1a;;
536553129;8;9;2024;22:00;3;972;97209;1;1;3;7;RD 41 (ROCADE);;
536553130;9;9;2024;17:55;2;971;97120;2;1;1;6;FREBAULT;;
536553131;20;12;2024;14:00;1;60;60277;2;1;7;1;Rue des Mésanges;;
536553132;31;1;2024;16:09;1;28;28189;1;2;1;3;N154;;
536553133;19;4;2024;19:00;1;34;34123;1;1;1;5;N109;;
536553134;8;9;2024;05:20;2;971;97101;1;1;3;6;PATRICK SAINT ELOI ( AVENUE );;
536553135;26;12;2024;21:10;3;10;10368;1;1;1;7;D619;;
536553136;16;3;2024;00:30;3;34;34123;1;1;1;6;N109 - Pk 007+100;;
536553137;1;2;2024;19:15;5;17;17434;2;3;2;1;Avenue de Saint Pierre;;
536553138;9;9;2024;21:30;5;95;95252;2;9;1;3;CHEMIN NEUF (RUE DU);;
536553139;26;12;2024;19:00;3;16;16360;1;1;5;6;D24;;
536553140;19;4;2024;06:00;3;37;37167;1;1;1;6;Autoroute A28 PK 033.580;;
536553141;27;12;2024;09:15;1;53;53147;2;1;1;6;250 Boulevard Jean Monnet;;
536553142;20;4;2024;17:04;1;19;19004;1;1;1;6;25 lieu-dit lachaud;;
536553143;1;2;2024;17:15;1;08;08184;1;1;1;6;D8043;;
536553144;5;9;2024;09:07;1;91;91477;2;2;3;3;GRANDE CEINTURE (BOULEVARD);;
536553146;23;12;2024;17:20;1;85;85202;1;1;1;1;l'ecole des chaffauds;;
536553147;19;4;2024;16:35;1;89;89464;1;3;8;3;D606;;
536553148;9;9;2024;00:10;3;91;91114;1;1;2;2;RTE NATIONALE 6;;
536553149;26;12;2024;10:55;1;69;69044;2;1;7;6;122 Route de Paris;;
536553151;19;4;2024;12:20;1;63;63064;1;1;1;1;D95;;
536553152;8;9;2024;17:14;1;87;87085;2;1;2;7;PLATON (RUE);;
536553153;27;12;2024;03:08;3;17;17463;1;1;5;4;D137;;
536553154;1;2;2024;07:15;1;974;97418;1;1;2;5;RN2 run market;;
536553155;8;9;2024;15:07;1;87;87048;1;1;2;7;RD 11;;
536553156;19;4;2024;18:15;1;63;63397;2;2;1;6;rue du sancy / rue Simone Veil;;
536553157;27;12;2024;05:40;3;38;38332;1;1;1;1;D45;;
536553158;8;9;2024;12:05;1;87;87085;2;2;1;3;ALLENDE (QUAI SALVADOR);;
536553159;28;1;2024;20:15;5;971;97121;1;1;1;5;RD 23, le rocher noir;;
536553160;18;4;2024;16:45;1;61;61491;1;1;1;5;Nationale12;;
536553161;27;12;2024;00:10;3;27;27554;1;1;5;2;Autoroute A.13;;
536553162;20;4;2024;14:15;1;61;61369;1;1;1;6;D260;;
536553163;6;9;2024;17:38;1;87;87085;2;1;2;6;COOPERATEURS (RUE DES);;
536553164;2;2;2024;00:01;3;34;34145;2;1;1;6;Avenue du Marechal Leclerc;;
536553165;19;4;2024;13:00;1;42;42221;2;1;1;6;Route de St Étienne Le Molard;;
536553166;25;12;2024;19:30;5;987;98754;1;1;1;1;RT PK 30.300 C/Mer;;
536553167;8;9;2024;01:10;5;85;85194;2;6;1;6;RD160;;
536553168;31;1;2024;12:05;1;13;13067;2;1;1;3;Avenue de la Victoire;;
536553169;27;12;2024;11:08;1;973;97304;1;1;1;7;RN1;;
536553170;20;4;2024;16:00;1;46;46138;1;1;1;6;D802;;
536553171;27;12;2024;09:29;2;77;77142;2;3;7;6;2 Rue du Marché;;
536553172;2;2;2024;08:10;2;52;52449;2;1;5;3;Route de Dijon;;
536553173;9;9;2024;14:45;1;83;83137;2;9;1;1;BRIAND (AVE ARISTIDE PROLONGEE);;
536553174;17;4;2024;18:30;1;47;47065;2;7;1;3;Place Viçoze;;
536553175;9;9;2024;08:45;1;83;83144;2;1;1;6;LUMIERE (AVE DES FRERES);;
536553176;17;4;2024;08:48;1;86;86293;1;1;1;6;N10;;
536553177;27;12;2024;16:10;1;78;78346;2;1;1;7;39 Rue de Mantes;;
536553178;1;2;2024;18:30;3;67;67033;1;9;2;4;pk 3 D1340e04;;
536553179;30;8;2024;08:30;1;83;83123;2;1;1;6;BANDOL (ROUTE)N° PAIRS;;
536553181;1;2;2024;16:50;1;73;73157;2;1;1;6;Rue jules ferry;;
536553182;25;12;2024;21:09;3;2B;2B140;1;1;1;1;rt20;;
536553183;9;9;2024;09:00;1;81;81018;2;1;2;7;BILLOUX ( AVENUE ANDRE );;
536553184;2;2;2024;18:20;3;42;42174;1;1;1;6;Route de Villedieu;;
536553185;20;4;2024;12:00;1;29;29020;2;1;1;6;1t Rue Général de Gaulle;;
536553186;8;9;2024;19:10;2;80;80021;1;1;2;7;SAVEUSE (RUE DE);;
536553187;25;12;2024;16:50;3;2B;2B199;1;1;1;1;RT 30 OSTRICONI;;
536553188;1;2;2024;16:45;1;38;38562;2;1;1;6;Avenue Maurice Thorez;;
536553189;9;9;2024;20:00;1;78;78440;2;1;1;3;LOUIS BLERIOT (RUE);;
536553190;27;12;2024;15:35;1;34;34033;2;2;1;3;D610;;
536553191;31;1;2024;17:15;1;26;26084;1;3;1;5;Route de Châteauneuf;;
536553192;9;9;2024;15:05;1;78;78440;2;1;1;6;GUSTAVE RAVANNE (RUE);;
536553193;27;12;2024;07:50;2;34;34058;1;1;1;3;D68 PK2+317;;
536553194;2;2;2024;07:45;2;31;31135;2;3;1;1;Rue Jeanne Penent;;
536553195;9;9;2024;16:30;1;78;78208;2;1;2;3;PRAGUE (RUE DE);;
536553196;23;12;2024;14:45;1;83;83042;2;1;6;6;59 Rue Marceau;;
536553197;1;2;2024;13:40;1;16;16232;1;1;1;6;2 Route des Grottes;;
536553198;27;12;2024;10:00;1;57;57159;2;1;1;6;Route de BOULAY;;
536553199;2;2;2024;18:35;5;14;14530;1;6;1;3;Rue de la Libération;;
536553200;27;12;2024;16:30;1;73;73150;1;1;1;3;D224 Route de Belle Plagne;;
536553201;9;9;2024;13:50;1;77;77083;2;1;1;6;GENERAL DE  GAULLE (AVENUE DU);;
536553202;27;12;2024;16:20;1;73;73050;1;1;1;5;D1504 route du tunnel;;
536553203;9;9;2024;20:30;5;77;77389;1;9;8;4;GENERAL LECLERC(AVENUE DU);;
536553204;31;1;2024;20:50;3;83;83027;1;1;1;5;A50;;
536553205;26;12;2024;18:00;5;07;07042;2;1;1;3;Avenue du Maréchal Leclerc;;
536553206;1;2;2024;02:28;3;91;91553;1;9;1;6;RN 104;;
536553207;9;9;2024;05:00;5;77;77284;2;1;1;6;GARE;;
536553208;1;2;2024;05:40;5;92;92051;1;1;2;6;N13;;
536553209;27;12;2024;17:00;2;69;69094;2;1;1;6;Route de Bordeaux;;
536553210;7;9;2024;10:40;1;76;76351;2;1;2;1;RENE COTY;;
536553211;31;1;2024;18:55;3;78;78165;1;1;1;4;RN12 INT;;
536553212;8;9;2024;23:40;5;76;76351;2;1;1;6;JEAN JAURES (AVENUE);;
536553213;23;12;2024;13:40;1;69;69298;2;2;2;5;Route de Givors;;
536553214;31;1;2024;07:15;5;78;78362;1;1;1;4;A13;;
536553215;26;12;2024;14:28;1;44;44215;2;1;1;6;6 Rue du Onze Novembre 1918;;
536553216;7;9;2024;10:05;1;76;76351;2;3;2;3;LAMBLARDIE (QUAI);;
536553217;1;2;2024;18:50;3;95;95572;1;1;1;2;N184;;
536553218;26;12;2024;02:45;3;44;44026;1;1;2;7;Route de Paris;;
536553219;8;9;2024;01:25;5;76;76351;2;6;1;6;ILE (QUAI DE L');;
536553220;1;2;2024;16:40;1;93;93010;1;1;1;2;AUTOROUTE A3;;
536553221;26;12;2024;16:15;1;80;80545;1;3;1;3;D934;;
536553222;22;12;2024;16:00;1;69;69007;1;1;3;6;Autoroute 7;;
536553223;1;2;2024;09:40;1;95;95241;1;1;2;3;N104;;
536553224;7;9;2024;17:45;1;72;72181;2;9;3;6;MAC JEAN (AV) N° PAIRS 308 ET plus;;
536553225;25;12;2024;13:13;1;69;69259;1;1;1;6;RD383   11.750 A 14.250;;
536553226;31;1;2024;19:30;5;95;95527;1;1;1;4;A1;;
536553227;8;9;2024;13:00;1;69;69276;1;1;1;1;Route Départementale 312;;
536553228;8;9;2024;02:05;5;67;67482;2;9;2;7;CERF BERR (RUE);;
536553229;1;2;2024;18:00;2;94;94081;1;1;2;5;A86;;
536553231;9;9;2024;15:10;1;66;66136;2;1;1;6;Avenue René Cassin;;
536553232;31;1;2024;16:15;1;94;94069;1;1;1;2;A4;;
536553233;9;9;2024;19:30;2;64;64445;2;1;2;2;BIZANOS DE;;
536553234;26;12;2024;13:55;1;91;91064;1;1;1;6;RN 118;;
536553235;31;1;2024;18:00;1;974;97411;2;1;1;1;CHAPELLE (RUE DE LA);;
536553236;9;9;2024;11:20;1;64;64445;2;1;1;2;JEAN MERMOZ;;
536553237;28;1;2024;12:15;1;974;97407;2;9;1;3;SOURCE DENISE (RUE DE LA)-RIV DES GALET;;
536553238;26;12;2024;03:11;3;91;91617;1;1;2;6;RN6 PROVINCE / RN 104 EXT;;
536553239;30;1;2024;22:20;4;973;97302;2;6;1;7;LEBLOND (ROND POINT);;