Num_Acc;jour;mois;an;hrmn;lum;dep;com;agg;int;atm;col;adr;lat;long
536553240;9;9;2024;07:15;2;64;64445;2;2;1;5;EDOUARD 7;;
536553241;31;1;2024;13:30;1;69;69388;2;3;1;3;Rue Marius Berliet;;
536553242;9;9;2024;22:10;5;64;64102;2;1;2;6;CEINTURE CENTRE COMMERCIAL BAB2;;
536553243;25;12;2024;22:07;3;91;91235;1;1;1;4;RN 104;;
536553244;31;1;2024;12:30;1;69;69142;2;1;1;3;Quai de la Libération;;
536553245;9;9;2024;18:00;1;64;64102;2;1;2;2;RESPLANDY (AVENUE DU CAPITAINE);;
536553246;31;1;2024;13:45;1;69;69389;2;2;1;6;Rue Sergent Michel Berthet;;
536553247;26;12;2024;16:55;1;93;93064;1;1;1;2;AUTOROUTE A86;;
536553248;8;9;2024;21:30;5;63;63300;2;2;1;3;RD2029/RD83/Bd Clémentel faubourg Bardo;;
536553249;31;1;2024;19:40;5;2A;2A004;2;9;1;2;#Boulevard Louis Campi#;;
536553250;7;9;2024;16:30;1;60;60057;2;1;1;6;Rue de Bretagne;;
536553251;31;1;2024;14:00;1;2A;2A004;2;6;1;6;16 Avenue Marechal Juin;;
536553252;26;12;2024;17:30;3;93;93078;1;1;1;4;AUTOROUTE A104;;
536553253;9;9;2024;09:35;1;59;59350;2;1;8;7;Rue de Luxembourg;;
536553254;31;1;2024;13:35;1;95;95203;2;2;1;3;MARCELLIN BERTHELOT (RUE);;
536553255;26;12;2024;11:30;1;93;93008;1;1;1;2;AUTOROUTE A86;;
536553256;8;9;2024;23:09;5;56;56098;2;1;2;3;73 Rue Jean Jaurès;;
536553257;31;1;2024;10:35;1;95;95288;2;1;1;6;D311;;
536553258;9;9;2024;15:40;1;51;51454;2;1;1;3;FOURIAUX (RUE MARIE-CLEMENCE);;
536553259;31;1;2024;09:10;1;91;91689;1;1;1;3;RD 118;;
536553260;26;12;2024;12:10;1;93;93064;1;1;1;2;AUTOROUTE A86;;
536553261;9;9;2024;07:50;1;51;51454;2;1;1;6;BONAPARTE (AVENUE DU GENERAL);;
536553262;29;1;2024;18:57;5;87;87085;2;2;1;6;TARRADE (AVENUE ADRIEN);;
536553263;6;9;2024;22:00;3;34;34301;2;1;1;6;RD2 Route de Balaruc;;
536553264;8;9;2024;03:03;5;51;51454;2;2;1;3;LAON (AVENUE) DU N° 2 A 60 (PAIR);;
536553265;31;1;2024;11:00;1;83;83069;2;6;1;2;LECLERC (AVENUE MARECHAL);;
536553266;1;9;2024;21:50;3;34;34108;1;1;1;1;RD 612;;
536553267;31;1;2024;17:50;1;82;82121;2;1;1;3;VOLTAIRE (RUE);;
536553268;8;9;2024;11:20;1;49;49246;2;1;1;2;GRANDES MAISONS CHEMIN;;
536553269;24;12;2024;10:00;1;59;59527;2;1;1;6;Rue Sainte-Hélène;;
536553270;31;1;2024;11:50;1;81;81004;2;1;1;6;FLANDRES DUNKERQUE (AV);;
536553271;8;9;2024;06:30;5;49;49007;2;1;1;6;MILLOT BOULEVARD JACQUES;;
536553272;30;9;2024;07:55;1;974;97413;2;1;1;6;3 Chemin de la Découverte;;
536553273;13;1;2024;16:03;1;77;77373;2;2;1;3;AV CHARLES ROUXEL;;
536553274;3;8;2024;11:15;1;13;13072;1;1;1;3;D6;;
536553275;8;9;2024;02:12;3;45;45234;2;9;1;3;1 Quai de Prague;;
536553276;3;8;2024;15:30;1;07;07313;2;1;1;3;Quai Jules Roche;;
536553277;13;1;2024;08:20;3;77;77350;1;1;1;5;N4;;
536553278;24;12;2024;18:20;2;987;98735;2;6;8;3;DUMONT D'URVILLE (RUE);;
536553279;31;8;2024;01:30;5;42;42218;2;6;1;3;Cours Fauriel;;
536553280;3;8;2024;14:15;1;07;07308;1;1;1;3;D221;;
536553281;31;1;2024;16:20;1;77;77284;2;1;1;2;FOCH (AVENUE DU ML.);;
536553282;25;12;2024;20:10;5;974;97411;2;3;1;6;BOIS DE NEFLES (ROUTE DE);;
536553283;2;8;2024;07:45;1;53;53271;2;1;1;6;Rue Jules Doitteau;;
536553284;9;9;2024;13:50;1;35;35238;2;1;1;6;PROVENCE (SQUARE DE);;
536553285;31;1;2024;08:05;2;77;77335;1;1;1;3;RN3 (ROUTE NATIONALE);;
536553286;25;12;2024;05:00;2;973;97302;2;1;2;7;HEDER (place);;
536553287;3;8;2024;15:57;1;40;40285;1;1;1;1;D57;;
536553288;9;9;2024;09:15;1;35;35238;2;1;1;3;LESAGE;;
536553289;31;1;2024;15:00;1;77;77372;1;1;1;1;D 934;;
536553290;25;12;2024;18:20;5;69;69388;2;3;1;6;Rue Ludovic Arrachart;;
536553291;4;8;2024;15:14;1;24;24376;1;1;8;1;D5;;
536553292;10;9;2024;00:45;5;34;34172;2;2;1;3;MAURIN (AVENUE DE;;
536553293;30;1;2024;17:29;1;71;71475;2;2;7;3;BUXY (ROUTE DE );;
536553294;3;8;2024;16:37;1;85;85084;1;1;1;7;les vrignolettes;;
536553295;25;12;2024;22:00;4;91;91228;2;6;1;3;TRAITE DE ROME (ROND-POINT DU);;
536553296;9;9;2024;08:05;1;34;34172;2;5;1;3;LIBERTE (AVENUE DE LA;;
536553297;3;8;2024;13:50;1;87;87195;1;1;1;7;D675;;
536553298;9;9;2024;09:00;1;34;34172;2;1;1;3;RECAMBALE (AVENUE DE LA);;
536553299;3;8;2024;15:45;1;30;30339;1;1;1;7;D986;;
536553300;17;1;2024;08:55;1;68;68297;2;1;2;6;BALE ( AVE DE)WIRU JUSQUE RUE MULHOUSENR;;
536553301;4;8;2024;17:00;1;30;30193;1;1;1;7;DFCI B78;;
536553302;30;1;2024;18:05;5;67;67482;2;1;2;3;MONTAGNE VERTE (RUE DE LA);;
536553304;25;12;2024;18:55;5;69;69290;2;1;1;1;Boulevard des Roses;;
536553305;4;8;2024;05:15;3;52;52044;1;1;1;6;departementale 134;;
536553306;2;9;2024;09:45;1;30;30189;1;1;1;1;ALES (ROUTE);;
536553307;31;1;2024;16:20;1;64;64445;2;6;1;3;ALSACE LORRAINE D';;
536553308;4;8;2024;01:45;3;13;13050;1;1;1;1;RD7n - PK37+500;;
536553309;24;12;2024;09:15;1;67;67462;2;1;1;3;THIERS (BOULEVARD);;
536553310;31;1;2024;05:10;5;64;64445;1;3;1;3;LARRIBAU;;
536553311;9;9;2024;19:00;1;22;22187;2;2;1;3;RUE DE LA CROIX LORMEL;;
536553312;22;12;2024;15:20;1;62;62498;2;2;1;3;Route de Lille;;
536553313;3;8;2024;22:30;3;77;77480;1;1;1;3;Autoroute A5 PK 28+000 direction PARIS;;
536553314;8;9;2024;19:00;1;19;19031;1;1;1;7;CHANLAT (LIEU-DIT);;
536553315;31;1;2024;08:30;1;63;63063;2;2;1;6;Joseph Prugnard / Jules Ferry;;
536553316;26;12;2024;00:15;5;61;61001;2;1;8;6;23 Boulevard de Strasbourg;;
536553317;4;8;2024;19:00;5;976;97608;2;1;1;3;Boulevard des Crabes;;
536553318;9;9;2024;22:30;5;13;13212;2;1;1;3;SAINT JULIEN (AVENUE DE );;
536553319;3;8;2024;11:50;1;971;97112;1;1;1;6;Lieu Dit Saint Marc;;
536553320;31;1;2024;08:25;1;63;63113;2;3;1;2;BREZET (AVENUE)/inra;;
536553321;5;9;2024;17:30;1;13;13028;2;2;1;3;CAMUSSO (AVENUE MARCEL );;
536553322;20;12;2024;08:00;2;59;59350;2;1;2;3;Boulevard de Belfort;;
536553323;4;8;2024;03:00;3;34;34127;2;6;1;6;D24;;
536553324;9;9;2024;19:55;2;75;75113;2;1;1;2;BOULEVARD PERIPHERIQUE EXTERIEUR SUD;;
536553325;3;8;2024;21:30;1;83;83068;2;1;1;7;Route du Littoral;;
536553326;30;1;2024;18:10;5;57;57672;2;1;1;6;GENERAL DE CASTELNAU (RUE DU);;
536553327;21;12;2024;09:50;1;59;59360;2;2;1;6;REPUBLIQUE BOULEVARD DE LA;;
536553328;4;8;2024;16:50;1;05;05103;1;1;1;7;d 1085 - PR 077.800;;
536553329;7;9;2024;19:15;1;75;75117;2;1;8;2;BOULEVARD PERIPHERIQUE INTERIEUR OUEST;;
536553330;30;1;2024;07:45;5;54;54395;2;9;1;1;Place Paul Painleve;;
536553331;13;5;2024;05:25;2;13;13052;2;6;1;7;RD5;;
536553332;7;9;2024;20:20;2;75;75120;2;1;1;5;BOULEVARD PERIPHERIQUE INTERIEUR NORD;;
536553333;31;1;2024;20:45;5;44;44162;2;1;1;6;1 Rue du Chêne Lasse;;
536553334;4;8;2024;02:45;3;89;89055;2;4;1;6;D84;;
536553335;25;12;2024;00:54;5;01;01053;2;1;1;2;PROVIDENCE ( CHEMIN DE LA);;
536553336;9;9;2024;15:56;1;75;75119;2;2;1;2;BOULEVARD D INDOCHINE;;
536553337;25;12;2024;16:30;1;75;75118;2;3;1;6;BOULEVARD NEY;;
536553338;31;1;2024;16:00;1;38;38421;2;3;1;3;AVENUE DU DOYEN LOUIS WEIL;;
536553339;4;8;2024;05:30;2;21;21416;1;1;1;3;D70, PK 058.500;;
536553340;31;1;2024;20:55;5;37;37233;2;1;1;6;COLOMBIER (RUE DU);;
536553341;25;12;2024;03:30;5;75;75116;2;1;2;6;AVENUE DE LA PORTE D AUTEUIL;;
536553342;8;9;2024;03:07;5;75;75119;2;2;1;3;PLACE DE LA BATAILLE DE STALINGRAD;;
536553343;4;8;2024;18:12;1;68;68001;1;6;1;7;D415;;
536553344;31;1;2024;16:10;1;37;37261;2;1;1;7;TRANCHEE (AVENUE DE LA);;
536553345;9;9;2024;13:05;1;75;75116;2;3;1;6;QUAI SAINT EXUPERY;;
536553346;25;12;2024;02:40;5;75;75116;2;1;2;3;ALLEE DE LONGCHAMP;;
536553347;3;8;2024;21:12;2;57;57254;1;1;1;1;D12 PK 6+900;;
536553348;31;1;2024;08:20;5;36;36159;2;2;5;1;Rue de la Charbonnière;;
536553349;9;9;2024;06:42;2;75;75114;2;2;2;3;BOULEVARD ROMAIN ROLLAND;;
536553350;4;8;2024;03:10;3;03;03242;1;6;1;6;Route Nationale 7;;
536553351;24;12;2024;22:25;5;75;75115;2;2;2;3;RUE DE LA CONVENTION;;
536553352;31;1;2024;16:45;2;35;35238;2;6;1;3;ROUTE DE ST MALO;;
536553353;3;8;2024;14:50;1;38;38148;2;1;1;6;36 Route du Pré Veyret;;
536553354;7;9;2024;18:55;1;75;75114;2;2;1;3;AVENUE DU MAINE;;
536553355;3;8;2024;23:45;3;38;38203;1;1;1;6;N85;;
536553356;24;12;2024;23:25;5;75;75112;2;1;2;1;RUE DE DIJON;;
536553357;9;9;2024;19:20;1;75;75111;2;1;8;3;RUE DE LA ROQUETTE;;
536553358;29;1;2024;21:45;5;34;34032;2;2;1;3;BELIN EDOUARD (RUE);;
536553359;3;8;2024;17:20;1;26;26362;1;3;1;3;Route du Guimandet;;
536553360;24;12;2024;20:52;5;75;75110;2;2;2;6;BOULEVARD DE LA VILLETTE;;
536553361;9;9;2024;18:15;1;75;75108;2;2;8;3;RUE DE CONSTANTINOPLE;;
536553363;2;8;2024;17:40;1;69;69037;1;1;1;5;Route du Stade François Chavant;;
536553364;31;1;2024;07:40;1;31;31069;2;9;1;3;POTEZ (ALL HENRI);;
536553365;25;12;2024;20:50;5;93;93073;2;3;2;3;CHAPIT RE ( RUE DU);;
536553366;9;9;2024;10:30;1;75;75101;2;2;8;3;BOULEVARD DE SEBASTOPOL;;
536553367;31;1;2024;18:15;4;30;30243;1;1;1;7;MOULIN (AVENUE J.);;
536553368;9;9;2024;14:00;1;94;94068;2;2;1;3;Avenue Foch;;
536553369;3;8;2024;14:09;1;81;81140;1;1;1;2;Route Pierre Fabre;;
536553370;24;12;2024;22:49;5;92;92077;2;1;2;2;SEVRES (RUE DE);;
536553371;30;1;2024;11:00;1;29;29019;2;6;1;6;rue du Huit Mai 1945;;
536553372;17;7;2024;06:15;2;31;31291;1;1;1;1;Route de Saint-lys;;
536553373;25;12;2024;12:30;1;92;92063;2;9;2;3;GALLIENI (RUE);;
536553374;8;9;2024;22:48;5;94;94041;2;2;3;3;Rue Pierre et Marie Curie;;
536553375;31;1;2024;07:55;5;28;28134;2;1;1;6;SANGNIER (RUE MARC);;
536553376;26;12;2024;12:30;1;60;60318;1;1;1;2;D200;;
536553377;9;9;2024;08:00;1;94;94077;2;2;2;6;Avenue Paul Painlevé;;
536553378;4;8;2024;05:50;4;17;17336;2;3;1;3;Route Nationale 137 Rulon;;
536553379;30;1;2024;12:50;1;27;27306;2;1;1;1;QUATORZE JUILLET (BOULEVARD);;
536553380;25;12;2024;22:20;3;34;34225;1;1;1;6;départementale 612;;
536553381;9;9;2024;09:50;1;93;93031;2;2;8;3;ALLENDE (AVENUE SALVADOR);;
536553382;4;8;2024;12:20;1;14;14325;2;1;1;2;455 Grande Rue;;
536553383;31;1;2024;15:45;1;25;25056;2;1;7;6;STRASBOURG QUAI DE;;
536553384;3;8;2024;01:15;3;27;27161;1;6;1;6;D613;;
536553385;9;9;2024;11:45;1;93;93062;2;9;2;3;NOTRE-DAME DES ANGES (ALLEE)  1 - 33;;
536553386;29;1;2024;05:30;5;17;17415;2;9;1;6;CORMIER RUE DU;;
536553387;4;8;2024;01:30;3;60;60028;1;1;1;6;D1330;;
536553388;9;9;2024;06:00;5;93;93073;2;1;1;6;CHAPIT RE ( RUE DU);;
536553389;26;12;2024;08:15;1;974;97422;1;1;1;7;Nationale 3;;
536553390;3;8;2024;19:23;1;62;62148;2;1;1;6;D919;;
536553391;1;2;2024;00:02;5;13;13208;2;1;1;1;pointe rouge (ave);;
536553392;6;9;2024;21:00;5;93;93032;2;3;1;3;PAUL VAILLANT COUTURIER (RUE);;
536553393;26;12;2024;08:05;3;76;76584;1;1;5;5;A28;;
536553394;31;1;2024;12:40;1;13;13209;2;1;1;3;MAZARGUES (AVENUE DE);;
536553395;9;9;2024;12:15;1;93;93010;2;1;2;6;AULNAY (ROUTE) COTE PAIRE DE 2 A FIN;;
536553396;20;12;2024;04:45;3;62;62856;1;1;2;6;Rue de Guestreville;;
536553397;2;8;2024;17:32;1;13;13106;1;1;1;2;A51-Sens Aix en Provence vers Marseille;;
536553398;31;1;2024;08:05;2;13;13005;2;1;1;2;GEMENOS (ROUTE DE CD2);;
536553399;25;12;2024;21:10;3;77;77065;1;1;2;1;D372;;
536553400;2;8;2024;12:20;1;69;69199;1;1;1;3;Boulevard Périphérique Laurent Bonnevay;;
536553401;31;1;2024;05:25;3;13;13005;2;1;1;7;AUMONE (TRAVERSE DE L');;
536553402;9;9;2024;13:00;1;92;92073;2;3;2;3;VERDUN (RUE DE);;
536553404;31;1;2024;14:00;1;04;04112;2;1;1;1;VOLTA (CHEMIN ALESSANDRO);;
536553405;2;8;2024;23:45;4;69;69272;1;1;1;6;Autoroute 46;;
536553406;31;1;2024;19:00;5;75;75119;2;4;1;7;ECHANGEUR PRE SAINT GERVAIS;;
536553407;25;12;2024;18:25;3;80;80294;1;1;2;6;D1017;;
536553408;9;9;2024;08:55;1;92;92036;2;2;1;2;GRESILLONS (QUAI DES);;
536553409;3;8;2024;17:50;1;91;91161;1;1;1;7;AUTOROUTE A6;;
536553410;26;12;2024;17:57;5;80;80354;2;2;1;6;28 Rue Principale;;
536553411;3;8;2024;17:20;1;91;91659;1;1;1;7;AUTOROUTE A6;;
536553412;30;1;2024;09:08;1;75;75108;2;7;1;3;PLACE DU CANADA;;
536553413;8;9;2024;21:05;5;92;92035;2;2;2;3;Verdun 1916 ( avenue de );;
536553414;25;12;2024;18:00;3;32;32132;1;1;9;1;239 route de jegun;;
536553415;3;8;2024;13:40;1;92;92002;1;1;1;2;AUTOROUTE A86;;
536553416;9;9;2024;10:00;1;92;92012;2;1;2;7;PONT DE BILLANCOURT (PLACE DU);;
536553417;31;1;2024;02:00;5;75;75111;2;3;1;3;BOULEVARD DES FILLES DU CALVAIRE;;
536553418;3;8;2024;14:54;1;78;78640;1;1;1;4;A86 EXT;;
536553419;26;12;2024;06:05;3;49;49323;1;1;2;3;Route Départementale N°323 de Nantes à Paris (Saint-Sylvain-d'Anjou);;
536553420;9;9;2024;18:20;1;92;92002;2;1;8;3;DIVISION LECLERC (1 A 29 -2 A 34);;
536553421;3;8;2024;07:15;1;78;78545;1;9;8;7;A12 Y;;
536553422;29;1;2024;20:38;5;75;75117;2;2;1;6;BOULEVARD BESSIERES;;
536553423;26;12;2024;08:44;2;12;12270;2;1;7;6;Avenue du Général de Gaulle;;
536553424;9;9;2024;04:05;3;01;01235;1;1;2;1;D1083;;
536553425;2;8;2024;13:50;1;92;92025;1;1;1;2;A86;;
536553426;25;12;2024;18:00;3;41;41059;1;1;2;1;rd 956;;
536553427;30;1;2024;08:30;2;75;75115;2;1;1;2;BOULEVARD PASTEUR;;
536553428;9;9;2024;12:10;1;73;73245;1;1;2;3;D1504 Route du tunnel;;
536553429;26;12;2024;13:15;1;34;34139;1;1;1;1;D909;;
536553430;31;1;2024;18:30;5;75;75112;2;1;1;6;BOULEVARD DE PICPUS;;
536553431;2;8;2024;01:10;3;78;78571;1;1;1;2;A13;;
536553432;10;9;2024;11:40;1;43;43080;2;7;1;3;Rue Saint-roch;;
536553433;31;1;2024;08:05;2;75;75109;2;3;1;7;RUE LA FAYETTE;;
536553434;3;8;2024;07:10;1;93;93001;1;1;1;2;AUTOROUTE A86;;
536553435;25;12;2024;07:45;2;68;68155;2;1;1;7;18 Route d'Eguisheim;;
536553436;10;9;2024;08:30;1;57;57479;1;1;1;1;D956;;
536553437;30;1;2024;23:25;5;75;75109;2;3;1;6;BOULEVARD HAUSSMANN;;
536553438;3;8;2024;00:30;3;95;95527;1;1;1;2;A3;;
536553440;31;1;2024;15:35;1;75;75102;2;3;1;6;BOULEVARD DE BONNE NOUVELLE;;
536553441;19;12;2024;18:30;5;44;44052;1;1;2;1;39 Route de Crossac;;
536553442;2;8;2024;21:45;5;93;93066;2;9;1;4;AUTOROUTE A1;;
536553443;7;9;2024;16:35;1;972;97214;1;1;1;3;N1;;
536553444;31;1;2024;13:10;1;75;75102;2;3;1;3;BOULEVARD DE BONNE NOUVELLE;;
536553445;7;9;2024;09:10;1;972;97227;1;1;3;3;Quartier Bellay;;
536553446;24;12;2024;19:00;3;29;29196;1;1;5;1;Traon Ivern;;
536553447;3;8;2024;12:30;1;94;94033;1;1;1;5;A86;;
536553448;25;12;2024;17:50;3;31;31399;2;1;2;7;Route de Mauzac;;
536553449;9;9;2024;11:30;1;21;21214;1;1;3;6;Autoroute A6, PK 278+100;;
536553450;31;1;2024;08:10;1;94;94078;2;3;1;3;Rue de Paris / Av de l’Appel du 18 Juin 1940;;
536553451;24;12;2024;14:50;1;14;14326;1;1;2;6;3747 Route de Cormeilles;;
536553452;2;8;2024;21:45;5;988;98818;2;4;2;6;AVENUE DU GENERAL DE GAULLE/RUE DE SEBASTOPOL;;
536553453;10;9;2024;17:45;1;83;83036;2;1;1;3;Avenue de Saint-raphaël;;
536553454;31;1;2024;00:05;5;94;94077;2;1;1;7;Pont de Villeneuve-Le-Roi;;
536553455;25;12;2024;11:45;1;60;60471;1;2;8;6;D932;;
536553456;2;8;2024;15:00;1;973;97302;2;3;1;3;ESTREES (AVENUE D');;
536553457;10;9;2024;13:20;1;62;62506;2;1;2;6;D191;;
536553458;30;1;2024;18:40;5;94;94068;2;3;1;2;Avenue Foch / Rue de la Réunion;;
536553459;26;12;2024;12:15;1;64;64443;1;1;1;7;Route de Pardies;;
536553460;10;9;2024;08:55;1;06;06064;2;1;1;1;1326 Chemin de Provence;;
536553461;2;8;2024;20:00;1;69;69387;2;1;1;6;Route de Vienne;;
536553462;23;12;2024;17:18;2;43;43112;2;1;2;7;Avenue de la Margeride;;
536553463;31;1;2024;09:45;1;94;94042;2;1;1;2;Avenue du Général Galliéni;;
536553464;5;9;2024;11:10;1;14;14389;1;1;2;4;A84;;
536553465;2;8;2024;09:30;1;69;69383;2;1;1;6;Rue de l'Est;;
536553466;19;12;2024;18:30;5;21;21425;2;4;2;6;Route de Dijon;;
536553467;31;1;2024;19:30;5;94;94016;2;2;1;6;Rue d'Alsace / Avenue Paul Vaillant-Couturier;;
536553468;2;8;2024;15:14;1;972;97209;2;1;1;6;RD 41 (ROCADE);;
536553469;10;9;2024;03:45;5;14;14061;1;1;1;6;A84;;
536553470;24;12;2024;18:30;3;24;24490;1;3;1;3;Route Beausoleil (Festalemps);;
536553471;10;9;2024;16:56;1;12;12145;1;1;1;2;A75 PK 213+880;;
536553472;2;8;2024;14:09;1;972;97209;2;3;1;3;RELIGIEUSES (ROUTE DES);;
536553473;24;12;2024;22:00;3;85;85210;1;1;2;6;RD978;;
536553474;2;8;2024;19:00;1;69;69081;2;1;3;7;06 Chemin Jean-Marie Vianney;;
536553475;31;1;2024;02:30;5;94;94081;2;2;1;3;Avenue de la Commune de Paris / Rue de la Petite Saussaie / Avenue Lucien Français;;
536553476;10;9;2024;03:05;3;35;35024;1;1;1;7;D175;;
536553477;25;12;2024;21:18;3;08;08264;1;1;1;6;D980;;
536553478;2;8;2024;12:39;1;2B;2B033;2;1;1;3;TOUTES RUES;;
536553479;25;12;2024;19:50;3;08;08185;1;1;2;6;D988;;
536553480;4;1;2024;17:20;5;94;94073;2;3;1;3;Avenue de Versailles / Avenue Georges Halgoult;;
536553481;9;9;2024;15:05;1;76;76361;1;1;2;3;605 Route d'Etretat;;
536553482;1;8;2024;21:00;5;971;97101;2;1;1;5;ROUTE DE CHAZEAU;;
536553483;10;9;2024;21:00;3;2B;2B273;1;1;1;6;D506;;
536553484;31;1;2024;13:30;1;93;93064;2;7;1;6;Place Carnot;;
536553485;1;8;2024;18:20;1;971;97101;1;9;1;6;Pont de BLANCHARD;;
536553486;9;9;2024;16:05;1;65;65169;2;1;1;6;8 route du lac;;
536553487;31;1;2024;17:55;5;92;92078;2;2;1;3;BONGARDE (RUE);;
536553488;2;8;2024;19:15;2;2A;2A004;2;1;1;6;MARECHAL LYAUTEY AVENUE PAIR;;
536553489;25;12;2024;16:20;1;987;98715;2;1;1;3;PK 4 en face de la mairie de Faaa;;
536553490;9;9;2024;18:40;1;47;47252;1;1;1;6;D911l;;
536553491;26;12;2024;00:06;3;49;49223;1;1;2;6;A87;;
536553492;2;8;2024;11:08;1;2A;2A004;2;1;1;3;PRINCE IMPERIAL COURS;;
536553493;31;1;2024;08:30;1;92;92078;2;2;1;2;GALLIENI (BD) (1 A 79 ET 22 A 102);;
536553494;3;8;2024;01:40;3;91;91228;2;1;1;7;RN7;;
536553495;10;9;2024;10:30;1;41;41186;1;3;1;3;D36;;
536553496;31;1;2024;10:40;1;92;92062;2;1;1;6;FUSILLES DE LA RESISTANCES (RUE DES) N°1;;
536553497;2;8;2024;02:50;3;91;91223;1;1;1;7;R.D.20;;
536553498;31;8;2024;01:30;5;29;29189;2;1;1;6;rue du Père Gwenaël;;
536553499;2;8;2024;09:23;1;87;87085;2;3;1;3;DUTREIX (RUE ARMAND);;
536553500;22;12;2024;14:50;1;14;14198;1;1;6;2;A13;;
536553501;31;1;2024;20:39;5;92;92024;2;2;1;6;FOURNIER (RUE);;
536553502;8;9;2024;10:52;1;25;25367;2;2;1;3;43 Rue de Beaulieu;;
536553503;1;8;2024;15:08;1;87;87075;1;1;1;1;RN 21;;
536553504;8;9;2024;17:30;1;44;44175;2;1;2;6;201 Le Cruttier;;
536553505;30;7;2024;17:00;1;84;84007;2;1;1;3;PIERRE SEMARD (avenue);;
536553506;26;12;2024;11:33;1;69;69013;1;1;1;4;Autoroute 6;;
536553507;31;1;2024;19:40;4;92;92004;2;1;1;6;NORMANDIE  ( RUE DE );;
536553508;26;12;2024;09:15;1;972;97230;1;1;1;1;Route de la Caravelle (rd2);;
536553509;9;9;2024;12:20;1;44;44131;1;1;1;4;Route Bleue;;
536553510;1;8;2024;15:20;1;84;84007;2;3;1;3;JEAN BOCCACE (AVENUE);;
536553511;1;2;2024;14:30;1;95;95487;1;1;1;3;D301;;
536553512;8;9;2024;01:38;5;29;29163;2;2;2;6;79 Rue de la République;;
536553513;30;7;2024;15:15;1;83;83126;2;2;1;3;CORSE RESISTANTE (BD DE LA);;
536553514;25;12;2024;17:38;3;45;45324;1;3;1;6;D951 PR 61 + 651;;
536553515;1;2;2024;02:10;3;972;97221;1;1;1;6;route nationale 8;;
536553516;10;9;2024;17:35;1;15;15187;2;6;1;3;24 Avenue Léon Bélard;;
536553517;26;12;2024;17:00;2;77;77315;2;1;1;7;2 Avenue du Marechal Foch;;
536553518;31;1;2024;14:30;1;972;97227;1;1;1;3;ROUTE NATIONALE 5;;
536553519;7;8;2024;09:15;1;26;26278;1;1;1;7;route du poët;;
536553520;2;8;2024;20:00;1;80;80379;1;1;1;5;D1029;;
536553521;25;12;2024;23:30;3;13;13089;1;1;1;6;D29;;
536553522;2;8;2024;12:40;1;80;80724;2;1;1;3;Rue Roger Salengro;;
536553523;29;1;2024;18:55;3;69;69260;2;3;1;1;152 Rue de la Fée des Eaux;;
536553524;8;9;2024;05:30;4;18;18101;2;3;5;7;9 Route de Sancoins;;
536553525;23;12;2024;09:50;1;13;13105;1;3;1;3;D569;;
536553526;31;1;2024;17:45;3;62;62452;1;1;1;7;D77;;
536553528;31;7;2024;11:35;1;80;80021;2;1;1;3;LOUIS BLANC (AVENUE);;
536553529;24;12;2024;04:45;3;33;33227;1;9;2;6;Route Nationale 524;;
536553530;2;8;2024;22:50;3;78;78586;1;1;1;7;RD 1021;;
536553531;21;12;2024;22:42;5;29;29103;2;1;2;6;22 quai de Léon;;
536553532;9;9;2024;07:48;1;07;07294;1;1;1;1;D255;;
536553533;31;1;2024;15:40;1;57;57235;1;1;8;1;D918;;
536553534;25;12;2024;16:24;1;22;22343;2;4;5;6;114 Rue des Plages;;
536553535;10;9;2024;10:25;1;53;53097;1;1;8;2;route départementale 07;;
536553536;2;8;2024;13:20;1;78;78621;2;2;1;2;HENNEQUIN (AVENUE ROGER);;
536553537;1;2;2024;07:45;3;56;56096;1;2;8;3;Kergano;;
536553538;24;12;2024;19:24;3;60;60047;2;1;2;1;D330a;;
536553539;6;9;2024;17:55;1;04;04097;1;1;1;6;D900;;
536553540;2;8;2024;04:57;3;77;77067;1;1;2;2;RD 306;;
536553541;25;1;2024;18:25;3;76;76685;1;3;1;5;9 route de sassetot;;
536553542;9;9;2024;11:55;1;17;17218;2;1;1;3;D114;;
536553543;2;8;2024;23:40;5;72;72181;2;2;1;3;PASTEUR (RUE);;
536553544;30;1;2024;11:40;1;47;47310;2;2;1;6;cours de verdun;;
536553545;1;8;2024;13:45;1;72;72181;2;1;7;1;PREMARTINE DE SAVORGNAN A LIMITE CIRCO;;
536553546;3;9;2024;13:10;1;37;37050;2;2;1;1;72 Avenue de la République;;
536553547;1;2;2024;05:47;3;47;47140;1;1;5;6;D13;;
536553548;2;8;2024;12:05;1;71;71306;2;2;1;3;ALOUETTES (AVENUE DES);;
536553549;26;1;2024;07:00;5;68;68004;2;1;1;3;Av du 8e Regiment de Hussards;;
536553550;10;9;2024;16:40;1;30;30021;1;1;1;7;D120;;
536553551;1;8;2024;18:20;1;71;71105;2;1;7;3;DAVAYE (ROUTE DE);;
536553552;1;2;2024;18:15;5;25;25578;2;4;3;6;Av du Gal Pierre Marie Burnez;;
536553553;9;9;2024;21:55;3;13;13080;1;2;1;3;D561;;
536553554;31;7;2024;17:57;1;71;71270;2;1;1;7;LUMIERE (RUE DES FRERES);;
536553555;27;1;2024;15:30;1;38;38229;2;1;1;6;27 Avenue du Vercors;;
536553556;2;8;2024;13:30;1;71;71076;2;2;1;3;SENTIERS (RUE );;
536553557;10;9;2024;08:25;1;91;91579;1;1;1;3;Route départementale 31;;
536553558;31;1;2024;16:35;1;38;38386;1;3;1;3;D28;;