Num_Acc;jour;mois;an;hrmn;lum;dep;com;agg;int;atm;col;adr;lat;long
536553559;2;8;2024;13:00;1;71;71118;2;9;1;3;PONT DE PIERRE (RUE DU);;
536553560;10;9;2024;17:50;1;66;66213;2;9;1;3;Boulevard de Clairfont;;
536553561;19;7;2024;18:10;1;69;69290;2;1;1;6;Route de Grenoble;;
536553562;31;1;2024;15:40;1;01;01352;1;2;1;3;route de béréziat;;
536553563;10;9;2024;12:05;1;27;27701;1;1;1;2;A13;;
536553564;2;8;2024;14:08;1;67;67482;2;1;1;6;LOUISE MICHEL (RUE);;
536553565;1;2;2024;05:50;3;26;26166;2;1;1;3;boulevard frederic mistral;;
536553566;9;9;2024;17:30;1;45;45121;1;1;2;6;D93 PR 24 + 659;;
536553567;2;8;2024;13:10;1;67;67482;2;1;3;7;BISCHWILLER (ROUTE DE);;
536553568;21;1;2024;15:45;1;83;83102;1;1;1;7;RD9 PK10+000;;
536553569;7;9;2024;14:20;1;95;95012;1;1;1;6;D37;;
536553570;31;1;2024;16:20;1;64;64411;1;1;1;7;D918;;
536553571;2;8;2024;11:50;1;66;66136;2;1;1;2;Boulevard de la France Libre;;
536553572;4;9;2024;21:00;3;34;34154;1;9;2;6;Intersection D66/D189;;
536553573;31;1;2024;16:57;1;16;16251;1;1;1;6;D127;;
536553574;1;8;2024;11:50;1;64;64348;2;1;1;2;EUROPE DE L';;
536553575;2;8;2024;18:15;1;62;62774;2;9;1;7;RD940;;
536553576;6;9;2024;03:25;3;13;13085;1;3;1;2;D1;;
536553577;31;1;2024;20:00;3;85;85096;1;1;1;6;RD 90;;
536553578;23;8;2024;00:15;3;67;67282;2;1;1;7;Rue du Moulin;;
536553579;1;8;2024;16:45;1;62;62894;1;1;1;1;D96E1;;
536553580;31;1;2024;08:00;2;85;85025;1;1;1;2;D62;;
536553581;27;6;2024;23:10;5;59;59392;2;7;1;6;VERTE (PLACE);;
536553582;10;9;2024;08:25;1;42;42261;2;1;1;3;Route de Lyon;;
536553583;2;8;2024;19:09;1;56;56164;2;9;1;3;Rue du Docteur Léonce Franco;;
536553584;31;1;2024;16:20;1;27;27032;1;2;7;3;CD33;;
536553585;10;9;2024;09:10;1;42;42328;1;4;1;3;Route de Drutel;;
536553586;3;8;2024;00:25;3;50;50502;2;1;1;3;POTERNE;;
536553587;31;1;2024;17:30;1;28;28401;1;2;7;3;D920;;
536553588;8;9;2024;17:50;1;69;69228;2;1;2;1;Route de Saint-Didier;;
536553589;1;2;2024;13:00;1;23;23113;1;1;2;7;Fougerolle;;
536553590;2;8;2024;11:20;1;50;50147;2;3;1;3;ECLUSE CHETTE;;
536553591;2;8;2024;18:50;1;49;49007;2;1;1;6;DUVERNAY RICHARD;;
536553592;1;2;2024;10:35;1;30;30310;1;1;1;3;D907;;
536553593;1;2;2024;12:00;1;30;30227;1;1;1;1;Route d'Uzès Prolongée;;
536553594;31;1;2024;09:15;1;33;33498;1;1;1;3;A63;;
536553595;2;8;2024;11:40;1;35;35238;2;2;1;3;LORIENT (DE);;
536553596;1;2;2024;17:23;2;57;57144;1;1;7;4;a320 pk 2+450;;
536553597;1;8;2024;22:50;5;35;35238;2;5;1;3;FREVILLE (AVENUE HENRI);;
536553598;31;1;2024;16:30;1;14;14016;1;1;1;7;A13;;
536553599;1;8;2024;12:00;1;35;35238;2;6;1;3;BIGNON (DU);;
536553600;2;8;2024;09:50;1;34;34108;2;1;1;3;MOULIN JEAN (AVENUE);;
536553601;31;1;2024;20:25;3;13;13032;1;1;1;1;d18;;
536553602;2;8;2024;10:10;1;34;34301;2;1;1;6;BLANC CAMILLE (BOULEVARD);;
536553603;31;1;2024;14:20;1;971;97128;1;1;1;7;Surgy;;
536553604;1;2;2024;12:00;1;971;97118;1;1;1;2;nationale 1;;
536553605;2;8;2024;21:45;5;34;34172;2;1;2;2;RIMBAUD (RUE PAUL);;
536553606;31;1;2024;21:30;3;77;77005;1;1;1;6;D418;;
536553608;1;8;2024;00:27;5;34;34172;2;2;1;1;JUSTICE DE CASTELNAU (AVENUE DE LA);;
536553610;31;1;2024;10:10;1;34;34154;1;3;5;3;D172;;
536553612;1;8;2024;09:55;1;32;32013;2;1;8;1;DUGOMMIER (RUE);;
536553613;1;2;2024;05:50;3;67;67125;1;2;1;3;D1422;;
536553614;2;8;2024;03:30;5;30;30007;2;1;1;6;SPORTS (CHEMIN DES);;
536553616;1;2;2024;05:40;3;57;57620;1;3;2;3;D181 a;;
536553617;1;8;2024;10:10;1;29;29039;2;1;1;6;Rue de Lanriec;;
536553618;1;2;2024;10:00;1;73;73215;1;1;1;2;"D207 - ""au jay""";;
536553619;1;8;2024;17:30;1;29;29019;2;1;1;2;D112;;
536553620;1;2;2024;11:25;1;69;69074;1;1;1;6;170 Route de Rivolet;;
536553621;29;1;2024;01:30;3;29;29094;1;1;1;7;Route de Kergoff;;
536553622;31;1;2024;09:55;1;22;22077;1;1;1;3;D768;;
536553623;1;8;2024;12:25;1;27;27229;2;3;1;1;MARNIERE RIGA (RUE DE LA);;
536553624;2;8;2024;22:45;2;19;19031;2;1;1;7;DUMYRAT (RUE);;
536553625;1;2;2024;07:30;2;57;57588;1;1;2;1;D62;;
536553626;1;8;2024;11:50;1;15;15014;2;6;1;3;Chemin de Conthe;;
536553627;1;2;2024;12:20;1;80;80759;1;1;1;2;D1017;;
536553628;31;7;2024;03:00;3;15;15014;2;1;1;6;Rue Jean Moulin;;
536553629;1;2;2024;10:39;1;62;62014;2;1;1;6;Rue de Saint-omer;;
536553630;2;8;2024;08:10;1;14;14574;1;1;1;1;2110 Route de Dives;;
536553631;29;1;2024;10:30;1;59;59012;1;1;1;1;Rue d'Hirson;;
536553633;2;8;2024;07:20;1;13;13108;1;2;1;3;CAYADES (ROUTE DES);;
536553634;31;1;2024;19:00;3;93;93064;1;1;1;2;AUTOROUTE A86;;
536553635;2;8;2024;20:00;1;13;13205;2;1;1;2;JEAN MOULIN (BOULEVARD);;
536553636;31;1;2024;16:10;1;95;95351;1;1;1;7;N104;;
536553637;31;1;2024;13:15;1;92;92078;1;1;1;7;AUTOROUTE A86;;
536553638;31;1;2024;19:00;2;94;94017;1;1;1;5;A4;;
536553639;2;8;2024;08:00;1;13;13213;2;1;1;3;POILUS (AVENUE DES);;
536553640;29;1;2024;07:00;1;987;98735;2;9;1;3;REINE POMARE IV (AVENUE);;
536553641;2;8;2024;00:10;4;13;13005;2;9;1;6;BOYER (AVENUE ANTIDE);;
536553642;30;1;2024;12:35;1;974;97407;2;1;1;3;ROUTE DU SACRE COEUR;;
536553644;30;1;2024;23:10;4;69;69387;2;2;1;3;Avenue Berthelot;;
536553645;29;1;2024;08:35;1;972;97209;1;1;2;7;RELIGIEUSES (ROUTE DES);;
536553646;12;7;2024;22:17;5;06;06088;2;9;1;3;77 Boulevard François Grosso;;
536553647;30;1;2024;10:00;1;69;69034;2;1;1;6;1 Place Maréchal Foch;;
536553648;30;1;2024;19:53;3;2B;2B033;2;9;1;6;TOUTES RUES;;
536553649;13;7;2024;20:45;1;02;02408;2;1;1;6;40 Rampe Saint-Marcel;;
536553650;30;1;2024;19:30;3;971;97101;1;1;1;2;CHAUVEL;;
536553651;29;1;2024;08:40;1;971;97101;2;2;1;3;CHAUVEL;;
536553652;2;8;2024;18:40;1;75;75116;2;1;1;4;BD PERIPHERIQUE INTERIEUR;;
536553653;2;8;2024;17:50;1;75;75115;2;1;1;2;BD PERIPHERIQUE EXTERIEUR;;
536553654;2;8;2024;14:30;1;75;75116;2;1;1;2;BD PERIPHERIQUE INTERIEUR;;
536553655;2;8;2024;17:19;1;75;75110;2;3;1;3;RUE DU FAUBOURG SAINT MARTIN;;
536553656;2;8;2024;11:20;1;75;75112;2;1;1;4;BD PERIPHERIQUE EXTERIEUR;;
536553657;1;8;2024;20:10;1;75;75118;2;2;1;3;AVENUE DE LA PORTE DE SAINT OUEN;;
536553658;30;7;2024;21:36;5;75;75103;2;2;1;4;BOULEVARD SAINT DENIS;;
536553659;2;8;2024;17:05;1;75;75119;2;1;1;3;AVENUE DE FLANDRE;;
536553660;2;8;2024;15:10;1;75;75119;2;7;1;2;PLACE SKANDERBEG;;
536553661;2;8;2024;05:15;5;75;75114;2;1;1;6;BOULEVARD BRUNE;;
536553662;2;8;2024;09:44;1;75;75113;2;3;1;6;AVENUE DE CHOISY;;
536553663;2;8;2024;09:15;1;75;75113;2;3;1;3;BOULEVARD MASSENA;;
536553664;2;8;2024;06:05;2;94;94080;2;2;1;1;Avenue de la République;;
536553665;2;8;2024;03:04;5;94;94080;2;1;2;6;Avenue de Paris;;
536553666;1;8;2024;17:51;1;94;94080;2;1;1;2;Avenue des Minimes;;
536553667;2;8;2024;19:30;1;94;94055;2;1;1;3;Avenue du Général de Gaulle;;
536553668;1;8;2024;17:20;1;94;94079;2;3;1;3;Route de Champigny;;
536553669;1;8;2024;20:40;1;93;93078;2;2;1;3;PEUPLIERS (AVENUE DES);;
536553670;2;8;2024;15:30;1;93;93066;2;3;1;3;Avenue du Colonel Fabien / Cité Auguste Delaune;;
536553671;2;8;2024;14:30;1;93;93066;2;1;1;4;Quai de Seine;;
536553672;2;8;2024;14:10;1;92;92046;2;2;1;3;GABRIEL PERI;;
536553673;2;8;2024;00:40;5;92;92072;2;4;1;6;GRANDE RUE;;
536553674;1;8;2024;19:00;1;92;92050;2;1;1;2;PLACE NELSON MANDELA;;
536553675;2;8;2024;20:38;1;92;92049;2;9;1;6;ARNOUX AVENUE MAURICE N°1 A 77;;
536553676;2;8;2024;08:56;1;92;92020;2;3;1;1;GIDE ANDRE RUE;;
536553677;1;8;2024;20:20;1;92;92035;2;1;1;7;FAUVELLES ( RUE DES );;
536553678;2;8;2024;09:10;1;92;92025;2;4;1;6;FELIX FAURE (RUE);;
536553679;1;8;2024;17:30;1;92;92024;2;6;1;7;TROIS PAVILLONS (RUE DES);;
536553680;2;8;2024;19:40;5;974;97415;1;1;1;6;Chemin Baillif;;
536553681;23;7;2024;19:15;1;63;63123;2;7;1;3;46 place du Coudert;;
536553682;3;8;2024;15:30;1;40;40036;2;3;1;1;633 route de bayonne;;
536553683;2;8;2024;19:45;1;17;17131;1;1;1;1;Rue des Demoiselles;;
536553685;30;7;2024;17:10;3;974;97422;2;9;1;1;Rue Jean de Fos du Rau;;
536553686;3;8;2024;08:25;1;51;51217;2;1;1;6;Rue du Docteur Moret;;
536553687;2;8;2024;13:15;1;972;97214;2;1;1;7;Le Lorrain;;
536553688;1;8;2024;12:00;1;972;97231;1;1;1;2;Route départementale 7;;
536553689;2;8;2024;06:50;2;26;26337;1;1;1;3;A7;;
536553690;2;8;2024;11:50;1;86;86254;2;3;1;3;D5;;
536553691;2;8;2024;19:15;1;87;87146;1;1;1;5;Autoroute A20 PK 220+458;;
536553692;3;8;2024;11:15;1;38;38030;1;1;1;1;D1085;;
536553693;3;8;2024;11:40;1;60;60069;1;1;1;1;Route départemental 332;;
536553694;2;8;2024;17:00;1;71;71054;1;1;1;1;D5;;
536553695;3;8;2024;15:04;1;51;51454;2;1;1;1;Boulevard des Tondeurs - Reims;;
536553696;2;8;2024;21:40;3;59;59571;1;1;8;6;D98;;
536553698;2;8;2024;02:50;3;19;19192;2;1;1;6;Route d'Argentat 29 trespeuch;;
536553699;2;8;2024;10:15;1;56;56179;2;1;1;6;Rue François Mauriac;;
536553700;8;7;2024;11:45;1;56;56194;2;1;1;3;14 Rue des Trinitaires;;
536553701;3;8;2024;00:45;3;81;81171;1;1;1;6;d14 pk 19+750;;
536553702;3;8;2024;09:30;1;81;81208;1;1;1;6;La bécède;;
536553703;2;8;2024;21:15;2;71;71183;1;3;1;6;D225;;
536553704;3;8;2024;11:45;1;89;89378;1;1;1;3;D86;;
536553705;3;8;2024;08:45;1;42;42156;2;1;7;6;D282;;
536553706;3;8;2024;20:20;2;42;42286;2;1;1;6;RD 22;;
536553707;3;8;2024;17:20;1;68;68307;1;1;1;7;D466;;
536553708;2;8;2024;18:20;1;22;22182;1;1;1;6;Tremargat;;
536553709;2;8;2024;12:45;1;44;44131;1;1;1;1;Route Bleue;;
536553710;18;7;2024;23:10;3;29;29031;1;4;1;6;Route de la forêt;;
536553711;3;8;2024;17:25;1;29;29024;2;6;2;3;Boulevard Jean Moulin;;
536553712;2;8;2024;21:10;2;29;29117;1;3;1;6;Toulran;;
536553713;28;5;2024;17:15;1;56;56098;1;1;2;3;Lann Sévelin;;
536553714;18;7;2024;08:40;1;29;29003;1;4;1;7;Pont Quillioc;;
536553715;29;5;2024;09:10;1;54;54395;2;1;1;6;Boulevard Charlemagne;;
536553716;2;8;2024;19:50;1;02;02305;1;1;1;3;D3;;
536553717;28;5;2024;19:35;1;54;54395;2;6;8;3;Avenue Raymond Pinchard;;
536553718;2;8;2024;10:45;1;01;01108;2;1;1;6;Route de Franche Comte;;
536553719;28;5;2024;17:15;1;54;54395;2;2;1;3;Rue de Château Salins;;
536553720;2;8;2024;17:00;1;01;01124;1;3;1;3;Route de Bourg;;
536553721;29;5;2024;11:34;1;54;54099;2;1;2;2;Cote des Corbeaux;;
536553722;29;5;2024;12:10;1;53;53201;2;1;2;6;LATTRE DE TASSIGNY ( AVENUE DE );;
536553723;2;8;2024;20:30;2;66;66149;2;6;1;3;Route d'Eus;;
536553724;2;8;2024;17:30;1;72;72195;1;9;1;6;Saint Leger;;
536553725;28;5;2024;16:30;1;51;51454;2;2;8;3;FABIEN (RUE DU COLONNEL);;
536553726;3;8;2024;14:50;1;06;06151;1;1;1;2;Route M 6202 PK 86+187;;
536553727;29;5;2024;08:10;1;45;45169;2;2;2;3;2 Avenue de l'Europe;;
536553728;3;8;2024;10:05;1;50;50543;1;2;1;3;Rue de la Croix-du-chesnot;;
536553729;29;5;2024;13:10;1;44;44184;2;1;8;6;33 Rue Léonard de Vinci;;
536553730;31;7;2024;09:45;1;09;09329;1;1;1;2;Avenue de Labouiche;;
536553731;30;5;2024;02:00;5;44;44109;2;1;1;3;2 Rue Louis Blanc;;
536553732;2;8;2024;07:15;1;43;43026;1;1;1;7;RD906;;
536553734;31;7;2024;21:23;1;21;21501;2;3;1;3;Rue de Dijon;;
536553735;14;4;2024;18:06;1;42;42218;2;7;1;6;Place Bellevue;;
536553736;1;8;2024;19:30;1;85;85001;2;2;7;3;Route de la pointe d'arçay;;
536553737;13;4;2024;18:20;1;42;42218;2;2;1;3;Cours Victor Hugo;;
536553738;2;8;2024;18:30;1;85;85131;1;1;1;6;RD 50;;
536553739;29;5;2024;08:00;1;37;37122;2;2;1;3;RD 86 DE MONTS à TOURS;;
536553740;2;8;2024;19:30;1;85;85042;1;1;1;7;la pironnerie;;
536553741;3;8;2024;10:25;1;37;37254;1;1;1;6;Belle Vue;;
536553742;29;5;2024;14:25;1;29;29232;2;2;2;6;Rue du Parc;;
536553743;29;5;2024;13:55;1;27;27681;1;1;2;4;EVREUX (ROUTE D');;
536553744;29;5;2024;20:10;2;27;27375;2;6;2;7;CANAL(ROND POINT DU);;
536553745;29;5;2024;12:40;1;70;70285;2;2;2;6;Avenue Leon Jouhaux;;
536553746;29;5;2024;13:05;1;22;22106;2;4;1;3;LANDES (RUE DES);;
536553747;28;5;2024;12:33;1;19;19031;2;1;1;2;POMPIDOU (AVENUE GEORGES);;
536553748;29;5;2024;19:23;1;17;17306;2;1;2;7;CENDRILLES (DES);;
536553749;29;5;2024;14:40;1;17;17333;2;1;2;3;COTE DE BEAUTE (BOULEVARD);;
536553750;29;5;2024;13:40;1;14;14333;1;1;2;3;Route de Trouville;;
536553751;28;5;2024;22:50;3;14;14118;1;1;8;1;D405;;
536553752;27;5;2024;20:55;1;13;13213;2;1;1;2;OLIVES (AVENUE DES);;
536553753;29;5;2024;07:07;1;13;13075;2;1;1;3;L'ENJOLRAS (AVE DE);;
536553754;29;5;2024;13:25;1;07;07102;2;9;1;7;REPUBLIQUE (AV. DE LA) [DU N° AU N°];;
536553755;29;5;2024;16:20;1;06;06069;2;1;1;6;Place-martelly;;
536553756;28;5;2024;10:20;1;06;06004;2;3;1;6;30 Avenue de Nice;;
536553757;29;5;2024;08:40;1;75;75119;2;4;2;7;RUE DAVID D ANGERS;;
536553758;29;5;2024;12:00;1;75;75118;2;2;2;3;RUE DU DEPARTEMENT;;
536553759;29;5;2024;16:40;1;75;75117;2;2;2;3;AVENUE DE WAGRAM;;
536553760;29;5;2024;08:30;1;75;75116;2;2;2;3;AVENUE FOCH;;
536553761;29;5;2024;20:30;1;75;75115;2;3;2;6;PLACE DU GENERAL BEURET;;
536553762;29;5;2024;13:50;1;75;75115;2;2;2;7;RUE PAUL BARRUEL;;
536553763;29;5;2024;09:40;1;75;75113;2;3;2;3;RUE NATIONALE;;
536553764;29;5;2024;09:20;2;75;75114;2;3;2;7;BOULEVARD BRUNE;;
536553765;29;5;2024;08:30;1;75;75110;2;4;2;6;BOULEVARD DE LA VILLETTE;;
536553766;29;5;2024;15:40;1;75;75108;2;3;2;7;BOULEVARD HAUSSMANN;;
536553767;29;5;2024;14:50;1;75;75107;2;3;2;6;QUAI VOLTAIRE;;
536553768;29;5;2024;08:15;1;75;75113;2;3;2;2;BOULEVARD VINCENT AURIOL;;
536553769;29;5;2024;08:15;1;75;75107;2;2;2;3;RUE SAINT DOMINIQUE;;
536553770;29;5;2024;12:35;1;75;75101;2;2;2;3;RUE SAINT HONORE;;
536553771;29;5;2024;14:00;1;94;94058;2;2;2;1;Rue du Maréchal Lyautey / Rue du bois;;
536553772;29;5;2024;12:15;1;93;93064;2;1;3;3;Boulevard Gabriel Péri;;
536553773;28;5;2024;22:30;5;93;93064;2;1;1;3;Rue de Lisbonne;;
536553774;29;5;2024;09:30;1;93;93077;2;2;2;3;Boulevard André / Avenue des Roses;;
536553775;29;5;2024;14:20;1;93;93046;2;1;2;2;Avenue Aristide Briand;;
536553776;29;5;2024;09:39;1;93;93074;2;1;2;6;Rue de Meaux;;
536553777;29;5;2024;19:00;1;93;93010;2;2;3;3;Avenue de Verdun / Rue Jules Auffret;;
536553778;29;5;2024;20:15;1;92;92064;2;1;2;6;MONT VALERIEN;;
536553779;29;5;2024;16:05;1;92;92064;2;9;2;3;DAILLY;;
536553780;29;5;2024;09:20;1;92;92064;2;1;2;7;GEORGES CLEMENCEAU;;
536553781;29;5;2024;12:00;1;92;92063;2;1;2;7;CASANOVA (RUE DANIELLE);;
536553782;29;5;2024;14:30;1;92;92051;2;9;2;2;BOIS DE BOULOGNE (RUE DU);;
536553783;29;5;2024;13:00;1;92;92051;2;1;2;3;BINEAU (BOULEVARD, N°133 A 217 ET 134 A;;
536553784;28;5;2024;19:55;1;92;92050;2;2;1;3;SURESNES RUE DE;;
536553785;29;5;2024;09:05;1;92;92020;2;1;2;3;EXUPERY AVENUE SAINT;;
536553786;29;5;2024;15:20;1;92;92026;2;1;2;3;COLOMBES;;
536553787;29;5;2024;15:30;1;92;92012;2;4;2;3;BILLANCOURT (RUE DE) 1/61 - 2/104;;
536553788;29;5;2024;14:00;1;92;92012;2;1;2;7;JEAN BAPTISTE CLEMENT (AVENUE) 1/47 - 2/;;
536553789;29;5;2024;09:50;1;92;92012;2;1;2;7;GENERAL LECLERC (AVENUE DU) 35/FIN - 60/;;
536553790;28;5;2024;23:04;5;92;92012;2;1;2;6;ALPHONSE LE GALLO (QUAI) 35/FIN;;
536553791;29;5;2024;22:00;5;54;54350;2;1;3;7;Rue de Blâmont;;
536553792;26;5;2024;17:55;1;24;24448;2;9;1;3;18 Avenue de la Résistance;;
536553793;30;5;2024;09:30;1;60;60440;1;1;1;6;D73;;
536553794;26;5;2024;05:50;2;45;45293;2;1;1;6;164 Route d’Orléans;;
536553795;29;5;2024;14:04;1;86;86070;1;2;2;3;Rue de la Caronnière;;
536553796;30;5;2024;06:30;2;83;83019;1;1;1;1;Avenue Lou Mistraou;;
536553797;29;5;2024;14:45;1;65;65146;2;2;1;3;Rue des Pyrénées;;
536553798;30;5;2024;10:18;1;47;47121;1;3;8;2;D 933- Route des veyries;;
536553799;24;5;2024;08:15;1;89;89471;1;2;1;5;D660;;
536553800;29;5;2024;17:30;1;56;56248;2;1;2;3;39b Rue Général Henri de Virel;;
536553801;30;5;2024;08:48;1;56;56002;1;9;1;5;Sainte-Julitte;;
536553802;30;5;2024;17:50;1;2B;2B207;1;1;1;6;village (sortie);;
536553803;30;5;2024;17:15;1;71;71313;1;1;1;6;La Siarre;;
536553804;30;5;2024;18:05;1;63;63154;1;2;1;3;D997 / D81;;
536553805;29;5;2024;15:40;1;12;12209;2;1;1;6;10 route du nayrac;;
536553806;18;5;2024;13:51;1;25;25228;2;6;1;2;705 Rue du Breuil;;
536553807;24;5;2024;18:15;1;25;25258;1;1;1;7;Chemin de la Dinde;;
536553808;29;5;2024;17:50;1;44;44223;1;2;8;3;Avenue de la Vendée;;
536553810;30;5;2024;06:55;1;38;38311;2;1;3;6;1106 Route de Pisieu;;
536553811;29;5;2024;20:00;1;38;38361;1;1;1;6;D119;;
536553812;29;5;2024;18:25;1;15;15087;1;1;3;1;RD 41;;
536553813;30;5;2024;11:37;1;72;72068;2;7;1;6;14 Place de la République;;
536553814;28;5;2024;21:45;3;50;50628;1;2;2;6;D911;;
536553815;29;5;2024;14:52;1;64;64291;1;3;1;5;chemin d arancou;;
536553816;29;5;2024;10:50;1;07;07346;1;3;1;3;D86 route de Chateauneuf;;
536553817;28;5;2024;09:45;1;40;40195;1;1;1;1;Route du Marsan;;
536553818;30;5;2024;14:08;1;17;17253;1;1;1;1;D911;;
536553819;30;5;2024;17:10;1;30;30102;1;1;1;7;D225;;
536553820;30;5;2024;14:15;1;09;09239;1;3;5;3;Col des Hares;;
536553821;28;5;2024;08:00;1;973;97311;2;3;3;2;Rue Joseph Symphorien;;
536553822;26;5;2024;19:46;2;34;34111;2;1;1;6;Avenue du Mont Aigoual;;
536553823;28;5;2024;20:10;1;67;67336;1;1;1;7;Nordhouse;;
536553824;30;5;2024;17:05;1;55;55122;2;1;1;6;2 Rue du Docteur Edmond Morelle;;
536553825;30;5;2024;14:55;1;63;63150;2;1;1;6;Parking Leclerc Volvic;;
536553826;10;5;2024;18:45;1;01;01160;2;2;1;3;Route de Prévessin;;
536553827;30;4;2024;12:00;1;01;01160;1;1;1;6;Route de Meyrin;;
536553829;29;5;2024;20:00;1;14;14658;1;2;8;3;1 Route de la Pichardière;;
536553830;27;5;2024;16:50;1;14;14488;2;1;1;6;119 Avenue du Grand Large;;
536553831;27;5;2024;21:29;2;14;14060;1;1;1;7;D515;;
536553832;12;5;2024;12:00;1;27;27031;1;3;1;3;Route de Sacquenville;;
536553833;30;5;2024;17:30;2;80;80034;1;9;3;5;D937;;
536553834;29;5;2024;13:30;1;83;83144;1;1;1;2;A57;;
536553835;26;5;2024;13:50;1;59;59234;1;1;1;7;AUTOROUTE A21;;
536553836;27;5;2024;00:44;3;59;59196;1;1;3;7;ROUTE METROPOLITAINE 652;;
536553837;26;5;2024;14:58;1;59;59328;1;1;3;7;ROUTE METROPOLITAINE 652;;
536553838;25;5;2024;02:50;3;62;62907;1;1;1;6;A1;;
536553839;29;5;2024;18:50;1;94;94043;1;1;2;3;A6B;;
536553840;29;5;2024;09:32;1;94;94076;1;1;8;3;A6B;;
536553841;29;5;2024;10:20;1;92;92047;1;1;2;3;A13;;
536553842;29;5;2024;08:00;1;78;78640;1;1;2;3;N118;;
536553843;29;5;2024;09:20;1;92;92025;1;1;1;3;A86;;
536553844;28;5;2024;08:30;1;92;92036;1;1;1;3;A86;;
536553845;29;5;2024;11:15;1;95;95572;1;1;2;5;N184;;
536553846;29;5;2024;07:55;1;95;95018;1;1;2;6;A15;;
536553847;26;5;2024;18:05;1;93;93005;1;1;1;3;A1;;
536553848;29;5;2024;08:55;1;77;77517;1;1;2;2;A104.INT;;
536553849;29;5;2024;00:25;3;77;77258;1;1;1;4;A4.W;;
536553850;27;5;2024;11:15;1;06;06029;2;1;1;3;Boulevard du Midi Louise Moreau;;
536553851;1;3;2024;02:00;4;35;35288;2;1;1;6;rue des Hauts Sablons;;
536553852;19;3;2024;18:00;2;74;74007;1;1;1;6;Route de Bonneville;;
536553853;17;3;2024;16:35;1;74;74042;2;1;1;7;61 Rue des grèbes huppes;;
536553854;15;3;2024;08:03;1;74;74105;2;5;1;3;Avenue de geneve;;
536553855;10;3;2024;20:00;3;74;74042;1;1;2;6;D186;;
536553856;17;2;2024;18:50;3;74;74260;1;4;1;1;Route de frangy;;
536553857;27;5;2024;11:25;1;987;98735;1;9;1;3;CHESSE ( RUE);;
536553858;28;5;2024;18:15;3;974;97416;1;1;2;4;RN2 (2);;
536553859;27;5;2024;12:20;1;974;97411;2;3;1;1;BEDIER (RUE AMEDEE);;
536553860;28;5;2024;15:50;1;974;97409;2;1;1;6;DU LYCEE(RUE);;
536553861;27;5;2024;07:43;1;974;97407;1;1;7;3;COMPAGNIE DES INDES (BD DE LA);;
536553862;28;5;2024;09:40;1;973;97302;2;1;3;7;MONTABO (ROUTE DE) 1;;
536553863;28;5;2024;07:00;1;973;97302;2;1;3;2;MADELEINE (ROUTE DE LA);;
536553864;28;5;2024;19:20;1;69;69383;2;1;1;6;Rue Moncey;;
536553865;27;5;2024;07:50;1;972;97209;2;1;1;6;GENERAL DE GAULLE (BLD DU);;
536553866;28;5;2024;18:30;2;971;97101;1;4;1;6;PAGES;;
536553867;26;5;2024;19:20;5;971;97113;1;1;1;6;RN4 - SECTION RIVIERA;;
536553868;28;5;2024;05:30;2;91;91477;1;1;1;1;SACLAY (ROUTE DE);;
536553869;28;5;2024;12:50;1;91;91691;2;6;2;3;MARCEAU BAILLIOTI(RUE);;
536553870;28;5;2024;08:10;1;91;91421;1;9;1;3;NATIONALE 6 (REVEIL MATIN);;
536553871;28;5;2024;06:50;1;91;91433;1;1;1;6;RD 191;;
536553873;28;5;2024;17:25;1;90;90010;2;6;1;3;ALTKIRCH (AVENUE);;
536553874;13;10;2024;18:05;2;71;71201;1;1;1;6;route départementale 983;;
536553875;13;10;2024;18:20;1;68;68135;2;1;8;6;3 Rue du Forgeron;;
536553876;27;5;2024;19:00;1;87;87085;2;2;1;7;AINE (PLACE D');;
536553877;24;5;2024;15:09;1;87;87085;2;2;1;3;DUMAS (AVENUE GEORGES);;
536553878;14;10;2024;14:00;1;31;31033;2;1;1;6;Avenue d'Hermannsburg;;
536553879;28;5;2024;20:30;1;84;84087;1;1;7;7;CAMARET (ROUTE DE);;
536553880;13;10;2024;18:35;1;31;31592;1;1;7;3;Route de Larra;;
536553881;23;5;2024;20:00;5;84;84007;2;1;1;6;PIERRE SEMARD (avenue);;
536553882;13;10;2024;05:10;5;31;31561;2;2;1;3;Rue de Biarritz;;
536553883;28;5;2024;11:15;1;78;78401;2;3;2;3;GAMBETTA (RUE);;
536553884;13;10;2024;20:10;5;31;31581;2;1;1;6;Route de Bouloc;;
536553885;28;5;2024;16:05;1;78;78208;2;2;2;3;DASSAULT (AVENUE MARCEL);;
536553886;15;10;2024;07:25;2;38;38303;2;1;1;3;1057 Route de Savoie;;
536553887;28;5;2024;13:45;1;77;77284;2;1;2;7;MARRONNIERS (RUE DES);;
536553888;14;10;2024;19:50;3;72;72296;1;1;1;1;l'orée du bois;;
536553889;27;5;2024;13:50;1;76;76351;2;2;1;6;INGOUVILLE (RUE);;
536553890;13;10;2024;14:55;1;14;14431;1;1;1;3;D232;;
536553891;15;10;2024;15:00;1;50;50138;1;1;2;6;Biévredant;;
536553892;28;5;2024;08:30;1;72;72181;2;6;2;3;CHANZY (RUE)  N° PAIRS 2 A 50;;
536553893;15;10;2024;06:45;3;50;50585;1;1;5;2;D650;;
536553894;28;5;2024;17:29;1;71;71270;2;1;1;6;NORMANDIE (RUE DE);;