Num_Acc;jour;mois;an;hrmn;lum;dep;com;agg;int;atm;col;adr;lat;long
536553895;14;10;2024;19:45;2;60;60513;1;1;8;1;Route Départementale 92;;
536553896;28;5;2024;13:55;1;69;69266;2;2;1;3;204 Cours Emile Zola;;
536553897;26;5;2024;10:00;1;69;69259;2;1;1;3;Avenue Francis de Pressensé;;
536553898;15;10;2024;17:30;1;64;64490;1;1;2;1;d918;;
536553899;28;5;2024;16:30;1;67;67482;2;1;1;7;JEAN JAURES (AVENUE);;
536553900;11;10;2024;13:30;1;43;43244;1;3;1;2;La Combe;;
536553901;28;5;2024;22:20;5;64;64445;2;1;1;6;EUROPE DE L';;
536553902;10;10;2024;20:50;3;27;27463;1;1;2;6;D438;;
536553903;10;10;2024;21:15;3;27;27481;1;1;2;6;D926 PK 4+200;;
536553904;28;5;2024;09:55;1;63;63113;2;2;1;2;CLEMENTEL (BD ETIENNE)/ Solayer;;
536553905;25;5;2024;19:20;1;62;62624;2;1;1;2;D160E1;;
536553906;15;10;2024;17:50;1;17;17053;1;3;1;3;D118 rue de la prée;;
536553907;15;10;2024;05:35;3;68;68242;1;1;1;6;A35;;
536553908;28;5;2024;13:40;1;62;62193;2;3;2;3;Avenue Georges Guynemer;;
536553910;28;5;2024;09:00;1;60;60057;2;6;2;3;Avenue Président J.F. Kennedy;;
536553911;28;5;2024;14:40;1;59;59527;2;2;2;1;DE LATTRE TASSIGNY.AV °1A205;;
536553912;15;10;2024;08:30;1;95;95061;1;1;1;3;D44;;
536553913;26;5;2024;20:45;2;56;56121;2;2;1;3;Rue de Kerjulaude;;
536553914;12;10;2024;00:10;3;01;01213;1;1;1;2;A 42 PK 038+000;;
536553915;27;5;2024;09:47;1;56;56098;2;1;1;2;Lann Sévelin;;
536553916;14;10;2024;13:45;1;987;98715;2;1;1;3;PK 6;;
536553917;27;5;2024;14:45;1;54;54395;2;2;1;3;Rue Saint Dizier;;
536553918;15;10;2024;09:45;1;13;13109;1;1;1;2;A8 PK 023.sens LYON - NICE;;
536553919;27;5;2024;08:40;1;54;54025;1;2;1;1;Avenue Sainte Marguerite;;
536553920;14;10;2024;17:40;1;62;62019;1;1;2;2;A26;;
536553921;27;5;2024;18:00;1;54;54099;1;9;1;7;D138;;
536553922;27;5;2024;08:52;1;49;49007;1;1;1;3;A87N;;
536553923;12;10;2024;18:35;5;971;97118;1;1;1;2;Colin RN1;;
536553924;12;10;2024;17:35;1;978;97801;2;1;1;6;R LADY FISH;;
536553925;28;5;2024;18:50;1;44;44109;2;1;1;1;19 Chaussée de la Madeleine;;
536553926;28;5;2024;08:10;1;44;44109;2;6;1;2;127 Rue du Corps de Garde;;
536553927;15;10;2024;07:00;2;77;77196;1;1;1;2;N3;;
536553928;28;5;2024;10:12;1;37;37122;2;1;1;6;BRIAND (RUE ARISTIDE);;
536553929;15;10;2024;08:20;2;77;77238;1;1;1;2;route de la ferte sous jouarre;;
536553930;28;5;2024;07:40;1;35;35238;2;2;2;3;NANTES (RUE DE);;
536553931;14;10;2024;11:45;1;78;78346;1;1;1;1;D115;;
536553932;27;5;2024;08:35;1;34;34003;2;1;1;1;MARCELLIN ALBERT (H15 A H16;;
536553933;14;10;2024;18:00;1;84;84054;2;1;2;6;Route de Carpentras;;
536553935;14;10;2024;21:38;3;83;83106;1;1;1;1;D81;;
536553937;15;10;2024;16:35;1;83;83023;2;1;1;6;691 Avenue Frédéric Mistral;;
536553939;11;10;2024;17:00;2;06;06077;1;1;1;7;Route de Luceram;;
536553941;15;10;2024;14:10;1;06;06048;1;1;1;5;1045 Avenue Charles Alunni;;
536553943;13;10;2024;16:30;1;13;13042;2;1;1;2;189 Avenue du 2e Cuirassier;;
536553944;30;4;2024;11:30;1;31;31555;2;1;1;6;RUE ACHILLE VIADIEU;;
536553945;13;10;2024;17:15;1;69;69228;1;1;1;1;Route de Riverie;;
536553946;27;5;2024;17:30;1;29;29232;1;1;1;2;CNO;;
536553947;21;9;2024;18:25;1;85;85298;1;1;2;1;RD32;;
536553948;28;5;2024;08:55;1;29;29019;2;3;1;3;rue Dupuy de Lome;;
536553949;14;10;2024;14:15;1;49;49138;1;1;1;3;D347;;
536553950;11;10;2024;15:00;1;29;29042;2;6;1;7;boulevard de Sligo;;
536553951;28;5;2024;07:15;1;26;26252;1;2;1;3;Avenue du Port;;
536553952;28;5;2024;18:30;1;25;25056;2;4;1;2;RN 1057 (ROUTE DE GRAY-CH.EPITAPHE);;
536553953;10;10;2024;17:10;1;35;35047;1;2;1;1;102 les Garennes;;
536553954;28;5;2024;21:50;5;25;25056;2;1;1;3;PAIX  AVENUE DE LA;;
536553956;28;5;2024;05:45;1;13;13103;1;6;1;7;AVENUE DE ALABOUVETTE-RN 113;;
536553957;28;5;2024;11:35;1;13;13213;2;2;1;3;ESCADRILLE NORMANDIE NIEMEN;;
536553959;27;5;2024;09:25;1;10;10387;2;2;1;6;Rue d'Alsace - Lorraine;;
536553961;28;5;2024;12:25;1;09;09225;1;9;1;6;CASTELLANE LIEU DIT;;
536553963;28;5;2024;13:35;1;03;03190;2;9;1;3;Rue des Bouvreuils;;
536553965;14;10;2024;08:25;1;91;91340;1;1;1;3;AUTOROUTE A6;;
536553966;28;5;2024;14:00;1;75;75119;2;3;2;4;RUE DE CRIMEE;;
536553967;13;10;2024;14:20;1;78;78640;1;1;1;5;N118;;
536553968;28;5;2024;09:15;1;75;75119;2;2;8;3;RUE DE BELLEVILLE;;
536553969;13;10;2024;13:55;1;78;78498;1;1;1;6;A13;;
536553970;28;5;2024;14:25;1;75;75117;2;3;2;3;BOULEVARD BESSIERES;;
536553971;13;10;2024;08:00;2;78;78206;1;1;1;2;A13;;
536553972;28;5;2024;11:50;1;75;75116;2;2;2;3;AVENUE RAYMOND POINCARE;;
536553973;12;10;2024;04:09;3;78;78043;1;1;1;5;A12 W;;
536553974;28;5;2024;08:30;1;75;75116;2;3;8;2;RUE DE PASSY;;
536553975;14;10;2024;14:30;1;95;95582;1;1;1;6;A15;;
536553976;14;10;2024;09:25;1;95;95060;1;1;1;2;A115;;
536553977;28;5;2024;15:00;1;75;75115;2;2;8;7;RUE DE LA CROIX NIVERT;;
536553978;14;10;2024;13:55;1;93;93010;1;1;1;2;AUTOROUTE A3;;
536553979;14;10;2024;09:40;1;93;93073;1;1;1;2;AUTOROUTE A104;;
536553980;10;10;2024;20:50;3;95;95582;1;1;2;2;A15;;
536553981;24;6;2024;16:00;1;84;84042;2;1;1;6;Boulevard du Sud;;
536553982;23;5;2024;07:30;1;80;80642;1;3;1;3;D933;;
536553983;29;4;2024;19:39;2;80;80159;1;1;1;7;Autoroute A29 - PK 209+225;;
536553984;20;5;2024;18:00;1;32;32227;1;1;1;2;D931;;
536553985;20;7;2024;18:30;1;41;41151;2;1;1;6;107 Rue de Tours;;
536553986;26;7;2024;23:10;3;24;24301;1;1;1;6;D63;;
536553987;25;7;2024;13:50;1;57;57620;1;3;1;1;D181a;;
536553988;13;10;2024;19:25;5;69;69152;2;1;1;6;145 Boulevard de l'Europe;;
536553989;11;10;2024;07:30;1;69;69034;2;2;1;3;Avenue Jean Monnet;;
536553990;13;10;2024;12:30;1;95;95268;2;1;1;6;JACQUES ANQUETIL (RUE);;
536553991;12;10;2024;17:00;1;95;95572;2;1;2;6;PONT VERT (RUE DU);;
536553992;11;10;2024;15:00;1;95;95323;2;2;1;6;OISE (BOULEVARD DE L');;
536553993;12;10;2024;11:50;1;91;91347;2;1;8;1;RUE DE LORMOY;;
536553994;13;10;2024;06:20;5;91;91174;2;6;1;3;RUE DE LA PAPETERIE;;
536553995;13;10;2024;01:35;4;84;84007;1;1;3;1;129 (RN) MFT;;
536553996;12;10;2024;15:40;1;83;83137;1;1;8;1;CD 46 DE 1930 A FIN (VALETTE);;
536553997;12;10;2024;16:05;1;81;81257;2;2;1;3;TEQUI ( AVENUE GERMAIN );;
536553998;13;10;2024;20:55;4;78;78168;1;6;1;3;MESNIL ST DENIS (RUE DU);;
536553999;13;10;2024;12:00;1;77;77058;1;6;1;3;RD10;;
536554000;23;9;2024;10:45;1;76;76114;2;1;1;6;DESGENETAIS LEON (PLACE);;
536554001;8;10;2024;12:00;1;73;73011;2;2;2;6;COTY (RUE PRESIDENT);;
536554002;13;10;2024;15:40;1;71;71076;2;1;1;2;KENNEDY (AVENUE JOHN FITZGERALD);;
536554003;13;10;2024;17:30;1;69;69091;1;1;1;5;Route de Mornant;;
536554004;13;10;2024;15:40;1;64;64445;2;2;1;3;JEAN MERMOZ;;
536554005;13;10;2024;10:40;1;64;64445;2;1;1;7;NORMAN PRINCE;;
536554006;12;10;2024;05:30;5;60;60382;1;1;1;1;RD 935;;
536554007;13;10;2024;03:56;5;44;44143;2;1;1;1;5 Avenue Louise Michel;;
536554008;13;10;2024;08:50;1;35;35051;1;1;1;2;PORTE DE NORMANDIE;;
536554009;13;10;2024;15:34;1;22;22278;2;3;1;3;PARIS (DE);;
536554010;13;10;2024;16:05;1;17;17415;2;1;1;6;MARINE RUE DE LA;;
536554011;8;10;2024;15:55;1;14;14243;2;4;1;7;6 Chemin du Clos Videcoq;;
536554012;13;10;2024;17:30;1;13;13103;1;1;1;3;AURELIENNE -ANCIENNE VOIE;;
536554013;5;9;2024;21:44;4;13;13077;2;1;1;4;THOREZ MAURICE (avenue);;
536554014;13;10;2024;16:54;1;13;13204;2;1;1;1;SAKAKINI (BOULEVARD);;
536554015;12;10;2024;10:15;1;13;13211;2;1;1;3;JEAN LOMBARD (AVENUE);;
536554016;13;10;2024;13:55;1;13;13047;1;1;1;1;R.N 569;;
536554018;13;10;2024;01:15;5;07;07019;2;1;2;5;JEAN MATHON(BOULEVARD);;
536554019;13;10;2024;12:25;1;03;03101;1;2;1;3;RICROS;;
536554020;12;10;2024;22:54;5;01;01031;2;9;2;6;PRES ( RUE DES );;
536554021;11;10;2024;12:11;1;75;75112;2;1;1;2;BD PERIPHERIQUE EXTERIEUR;;
536554022;11;10;2024;00:05;5;75;75110;2;2;1;6;BOULEVARD DE MAGENTA;;
536554023;10;10;2024;21:45;5;75;75120;2;2;1;4;RUE DES PYRENEES;;
536554024;13;10;2024;21:20;5;75;75118;2;1;1;6;AVENUE DE LA PORTE DE MONTMARTRE;;
536554025;13;10;2024;02:25;5;75;75116;2;3;1;6;AVENUE DE NEW YORK;;
536554026;13;10;2024;05:30;5;75;75115;2;2;1;3;RUE DE VAUGIRARD;;
536554027;13;10;2024;11:20;1;75;75113;2;2;1;7;AVENUE DE LA PORTE D ITALIE;;
536554028;13;10;2024;14:30;1;75;75110;2;3;1;3;RUE PIERRE CHAUSSON;;
536554029;12;10;2024;22:20;5;94;94074;2;1;1;6;Rue Louise Michel;;
536554030;13;10;2024;20:00;5;94;94002;2;5;1;3;Boulevard Carnot;;
536554031;13;10;2024;12:45;1;94;94041;2;2;1;3;Quai Jean Compagnon;;
536554032;13;10;2024;05:10;5;93;93073;2;9;2;2;CHAPIT RE ( RUE DU);;
536554033;13;10;2024;10:15;1;93;93066;2;1;1;1;WILSON (AVENUE DU PRESIDENT);;
536554034;13;10;2024;19:30;5;93;93055;2;1;1;6;JEAN JAURES (AVENUE) (2/74);;
536554035;13;10;2024;11:25;1;93;93053;2;1;1;6;ANATOLE FRANCE (RUE);;
536554036;11;10;2024;19:20;5;92;92062;2;1;1;6;REPUBLIQUE (RUE DE LA) N° 100 A 14;;
536554037;13;10;2024;15:15;1;92;92050;2;2;1;3;JOLIOT CURIE F. ET IRENE AVENUE  N°PAIRS;;
536554038;13;10;2024;20:10;5;92;92012;2;2;1;3;PIERRE LEFAUCHEUX (AVENUE);;
536554039;14;10;2024;07:49;1;78;78356;1;3;1;3;D195;;
536554040;13;10;2024;16:12;1;71;71360;1;2;1;3;D17;;
536554041;8;10;2024;17:30;1;974;97415;1;1;1;2;Route Nationale 1;;
536554043;13;10;2024;12:10;1;09;09224;1;1;1;1;D919;;
536554044;13;10;2024;00:45;3;22;22190;1;1;1;7;D2;;
536554045;14;10;2024;07:55;1;40;40036;2;1;1;6;Route de Dax;;
536554046;6;10;2024;02:45;5;40;40304;2;1;1;6;1060 Avenue du Golf;;
536554047;14;10;2024;12:55;1;49;49188;1;4;1;1;La Braudiere;;
536554048;10;10;2024;18:05;2;83;83004;1;3;1;6;chemin du collombier;;
536554049;14;10;2024;10:40;1;59;59016;1;1;3;1;D3;;
536554053;15;9;2024;20:45;5;80;80597;1;6;1;3;Rue Henri Barbusse;;
536554054;13;10;2024;14:50;1;82;82115;1;1;1;6;Route de Vaissac;;
536554056;14;10;2024;18:55;2;41;41106;2;2;1;3;Intersection Rue des Genêts et Rue de la Campagnarde;;
536554057;14;10;2024;17:10;1;68;68258;2;1;1;7;Allée Robert Schuman;;
536554058;2;10;2024;16:05;1;22;22196;1;1;1;6;Zone Artisanale Kerantour Sud;;
536554059;12;10;2024;13:25;1;44;44064;1;1;1;7;la Grande Metairie;;
536554060;11;10;2024;08:00;2;44;44096;1;1;5;3;91 la loirière;;
536554061;6;10;2024;06:40;5;29;29212;1;1;1;1;D789;;
536554062;13;10;2024;12:20;1;31;31145;2;1;1;7;Avenue de la Gare;;
536554063;13;10;2024;19:36;3;50;50487;1;1;1;1;La Daltiere;;
536554064;12;10;2024;14:45;1;16;16167;2;3;2;3;46 Route de Luchac;;
536554065;13;10;2024;16:20;1;04;04084;1;1;7;6;d 907;;
536554066;13;10;2024;04:20;3;85;85204;1;1;1;7;Chemin de la merandoire;;
536554067;11;10;2024;12:05;1;27;27170;2;1;1;6;Rue de l’Abbaye;;
536554068;14;10;2024;12:10;1;17;17098;1;1;1;1;D139;;
536554069;13;10;2024;14:00;1;87;87019;1;1;1;6;Le Roseau;;
536554070;13;10;2024;16:00;1;987;98734;2;1;1;6;pk 35.900;;
536554071;9;10;2024;08:30;1;973;97307;1;1;1;3;RN 2 PK 3;;
536554072;11;10;2024;16:00;1;42;42011;1;9;1;2;A89;;
536554073;12;10;2024;15:41;1;01;01062;1;1;3;2;A42 PK 19+600 sens LYON GENÈVE;;
536554074;13;10;2024;04:10;3;82;82049;1;1;1;1;A 62 PK 145.5;;
536554075;30;9;2024;15:25;1;36;36101;2;3;1;3;Lothiers;;
536554076;11;10;2024;16:00;1;14;14712;1;1;1;2;A13;;
536554077;8;10;2024;16:15;1;73;73065;1;1;1;3;A43 Bretelle autoroute 13.10;;
536554078;13;10;2024;22:50;3;77;77333;1;1;1;1;Autoroute A6 PK 70+900 vers PARIS;;
536554079;12;10;2024;23:20;3;60;60505;1;1;9;1;RD 1017;;
536554080;13;10;2024;00:30;3;977;97701;2;1;1;6;Pointe Milou;;
536554081;12;10;2024;18:30;2;971;97104;2;1;1;6;Avenue du Père Labat;;
536554082;13;10;2024;16:10;1;78;78380;2;2;1;3;9 Rue du Clos Noyon;;
536554083;13;10;2024;16:25;1;83;83071;1;1;1;2;Avenue du General de Gaulle;;
536554084;13;10;2024;19:35;2;83;83104;1;1;1;1;D561;;
536554085;14;10;2024;18:15;2;13;13096;1;1;2;3;Chemin Haut;;
536554086;14;10;2024;17:40;2;13;13027;1;6;2;2;Route d'avignon;;
536554087;12;10;2024;22:30;5;03;03298;2;1;3;7;Rue des Brémonts;;
536554088;14;10;2024;13:40;1;73;73075;1;1;1;1;D925 B;;
536554089;13;10;2024;20:44;3;69;69140;2;1;1;7;Route de Saint-Pierre;;
536554091;13;10;2024;21:25;3;49;49301;1;1;1;6;Rue d'Anjou (St Germain-sur-Moine);;
536554092;14;10;2024;08:00;2;44;44047;1;9;2;3;Route de Saint Etienne de Montluc;;
536554093;13;10;2024;11:20;1;50;50505;1;1;1;2;45 Les Brousses;;
536554094;4;10;2024;11:30;1;35;35047;2;1;1;6;Avenue Alphonse Legault;;
536554095;13;10;2024;19:00;1;13;13212;2;1;1;2;A507 sens Marseille - Aubagne;;
536554096;12;10;2024;06:00;3;13;13026;1;1;1;3;A55-Sens Marseille vers Martigues;;
536554097;13;10;2024;14:45;1;83;83126;1;1;1;3;A50;;
536554098;12;10;2024;18:10;1;67;67152;1;9;1;7;Autoroute A.35;;
536554099;12;10;2024;21:15;3;91;91286;1;1;1;6;AUTOROUTE A6;;
536554100;13;10;2024;01:52;3;91;91689;1;1;1;5;AUTOROUTE A6B;;
536554101;12;10;2024;23:51;3;91;91553;1;1;1;4;RN 104;;
536554102;12;10;2024;17:35;1;95;95277;1;1;2;4;A1;;
536554103;12;10;2024;14:40;1;93;93078;1;1;2;7;AUTOROUTE A104;;
536554104;11;10;2024;20:00;3;95;95061;1;1;1;2;N104;;
536554105;12;10;2024;13:50;1;93;93010;1;1;2;3;AUTOROUTE A3;;
536554106;12;10;2024;12:49;1;93;93005;1;1;2;5;AUTOROUTE A1;;
536554107;12;10;2024;05:20;3;95;95500;1;1;1;4;A15;;
536554108;12;10;2024;04:00;3;93;93053;1;1;1;6;AUTOROUTE A3;;
536554109;12;10;2024;02:00;3;93;93005;1;1;1;5;AUTOROUTE A3;;
536554110;11;10;2024;21:00;3;93;93010;1;1;1;2;AUTOROUTE A3;;
536554111;13;10;2024;05:45;3;77;77141;1;1;1;2;A4;;
536554112;12;10;2024;20:10;3;77;77169;1;1;2;2;RN104;;
536554113;12;10;2024;13:45;1;94;94028;1;1;2;4;A86;;
536554114;12;10;2024;13:15;1;94;94018;1;1;3;2;A4;;
536554116;3;10;2024;08:00;2;44;44109;2;1;1;6;Rue Tournefort;;
536554117;24;9;2024;15:55;1;44;44109;2;6;1;3;74 Rue du Port Boyer;;
536554118;11;10;2024;17:35;1;14;14366;2;1;1;6;Avenue Jean XXIII;;
536554119;11;10;2024;12:50;1;92;92026;2;9;1;3;ANDRE PROTHIN (AVENUE);;
536554120;11;3;2024;16:15;1;75;75114;2;3;2;3;RUE D ALESIA;;
536554121;13;3;2024;13:20;1;75;75113;2;2;8;6;BOULEVARD VINCENT AURIOL;;
536554122;13;3;2024;15:39;1;75;75101;2;3;1;3;PLACE VENDOME;;
536554123;13;3;2024;11:15;1;75;75103;2;3;8;6;BOULEVARD DE SEBASTOPOL;;
536554124;13;3;2024;00:20;5;75;75101;2;2;2;7;BOULEVARD DE SEBASTOPOL;;
536554125;12;3;2024;08:55;1;75;75101;2;2;8;7;RUE DE RIVOLI;;
536554126;3;3;2024;11:00;1;94;94058;2;3;1;1;Quai de l'Artois / Allée Guy Môquet;;
536554127;13;3;2024;17:30;1;94;94003;2;1;1;6;14 Avenue Vladimir Ilitch Lenine;;
536554128;10;3;2024;21:50;5;94;94028;2;2;1;3;Rue Pasteur Vallery Radot / Avenue des Petites Haies;;
536554129;13;3;2024;20:58;5;94;94015;2;6;1;3;Boulevard Jean Monnet / Centre Commercial Les Armoiries;;
536554130;13;3;2024;07:55;2;93;93051;2;1;1;6;Avenue Emile Cossonneau;;
536554131;13;3;2024;21:45;5;93;93033;2;5;2;6;Avenue Aristide Briand / Rue des Muriers;;
536554132;13;3;2024;06:40;2;93;93049;2;2;2;3;Rue Poulet Langlet / Rue Gaston;;
536554133;13;3;2024;11:45;1;93;93006;2;2;1;7;Rue Lenine / Rue Sadi Carnot;;
536554134;12;3;2024;00:01;5;93;93006;2;2;1;6;Avenue de la République / Avenue Galliéni;;
536554135;13;3;2024;12:15;1;93;93047;2;1;1;6;Rue du Lavoir;;
536554136;13;3;2024;20:38;5;92;92064;2;1;1;3;MARCEL DASSAULT;;
536554137;13;3;2024;12:10;1;92;92044;2;1;8;7;ARISTIDE BRIAND(RUE)51A83  54A96;;
536554138;1;7;2024;11:40;1;94;94003;2;2;1;3;Avenue Aristide Briand;;
536554139;12;3;2024;12:55;1;92;92025;2;3;2;6;E.D'ORVES > 330   281 (RUE);;
536554140;1;7;2024;06:15;2;94;94076;2;1;1;3;138 Avenue de Paris;;
536554141;12;3;2024;12:15;1;92;92060;2;1;2;6;PIERRE BROSSOLETTE (AVENUE);;
536554142;12;3;2024;19:29;5;92;92012;2;6;2;6;ANDRE MORIZET (AVENUE) 1/47 - 2/52;;
536554143;30;6;2024;23:50;5;94;94043;2;3;1;3;Rue des Chalets / Rue Voltaire;;
536554144;12;3;2024;12:15;1;12;12140;1;1;1;6;D911;;
536554145;1;7;2024;00:05;5;94;94073;2;3;1;3;Avenue du Général de Gaulle;;
536554146;14;3;2024;10:40;1;08;08239;2;1;1;6;10 Avenue de Quimper;;
536554147;1;7;2024;18:39;1;94;94028;2;9;1;1;Avenue du Chemin-de-mesly;;
536554148;1;7;2024;18:55;1;94;94011;2;2;1;3;Rue Jean Catelas;;
536554149;12;3;2024;05:40;3;87;87120;1;1;2;1;A 20;;
536554150;1;7;2024;10:00;1;94;94060;2;1;1;6;Route de Villiers;;
536554151;14;3;2024;08:30;1;06;06095;1;4;1;1;Boulevard des 5 Communes;;
536554152;30;6;2024;20:17;1;93;93005;2;2;1;1;Rue Eugène Delacroix / Boulevard Marc Chagall;;
536554153;13;3;2024;15:00;1;34;34270;2;2;1;6;Avenue de Librilla;;
536554154;1;7;2024;00:01;5;93;93078;2;2;1;3;Avenue Montcalm / Avenue Jules Ferry;;
536554155;2;3;2024;15:40;1;51;51248;2;1;1;1;Rue Jean Jaurés;;
536554156;30;6;2024;19:05;1;93;93047;2;3;1;3;Rue du Génèral Leclerc / Chemin de la Côte du Change;;
536554157;1;7;2024;16:25;1;93;93008;2;1;1;6;Rue de la Comete;;
536554158;13;3;2024;08:15;1;31;31541;2;1;1;3;Route de Toulouse;;
536554159;25;6;2024;21:40;1;92;92063;2;2;1;3;JONCHERE (CHEMIN DE LA);;
536554160;14;3;2024;11:30;1;55;55488;2;1;1;1;15 Grand Rue;;
536554161;30;6;2024;13:20;1;92;92049;2;2;1;7;REPUBLIQUE AVENUE DE LA N°1 A 79;;
536554162;13;3;2024;16:40;1;72;72103;1;1;7;6;D63;;
536554163;14;3;2024;08:45;1;14;14100;2;1;1;6;30 Rue Camille Blaisot;;
536554164;30;6;2024;22:17;5;92;92035;2;2;1;3;National ( boulevard );;
536554165;13;3;2024;18:00;1;27;27304;2;2;1;3;D146;;
536554166;30;6;2024;14:00;1;92;92035;2;1;1;3;République ( boulevard de la );;
536554167;1;7;2024;09:15;1;92;92026;2;1;1;3;BEZONS  (DE 01 A 22);;
536554168;13;3;2024;18:42;2;80;80131;1;1;1;6;A29 PK 198.250 SENS NEUFCHATEL/SAINT QUENTIN;;
536554169;10;2;2024;18:49;5;67;67326;2;1;1;7;3a Rue de Mundolsheim;;
536554170;2;7;2024;15:29;1;40;40168;1;1;1;2;A63;;
536554171;14;3;2024;08:35;1;69;69385;2;1;1;3;163 Rue Joliot Curie;;
536554172;1;7;2024;19:00;1;60;60643;2;1;1;6;Rue Saint-antoine;;
536554173;13;3;2024;22:05;3;83;83096;1;1;1;3;A8;;
536554174;1;7;2024;17:35;1;60;60040;1;3;1;3;D101;;
536554175;13;3;2024;20:40;5;27;27213;2;3;1;1;Route de Gasny;;
536554177;9;3;2024;17:55;1;42;42330;1;1;3;2;A72;;
536554178;2;7;2024;13:55;1;25;25212;1;1;1;2;A36;;
536554179;1;7;2024;08:30;1;17;17245;1;3;1;7;D110, route du silo;;
536554182;8;3;2024;10:45;1;59;59479;1;1;1;7;AUTOROUTE A2;;
536554183;28;6;2024;05:30;2;68;68029;2;1;1;3;28 Rue de Bergholtz-zell;;
536554184;13;3;2024;08:30;1;92;92060;1;1;1;2;RN385;;
536554185;2;7;2024;07:20;1;68;68023;2;1;1;7;43 Rue de Hoen;;
536554186;2;7;2024;10:20;1;67;67202;1;1;1;6;cd 25 schaffhouse sur zorn -PR 10;;
536554187;12;3;2024;23:28;5;92;92050;1;1;2;7;A14;;
536554188;2;7;2024;12:25;1;83;83036;2;1;1;6;Boulevard de l'Eau Blanche;;
536554189;12;3;2024;20:33;5;92;92012;1;1;2;2;A13;;
536554190;11;3;2024;21:30;3;95;95277;1;1;1;6;A3;;
536554191;28;6;2024;18:20;1;14;14347;1;2;1;5;Route de Caumont;;
536554192;11;3;2024;18:15;3;93;93066;1;1;2;2;A86;;
536554193;2;7;2024;16:55;1;50;50487;1;1;1;6;A84;;
536554194;2;7;2024;17:28;1;14;14061;1;1;1;2;A84;;
536554195;13;3;2024;17:20;1;94;94058;1;1;1;5;A86;;
536554196;11;1;2024;19:20;5;74;74010;2;2;1;3;FRANCE (AVENUE)(SECTEUR 310);;
536554197;2;7;2024;07:15;1;27;27148;1;1;8;2;A 28  PK 223.990;;
536554198;11;1;2024;13:15;1;74;74010;2;1;1;1;CREUSES (ROUTE DES)     (SECTEUR 630);;
536554200;12;3;2024;14:20;1;974;97411;2;1;1;6;BOIS ROUGE (CHEMIN DE);;
536554201;12;3;2024;07:40;1;974;97411;1;9;1;6;JAURES (BLD 1 JEAN);;
536554202;2;7;2024;13:15;1;82;82042;1;3;1;3;D81;;
536554203;30;6;2024;17:35;1;65;65460;2;6;1;2;D935;;
536554204;12;3;2024;13:22;1;973;97302;2;3;1;2;CABASSOU (ROUTE DE);;
536554205;11;3;2024;07:50;1;973;97302;2;3;1;3;MONTABO (ROUTE DE) 1;;
536554206;28;6;2024;01:25;3;32;32160;1;1;1;1;Au Choulon;;
536554207;17;5;2024;18:10;2;42;42048;2;1;1;1;Route de Saint Hilaire;;
536554208;13;3;2024;00:00;5;69;69387;2;2;1;1;Rue de l'Université;;
536554209;12;3;2024;14:50;1;69;69387;2;2;1;3;Rue du Repos;;
536554210;10;6;2024;07:35;2;29;29146;1;3;1;3;Route de la Trinite;;
536554211;12;3;2024;08:20;1;69;69034;2;2;8;3;Chemin des Bruyères;;
536554212;29;6;2024;06:00;2;03;03126;1;6;5;6;d906;;
536554213;11;3;2024;18:10;1;971;97113;1;1;1;2;SECTEUR DAMPIERRE;;
536554214;30;6;2024;15:25;1;03;03110;1;9;8;1;59 Route de Vichy;;
536554215;1;7;2024;16:40;1;70;70282;1;1;1;6;D12 PK 22 + 750;;
536554216;12;3;2024;11:59;1;2A;2A004;2;1;1;6;MARECHAL LYAUTEY AVENUE PAIR;;
536554217;1;7;2024;18:45;1;58;58280;2;1;1;3;Route du Bourg;;
536554218;11;3;2024;17:40;2;2A;2A004;2;1;2;2;CLAIRIERE RCE LA BD LOUIS CAMPI;;
536554219;30;6;2024;10:30;1;66;66137;2;1;1;6;avenue de france;;
536554220;12;3;2024;19:30;5;95;95680;2;6;1;6;D370;;
536554221;2;7;2024;07:00;1;54;54072;1;1;1;6;D40;;
536554222;12;3;2024;14:55;1;95;95203;2;1;2;6;D928;;
536554223;2;7;2024;09:05;1;72;72139;1;1;8;1;PK 84+200;;
536554224;11;3;2024;10:15;1;95;95598;2;1;1;3;HENRI SESTRE (PLACE);;
536554225;25;6;2024;07:32;1;72;72071;1;4;1;6;105 Route de Nogent (Montabon);;
536554226;12;3;2024;08:25;1;91;91570;2;1;1;6;SAINT SAENS (RUE);;
536554227;14;6;2024;09:20;1;06;06108;2;3;1;3;Boulevard des Mimosas;;
536554228;12;3;2024;17:15;1;91;91471;2;1;2;3;BLEUETS (AVENUE DES);;
536554229;1;7;2024;15:04;1;90;90087;2;1;3;1;au niveau de l'intersection de la D83 et de la D22;;
536554230;11;3;2024;16:30;1;91;91122;2;1;1;3;PASSAGE DE VILLEVERT;;
536554231;2;7;2024;07:45;1;36;36006;2;1;1;6;Rue Chapelle Notre Dame;;
536554232;11;3;2024;18:50;5;91;91345;2;2;2;6;RUE MAURICE;;
536554234;12;3;2024;17:00;1;91;91114;2;1;2;6;RUE MARCEAU;;