Num_Acc;jour;mois;an;hrmn;lum;dep;com;agg;int;atm;col;adr;lat;long
536554559;29;6;2024;08:45;1;14;14138;1;1;1;6;3 Route de la Couronne;;
536554560;20;11;2024;09:15;1;92;92046;2;1;8;3;PIERRE BROSSOLETTE (AVENUE);;
536554561;20;11;2024;18:00;5;92;92064;2;3;2;6;CARNOT;;
536554562;12;5;2024;13:00;1;45;45204;1;3;1;6;D15 PR 9 + 380;;
536554563;19;11;2024;18:15;5;92;92020;1;3;3;6;CHATEAUBRIAND RUE DE;;
536554564;30;6;2024;07:35;2;10;10114;1;1;2;3;D619;;
536554565;29;6;2024;17:22;1;16;16335;1;1;1;6;Saint-Martin-du-Clocher;;
536554566;20;11;2024;10:15;1;92;92036;2;1;1;2;FOSSE BLANC (RUE DU) (1/145);;
536554567;26;6;2024;19:05;1;53;53013;1;1;1;7;Les Douaires;;
536554568;20;11;2024;08:00;1;92;92012;2;1;1;6;QUATRE SEPTEMBRE (QUAI DU);;
536554569;28;6;2024;17:00;1;40;40284;2;1;1;6;45 Avenue Nationale;;
536554570;20;11;2024;13:17;1;92;92009;2;1;1;3;MOULIN BAILLY ( RUE );;
536554571;14;11;2024;18:00;3;91;91648;1;9;1;1;Vert-le-Grand;;
536554572;29;6;2024;14:50;1;24;24356;1;1;1;1;D32;;
536554573;20;11;2024;14:45;1;84;84094;1;1;1;1;D71;;
536554574;30;6;2024;16:45;1;24;24355;2;1;1;3;D703;;
536554575;20;11;2024;09:05;1;22;22223;1;1;2;2;RD767 PR36+0400;;
536554577;29;6;2024;23:00;4;69;69050;1;1;6;6;Autoroute 89;;
536554578;1;11;2024;19:10;5;34;34217;2;1;8;1;D17;;
536554580;20;11;2024;09:10;1;49;49018;2;6;1;6;Chemin de Rancan (Baugé);;
536554581;1;7;2024;00:10;3;51;51617;1;1;1;6;Autoroute A4 PK 174+100;;
536554582;21;11;2024;08:30;1;12;12165;1;1;2;1;Les Boutets;;
536554583;15;6;2024;01:30;3;986;98613;1;1;1;6;RT 1, TEPA;;
536554584;19;11;2024;13:50;1;12;12032;1;4;5;1;D911;;
536554585;30;6;2024;14:40;1;974;97419;2;1;1;3;Route Nationale 2;;
536554586;20;11;2024;06:50;3;46;46279;1;1;2;6;D653;;
536554587;20;11;2024;08:30;1;68;68099;2;3;1;1;Rue d’Illfurth;;
536554588;18;11;2024;16:50;2;22;22046;1;1;8;2;La Motte aux Agneaux;;
536554589;20;11;2024;12:30;1;44;44036;2;1;1;7;Route de Juigne les Moutiers;;
536554590;20;11;2024;18:30;5;29;29259;2;9;1;6;Rue Pen Ar Pont;;
536554591;20;11;2024;07:45;2;29;29204;2;1;1;6;Rue de Kerjean;;
536554592;20;11;2024;21:50;3;29;29054;1;3;1;6;Croas An Herry;;
536554593;20;11;2024;19:45;3;31;31142;1;1;3;1;RD125 route de Bagneres;;
536554594;21;11;2024;11:00;1;38;38384;1;2;2;3;D130;;
536554595;20;11;2024;12:50;1;02;02215;2;6;1;3;2 Rue Marc Lavetti;;
536554596;20;11;2024;12:00;1;01;01098;1;1;1;3;D83;;
536554597;21;11;2024;06:45;3;01;01134;1;1;1;3;284 route de macon;;
536554598;20;11;2024;20:25;3;70;70405;1;2;1;3;RN 57 PK 61+300;;
536554599;20;11;2024;09:30;1;54;54152;2;4;1;1;Rue du Mal de Lattre de Tassigny;;
536554600;21;11;2024;14:20;1;06;06059;2;1;1;7;527 Route de la Turbie;;
536554601;21;11;2024;15:40;1;50;50452;1;1;4;2;Le Bas Cerisier;;
536554602;19;11;2024;20:50;3;73;73007;1;1;3;6;D102 Route du Fort;;
536554603;20;11;2024;17:45;3;53;53121;1;1;1;6;La Ligne;;
536554604;20;11;2024;18:25;4;85;85026;2;1;8;3;Route du guy bertin;;
536554605;20;7;2024;17:15;1;37;37101;1;2;1;3;D29;;
536554606;21;11;2024;18:20;3;37;37018;1;1;2;6;Route du Vau;;
536554607;21;11;2024;19:45;3;30;30004;1;6;1;3;n113;;
536554609;20;11;2024;13:00;1;69;69244;2;2;1;6;Avenue Charles de Gaulle;;
536554610;20;11;2024;10:15;1;82;82037;1;1;2;1;A20;;
536554611;21;11;2024;13:50;1;45;45344;1;1;4;6;A10 PR 122 + 221;;
536554612;21;11;2024;16:45;1;84;84078;1;1;2;2;A7;;
536554613;20;11;2024;10:45;1;971;97119;1;1;1;1;Chemin de Sainte Elise;;
536554614;18;11;2024;17:10;1;971;97117;1;1;1;6;Route de l'Ecluse;;
536554615;20;11;2024;17:55;3;971;97118;1;1;1;6;Arnouville RN 1;;
536554616;15;11;2024;09:45;1;971;97134;1;1;1;6;Route nationale 2;;
536554617;20;11;2024;17:00;2;29;29234;1;1;8;6;Kergamp;;
536554618;2;10;2024;07:00;3;91;91461;1;6;1;2;D116d;;
536554619;20;11;2024;10:25;1;21;21464;2;1;7;6;6 Rue Caumont Bréon;;
536554620;2;11;2024;17:56;5;42;42005;2;1;1;3;13 Rue des Bullieux;;
536554621;19;11;2024;19:55;5;38;38344;2;1;1;3;Avenue Gabriel Péri;;
536554622;21;11;2024;17:30;3;38;38377;1;1;2;7;Avenue de Savoie;;
536554623;20;11;2024;10:50;1;38;38317;2;2;1;6;Avenue du Maréchal Juin;;
536554624;21;11;2024;08:50;1;85;85129;2;1;3;6;RD937;;
536554625;19;11;2024;22:45;3;49;49301;1;1;2;7;RN 249, PK4+150;;
536554626;20;11;2024;19:15;5;56;56007;2;1;1;6;Rue Abbé Philippe le Gall;;
536554627;20;11;2024;13:40;1;22;22136;1;1;1;1;La Tourelle;;
536554628;21;11;2024;07:54;2;60;60612;1;1;1;1;Avenue de Creil;;
536554629;7;11;2024;19:05;3;54;54304;1;1;5;2;A33;;
536554631;20;11;2024;08:40;1;94;94034;1;1;2;2;A86;;
536554632;19;11;2024;07:50;2;92;92050;1;1;8;2;A86;;
536554633;21;11;2024;22:45;3;94;94044;1;1;4;5;N406;;
536554634;20;11;2024;18:45;2;77;77468;1;1;2;3;A4;;
536554635;17;9;2024;11:04;1;24;24193;1;4;1;1;Route Madame de Sévigné;;
536554636;14;7;2024;02:50;5;73;73227;1;1;1;1;D91A - 850 Route de la choulière;;
536554637;16;11;2024;19:50;5;59;59122;2;1;1;6;MACE (RUE JEAN);;
536554638;16;8;2024;08:50;1;57;57581;1;1;1;1;RD 656-Rue Nationale;;
536554639;19;11;2024;16:54;1;974;97416;1;1;1;3;DELISLES (ROUTE HUBERT) CD3;;
536554640;27;2;2024;14:15;1;974;97416;2;1;1;5;LORION (RUE LUC);;
536554641;19;11;2024;12:30;1;974;97409;1;1;1;6;CHAMP BORNE (ROUTE DE);;
536554642;19;11;2024;10:30;1;69;69386;2;1;1;6;Rue Duguesclin;;
536554643;19;11;2024;18:00;1;972;97209;2;1;1;2;RD 41 (ROCADE);;
536554644;19;11;2024;16:20;1;69;69202;2;1;8;2;Rue Commandant Charcot;;
536554645;18;11;2024;11:54;1;2B;2B120;2;1;1;1;11 - RT;;
536554646;14;11;2024;18:15;5;95;95585;2;2;8;1;D125;;
536554647;18;11;2024;17:09;5;91;91570;2;1;2;2;MONTLHERY (RUE);;
536554648;19;11;2024;05:40;5;91;91286;2;2;1;3;PLESSIS (CHEMIN DU);;
536554649;19;11;2024;18:00;5;91;91174;2;3;3;6;RUE HENRI MATISSE;;
536554650;18;11;2024;16:57;2;90;90010;2;2;1;6;JOFFRE (BOULEVARD MARECHAL);;
536554651;18;11;2024;16:59;1;87;87085;2;3;1;6;GONDINET (RUE);;
536554652;19;11;2024;18:10;3;85;85194;2;1;3;6;quai amiral de la gravière;;
536554653;18;11;2024;10:20;1;83;83137;2;1;1;6;GOURAUD (AVE GENERAL);;
536554654;18;11;2024;13:00;1;80;80674;2;1;2;1;DEFENSE PASSIVE (AVENUE DE LA);;
536554655;18;11;2024;18:05;5;78;78297;2;3;2;6;RUE DES GRAVIERS;;
536554656;18;11;2024;17:50;3;77;77258;1;1;2;4;N104;;
536554657;19;11;2024;18:04;3;77;77143;1;1;3;5;D405;;
536554658;19;11;2024;08:05;2;76;76451;2;2;2;6;Avenue du Mont aux Malades;;
536554659;18;11;2024;14:00;1;76;76351;2;1;2;6;IRENE JOLIOT CURIE (RUE);;
536554660;18;11;2024;16:15;5;76;76341;2;6;3;3;JEHAN DE GROUCHY;;
536554661;18;11;2024;11:45;1;76;76351;2;3;2;6;HOTEL DE VILLE (PLACE DE);;
536554662;19;11;2024;19:10;5;70;70388;2;3;3;6;Avenue du Vernois;;
536554663;19;11;2024;18:16;5;70;70261;2;9;3;6;RN 57;;
536554664;19;11;2024;18:40;5;69;69266;2;1;1;3;Impasse Frédéric Fays;;
536554665;19;11;2024;18:35;2;69;69266;2;1;1;3;Cours Emile Zola;;
536554666;19;11;2024;07:00;2;69;69029;2;3;2;3;Avenue Franklin Roosevelt;;
536554667;18;11;2024;11:00;1;69;69290;2;9;1;5;23 Rue Colette;;
536554668;18;11;2024;17:15;5;67;67482;2;1;1;3;DANTE (AVENUE);;
536554669;18;11;2024;14:15;1;67;67482;2;1;1;6;SCHIRMECK (ROUTE DE);;
536554670;18;11;2024;18:05;5;66;66136;2;4;1;3;GRANDE BRETAGNE (AVENUE DE);;
536554671;19;11;2024;18:10;5;64;64335;2;1;1;2;BIE GRANDE;;
536554672;18;11;2024;17:44;5;64;64102;2;6;1;2;FAIENCERIE(Rond Point de la);;
536554673;19;11;2024;18:15;5;63;63014;2;2;1;2;Av Roussillon M2009/ rue Jean Moulin M21;;
536554674;9;11;2024;01:30;3;62;62139;2;1;2;6;RD211E2;;
536554675;19;11;2024;17:30;3;62;62427;2;1;1;1;D919;;
536554676;18;11;2024;07:45;2;62;62048;2;9;3;6;Rue Florent Evrard;;
536554677;19;11;2024;07:45;3;59;59599;2;1;2;6;GUERRE (RUE FIN DE LA);;
536554678;12;11;2024;02:17;3;59;59350;2;1;9;3;Rue du Faubourg d'Arras;;
536554679;19;11;2024;16:46;1;56;56260;2;1;3;6;Rue Guillaume Le Bartz;;
536554680;19;11;2024;07:55;3;56;56260;1;1;2;4;Kerblay;;
536554681;17;11;2024;17:50;2;56;56121;2;1;1;7;Rue de Belgique;;
536554682;18;11;2024;14:15;1;54;54304;2;3;2;6;Avenue Paul Déroulède;;
536554683;18;11;2024;08:10;2;54;54578;2;1;1;3;Boulevard d'Haussonville;;
536554684;18;11;2024;09:55;1;54;54547;2;3;1;3;Rue de Belgique;;
536554685;19;11;2024;09:50;1;54;54469;1;1;6;1;D135;;
536554686;19;11;2024;16:50;5;51;51454;2;1;3;6;SCHUMAN (AVENUE ROBERT);;
536554687;19;11;2024;05:00;5;51;51454;2;3;2;6;Avenue d'Épernay;;
536554688;18;11;2024;17:30;2;49;49267;1;1;2;5;RD 347;;
536554689;18;4;2024;18:16;1;38;38479;1;1;1;7;1203 Route de Beaurepaire (Semons);;
536554690;19;4;2024;23:45;3;07;07261;1;1;1;6;D120;;
536554691;20;4;2024;17:40;1;85;85025;1;1;1;7;D72;;
536554692;11;4;2024;17:50;1;37;37213;1;2;1;5;D938;;
536554693;20;4;2024;16:10;1;30;30271;1;1;1;1;Route d'Auzon;;
536554694;20;4;2024;09:00;1;60;60299;1;9;8;7;A16;;
536554695;19;4;2024;22:53;5;67;67212;2;1;8;6;Rue Joseph Graff;;
536554696;20;4;2024;20:10;1;13;13059;1;1;1;3;A51 PK035.600;;
536554698;20;4;2024;06:25;2;83;83097;1;1;1;2;autoroute A8 point kilométrique 46.500 sens Ouest-Est;;
536554699;19;4;2024;13:23;1;17;17044;1;1;1;1;D137;;
536554700;20;4;2024;10:20;1;988;98821;1;1;1;7;LA TAMOA;;
536554701;19;4;2024;17:45;1;978;97801;2;2;1;3;R JEAN-LUC HAMLET;;
536554702;19;4;2024;14:10;1;978;97801;2;1;1;6;R LOW TOWN;;
536554703;17;4;2024;14:30;1;45;45089;2;2;1;1;D8 PR 2 + 70;;
536554704;19;4;2024;15:40;1;2A;2A247;1;1;1;3;Route de l’Ospedale;;
536554705;19;4;2024;22:00;3;2A;2A247;1;1;1;6;Route de Piccovagia;;
536554708;19;4;2024;19:50;2;30;30258;2;3;1;3;Avenue de Verdun;;
536554709;19;4;2024;16:00;1;83;83138;1;1;1;6;Tassi;;
536554710;20;4;2024;12:15;1;71;71235;1;1;1;6;Hurigny;;
536554711;28;3;2024;20:50;5;67;67345;1;6;1;2;D29;;
536554712;5;4;2024;16:35;1;01;01397;1;1;1;2;Route de Versonnex;;
536554713;15;4;2024;16:55;1;27;27568;1;1;1;7;D830;;
536554714;19;4;2024;10:04;1;13;13106;1;1;1;2;A7-Sens Marseille vers Lyon;;
536554715;18;4;2024;02:28;3;13;13215;1;1;1;2;A7-Sens Marseille vers Lyon;;
536554716;19;4;2024;09:00;1;13;13023;1;9;1;2;A50;;
536554717;17;4;2024;14:40;1;83;83144;1;1;1;3;A57;;
536554718;19;4;2024;17:10;1;92;92050;1;1;1;4;A86;;
536554719;19;4;2024;12:55;1;92;92025;1;1;1;2;A86;;
536554720;19;4;2024;20:45;1;92;92078;1;1;2;6;AUTOROUTE A86;;
536554721;19;4;2024;14:00;1;93;93006;1;1;2;5;A3;;
536554722;19;4;2024;15:40;1;93;93066;1;1;1;5;A1;;
536554723;19;4;2024;20:30;3;94;94033;1;1;2;3;A86;;
536554724;19;4;2024;03:10;3;94;94044;1;1;1;6;N406;;
536554725;18;2;2024;02:50;5;83;83090;2;1;1;1;RESISTANCE (AVE DE LA);;
536554726;18;2;2024;02:40;5;76;76447;1;1;1;7;RD 489;;
536554727;17;2;2024;20:30;5;67;67482;2;3;1;3;PLAINE DES BOUCHERS (RUE DE LA);;
536554728;17;2;2024;19:25;5;67;67482;2;1;1;1;ALTENHEIM (ROUTE D );;
536554729;18;2;2024;16:30;1;64;64260;2;3;1;3;MER (BOULEVARD DE LA);;
536554730;18;4;2024;17:38;1;973;97302;2;1;2;6;MARAN (RENE) CITE THEMIRE;;
536554731;18;4;2024;15:42;1;973;97302;2;1;2;3;RABAN (ROUTE DE);;
536554732;18;4;2024;08:45;1;973;97302;2;1;2;5;COLOMB (CHRISTOPHE);;
536554733;17;4;2024;20:40;3;973;97302;2;1;2;3;ZEPHIR (ROCADE);;
536554734;18;4;2024;16:45;1;69;69383;2;2;2;2;Cours Gambetta;;
536554735;18;4;2024;13:30;1;69;69388;2;1;1;4;Rue Marius Berliet;;
536554736;18;4;2024;18:10;5;972;97213;1;3;1;3;ROUTE DEPARTEMENTALE 14;;
536554737;18;4;2024;11:10;1;972;97213;1;1;1;6;ROUTE DEPARTEMENTALE 3;;
536554738;17;4;2024;16:20;1;972;97209;2;6;1;3;MARNE (BOULEVARD DE LA);;
536554739;18;4;2024;07:30;1;2A;2A004;2;1;1;6;AVENUE DU DOCTEUR NOEL FRANCHINI;;
536554740;18;4;2024;21:15;5;91;91286;2;1;1;6;MIROIR (RUE DU);;
536554741;25;12;2024;12:10;1;59;59139;2;7;2;6;Place Eugène Fiévet;;
536554742;18;4;2024;14:20;1;91;91223;2;1;1;1;PRISON (RUE DE LA);;
536554743;26;12;2024;14:50;1;59;59106;2;1;1;1;Rue de lille;;
536554744;18;4;2024;18:05;1;88;88160;2;1;1;6;QUATRE VENTS (RUE DES);;
536554745;17;4;2024;11:48;1;88;88209;2;1;8;2;HOTEL DE VILLE (RUE DE L');;
536554746;14;4;2024;17:20;1;87;87085;2;1;1;7;LOUYAT (AVENUE DE);;
536554747;25;12;2024;00:20;5;13;13212;1;1;1;2;A507 sens Aubagne- Marseille;;
536554748;12;4;2024;19:15;1;87;87065;1;1;1;7;MONTAUBAN (RUE DE);;
536554749;24;12;2024;23:30;3;13;13117;1;1;1;3;A7-Sens Lyon vers Marseille;;
536554750;25;12;2024;12:00;1;95;95572;1;1;1;6;N184;;
536554751;17;4;2024;17:40;1;83;83137;2;1;6;6;FOCH (AVE DU MARECHAL);;
536554752;25;12;2024;05:40;4;93;93053;1;1;2;2;AUTOROUTE A3;;
536554753;24;12;2024;18:30;3;93;93066;1;1;2;2;AUTOROUTE A86;;
536554754;17;4;2024;07:30;1;83;83144;2;6;1;3;LECLERC (BD MARECHAL);;
536554755;16;12;2024;13:28;1;44;44109;2;1;1;6;23 Rue de Chambellan;;
536554756;17;4;2024;17:25;1;81;81163;1;1;1;7;RD 118;;
536554757;12;12;2024;16:45;2;44;44109;2;2;1;3;Route de Paris;;
536554758;17;4;2024;17:15;1;80;80021;2;1;1;2;Boulevard Châteaudun;;
536554759;11;12;2024;07:50;2;44;44109;2;6;1;3;13 Place de la République;;
536554760;17;4;2024;12:05;1;80;80021;1;1;1;3;Rue de Saveuse;;
536554762;17;4;2024;11:26;1;77;77040;1;1;1;1;MELUN ( ROUTE );;
536554763;5;12;2024;21:50;5;44;44190;2;1;1;3;411 Route de Clisson;;
536554764;24;10;2024;18:05;2;74;74298;1;1;1;3;BONNEVILLE (ROUTE DE );;
536554765;17;4;2024;14:10;1;77;77251;2;1;1;6;D. 50;;
536554766;24;12;2024;09:40;1;976;97611;1;1;1;1;m'tsapere-Nationale 2 (route);;
536554767;17;4;2024;14:15;1;76;76366;2;2;1;3;Rue de la République;;
536554768;18;4;2024;06:05;5;72;72181;2;1;1;7;GOUGEARD (RUE) N° IMP;;
536554769;24;12;2024;16:35;1;973;97302;2;2;1;3;PREVOT (ERNEST);;
536554770;18;4;2024;12:15;1;69;69259;2;1;8;3;Rue du Clos Verger;;
536554771;24;12;2024;09:05;1;69;69386;2;2;1;6;Rue Vendôme;;
536554772;24;12;2024;09:45;1;972;97209;1;1;1;6;PARADISIERS (AVENUE DES);;
536554773;17;4;2024;19:05;1;69;69259;2;8;8;3;Rue Gambetta;;
536554774;24;12;2024;13:25;1;972;97209;1;1;1;3;AUTOROUTE (A1);;
536554775;17;4;2024;17:15;1;69;69091;2;1;2;5;Rue de la Paix;;
536554776;24;12;2024;05:15;5;69;69382;1;1;1;6;30 Cours de Verdun Perrache;;
536554777;23;12;2024;16:36;1;2A;2A004;2;1;8;3;#105b Cours Napoléon#;;
536554778;17;4;2024;22:15;5;67;67482;2;5;1;3;SEBASTOPOL (RUE DE);;
536554779;24;12;2024;17:00;2;91;91457;2;1;2;3;RTE DE LA FERTE ALAIS;;
536554780;17;4;2024;15:10;1;62;62737;2;1;1;6;D937;;
536554781;24;12;2024;16:10;1;91;91201;2;1;2;5;RUE EUGENE DELACROIX;;
536554782;13;4;2024;08:35;1;62;62498;2;9;1;3;Rue de Londres;;
536554783;23;12;2024;17:20;5;91;91687;2;1;2;5;MARMONT (AVENUE);;
536554784;18;4;2024;19:45;1;62;62160;2;3;1;3;Rue de la Paix;;
536554785;26;11;2024;17:30;5;89;89387;2;1;2;6;MAIL (BOULEVARD DU);;
536554786;24;12;2024;11:20;1;83;83144;2;1;1;6;VALERY (AVE PAUL);;
536554787;24;12;2024;20:00;5;80;80021;2;6;2;2;Rue d'Abbeville;;
536554788;18;4;2024;08:30;1;59;59508;2;1;1;6;Boulevard d'Halluin;;
536554789;24;12;2024;07:45;3;77;77350;1;1;2;1;D471;;
536554790;12;4;2024;15:00;1;59;59636;2;1;1;3;YPRES RUE D;;
536554791;23;12;2024;18:20;5;77;77058;2;1;2;6;GENERAL DE GAULLE  (AVENUE DU);;
536554792;24;12;2024;15:50;1;76;76451;2;2;2;1;Rue du Tronquet;;
536554793;18;4;2024;17:00;1;59;59183;1;9;1;6;RD601;;
536554794;23;12;2024;16:30;1;76;76486;2;1;1;2;Rue Pierre et Thomas Corneille;;
536554795;18;4;2024;10:00;1;59;59017;2;3;1;6;DEPORTES (RUE DES);;
536554796;21;12;2024;18:10;5;76;76447;2;1;2;6;MARECHAL FOCH;;
536554797;21;12;2024;03:20;5;76;76351;2;1;1;6;ANDREI SAKHAROV (RUE);;
536554798;18;4;2024;08:15;1;56;56260;2;6;1;2;Giratoire de la Gare;;
536554799;24;12;2024;20:20;5;72;72181;2;6;1;1;BOLLEE (AV) N° IMP 201 A 255;;
536554800;17;4;2024;17:13;1;56;56036;1;1;1;2;La Montagne du Salut;;
536554801;23;12;2024;20:00;5;72;72181;2;2;1;3;DURAND GEORGES (AV) N° IMP 199 AU N° 311;;
536554802;17;4;2024;17:55;1;56;56121;2;1;1;3;BELGIQUE (RUE  DE );;
536554803;23;12;2024;14:30;1;69;69115;2;6;1;6;Avenue Edouard Herriot;;
536554804;13;4;2024;14:15;1;50;50002;2;1;1;1;COUTANCES (route de);;
536554805;24;12;2024;16:10;1;69;69029;2;1;1;6;Rue du 35ème Régiment d'Aviation;;
536554806;16;4;2024;16:40;1;50;50129;1;1;1;6;CD 901;;
536554807;24;12;2024;03:55;5;67;67482;2;1;9;6;COLMAR (AVENUE DE);;
536554808;28;1;2024;23:35;3;971;97101;1;9;1;3;LE RAIZET(SECTEUR);;
536554809;18;4;2024;08:00;1;49;49099;2;3;1;3;LORRAINE (RUE DE);;
536554810;30;1;2024;11:01;1;2A;2A004;2;3;1;3;ALBERT 1ER BD;;
536554811;23;12;2024;12:50;1;67;67482;2;3;1;3;VOSGES (AVENUE DES);;
536554812;4;4;2024;16:10;1;49;49099;2;1;1;6;BOIS LAVAU (BOULEVARD DES);;
536554813;23;12;2024;18:15;3;64;64445;2;1;1;3;GENERAL LECLERC DU;;
536554814;17;4;2024;17:35;1;49;49015;1;6;1;7;Avenue de la Boissière;;
536554815;29;1;2024;14:58;1;91;91174;2;3;1;3;PAPETERIE (RUE);;
536554816;22;12;2024;17:20;5;63;63224;2;1;3;6;RD 2009;;
536554817;16;4;2024;08:35;1;49;49007;2;1;1;5;RAMON BOULEVARD;;
536554818;29;1;2024;20:25;5;91;91589;2;2;1;3;ARISTIDE BRIAND (BOULEVARD);;
536554819;24;12;2024;09:45;1;59;59350;2;5;8;3;Avenue de Dunkerque (Lille);;
536554820;18;4;2024;07:45;1;45;45285;2;3;9;3;D2152 PR 74 + 1878;;
536554821;29;1;2024;19:35;5;83;83098;2;1;1;5;GANZIN (AVENUE DE);;
536554822;24;12;2024;14:25;1;57;57631;2;1;1;6;MONTAGNE (RUE DE LA);;
536554823;17;4;2024;17:30;1;45;45234;2;2;1;3;26 Rue de Patay;;
536554824;29;1;2024;11:20;1;83;83137;2;3;1;3;STRASBOURG (BD DE );;
536554825;18;4;2024;17:00;1;44;44109;2;9;1;6;71 Boulevard de la Liberté;;
536554826;23;12;2024;16:11;1;56;56098;2;1;1;6;Rue Jean Jaurès;;
536554827;29;1;2024;16:45;2;82;82033;1;2;1;3;COURTINALS VC 11 (CHEMIN DES);;
536554828;24;12;2024;20:15;5;54;54184;2;9;2;6;Av du 69e Regiment d’Infanterie;;
536554829;23;12;2024;21:00;5;54;54304;2;2;2;2;Rue de la Sapinière;;
536554830;16;4;2024;07:30;1;41;41018;2;2;1;3;CABOCHON (RUE DE);;
536554831;18;4;2024;18:48;1;38;38421;2;1;1;6;RUE GÉRARD PHILIPE;;
536554832;23;12;2024;15:10;1;54;54482;2;3;1;3;Rue Louis Barthou;;
536554833;30;1;2024;19:00;5;77;77268;2;1;1;2;RUE DU PRE DE BRAY;;
536554834;17;4;2024;15:25;1;38;38151;2;2;1;3;Avenue du 8 mai 1945;;
536554835;23;12;2024;17:50;5;51;51108;2;1;1;3;CARNOT (RUE);;
536554836;30;1;2024;08:00;3;77;77186;1;1;1;3;RD606. de la rochette à l'obélisque;;
536554837;17;4;2024;11:45;1;37;37122;2;9;1;6;MONTAIGNE (JARDIN);;
536554838;30;1;2024;01:00;3;77;77186;1;1;1;6;RD148 carrefour DIANE à SORQUES;;
536554839;18;4;2024;12:20;1;35;35238;2;2;1;3;CLEMENCEAU (BD GEORGES);;
536554840;23;12;2024;18:30;3;50;50129;2;1;2;4;AXE NORD SUD;;
536554841;30;1;2024;04:20;3;76;76447;1;4;1;1;RAOUL DUFY;;
536554842;23;12;2024;10:30;1;42;42218;2;1;2;6;Rue Albert Poylo;;
536554843;9;9;2024;14:15;1;32;32307;1;1;1;5;23 Route d?Auch;;
536554845;30;1;2024;00:40;5;76;76351;2;1;1;6;REPUBLIQUE (COURS DE LA);;
536554846;23;12;2024;17:25;2;35;35051;1;6;1;2;ALLIES (BOULEVARD DES);;
536554848;30;1;2024;12:40;1;69;69256;2;9;1;6;Rue de la République;;
536554849;23;12;2024;10:25;1;35;35115;2;6;1;6;CARNOT (PLACE DU PRESIDENT);;
536554850;30;1;2024;07:45;1;66;66136;2;3;1;3;Avenue Victor DALBIEZ;;
536554851;18;4;2024;14:50;1;30;30007;2;1;1;2;CROUPILLAC (AVE DE);;
536554852;23;12;2024;22:45;3;31;31555;1;1;1;2;980.3 PLAISANCE (ROCADE ARC EN CIEL);;
536554853;29;1;2024;07:50;1;62;62133;2;1;1;3;Avenue de la République;;
536554855;23;12;2024;09:00;1;29;29232;2;1;1;7;Rond-Point d' Ergue-Armel;;
536554856;17;4;2024;13:15;1;29;29019;2;2;1;1;rue de l'Eau blanche;;
536554857;30;1;2024;18:45;5;62;62193;2;1;1;6;D940;;
536554858;24;12;2024;03:15;5;26;26252;1;1;1;7;RN 7;;
536554860;18;4;2024;16:28;1;22;22187;1;2;1;3;PONT A L'ANGLAIS (Rue du);;
536554861;24;12;2024;09:45;1;25;25388;2;3;1;6;BESANCON (FAUBOURG DE);;
536554862;30;1;2024;15:25;1;62;62178;1;1;1;3;D188;;
536554863;24;12;2024;10:28;1;22;22215;1;1;2;6;CARPONT (RUE DU);;
536554864;29;1;2024;19:15;3;62;62457;1;1;1;2;D301;;
536554865;18;4;2024;08:50;1;22;22187;1;1;1;4;RN12;;
536554866;9;9;2024;10:45;1;94;94034;1;1;2;5;A86;;
536554867;24;12;2024;16:10;1;19;19031;2;1;8;3;ALVITRE (AVENUE ABBE);;
536554868;18;4;2024;16:54;1;22;22113;2;1;1;2;RESISTANCE (AVENUE DE LA);;
536554869;30;1;2024;07:00;5;60;60175;2;2;1;3;Rue de la République;;
536554870;9;9;2024;08:26;1;91;91339;1;1;2;3;RN 104;;
536554871;23;12;2024;17:35;5;14;14366;2;3;1;3;155 Rue Roger Aini;;
536554872;18;4;2024;19:10;1;14;14220;2;1;1;6;5 Avenue Strassburger;;
536554873;9;9;2024;05:50;3;91;91521;1;1;2;6;RN 104;;
536554874;30;1;2024;16:00;1;59;59410;2;2;8;3;BECQUEREL RUE DU;;
536554875;23;12;2024;14:20;1;14;14333;2;9;8;7;Place Pierre Berthelot;;
536554876;18;4;2024;09:30;1;13;13213;2;1;1;4;BARA (BOULEVARD);;
536554877;9;9;2024;01:30;3;91;91692;1;1;2;1;AUTOROUTE A10;;
536554878;26;1;2024;15:50;1;54;54167;2;1;1;3;Avenue du Général Leclerc;;
536554879;24;12;2024;18:50;5;14;14118;2;3;2;4;3 Rue Général Moulin;;
536554880;17;4;2024;21:40;5;13;13213;2;1;1;1;MARATHON (RUE DE);;
536554881;7;9;2024;12:20;1;93;93029;1;1;1;5;AUTOROUTE A86;;
536554882;29;1;2024;16:30;1;54;54526;2;3;1;6;Rue Camélinat;;
536554883;21;12;2024;22:30;5;14;14118;2;1;6;6;49 Avenue de Tourville;;
536554884;17;4;2024;09:00;1;13;13206;2;1;1;3;BRETEUIL (RUE);;
536554885;8;9;2024;01:40;3;93;93048;1;1;1;4;AUTOROUTE A86;;
536554886;23;12;2024;18:50;5;13;13212;2;1;1;3;CAILLOLS (AVENUE DES);;
536554887;16;4;2024;20:30;5;13;13202;2;1;1;2;BASSINS DE RADOUB (BOULEVARD DES);;