Num_Acc;jour;mois;an;hrmn;lum;dep;com;agg;int;atm;col;adr;lat;long
536554888;29;1;2024;14:10;1;54;54547;2;6;1;2;Rue de Gembloux;;
536554889;24;12;2024;10:55;1;13;13201;2;1;1;1;Cours lieutaud;;
536554890;7;9;2024;13:35;1;93;93027;1;1;1;3;AUTOROUTE A86;;
536554891;17;4;2024;17:00;1;13;13028;2;6;1;3;ROVARCH (AVENUE PIERRE);;
536554892;26;1;2024;17:00;2;52;52125;2;1;2;1;R.D. 162;;
536554893;24;12;2024;10:44;1;10;10387;2;1;8;3;ANATOLE FRANCE (RUE);;
536554894;6;9;2024;17:05;1;93;93007;1;1;2;4;AUTOROUTE A1;;
536554895;25;1;2024;19:40;3;49;49328;1;1;1;6;VIEUX VIVY (ROUTE DU);;
536554896;9;4;2024;12:00;1;13;13004;2;3;1;6;AV MARECHAL JUIN;;
536554897;24;12;2024;02:18;3;10;10357;1;6;1;6;D610;;
536554898;9;9;2024;09:15;1;94;94073;1;1;2;3;A86;;
536554899;30;1;2024;15:59;1;49;49007;2;3;1;3;BON PASTEUR BOULEVARD;;
536554900;23;12;2024;14:25;1;10;10357;1;1;8;2;ROCADE EST (RD 610);;
536554901;16;4;2024;17:45;1;11;11069;2;1;1;2;48 Bd Louis Joseph Gay Lussac;;
536554902;7;9;2024;14:00;1;70;70482;2;1;1;6;Avenue des Patis;;
536554903;23;12;2024;07:55;2;07;07102;2;1;2;6;REPUBLIQUE (AV. DE LA) [DU N° AU N°];;
536554904;18;4;2024;20:55;2;10;10387;2;1;1;6;JEAN BERTHELIN (RUE);;
536554905;30;1;2024;07:15;5;49;49007;2;6;1;3;AMBROISE PARE;;
536554906;8;9;2024;15:00;1;972;97208;1;1;2;6;BALATA (ROUTE DE);;
536554907;18;4;2024;08:15;1;06;06029;2;3;1;6;8 Rue des Suisses;;
536554908;29;1;2024;08:25;2;49;49246;2;1;1;1;SORGES ROUTE;;
536554909;8;9;2024;17:00;1;972;97209;1;1;2;7;BALATA (ROUTE DE);;
536554910;17;4;2024;08:30;1;75;75119;2;1;1;3;BD PERIPHERIQUE EXTERIEUR;;
536554911;7;9;2024;18:35;2;972;97213;1;1;1;2;AUTOROUTE (A1);;
536554912;18;4;2024;10:15;1;75;75120;2;3;1;3;BOULEVARD DE BELLEVILLE;;
536554913;8;9;2024;15:40;1;69;69149;2;1;1;6;80 Rue Dubois Crance;;
536554914;18;4;2024;11:32;1;75;75117;2;3;1;6;BOULEVARD BESSIERES;;
536554915;23;12;2024;14:55;1;06;06029;2;2;1;4;1 Avenue Reine Astrid;;
536554916;8;9;2024;08:30;1;971;97101;1;1;3;2;RN1 ROCADE DE CHAUVEL;;
536554917;18;4;2024;08:15;1;75;75117;2;2;8;6;RUE CARDINET;;
536554918;20;1;2024;20:00;5;42;42218;2;1;1;2;EVRARD FLORENT A PARTIR Nø 114-89;;
536554919;23;12;2024;19:44;5;03;03310;2;2;1;3;Rue de Beauséjour;;
536554920;8;9;2024;14:15;1;95;95268;2;1;1;6;D125E;;
536554921;17;4;2024;22:30;5;75;75116;2;3;1;6;SQUARE ALBONI;;
536554922;15;1;2024;16:00;1;42;42275;2;1;2;6;Place Massenet;;
536554923;23;12;2024;17:40;5;75;75120;2;1;1;2;BD PERIPHERIQUE INTERIEUR;;
536554924;17;4;2024;19:30;1;75;75116;2;1;1;3;AVENUE DE LA GRANDE ARMEE;;
536554925;8;9;2024;09:13;1;84;84092;2;2;2;3;LYON (ROUTE DE );;
536554926;18;4;2024;08:55;1;75;75115;2;1;1;6;AVENUE DE LA PORTE DE LA PLAINE;;
536554927;24;12;2024;20:00;5;75;75120;2;3;1;6;RUE DES PYRENEES;;
536554928;8;9;2024;10:30;1;83;83137;2;1;2;3;BROSSET (BD GENERAL);;
536554929;18;4;2024;18:00;1;75;75112;2;3;1;6;AVENUE DAUMESNIL;;
536554930;30;1;2024;15:13;1;38;38169;2;3;1;3;Boulevard Joliot Curie;;
536554931;8;9;2024;02:00;3;83;83069;2;1;1;6;PIERREFEU (ROUTE DE) RD 12;;
536554932;24;12;2024;17:33;5;75;75118;2;2;2;6;RUE D AUBERVILLIERS;;
536554933;18;4;2024;09:20;1;75;75110;2;2;1;6;RUE DE LANCRY;;
536554934;8;9;2024;02:45;5;83;83050;2;6;1;6;JUIN( AVENUE DU MARECHAL);;
536554935;30;1;2024;19:10;5;38;38053;2;9;1;2;Avenue d’Italie;;
536554936;24;12;2024;09:30;1;75;75115;2;5;1;6;RUE LECOURBE;;
536554937;18;4;2024;16:40;1;75;75108;2;3;1;3;RUE SAINT LAZARE;;
536554938;8;9;2024;07:29;1;81;81065;2;1;1;2;180 Avenue Charles De Gaulle;;
536554939;29;1;2024;17:30;5;37;37261;2;9;1;2;AUBERDIERE (RUE DE L');;
536554940;24;12;2024;17:45;5;75;75113;2;7;2;2;PLACE D ITALIE;;
536554941;18;4;2024;10:00;1;75;75108;2;7;1;3;PLACE DE LA MADELEINE;;
536554942;30;1;2024;12:05;1;35;35055;1;3;1;3;GRESILLON (ALLEE DU);;
536554943;8;9;2024;17:25;1;78;78643;2;6;1;6;EUROPE BD DE L';;
536554944;23;12;2024;12:15;1;75;75109;2;2;1;3;RUE AUBER;;
536554945;30;1;2024;11:15;1;35;35051;2;6;1;4;ALLIES (BOULEVARD DES);;
536554946;17;4;2024;21:43;5;75;75107;2;2;1;3;QUAI VOLTAIRE;;
536554948;8;9;2024;03:30;3;71;71499;2;1;1;6;SAINT EUGENE (RUE );;
536554949;23;12;2024;10:50;1;75;75101;2;4;7;6;AVENUE DE L OPERA;;
536554950;18;4;2024;13:30;1;75;75103;2;3;1;6;RUE DU TEMPLE;;
536554951;29;1;2024;08:10;5;29;29019;2;6;1;3;route du Vieux Saint-Marc;;
536554952;8;9;2024;23:40;5;69;69282;2;4;1;6;Rue de la République;;
536554953;22;12;2024;16:19;2;75;75101;2;3;8;6;RUE DE RIVOLI;;
536554954;30;1;2024;19:30;5;26;26198;2;1;1;6;Boulevard du Président Vincent Auriol;;
536554955;8;9;2024;17:38;1;64;64122;2;1;8;6;"""FOCH (AV, DU MARECHAL)""";;
536554956;17;4;2024;18:00;1;75;75101;2;2;1;3;PONT AU CHANGE;;
536554957;31;1;2024;00:35;5;13;13211;2;9;1;1;MIREILLE LAUZE (Bd);;
536554958;24;12;2024;22:00;5;94;94041;2;3;2;1;Rue François Mitterrand;;
536554959;8;9;2024;00:40;4;47;47031;2;1;1;2;RD813;;
536554960;17;4;2024;00:58;5;94;94068;2;2;1;3;Boulevard de Créteil / Avenue Barbès;;
536554961;30;1;2024;19:10;5;13;13212;2;1;1;3;24 AVRIL 15 (AVENUE DU);;
536554962;24;12;2024;19:45;5;94;94028;2;1;2;4;Rue Juliette Savar;;
536554963;7;9;2024;14:40;1;45;45068;2;1;2;6;12 Rue Marcel Paul;;
536554964;18;4;2024;06:45;2;94;94041;2;1;1;3;123 Avenue Maurice Thorez;;
536554965;30;1;2024;15:30;1;13;13215;2;1;1;3;SAINT ANTOINE (AVENUE DE);;
536554966;8;9;2024;02:55;5;44;44143;2;9;2;6;125 Rue Aristide Briand;;
536554967;23;12;2024;13:00;1;94;94017;2;2;1;3;Rue Alexandre Fourny;;
536554968;17;4;2024;14:00;1;94;94041;2;1;2;3;Boulevard Paul Vaillant Couturier;;
536554969;16;1;2024;16:30;1;13;13206;2;1;1;5;LODI (RUE DE);;
536554970;8;9;2024;01:50;5;44;44109;2;6;2;6;PLACE DU GARIGLIANo;;
536554971;24;12;2024;13:00;1;93;93064;2;1;2;3;Rue Richard Gardebled;;
536554972;29;1;2024;15:45;1;13;13001;2;1;1;3;BENOIT FERNAND (AV);;
536554973;18;4;2024;14:10;1;94;94034;2;1;1;2;Avenue de Stalingrad;;
536554974;7;9;2024;17:05;1;43;43002;2;1;1;2;34 Route de Roderie;;
536554975;23;12;2024;19:05;5;93;93077;2;9;1;7;Allee du Plateau;;
536554976;30;1;2024;13:30;1;07;07316;1;1;1;5;Route de Lyon;;
536554977;18;4;2024;15:40;1;93;93051;2;3;1;3;Rue de Verdun / Rue du 26 Aout 1944;;
536554978;8;9;2024;20:50;5;38;38185;2;2;2;3;Rue des Alliés;;
536554979;24;12;2024;05:47;5;93;93045;2;2;2;1;Boulevard Eugène Decros / Rue de la Rochefoucauld;;
536554980;30;1;2024;13:07;1;06;06088;2;1;1;6;Rue de Roquebillière;;
536554981;8;9;2024;12:30;1;37;37195;2;1;1;6;LOUIS XI (RUE);;
536554982;7;9;2024;16:45;1;37;37261;2;1;1;6;ALOUETTE (AVENUE);;
536554983;24;12;2024;09:00;1;93;93030;2;2;2;6;DE GAULLE (AVENUE DU GENERAL);;
536554984;30;1;2024;16:10;1;06;06069;2;9;1;2;Chemin de l’Orme;;
536554985;17;4;2024;13:05;1;93;93046;2;2;1;3;Avenue Jean Jacques Rousseau / Avenue Emile Zola;;
536554986;8;9;2024;12:00;1;34;34129;2;1;1;3;BRET (ROND POINT L);;
536554987;30;1;2024;14:40;1;06;06069;2;1;1;2;Avenue Antoine de Saint Exupéry;;
536554988;23;12;2024;02:00;5;93;93027;2;3;1;3;FRANKLIN (RUE);;
536554989;17;4;2024;10:05;1;93;93045;2;1;1;6;Rue de Paris;;
536554990;8;9;2024;17:30;1;29;29232;2;1;3;7;Boulevard de Poulguinan;;
536554991;30;1;2024;13:39;1;06;06030;2;3;1;6;Rue Sevigne;;
536554992;18;4;2024;15:50;1;93;93057;2;1;1;7;Avenue Aristide Briand;;
536554993;24;12;2024;16:05;2;92;92026;2;2;2;4;PRÉSIDENT PAUL DOUMER (QUAI DU);;
536554994;29;1;2024;12:10;1;05;05023;2;1;1;6;FINE (RUE ORONCE);;
536554995;18;4;2024;16:13;1;93;93008;2;3;1;6;Rue de Stalingrad / Rue du Colonel Rol Tanguy;;
536554996;8;9;2024;12:34;1;27;27229;2;2;1;3;CITES UNIES (BOULEVARD DES);;
536554997;30;1;2024;17:10;2;75;75115;2;1;1;3;PORTE DE SEVRES;;
536554998;23;12;2024;23:17;5;92;92024;2;2;2;1;JEAN JAURES (BD) DE (1 A 45)   (2 A 54);;
536554999;17;4;2024;11:00;1;93;93007;2;2;1;3;Rue Martyrs de la Deportation / Rue Gilbert Dru;;
536555000;30;1;2024;16:40;1;75;75118;2;1;1;4;BD PERIPHERIQUE EXTERIEUR;;
536555001;24;12;2024;07:00;5;92;92002;2;1;2;3;RAYMON ARON (AVENUE);;
536555002;8;9;2024;10:04;1;25;25462;2;1;1;3;LAVAUX DES (DU 26 A LA FIN);;
536555003;18;4;2024;17:35;1;92;92078;2;3;1;6;REDOUTE (AVENUE);;
536555004;24;12;2024;16:17;1;31;31184;1;1;8;6;Route de Lasbordes;;
536555005;29;1;2024;16:35;1;75;75114;2;1;1;4;PORTE DE CHATILLON;;
536555006;18;4;2024;07:10;1;92;92062;1;1;1;3;GENERAL DE GAULLE (AV) DU 63 AU 107;;
536555007;8;9;2024;17:50;1;23;23096;2;6;1;2;GANE (ROND POINT DE LA);;
536555008;25;12;2024;11:45;1;87;87202;1;1;1;6;3 Rue François 1er;;
536555009;18;4;2024;18:40;1;92;92025;2;1;1;6;CHARLES DE GAULLE (BD);;
536555010;27;1;2024;19:45;5;75;75105;2;3;1;6;BOULEVARD SAINT MARCEL;;
536555011;8;9;2024;12:45;1;13;13043;2;1;2;2;ROVE (AV DU );;
536555012;24;12;2024;22:10;3;05;05106;1;1;1;6;N94;;
536555013;30;1;2024;16:30;1;75;75116;2;1;1;6;AVENUE DE LA GRANDE ARMEE;;
536555014;18;4;2024;09:15;1;92;92024;2;1;8;2;MARTRE DE (4 A 54);;
536555015;8;9;2024;15:40;1;13;13213;2;1;8;7;JEAN PAUL SARTRE (AVENUE);;
536555016;25;12;2024;15:40;1;07;07330;2;1;1;1;Chemin des Loubières;;
536555017;30;1;2024;18:40;5;75;75111;2;3;1;1;RUE LOUIS BONNET;;
536555018;18;4;2024;18:30;1;92;92012;2;2;1;1;REPUBLIQUE (BOULEVARD DE LA) 5/77BIS - 6;;
536555019;8;9;2024;00:30;5;13;13209;2;1;1;1;LÉON LACHAMP (ROUTE);;
536555020;24;12;2024;20:30;3;24;24485;1;1;2;6;Route du Val de Côle;;
536555021;30;1;2024;17:30;2;75;75111;2;3;1;6;RUE DE LA ROQUETTE;;
536555022;25;12;2024;04:41;3;30;30341;1;1;1;7;D179;;
536555023;9;9;2024;00:20;3;10;10060;2;6;1;6;GENERAL LECLERC (RUE DU);;
536555024;17;4;2024;20:05;2;92;92002;2;1;1;2;ARISTIDE BRIAND (AVENUE);;
536555025;30;1;2024;10:43;1;75;75103;2;3;1;2;RUE DEBELLEYME;;
536555026;19;4;2024;08:40;1;17;17010;1;1;1;1;D202;;
536555027;8;9;2024;09:08;1;10;10357;2;6;7;6;HENRI BARBUSSE (RUE);;
536555028;25;12;2024;18:00;5;31;31506;2;2;1;2;Avenue de la Marqueille;;
536555029;18;4;2024;18:35;1;22;22302;2;1;1;6;Rue de la Manchette;;
536555030;29;1;2024;19:25;5;75;75101;2;2;1;1;BOULEVARD DE SEBASTOPOL;;
536555032;18;4;2024;15:30;1;31;31547;1;9;1;3;3000 Route de Saint Lys;;
536555033;30;1;2024;01:05;5;94;94041;2;1;1;7;Boulevard Paul Vaillant Couturier;;
536555034;25;12;2024;03:05;3;30;30169;1;1;1;5;A9;;
536555035;8;9;2024;07:50;1;06;06088;2;2;1;3;52 Boulevard Risso;;
536555036;25;12;2024;01:20;5;971;97118;2;1;1;6;Chemin de Fontarabie;;
536555037;19;4;2024;01:18;3;35;35206;1;1;1;2;RN 137 Point ilométrique 40;;
536555038;30;1;2024;03:20;5;94;94034;2;3;1;3;Rue des Anémones / Boulevard Pasteur;;
536555040;8;9;2024;01:45;5;06;06088;2;2;1;3;77 Boulevard Paul Montel;;
536555041;18;4;2024;16:51;1;59;59201;1;1;8;2;Route de Fournes;;
536555042;30;1;2024;14:30;1;94;94070;2;1;1;4;Route de Paris;;
536555043;18;4;2024;20:17;3;21;21406;1;1;1;6;D9;;
536555044;8;9;2024;13:55;1;06;06069;2;1;2;6;2 Place du Patti;;
536555045;30;1;2024;15:40;1;93;93064;2;1;1;6;Rue Jules Ferry;;
536555046;18;4;2024;17:13;1;19;19196;1;1;1;7;Route D'Objat;;
536555047;20;9;2024;08:54;1;04;04070;2;1;1;7;GAMBETTA (BD);;
536555048;19;4;2024;07:00;2;19;19285;1;1;1;7;D7;;
536555049;30;1;2024;08:25;1;93;93062;2;9;1;3;Allée Gambetta / Allée du Jardin Anglais;;
536555050;24;12;2024;19:10;3;77;77095;1;1;2;5;D54;;
536555051;19;4;2024;08:20;1;59;59580;2;1;1;6;30 Lotissement le Noordmeulen;;
536555052;19;4;2024;06:20;5;81;81081;2;1;1;6;D85;;
536555053;29;1;2024;17:45;2;93;93048;2;1;1;6;Rue Lenain de Tillemont;;
536555054;25;12;2024;12:00;1;66;66217;2;7;1;3;avenue canterana;;
536555055;8;9;2024;14:00;1;75;75120;2;4;1;5;BOULEVARD PERIPHERIQUE INTERIEUR NORD;;
536555056;29;1;2024;14:45;1;93;93048;2;1;1;3;Rue de la Fédération;;
536555057;12;4;2024;18:00;1;71;71543;2;2;1;2;Quai du Nord;;
536555058;24;12;2024;09:30;1;04;04242;1;1;1;2;D4096;;
536555059;7;9;2024;23:00;5;75;75115;2;1;1;2;BOULEVARD PERIPHERIQUE INTERIEUR SUD;;
536555060;30;1;2024;08:30;1;93;93047;2;1;8;6;Avenue Victor Hugo;;
536555061;19;4;2024;16:00;1;63;63047;2;3;1;7;Boulevard des Vernières;;
536555062;24;12;2024;10:58;1;69;69287;2;3;1;6;15 Rue du 11 Novembre 1918;;
536555063;6;9;2024;14:20;1;75;75115;2;1;1;2;BOULEVARD PERIPHERIQUE EXTERIEUR SUD;;
536555064;23;12;2024;16:05;1;27;27397;1;1;1;7;rue du fond du val;;
536555065;30;1;2024;07:33;2;93;93010;2;3;1;6;Rue Jules Guesde / Rue Jean Jaures;;
536555066;17;4;2024;22:30;3;49;49160;1;2;1;3;D22;;
536555067;18;4;2024;14:15;1;42;42264;1;1;1;6;D6;;
536555068;30;1;2024;17:15;1;93;93005;2;5;1;6;Avenue Anatole France / Rue Sadi Carnot;;
536555069;8;9;2024;15:50;1;75;75120;2;5;1;2;RUE DES PYRENEES;;
536555070;25;12;2024;11:55;1;76;76116;1;2;1;3;D6014;;
536555071;27;1;2024;17:30;2;92;92022;2;1;1;7;ETANG SAINT-DENIS (ROUTE DE L');;
536555072;18;4;2024;18:45;1;86;86002;1;2;1;3;D18;;
536555073;30;1;2024;10:55;1;92;92050;2;1;8;2;SOUFFLOT J-GERMAIN BOULEVARD;;
536555074;25;12;2024;11:00;1;60;60211;1;1;1;1;D915;;
536555075;8;9;2024;00:45;5;75;75116;2;1;1;4;AVENUE RAYMOND POINCARE;;
536555076;15;3;2024;16:38;1;34;34150;2;3;1;7;1 Rue Montgolfier;;
536555077;30;1;2024;13:50;1;92;92040;2;3;1;3;GENERAL DE GAULLE (AVE DU) 32 A 62;;
536555078;6;9;2024;15:50;1;75;75116;2;1;1;3;AVENUE KLEBER;;
536555079;5;4;2024;21:40;3;44;44217;1;1;1;1;Lieu Dit Tournebride;;
536555080;23;12;2024;12:10;1;13;13005;1;1;1;2;A50-Sens Aubagne vers Marseille;;
536555081;30;1;2024;19:20;5;92;92026;2;1;1;3;CIRCULAIRE (BOULEVARD);;
536555082;8;9;2024;03:20;5;75;75115;2;2;1;3;QUAI ANDRE CITROEN;;
536555083;23;12;2024;20:45;5;13;13214;1;1;1;3;A7-Sens Lyon vers Marseille;;
536555084;19;4;2024;17:15;1;35;35039;2;2;1;3;Rue de Rennes;;
536555085;30;1;2024;16:50;1;92;92024;2;1;1;2;CLICHY (QUAI DE) DE (8 A 60);;
536555086;30;1;2024;12:30;1;34;34069;1;1;8;6;D14;;
536555087;7;9;2024;23:30;5;75;75115;2;1;1;3;RUE DES BERGERS;;
536555088;19;4;2024;17:05;1;58;58079;2;1;1;6;Le Foulon;;
536555089;13;12;2024;18:48;3;13;13071;1;1;1;4;A7-Sens Lyon vers Marseille;;
536555090;31;1;2024;07:20;2;51;51423;1;1;1;3;D61;;
536555091;19;4;2024;08:50;1;72;72247;1;1;7;1;rd309 pk49+500;;
536555092;30;1;2024;13:00;1;33;33087;2;1;1;6;Le Bourg Nord;;
536555093;21;12;2024;12:30;1;57;57356;1;1;8;2;Autoroute A31;;
536555094;8;9;2024;17:40;1;75;75101;2;3;8;3;QUAI FRANCOIS MITTERRAND;;
536555096;19;4;2024;08:25;1;14;14740;1;1;1;6;Route de Livarot;;
536555097;30;1;2024;17:09;1;972;97231;1;3;1;1;Sarcelle;;
536555098;8;9;2024;07:05;1;75;75104;2;4;1;5;BOULEVARD BEAUMARCHAIS;;
536555099;14;4;2024;11:06;1;64;64238;1;2;1;3;Route de Ponson Dessus;;
536555100;23;12;2024;23:11;3;59;59447;1;1;1;5;AUTOROUTE A2;;
536555101;31;1;2024;16:10;1;72;72008;1;1;1;1;D140;;
536555102;24;12;2024;20:50;3;92;92002;1;1;1;2;AUTOROUTE A10;;
536555103;8;9;2024;23:00;5;94;94016;2;2;1;3;Avenue Aristide Briand;;
536555104;29;1;2024;08:50;1;82;82185;1;1;1;7;D47;;
536555105;13;4;2024;09:20;1;43;43244;2;1;1;6;1 Place de l'Hotel-de-ville;;
536555106;31;1;2024;04:10;3;63;63195;1;1;1;6;D20;;
536555107;24;12;2024;19:55;3;91;91228;1;1;1;2;AUTOROUTE A6;;
536555108;8;9;2024;07:55;2;95;95527;1;1;1;3;NOYER AU CHAT (ROUTE DU);;
536555109;30;1;2024;02:20;3;42;42173;1;4;1;6;Route du Chatelard;;
536555110;18;4;2024;20:50;3;07;07191;1;6;1;6;D86;;
536555111;7;9;2024;08:00;2;93;93001;2;1;2;3;VICTOR HUGO (AVE)  N° 122 =>;;
536555112;30;1;2024;09:40;1;29;29241;2;1;5;6;Rue Alsace-lorraine;;
536555113;24;12;2024;15:10;1;92;92019;1;1;2;2;AUTOROUTE A86;;
536555114;8;9;2024;20:45;5;92;92036;2;3;2;6;LUCIEN LANTERNIER (AVENUE) (1/17);;
536555115;31;1;2024;15:00;1;38;38538;1;6;7;3;D165;;
536555116;24;12;2024;14:40;1;78;78640;1;1;1;2;N118;;
536555117;18;4;2024;09:00;1;04;04088;2;3;1;3;Boulevard Latourette;;
536555118;31;1;2024;09:45;1;15;15243;1;1;8;6;RD 678;;
536555119;24;12;2024;08:19;1;92;92036;1;1;2;6;A86;;
536555120;8;9;2024;12:00;1;39;39097;2;1;1;6;Rue du Cimetière;;
536555121;19;4;2024;16:00;1;85;85029;1;1;1;6;RD59;;
536555122;24;12;2024;21:20;3;78;78640;1;1;2;2;A86 INT;;
536555123;31;1;2024;12:25;1;70;70149;1;1;1;1;d16;;
536555124;29;8;2024;14:30;1;57;57028;1;3;1;1;D1;;
536555125;18;4;2024;22:45;3;85;85089;1;2;1;1;la cantière;;
536555126;31;1;2024;06:10;3;70;70525;1;1;1;6;Rue du Muguet;;
536555127;23;12;2024;17:07;1;78;78158;1;1;1;2;A13;;
536555128;9;9;2024;08:01;1;83;83107;1;1;7;7;A8;;
536555129;30;1;2024;10:05;1;54;54405;1;1;9;6;RD 78;;
536555130;24;12;2024;17:20;5;95;95500;1;1;2;3;A15;;
536555131;18;4;2024;18:15;1;37;37203;1;3;1;3;Rue de Parçay;;
536555132;7;9;2024;21:45;3;972;97218;1;1;1;6;chemin du petit reduit;;
536555133;30;1;2024;10:00;1;72;72352;1;1;1;1;Route de Marolles;;
536555134;24;12;2024;15:55;2;95;95365;1;1;2;3;N104;;
536555135;8;9;2024;10:16;1;63;63289;1;1;1;7;D204;;
536555136;18;4;2024;19:30;1;61;61497;1;9;1;3;A28;;
536555137;28;1;2024;16:10;1;64;64040;1;1;1;7;D132;;
536555138;24;12;2024;09:05;1;93;93005;1;1;2;2;AUTOROUTE A3;;
536555139;23;1;2024;13:45;1;73;73188;1;1;1;2;D69;;
536555140;19;4;2024;15:00;1;42;42041;1;1;1;2;A72;;
536555141;6;9;2024;15:45;1;12;12131;1;3;1;3;D988;;
536555142;23;12;2024;22:30;3;93;93053;1;1;1;2;AUTOROUTE A3;;
536555143;21;1;2024;06:55;5;37;37154;2;1;2;1;48 Rue Nationale;;
536555144;19;4;2024;09:00;1;973;97309;2;1;1;3;Route de Montjoly (rd1);;
536555145;8;9;2024;19:30;3;974;97413;1;1;1;1;départementale 13 - ravine des poux;;
536555146;30;1;2024;09:00;1;987;98734;1;1;1;3;PK 30+500 PAPEMATO;;
536555147;18;4;2024;12:20;1;69;69244;2;1;1;3;134 Rue Joliot Curie;;
536555148;24;12;2024;19:45;3;77;77294;1;1;5;6;A104;;
536555149;8;9;2024;18:30;1;50;50467;1;1;8;6;N13;;
536555150;31;1;2024;11:20;1;34;34032;1;1;1;3;A75;;
536555151;18;4;2024;15:00;1;86;86062;1;1;1;2;A10;;
536555152;20;6;2024;02:20;5;75;75107;2;7;1;6;AVENUE DE VILLARS;;
536555153;30;1;2024;13:55;1;987;98729;2;1;1;6;PK 6.2 C/MER - MAHAREPA;;
536555154;9;9;2024;00:30;3;50;50025;1;9;1;6;RN 175 PK 40+000;;
536555155;7;9;2024;12:00;1;34;34114;1;1;1;6;a750, pk 28;;
536555156;29;6;2024;09:50;1;93;93027;2;2;1;1;Boulevard Pasteur / Rue de l'Union;;
536555157;30;1;2024;19:20;5;973;97312;2;2;1;1;13 Rue d'Inkermann;;
536555158;18;4;2024;15:39;1;45;45008;1;1;1;2;A10;;
536555159;26;6;2024;23:00;5;93;93027;2;1;1;6;Rue Honoré de Balzac;;
536555160;28;1;2024;18:30;5;971;97117;2;3;1;6;Boulevard Rougé;;
536555161;16;4;2024;03:23;3;59;59047;1;1;2;6;A26 pk 143+400;;
536555162;8;9;2024;18:10;1;87;87122;1;1;8;1;autoroute A 20 pK 154+900 SENS NORD/SUD;;
536555163;21;6;2024;10:15;1;93;93027;2;3;2;3;Rue de Valmy / Rue Jollois;;
536555164;19;4;2024;07:00;2;77;77231;1;1;1;6;D17;;
536555165;31;1;2024;15:55;1;77;77183;2;2;1;3;Rue du Four Blanc;;
536555166;31;1;2024;09:45;1;2B;2B148;2;9;1;6;parking du commerce;;
536555167;14;6;2024;18:30;1;93;93027;2;3;1;2;Rue Raspail / Rue Rosa Parks;;
536555169;18;4;2024;14:30;1;21;21464;2;2;1;6;Rue Thurot;;
536555170;30;1;2024;20:15;3;66;66227;1;1;1;1;D39;;
536555171;5;6;2024;01:00;5;93;93027;2;3;1;2;Avenue Paul Vaillant-Couturier / A86;;
536555172;7;9;2024;12:05;1;62;62749;2;1;1;6;D340;;
536555173;19;4;2024;06:07;2;21;21390;2;1;1;6;Route des Grands Crus;;
536555174;31;1;2024;07:25;2;84;84074;2;1;1;2;RD973;;
536555175;17;4;2024;10:30;1;68;68063;2;1;1;7;8 Rue de la 4e Dmm;;
536555176;24;12;2024;00:10;5;988;98818;2;3;1;6;RUE ISAAC NEWTON/RUE GUTENBERG;;
536555177;31;1;2024;18:40;3;83;83008;1;1;1;6;Route du Muy;;
536555178;9;9;2024;10:13;1;57;57465;1;3;8;3;2 Route Nationale;;
536555179;23;12;2024;14:20;1;976;97611;2;1;1;6;kaweni-Kaweni sud  (Z I);;
536555180;18;4;2024;13:20;1;07;07130;1;1;4;2;Route nationale 102;;
536555181;31;1;2024;14:00;1;70;70528;1;1;1;1;D.474 - PR 4+910;;
536555182;8;9;2024;13:00;1;19;19067;1;1;2;7;D153;;
536555183;23;12;2024;07:15;1;974;97411;2;9;1;6;LECONTE DE LISLE (AVENUE);;
536555184;27;1;2024;14:50;1;67;67368;1;1;7;7;RD303;;
536555185;18;4;2024;08:25;1;53;53119;1;3;7;7;1 L'Egretais;;
536555186;6;9;2024;19:30;1;56;56112;1;1;1;7;La Ville Stephant;;
536555187;22;12;2024;22:00;5;972;97209;2;1;1;7;RAVINE VILAINE (CHEMIN DEPARTEMENTAL DE);;
536555188;30;1;2024;17:30;2;07;07138;1;1;1;7;N102;;
536555189;9;4;2024;20:48;2;44;44110;1;1;1;2;Bois de bout;;
536555190;7;9;2024;04:40;3;56;56166;1;1;1;6;Rue du Petit Bois;;
536555191;30;1;2024;10:20;1;65;65042;1;1;1;1;30 Rue des Fréres Ferrère;;
536555192;18;4;2024;06:45;2;14;14698;1;1;1;6;Route du Hamet;;
536555193;21;12;2024;16:30;1;972;97209;2;1;1;4;BISHOP (Avenue Maurice);;
536555195;30;1;2024;08:55;1;86;86137;1;1;1;1;Rue des Guitais;;
536555196;17;4;2024;12:35;1;35;35360;2;1;1;6;Allée verte;;
536555197;22;12;2024;23:10;3;971;97101;1;9;1;7;BOZON;;
536555198;25;1;2024;18:45;3;47;47024;1;1;1;3;Rue des Pommiers;;
536555199;19;4;2024;13:50;1;27;27410;1;1;2;1;N13;;
536555200;23;12;2024;08:05;2;91;91027;2;1;1;3;AV FRANCOIS MITTERRAND;;
536555201;7;9;2024;11:45;1;80;80606;1;1;1;6;D29;;
536555202;18;12;2024;12:40;1;88;88160;2;2;1;3;BOULAY-DE-LA-MEURTHE (RUE);;
536555203;7;9;2024;07:30;1;82;82186;1;1;8;6;D116;;
536555204;31;1;2024;10:20;1;22;22225;2;2;1;6;Rue de l'Argoat;;
536555205;21;12;2024;18:26;5;87;87085;2;3;1;6;BUGEAUD (COURS);;
536555206;9;9;2024;11:30;1;71;71379;1;1;2;1;Route de Cuiseaux;;
536555207;31;1;2024;08:15;2;76;76758;2;1;1;6;3 Rue des Victoires;;