Num_Acc;jour;mois;an;hrmn;lum;dep;com;agg;int;atm;col;adr;lat;long
536555208;17;4;2024;12:20;1;13;13001;1;1;1;2;A51-Sens Marseille vers Aix en Provence;;
536555209;21;12;2024;15:35;1;87;87085;1;1;1;6;RD39;;
536555210;30;1;2024;12:10;1;60;60446;1;1;1;6;Route Nationale 2;;
536555211;17;4;2024;10:30;1;13;13071;1;1;6;2;A7-Sens Lyon vers Marseille;;
536555212;7;9;2024;17:33;1;89;89151;1;2;3;3;D660;;
536555213;19;12;2024;18:15;5;87;87085;2;1;2;2;RUBEN (AVENUE ERNEST);;
536555214;31;1;2024;18:25;3;80;80034;1;1;1;2;autoroute A29 PK 246+200;;
536555215;22;12;2024;02:03;3;77;77118;1;1;3;6;ROUTE NATIONALE 3;;
536555216;31;1;2024;05:30;3;62;62793;2;1;1;6;D75;;
536555217;14;4;2024;03:25;3;13;13215;1;1;1;5;A7-Sens Lyon vers Marseille;;
536555218;18;7;2024;08:30;1;63;63008;1;1;1;7;Route de Saint Thomas;;
536555219;4;4;2024;20:40;2;42;42097;1;1;1;6;A72;;
536555220;23;12;2024;22:40;5;76;76540;2;2;2;3;Pont Guillaume le Conquérant;;
536555221;30;1;2024;08:40;1;83;83123;1;1;1;4;A50;;
536555222;18;4;2024;17:50;1;92;92050;1;1;1;2;A14;;
536555223;18;4;2024;17:45;1;93;93027;1;1;2;2;A1;;
536555224;30;1;2024;08:56;1;69;69385;1;1;1;3;Route de métropole 6;;
536555226;22;12;2024;08:50;1;76;76341;1;1;1;6;RD 6382;;
536555227;23;12;2024;12:05;1;76;76217;2;1;1;6;Rue Louis de Bures;;
536555228;9;9;2024;09:50;1;12;12188;1;1;2;6;RD 911;;
536555229;18;4;2024;14:50;1;94;94073;1;1;1;4;A86;;
536555230;15;3;2024;08:48;1;54;54115;1;1;2;4;Autoroute A 31;;
536555231;2;8;2024;21:14;2;31;31022;1;1;1;2;A62 PK 222.180 sens Bordeaux Toulouse;;
536555232;8;9;2024;10:00;1;42;42260;2;1;1;3;20 Route de Boen;;
536555233;18;12;2024;07:40;5;76;76114;2;1;1;3;JOFFRE (AVENUE DU MARECHAL);;
536555234;17;4;2024;19:10;1;77;77363;1;1;1;4;A104;;
536555235;31;7;2024;10:10;1;988;98805;1;1;1;6;VE2;;
536555236;8;9;2024;09:20;1;42;42047;1;1;1;7;Route de Saint-Marcel;;
536555237;30;1;2024;09:10;1;91;91468;1;1;1;2;AUTOROUTE A6;;
536555238;2;8;2024;19:20;1;67;67067;1;9;2;7;aire de repos Brumath EST, Autoroute A4, sens Strasbourg vers Paris;;
536555239;22;12;2024;18:50;5;67;67482;2;1;8;6;GENERAL KOENIG (QUAI DU);;
536555240;28;1;2024;22:46;5;92;92050;1;1;1;7;A14;;
536555241;8;9;2024;03:00;3;46;46322;1;1;1;1;D12;;
536555242;21;12;2024;18:00;3;66;66136;1;3;1;3;Rue Etienne Lenoir;;
536555243;9;9;2024;02:50;5;68;68338;2;6;2;7;Route de Colmar;;
536555244;30;1;2024;13:00;1;93;93008;1;1;1;2;AUTOROUTE A86;;
536555245;2;8;2024;10:20;1;34;34095;1;1;1;5;Autoroute A9, P.K 112.800 dans le sens Nord / sud;;
536555246;17;12;2024;14:00;1;65;65286;2;1;1;6;ABADIE (Avenue François);;
536555247;3;8;2024;05:20;3;60;60432;1;1;1;6;RD922;;
536555248;23;12;2024;16:25;1;64;64445;2;1;2;2;LOUIS BARTHOU;;
536555250;22;12;2024;11:40;1;64;64102;2;1;2;3;MAUBEC (RUE);;
536555251;3;8;2024;11:15;1;975;97502;2;1;1;1;boulevard Louis Heron de Villefosse;;
536555252;29;1;2024;19:35;4;93;93007;1;1;1;2;A3;;
536555253;8;9;2024;01:30;4;39;39412;2;1;2;6;9 Route de Chaussin;;
536555254;23;12;2024;18:20;5;59;59426;2;1;1;6;PETIT MENIN (RUE DU);;
536555255;3;8;2024;11:50;1;988;98803;1;1;1;6;RT3 à hauteur de la tribu d'Azareu;;
536555256;23;12;2024;21:00;5;59;59343;2;1;1;1;CURIE PIERRE RUE    N°PAIR;;
536555257;29;1;2024;18:30;3;93;93005;1;1;1;2;A3;;
536555258;8;9;2024;00:48;3;25;25405;1;1;3;6;D204;;
536555259;3;8;2024;05:00;3;973;97305;1;1;1;1;Route Nationale 1 - PK 23+100;;
536555260;23;12;2024;18:40;3;59;59560;1;1;1;2;Route de Martinsart;;
536555261;29;1;2024;23:00;3;974;97416;1;1;2;6;RN3 (1);;
536555262;2;8;2024;18:35;2;971;97129;1;1;1;6;Morne Rouge;;
536555263;8;9;2024;15:10;1;44;44003;2;1;8;6;Boulevard de l'Atlantique;;
536555264;23;12;2024;16:13;1;56;56260;2;6;1;6;Rue Jeanne d'Arc;;
536555265;8;9;2024;11:00;1;29;29111;1;1;3;7;Trefalegan Didreux;;
536555266;30;11;2024;06:10;4;56;56260;2;1;1;6;Rue Marcelin Berthelot;;
536555267;29;1;2024;17:25;1;974;97411;2;6;1;3;JAURES (BOULEVARD JEAN);;
536555268;3;8;2024;09:00;1;45;45340;1;1;8;3;D55 PR 1 + 0;;
536555269;8;9;2024;16:10;1;29;29259;1;1;2;1;Lieu Dit Kernormand;;
536555270;22;12;2024;21:37;5;56;56121;2;6;1;3;Rue colonel Jean Muller;;
536555271;27;2;2024;13:50;1;45;45155;2;1;1;2;D941 PR 0 + 933;;
536555272;29;1;2024;17:55;1;973;97302;2;1;2;7;VOLTAIRE(AVENUE);;
536555273;7;9;2024;11:50;1;29;29235;2;1;2;7;boulevard Charles de Gaulle;;
536555274;20;12;2024;19:15;5;56;56121;2;1;2;6;Boulevard Eugène Cosmao-Dumanoir;;
536555275;29;1;2024;15:45;1;973;97302;2;1;3;6;REPUBLIQUE (BD DE LA);;
536555276;8;9;2024;20:30;3;38;38538;2;1;3;6;Route de Chambéry;;
536555277;22;12;2024;16:42;2;54;54395;2;2;1;1;Rue de Tomblaine;;
536555278;27;1;2024;10:16;1;973;97302;1;6;1;3;MARINGOUINS (ROND-POINT);;
536555279;4;9;2024;14:15;1;01;01335;1;1;1;6;D26;;
536555281;21;12;2024;18:00;5;54;54116;2;3;2;6;rue nationale;;
536555282;29;1;2024;10:50;1;973;97302;2;1;2;6;MERE THERESA (rue);;
536555283;9;9;2024;08:14;1;26;26324;2;9;7;6;Avenue Louis Girard;;
536555284;22;12;2024;06:20;5;50;50129;2;1;1;6;ATLANTIQUE (BOULEVARD DE L');;
536555285;29;1;2024;08:10;1;973;97302;2;2;3;3;FELIX EBOUE(ROCADE);;
536555286;3;8;2024;03:05;3;84;84019;1;1;1;1;N86;;
536555287;8;9;2024;17:30;1;66;66137;1;1;1;6;D900;;
536555288;28;1;2024;20:30;5;972;97209;1;1;1;2;AUTOROUTE (A1);;
536555289;16;11;2024;00:49;5;42;42187;2;2;1;3;Boulevard Ouest;;
536555290;7;9;2024;15:40;1;06;06119;1;1;1;7;Col des Fourches (Col de montagne);;
536555291;28;1;2024;17:30;2;972;97209;1;1;1;6;BALATA (ROUTE DE);;
536555292;2;8;2024;07:00;1;06;06048;2;6;1;3;Avenue Charles Alunni;;
536555293;12;12;2024;22:50;5;40;40088;2;1;1;6;FOCH (COURS DU MARECHAL);;
536555294;29;1;2024;13:00;1;69;69034;2;1;1;3;29 Route de Strasbourg;;
536555295;1;8;2024;20:30;1;13;13004;1;1;1;7;d35;;
536555296;29;8;2024;15:40;1;14;14355;1;2;1;3;Route de Caen;;
536555297;28;1;2024;22:05;5;971;97101;1;1;1;1;ROUTE DE BOISVINS;;
536555298;2;8;2024;17:45;1;71;71299;1;1;1;6;N79;;
536555299;23;12;2024;14:20;1;37;37261;2;1;8;3;LOUIS XI (BOULEVARD);;
536555300;27;1;2024;18:50;5;971;97120;2;3;1;1;CHANZY (BOULEVARD);;
536555301;7;9;2024;14:20;1;14;14535;2;6;8;7;36 Grande Rue;;
536555302;23;12;2024;18:45;3;35;35150;1;4;2;3;PILAIS (LA) LIEUX-DITS;;
536555303;31;7;2024;16:15;1;67;67156;1;1;1;6;STRASSBURGERWEG;;
536555304;29;1;2024;09:00;1;91;91421;2;7;1;2;RN 6 (PARTIE FORET);;
536555305;23;12;2024;10:30;1;34;34198;2;1;1;6;PAGNOL (AVENUE MARCEL);;
536555306;2;8;2024;16:00;1;57;57415;1;1;1;7;D51;;
536555308;7;9;2024;19:10;2;90;90041;2;3;1;1;Grande Rue;;
536555309;29;1;2024;16:20;1;89;89387;2;2;1;3;PIERRE DE COUBERTIN (AVENUE);;
536555310;7;9;2024;14:40;1;09;09005;1;1;1;7;D618;;
536555311;23;12;2024;19:40;5;31;31555;2;2;1;3;RUE DE L ORIENT;;
536555312;3;8;2024;16:45;1;63;63038;1;1;1;1;D149;;
536555313;25;1;2024;20:40;3;87;87085;1;1;1;3;AUTOROUTE A20;;
536555314;8;9;2024;18:55;1;60;60129;2;1;1;6;798 Route de Bailly;;
536555315;23;12;2024;12:55;1;31;31555;2;1;1;6;RUE MAURICE FONVIEILLE;;
536555316;3;8;2024;13:15;1;38;38295;1;1;1;7;D52c;;
536555317;29;1;2024;09:30;1;86;86194;2;1;7;6;Avenue John Kennedy;;
536555318;9;9;2024;08:35;2;45;45204;1;1;8;1;Rue du Trembleau;;
536555319;23;12;2024;10:40;1;27;27229;2;2;1;3;VERDUN (RUE DE);;
536555320;30;7;2024;18:30;1;38;38138;1;1;1;1;D52i;;
536555321;28;1;2024;07:30;2;86;86194;2;1;1;3;Boulevard Chasseigne;;
536555322;23;12;2024;14:40;1;25;25462;2;1;4;6;BERNARDINES;;
536555323;7;9;2024;20:10;1;64;64375;1;1;1;1;D245;;
536555324;29;1;2024;23:45;5;84;84007;2;3;1;1;MONTFAVET (Route);;
536555325;3;8;2024;02:30;3;81;81020;1;1;1;7;Route de Marssac;;
536555327;23;12;2024;20:45;3;25;25056;1;1;1;3;RN 1057 (CH. EPITAPHE-CH. MONTBOUCONS);;
536555328;8;9;2024;18:10;1;43;43078;1;1;3;7;Route du Viaduc;;
536555329;23;12;2024;07:19;3;14;14327;2;1;1;1;Avenue du Haut Crépon;;
536555330;28;1;2024;19:10;3;84;84092;1;3;1;1;SAINT SATURNIN (ROUTE DE)-MONTFAVET;;
536555331;1;8;2024;18:50;1;09;09047;1;1;1;3;Lieu Dit Laborie;;
536555332;23;12;2024;09:44;1;08;08480;2;1;1;6;BUISSON F.;;
536555334;28;1;2024;08:55;1;83;83137;2;1;1;3;ARMAND (PONT LOUIS);;
536555335;20;12;2024;17:10;2;02;02722;2;2;2;3;21 Avenue de Laon;;
536555336;7;9;2024;16:40;1;07;07010;1;9;1;1;Lieu-dit Le Chatelard, Hameau de Toissieu;;
536555337;3;8;2024;10:30;1;17;17351;1;3;1;3;D728;;
536555338;29;1;2024;08:04;2;81;81004;2;9;1;3;LANNES (BD DU MARECHAL);;
536555339;3;8;2024;16:15;1;35;35166;1;1;1;6;lieu-dit La Fontenelle;;
536555340;28;1;2024;14:20;1;80;80001;1;1;1;1;CHEMIN DEPARTEMENTAL 901;;
536555341;23;12;2024;09:20;2;75;75116;2;1;1;5;BD PERIPHERIQUE EXTERIEUR;;
536555342;3;9;2024;00:25;5;07;07349;1;3;2;1;D86;;
536555343;1;8;2024;19:00;1;13;13019;1;1;1;3;A51-Sens Aix en Provence vers Marseille;;
536555344;22;12;2024;06:35;5;75;75119;2;1;2;2;BD PERIPHERIQUE INTERIEUR;;
536555345;29;1;2024;18:20;3;78;78642;2;6;1;2;CLEMENCEAU BD GEORGES;;
536555346;9;9;2024;07:50;2;21;21250;1;2;2;1;D29;;
536555347;23;12;2024;19:43;5;75;75105;2;2;1;6;RUE MONGE;;
536555348;29;1;2024;10:00;1;76;76351;2;3;1;3;ACACIAS (DES);;
536555349;2;8;2024;11:20;1;13;13070;1;1;1;4;A50-Sens Aubagne vers Marseille;;
536555350;23;12;2024;13:50;1;75;75106;2;3;1;6;RUE D ASSAS;;
536555351;7;9;2024;14:20;1;24;24388;1;1;2;3;Route du Mouscard;;
536555352;28;1;2024;07:15;5;76;76351;2;1;1;6;AMIRAL MOUCHEZ (BD);;
536555353;22;12;2024;23:00;5;75;75120;2;3;8;6;RUE DES PYRENEES;;
536555354;31;7;2024;18:13;1;13;13106;1;1;1;4;A7-Sens Lyon vers Marseille;;
536555355;8;9;2024;01:00;3;27;27367;2;3;2;6;Rue de l'Ancienne Gare;;
536555356;28;1;2024;20:20;5;76;76351;2;2;1;3;CONCORDE (DE LA);;
536555357;23;12;2024;10:12;1;75;75119;2;2;1;6;AVENUE MATHURIN MOREAU;;
536555358;26;1;2024;20:35;5;76;76305;2;1;1;7;SEINE ( RUE DE LA );;
536555359;4;9;2024;19:40;2;27;27690;1;2;1;3;intersection Départementale 6;;
536555360;23;12;2024;20:05;5;75;75117;2;7;2;2;PLACE DE LA PORTE MAILLOT;;
536555361;2;8;2024;21:30;3;69;69266;1;1;2;3;Autoroute 42;;
536555362;29;1;2024;18:00;5;69;69266;2;9;1;3;2 Impasse Poncet;;
536555363;30;7;2024;03:15;3;01;01275;1;9;1;7;A42  4.020 A 4.353   GEN/LYON;;
536555364;23;12;2024;15:15;1;75;75116;2;1;1;5;ROUTE DE SEVRES A NEUILLY;;
536555365;29;1;2024;07:05;3;69;69282;1;1;1;1;Chemin de Chassieu à Meyzieu;;
536555366;8;8;2024;16:00;1;17;17111;1;2;1;3;D2;;
536555367;23;12;2024;15:20;1;75;75113;2;3;1;6;BOULEVARD MASSENA;;
536555368;29;1;2024;07:30;5;69;69264;2;1;1;1;Rue Monplaisir;;
536555369;7;9;2024;17:30;1;23;23164;1;1;3;3;D996;;
536555370;22;12;2024;21:30;5;75;75111;2;2;2;3;AVENUE LEDRU ROLLIN;;
536555371;30;7;2024;16:20;1;59;59580;1;1;1;6;AUTOROUTE A25;;
536555372;29;1;2024;17:00;1;64;64445;2;1;1;2;JEAN MERMOZ;;
536555373;22;12;2024;00:15;5;75;75104;2;3;2;7;RUE DES HOSPITALIERES SAINT GERVAIS;;
536555374;2;8;2024;16:40;1;94;94021;1;1;1;2;A6B;;
536555375;8;9;2024;17:15;1;87;87205;1;1;1;5;Chemin de la Vigne;;
536555376;20;12;2024;17:10;2;94;94068;2;1;8;6;Avenue de Marinville;;
536555377;28;1;2024;17:00;1;64;64102;2;2;1;3;SOULT (AVENUE MARECHAL);;
536555378;16;12;2024;08:55;1;94;94033;2;1;1;2;Avenue de la République;;
536555379;29;1;2024;12:45;1;63;63113;2;3;1;3;SOUS LES VIGNES (RUE) / rue Gilbert Roddier;;
536555380;2;8;2024;11:55;1;91;91136;1;1;1;4;AUTOROUTE A126;;
536555381;7;9;2024;17:59;1;30;30210;2;1;8;6;Avenue de l'Aigoual;;
536555382;2;8;2024;09:10;1;91;91645;1;1;1;7;RN 385 INT;;
536555383;23;12;2024;13:20;1;93;93031;2;1;1;2;JOFFRE (AVENUE);;
536555384;7;1;2024;22:20;5;62;62774;2;1;1;2;D243E3;;
536555386;29;1;2024;18:40;5;61;61001;2;1;1;6;Voie Communale;;
536555387;2;8;2024;10:10;1;91;91689;1;1;1;3;AUTOROUTE A6;;
536555388;8;9;2024;09:55;1;05;05162;1;1;3;6;A51;;
536555389;23;12;2024;14:00;1;93;93031;2;3;7;2;NANCY (RUE DE);;
536555390;29;1;2024;08:30;2;57;57463;2;2;8;6;PANGE (RUE DE );;
536555391;2;8;2024;09:20;1;91;91174;1;1;1;3;RN 104;;
536555392;7;9;2024;16:45;1;978;97801;2;1;1;1;Route nationale 7 - Grand Case;;
536555393;23;12;2024;21:15;5;93;93029;2;3;1;3;MARCEAU (AVENUE) N° 29-FIN;;
536555394;26;1;2024;22:46;5;56;56121;2;1;1;7;LAENNEC ( BD );;
536555395;2;8;2024;00:09;3;92;92050;1;1;2;7;A86;;
536555396;23;12;2024;11:35;1;93;93010;2;9;1;3;Avenue Galliéni / Avenue de Verdun;;
536555397;2;8;2024;01:45;3;93;93001;1;1;1;2;AUTOROUTE A86;;
536555398;29;1;2024;09:30;1;54;54578;2;3;1;2;Boulevard des Aiguillettes;;
536555399;9;9;2024;02:20;3;49;49110;1;1;1;5;Autoroute A11, PK 246+400;;
536555400;1;8;2024;21:23;2;94;94073;1;1;1;6;A86;;
536555401;27;1;2024;11:00;1;51;51108;2;3;7;6;VERLAINE (AVE PAUL);;
536555402;3;10;2024;20:00;2;92;92078;2;3;1;3;VERDUN (AVENUE) (IMPAIRS 27 AU 73);;
536555403;9;9;2024;06:35;3;06;06085;1;1;1;5;A8 PK 164.450 direction Marseille;;
536555404;1;8;2024;14:00;1;974;97416;1;1;1;2;RN1 (ROUTE NATIONALE);;
536555405;29;8;2024;10:17;1;67;67202;1;1;1;7;A4, PK 452.300;;
536555406;28;1;2024;16:25;1;50;50129;2;3;1;3;ARAGO (RUE);;
536555407;22;12;2024;23:10;5;92;92078;2;3;2;3;VERDUN (AVENUE) (IMPAIRS 1 A 25);;
536555408;29;1;2024;18:22;3;49;49353;1;1;1;5;ANDARD ROUTE;;
536555409;1;8;2024;07:25;1;973;97302;2;3;1;3;MONTABO (ROUTE DE) 2;;
536555410;23;12;2024;12:30;1;92;92026;2;2;1;2;MISSION MARCHAND (COTE PAIR);;
536555411;8;9;2024;05:50;3;11;11370;1;1;1;5;autouroute A9 PK 181+100 vers Beziers;;
536555412;24;1;2024;17:05;2;46;46042;2;1;1;3;Avenue de la Beyne;;
536555413;23;12;2024;07:30;5;92;92025;2;1;1;3;GABRIEL PERI (RUE);;
536555414;7;9;2024;23:45;3;38;38530;1;1;2;7;A43 pk 028+300;;
536555415;1;8;2024;02:10;3;973;97302;2;1;1;7;REPUBLIQUE (BD DE LA);;
536555416;30;1;2024;00:40;4;45;45234;2;1;1;6;Rue de la Barrière Saint-Marc;;
536555417;9;9;2024;01:00;3;13;13105;1;1;1;2;A7  sens sud nord PK 218+800;;
536555418;1;8;2024;07:20;1;972;97213;2;1;1;3;ROUTE DEPARTEMENTALE 3;;
536555419;29;1;2024;18:17;2;41;41018;2;1;1;6;BOURG NEUF (RUE DU);;
536555420;20;12;2024;18:15;5;92;92024;2;1;2;5;GENNEVILLIERS (PONT DE);;
536555422;1;8;2024;14:15;1;972;97209;1;2;1;3;CHATEAUBOEUF (ROUTE DE);;
536555423;23;12;2024;16:20;1;92;92019;2;1;1;2;VERDUN (RUE DE);;
536555424;29;1;2024;18:23;2;38;38185;2;2;1;3;RUE DU VILLAGE;;
536555425;8;9;2024;23:00;3;988;98833;1;1;1;7;Méa Mébara (Tribu);;
536555426;31;7;2024;21:10;1;69;69034;2;1;1;6;Montée des Soldats;;
536555427;23;12;2024;15:00;1;38;38332;1;1;2;6;Route de Maubec;;
536555428;28;1;2024;01:35;5;37;37261;2;1;1;3;WAGNER (BOULEVARD RICHARD);;
536555429;6;9;2024;14:30;1;972;97230;1;1;1;6;RN1;;
536555430;31;7;2024;03:08;5;69;69384;2;1;1;2;Avenue de Birmingham;;
536555431;29;1;2024;12:55;1;35;35278;1;1;1;2;RD 29;;
536555432;8;9;2024;17:50;1;77;77328;2;4;1;6;23 rue du clos corbin;;
536555433;31;7;2024;18:15;2;971;97113;1;9;1;6;ROUTE DE PERINET-RD 119;;
536555434;29;1;2024;13:35;1;35;35238;2;6;1;2;LANGEVIN (PAUL);;
536555435;8;9;2024;16:30;1;91;91405;1;1;2;1;D372 PK18+200;;
536555436;1;8;2024;15:30;1;2A;2A004;2;1;1;3;14 Lot Artisanal Stiletto;;
536555437;26;1;2024;17:03;1;31;31555;2;1;1;3;ALBI (RTE D) DU 1AU 243;;
536555438;6;9;2024;13:02;1;78;78048;1;1;1;2;N12;;
536555439;2;8;2024;00:22;5;91;91521;2;9;2;2;BONTE (RUE);;
536555440;29;8;2024;16:30;1;13;13107;1;1;1;3;Route de Mimet;;
536555441;1;8;2024;18:15;1;84;84007;2;1;1;3;FOLIE (Avenue de la);;
536555442;29;1;2024;10:52;1;14;14366;2;4;1;3;10 Rue Fournet;;
536555443;8;9;2024;19:50;2;71;71297;1;1;1;6;D61;;
536555444;1;8;2024;10:10;1;77;77464;2;1;1;7;CLAYE  (RUE DE  );;
536555445;27;1;2024;03:30;5;13;13026;1;1;1;6;RN 568 CLM;;
536555446;5;9;2024;14:00;1;21;21294;1;1;3;3;D35;;
536555447;29;1;2024;18:45;5;13;13203;2;1;1;2;CHARLES NEDELEC (BOULEVARD);;
536555448;7;9;2024;15:35;1;67;67288;2;1;1;7;30 rue de Lembach;;
536555449;29;1;2024;18:40;5;13;13206;2;1;1;2;ARMENY (RUE D');;
536555450;23;7;2024;22:13;5;73;73065;2;3;1;1;GAMBETTA LEON (BOULEVARD);;
536555451;8;9;2024;00:50;3;67;67432;1;1;1;1;D244;;
536555452;29;1;2024;09:00;1;13;13214;2;3;1;3;PLOMBIERES (BOULEVARD DES);;
536555453;26;7;2024;22:25;5;73;73029;2;3;1;1;CHALLES (ROUTE DE);;
536555454;9;9;2024;06:40;2;55;55122;1;1;8;2;Rue d'Euville;;
536555455;1;8;2024;18:50;1;73;73065;1;1;1;6;DUCRETET EUGENE (RUE);;
536555456;8;9;2024;11:00;1;57;57160;2;1;1;6;Square de la Bisten;;
536555457;28;1;2024;22:20;5;10;10387;2;2;1;3;Rue Kleber;;
536555458;6;9;2024;10:30;1;63;63213;1;6;1;7;D1093;;
536555459;1;8;2024;11:40;1;73;73065;1;2;1;3;DUCRETET EUGENE (RUE);;
536555460;28;1;2024;04:20;5;06;06104;1;1;1;3;Avenue de la Côte d'Azur;;
536555461;9;9;2024;12:05;1;38;38215;1;1;8;1;Route de Fourgeon;;
536555462;26;7;2024;11:10;1;73;73011;2;6;7;3;CHASSEURS ALPINS (AV.)C. VILLE VERS AV.J;;
536555463;29;1;2024;10:45;1;01;01053;2;4;1;6;JASSERON (AVENUE DE - N° PAIRS);;
536555464;8;9;2024;18:10;2;07;07018;1;1;3;1;Col de la Chavade (Col de montagne);;
536555465;1;8;2024;01:15;5;72;72181;2;2;1;6;LAIGNE RUE DE N° IMP 115 A 155;;
536555466;29;1;2024;20:20;5;75;75116;2;2;1;6;AVENUE FOCH;;
536555467;7;9;2024;18:39;1;69;69116;2;1;1;6;Route Départementale 306;;
536555468;31;7;2024;07:55;1;69;69259;2;4;1;3;Route de Vienne;;
536555469;29;1;2024;15:20;1;75;75115;2;2;1;2;BOULEVARD PASTEUR;;
536555470;6;9;2024;21:45;5;69;69250;2;1;1;6;137 Avenue du Casino;;
536555471;26;1;2024;07:05;5;75;75112;2;2;1;3;AVENUE DE GRAVELLE;;
536555472;31;7;2024;18:45;1;67;67482;2;1;1;2;FAUBOURG DE PIERRE (RUE DU);;
536555474;8;9;2024;15:00;1;49;49021;1;1;1;6;Route de Brion;;
536555475;31;7;2024;15:55;1;67;67482;2;1;1;3;ZURICH (RUE DE);;
536555476;28;1;2024;16:20;1;75;75101;2;2;1;3;RUE DE RIVOLI;;
536555477;31;7;2024;17:04;1;64;64260;2;3;1;3;CHOURIENIA (RUE);;
536555478;5;9;2024;20:05;2;44;44026;1;1;3;4;Route de Paris;;
536555479;27;1;2024;02:26;5;94;94081;2;1;1;6;Rue des Blancs Murs;;
536555480;4;9;2024;06:20;2;35;35012;1;3;5;3;La Filouzais;;
536555481;27;1;2024;13:10;1;94;94028;2;3;1;2;Rue Jean Jaurès / Avenue des Petites Haies;;
536555482;31;7;2024;16:00;1;62;62498;2;3;1;3;Place Roger Salengro;;
536555483;31;7;2024;15:00;1;62;62193;2;1;1;3;Boulevard de l'Egalité;;
536555484;8;9;2024;18:30;1;76;76164;1;1;3;1;Rives-en-Seine;;
536555485;29;1;2024;07:35;2;94;94003;2;3;1;3;Avenue Pierre Ronsard / Avenue François Vincent Raspail;;
536555486;9;9;2024;10:10;1;60;60446;1;1;2;6;N2;;
536555487;1;8;2024;16:10;1;61;61006;2;9;1;3;Voie Communale;;
536555488;29;1;2024;07:20;5;94;94021;2;1;1;6;Rue du Père Mazurié;;
536555489;7;9;2024;11:45;1;80;80182;1;1;1;1;Route Blanche;;
536555490;1;8;2024;16:00;1;59;59599;2;3;1;3;BRUN PAIN (RUE DU);;
536555491;29;1;2024;19:00;5;93;93066;2;6;1;3;Rue du Général Joinville / Avenue Paul Vaillant Couturier;;
536555492;1;8;2024;11:15;1;59;59350;2;1;1;3;Rue du Faubourg d'Arras;;
536555493;7;9;2024;19:50;1;59;59638;1;1;1;7;D93;;
536555494;29;1;2024;08:40;1;93;93032;2;3;1;3;Avenue Centrale / Rue Vaillant Couturier;;
536555495;8;9;2024;18:40;1;13;13216;1;1;8;7;A55-Sens Martigues vers Marseille;;
536555496;8;9;2024;15:00;1;13;13085;1;1;8;3;Sens Toulon vers Aubagne;;
536555497;31;7;2024;20:00;1;59;59271;2;3;1;3;ALGUES - ALLEE;;
536555498;29;1;2024;16:43;1;93;93031;2;3;1;3;Avenue de la République / Rue Gounod;;
536555499;8;9;2024;15:30;1;13;13085;1;1;2;2;A50-Sens Toulon vers Aubagne;;
536555500;1;8;2024;17:38;1;56;56260;2;6;1;3;Giratoire de Coët Digo;;
536555501;8;9;2024;15:40;1;13;13071;1;1;8;2;A51-Sens Marseille vers Aix en Provence;;
536555502;29;1;2024;03:03;5;93;93008;2;3;1;7;Avenue de l'Hôtel de Ville / Avenue Karl Marx;;
536555503;31;7;2024;13:35;1;54;54304;2;1;1;6;Rue de la Moselotte;;
536555504;7;9;2024;21:07;3;13;13026;1;1;1;2;A55-Sens Martigues vers Marseille;;
536555505;31;7;2024;21:00;1;50;50129;1;9;1;3;CD 901;;
536555506;29;1;2024;07:30;5;93;93007;2;2;1;6;Avenue Aristide Briand / Avenue Vladimir Ilitch Lenine;;
536555507;1;8;2024;22:40;5;47;47001;2;1;1;3;9EME DE LIGNE (COURS DU);;
536555508;6;9;2024;18:00;1;83;83069;1;1;1;3;RN98;;
536555509;29;1;2024;16:50;1;92;92024;2;3;1;3;VICTOR HUGO (BD);;
536555510;31;7;2024;14:40;1;42;42275;1;1;1;6;Route de l'Etrat;;
536555511;8;9;2024;06:15;3;69;69259;1;1;8;5;Route Départementale 301;;
536555512;2;8;2024;00:37;5;38;38185;2;2;1;3;JOSEPH REY (RUE);;
536555513;29;1;2024;17:00;1;92;92019;2;3;1;3;DIVISION LECLERC (AVENUE DE LA);;
536555515;1;8;2024;09:20;1;38;38185;2;6;1;2;EDMOND ESMONIN (AVENUE);;
536555516;29;1;2024;08:30;1;92;92012;2;1;1;1;GEORGES GORSE (QUAI);;
536555517;8;9;2024;12:00;1;91;91340;1;1;1;2;RN 104;;
536555518;1;8;2024;19:45;1;37;37261;2;3;1;3;FOURNIER (RUE DU DOCTEUR);;
536555519;30;1;2024;09:20;1;72;72051;2;1;2;6;21 Rue Nationale;;
536555520;1;8;2024;13:45;1;37;37261;2;2;1;3;CHEVALLIER (RUE AUGUSTE);;
536555521;8;9;2024;12:30;1;78;78043;1;1;1;2;A13W;;
536555522;30;1;2024;02:40;3;40;40152;1;1;1;2;A63 pk 113.00;;
536555523;31;7;2024;15:45;1;37;37261;2;6;1;3;AUBERDIERE (RUE DE L');;
536555524;29;7;2024;01:47;5;34;34301;2;1;1;6;CAYENNE (ROUTE DE);;
536555525;7;9;2024;16:00;1;78;78158;1;1;1;4;A13;;
536555526;31;7;2024;12:50;1;22;22106;2;1;1;2;POSTE (RUE DE LA);;
536555527;6;9;2024;19:32;1;92;92025;1;1;1;2;A86;;
536555528;31;7;2024;18:19;1;19;19031;2;1;1;2;RIBOT (AVENUE);;
536555529;7;9;2024;23:50;3;94;94079;1;1;1;3;A4;;
536555530;31;7;2024;19:00;1;18;18279;2;1;1;1;67 Route de Tours;;