Num_Acc;jour;mois;an;hrmn;lum;dep;com;agg;int;atm;col;adr;lat;long
536555531;7;9;2024;20:25;5;973;97302;2;2;1;3;BARTHELEMY (RENE);;
536555532;7;9;2024;17:15;1;973;97302;2;1;1;7;CABASSOU (ROUTE DE);;
536555533;1;8;2024;17:47;1;17;17333;1;1;1;2;EXPRESS (voie);;
536555534;8;9;2024;02:30;5;69;69383;2;2;2;3;Rue des Rancy;;
536555535;1;8;2024;12:40;1;17;17306;2;2;1;3;ANSALDI;;
536555536;6;9;2024;14:55;1;971;97113;1;1;1;5;SECTION MARE-GAILLARD;;
536555537;31;7;2024;10:30;1;14;14117;2;2;1;3;52 Avenue Guillaume le Conquérant;;
536555538;6;9;2024;17:20;1;91;91657;2;1;1;3;AV HENRI BARBUSSE;;
536555539;1;8;2024;16:45;1;13;13213;2;1;1;3;OLIVES (AVENUE DES);;
536555540;6;9;2024;08:05;1;91;91421;2;4;1;3;MAINVILLE (RUE DE);;
536555541;31;7;2024;21:00;1;13;13208;2;1;1;3;PRADO (AVENUE DU);;
536555542;31;7;2024;17:00;1;13;13202;2;1;1;2;SAINTE BARBE (RUE);;
536555543;7;9;2024;22:30;3;77;77373;1;1;1;2;DEPARTEMENTALE 1004;;
536555544;7;9;2024;19:45;1;77;77276;1;1;1;6;RD 360;;
536555545;1;8;2024;12:45;1;11;11069;2;3;1;3;58 Route Minervoise;;
536555546;26;7;2024;22:59;5;08;08409;2;1;3;6;GOULDEN (PLACE);;
536555547;7;9;2024;11:25;1;74;74298;2;2;1;3;TANINGES (ROUTE DE );;
536555548;31;7;2024;18:17;1;07;07102;2;1;1;3;REPUBLIQUE (AV. DE LA) [DU N° AU N°];;
536555549;7;9;2024;07:30;2;72;72181;2;9;1;3;CLOS MARGOT (RUE);;
536555550;31;7;2024;09:30;1;07;07116;2;3;1;3;NATIONALE (ROUTE);;
536555551;7;9;2024;21:20;5;71;71153;2;6;1;3;CHANZY (RUE DE);;
536555552;1;8;2024;09:30;1;06;06029;2;3;1;1;20 Rue Henri Paschke;;
536555553;31;7;2024;07:25;1;06;06123;1;1;1;6;4530 Route de Saint-Jeannet;;
536555554;1;8;2024;13:50;1;05;05023;2;1;1;6;Rue de la Soie;;
536555555;7;9;2024;12:40;1;69;69266;2;2;1;3;Rue d'Inkermann;;
536555556;1;8;2024;08:20;1;03;03185;2;1;1;6;THOMAS ( AVENUE ALBERT );;
536555557;6;9;2024;16:30;1;69;69092;2;1;1;1;Rue de Tarare;;
536555558;1;8;2024;04:36;5;01;01283;2;1;8;6;DUNANT (HENRI);;
536555559;7;9;2024;22:33;5;68;68224;2;8;2;1;STOESSEL (BOULEVARD CHARLES);;
536555560;1;8;2024;18:30;1;75;75116;2;1;1;4;BD PERIPHERIQUE EXTERIEUR;;
536555561;7;9;2024;17:45;1;67;67482;2;1;1;1;LA FONTAINE (BOULEVARD);;
536555562;31;7;2024;18:40;1;75;75116;2;1;1;2;BOULEVAR PERIPHERIQUE EXTERIEUR;;
536555563;7;9;2024;17:15;1;67;67482;2;1;1;1;SCHIRMECK (ROUTE DE);;
536555564;31;7;2024;04:48;5;75;75120;2;2;2;1;RUE VITRUVE;;
536555565;6;9;2024;17:10;1;67;67482;2;1;1;3;PIERRE CORNEILLE (AVENUE);;
536555566;1;8;2024;16:45;1;75;75119;2;2;1;3;AVENUE CORENTIN CARIOU;;
536555567;7;9;2024;23:10;3;64;64284;2;1;1;7;VALLEES DES;;
536555568;1;8;2024;11:55;1;75;75119;2;1;1;2;RUE DE MEAUX;;
536555569;7;9;2024;19:10;1;64;64348;1;3;1;7;CHARLES LEVEQUE;;
536555570;31;7;2024;21:45;5;75;75117;2;3;1;7;RUE DE LA JONQUIERE;;
536555571;7;9;2024;19:33;1;64;64102;2;3;1;3;HABAS (CHEMIN DU MOULIN DE);;
536555572;1;8;2024;08:03;1;75;75116;2;5;1;6;CHAUSSEE LA MUETTE;;
536555573;31;7;2024;15:00;1;75;75116;2;1;1;2;BD PERIPHERIQUE EXTERIEUR;;
536555574;6;9;2024;16:30;1;64;64102;2;1;1;2;SOULT (AVENUE MARECHAL);;
536555575;7;9;2024;23:40;3;63;63113;2;1;8;6;bretelle Bingen / Oradou;;
536555576;1;8;2024;18:05;1;75;75113;2;1;1;2;BOULEVARD KELLERMANN;;
536555577;1;8;2024;13:15;1;75;75112;2;1;1;3;AVENUE DE GRAVELLE;;
536555578;7;9;2024;15:00;1;63;63113;2;2;1;4;FRANCE (RUE ANATOLE);;
536555579;1;8;2024;05:55;2;75;75112;2;2;1;3;Avenue de Gravelle;;
536555580;31;7;2024;21:58;5;75;75112;2;1;1;6;COURS DE VINCENNES;;
536555581;7;9;2024;08:30;1;58;58194;2;6;2;3;MARECHAL KOENING;;
536555582;1;8;2024;00:15;5;75;75111;2;3;1;2;BOULEVARD DE MENILMONTANT;;
536555583;1;8;2024;11:15;1;75;75110;2;3;1;6;RUE DU FAUBOURG SAINT MARTIN;;
536555584;1;8;2024;06:25;2;75;75107;2;1;3;7;BOULEVARD DES INVALIDES;;
536555585;1;8;2024;02:30;5;75;75101;2;3;1;2;QUAI DE LA MEGISSERIE;;
536555586;1;8;2024;18:45;1;94;94052;2;1;1;4;N486;;
536555587;31;7;2024;16:45;1;94;94042;2;1;1;3;Quai du Barrage;;
536555588;1;8;2024;06:30;2;94;94046;2;1;2;6;Rue Louis Pergaud;;
536555589;1;8;2024;23:45;5;94;94018;1;1;3;7;Ile Martinet;;
536555590;31;7;2024;18:15;1;94;94071;2;6;1;3;Avenue Gabriel Péri;;
536555591;31;7;2024;16:50;1;93;93073;2;2;1;3;Rue du Sonnet / Rue des Terres Noires;;
536555592;1;8;2024;13:40;1;93;93029;2;3;1;3;Avenue Marceau / Rue Eugene Sue;;
536555593;1;8;2024;12:00;1;93;93013;1;1;1;3;LINDBERGH (CARREFOUR);;
536555594;1;8;2024;09:15;1;93;93010;2;1;1;6;Rue Jules Auffret;;
536555595;1;8;2024;08:45;1;92;92044;2;2;1;3;J. GUESDE(RUE)25A57 ET 30A64;;
536555596;1;8;2024;00:42;5;92;92036;2;1;1;6;GRESILLONS (AVENUE DES) (141/215);;
536555597;1;8;2024;19:15;1;92;92004;2;1;1;6;HOTEL DE VILLE   ( PLACE );;
536555598;2;8;2024;12:43;1;24;24462;2;2;1;2;Rue des Mauries;;
536555599;31;7;2024;10:05;1;06;06161;2;6;1;7;Avenue des Plans;;
536555600;2;8;2024;06:25;2;28;28219;1;1;1;6;A11 PK 101+500;;
536555601;1;8;2024;16:00;1;974;97422;1;1;1;7;Route Forestière 5;;
536555602;1;8;2024;17:25;1;974;97405;1;1;1;2;Rue Augustin Mézino;;
536555603;1;8;2024;19:45;3;972;97218;2;1;2;2;Rue André Aliker;;
536555604;2;8;2024;18:27;1;83;83086;1;1;1;2;2195 Route d?Aix En Provence;;
536555605;1;8;2024;22:30;3;14;14027;1;1;1;6;Route de Longvillers;;
536555606;2;8;2024;16:00;1;87;87203;1;1;1;4;Autoroute A20 PK205+780;;
536555607;2;8;2024;09:19;1;76;76312;2;1;1;7;16 Boulevard de Verdun;;
536555609;2;8;2024;14:05;1;2A;2A323;1;1;1;3;#Tavaco#;;
536555611;31;7;2024;18:00;1;71;71064;1;1;1;6;Rue des Ruachons;;
536555612;2;8;2024;14:45;1;71;71391;1;1;1;6;27 Route de la Vallée des Vaux;;
536555613;28;5;2024;15:10;1;75;75113;2;2;2;2;RUE DE PATAY;;
536555614;2;8;2024;16:50;1;63;63195;2;1;2;2;Rue de la République;;
536555615;27;5;2024;12:40;1;75;75112;2;2;1;3;RUE DE CHARENTON;;
536555616;2;8;2024;13:20;1;61;61402;1;2;1;3;5 Route de Paris;;
536555617;27;5;2024;08:40;1;75;75112;2;3;1;6;AVENUE DAUMESNIL;;
536555618;22;7;2024;16:25;1;61;61015;2;3;1;6;D8;;
536555619;28;5;2024;15:10;1;75;75111;2;3;2;3;BOULEVARD DE CHARONNE;;
536555620;28;5;2024;13:20;1;75;75110;2;4;2;7;BOULEVARD DE MAGENTA;;
536555621;27;5;2024;16:45;1;75;75110;2;3;8;3;RUE D ABBEVILLE;;
536555622;1;8;2024;16:55;1;35;35339;1;2;1;3;Le Haut de la Lande;;
536555623;28;7;2024;21:22;2;29;29024;2;1;1;6;Route de Kerniguez;;
536555624;28;5;2024;19:00;1;75;75108;2;2;1;1;RUE DE LISBONNE;;
536555625;29;7;2024;09:45;1;31;31071;1;2;1;3;rte de labastide;;
536555626;28;5;2024;08:39;1;75;75116;2;3;1;2;PONT D IENA;;
536555627;2;8;2024;16:30;1;03;03202;1;1;1;1;D136;;
536555628;28;5;2024;10:00;1;75;75104;2;2;2;6;BOULEVARD BOURDON;;
536555629;2;8;2024;11:15;1;01;01305;2;7;1;6;Place Legrand;;
536555630;2;8;2024;16:55;1;70;70096;1;1;9;1;D683;;
536555631;28;5;2024;10:25;1;94;94078;2;3;2;3;Avenue du 8 Mai 1945 / Pont de Villeneuve le Roi;;
536555632;28;5;2024;16:40;1;94;94068;2;3;2;2;Boulevard Rabelais / Rue de la Varenne;;
536555633;1;8;2024;15:42;1;06;06129;1;1;1;6;M2205;;
536555634;30;7;2024;15:30;1;64;64443;1;6;1;7;D2;;
536555635;28;5;2024;16:30;1;94;94015;2;3;2;1;Rue du Four / Grande Rue Charles de Gaulle;;
536555636;26;7;2024;12:30;1;43;43142;1;1;1;3;Chemin d’Aulagny;;
536555637;27;5;2024;22:40;5;94;94076;2;3;1;3;Boulevard Maxime Gorki / Rue Guynemer;;
536555638;28;5;2024;11:20;1;94;94041;2;3;2;6;Avenue Georges Gosnat / Rue Gabriel Péri;;
536555639;1;8;2024;15:20;1;07;07101;1;3;1;2;D111;;
536555640;28;5;2024;09:15;1;94;94069;2;2;2;6;Avenue Saint Maurice du Valais / Av du Pdt J Fitzgerald Kennedy;;
536555641;12;7;2024;19:30;1;07;07334;2;3;7;3;145 avenue du général de gaulle (Les Vans);;
536555642;31;7;2024;17:05;1;40;40228;1;1;1;3;Avenue Jean Barbé;;
536555643;28;5;2024;14:48;1;95;95527;1;1;2;5;A1;;
536555644;24;7;2024;17:20;1;27;27033;1;2;1;3;D142;;
536555645;2;8;2024;09:25;1;23;23100;2;1;1;3;D990;;
536555646;28;5;2024;21:00;1;93;93077;2;2;1;6;Grande Rue / Rue de la Montagne Savart;;
536555647;1;8;2024;18:50;1;37;37132;1;6;1;7;D764;;
536555648;28;5;2024;05:50;2;93;93050;2;2;1;3;Rue Paul et Camille Thomoux / Rue Louis Vannini;;
536555649;2;8;2024;13:10;1;30;30284;1;1;1;4;Avenue de Ladrecht;;
536555650;28;5;2024;08:30;1;93;93010;2;1;1;6;Avenue Suzanne Buisson;;
536555651;2;8;2024;17:00;1;30;30228;1;1;1;1;D979;;
536555652;28;5;2024;19:00;1;92;92073;2;1;1;3;ROUSSEAU (RUE JEAN-JACQUES);;
536555653;1;8;2024;11:00;1;48;48146;1;1;1;7;départementale 986;;
536555654;28;5;2024;14:10;1;92;92072;2;1;2;2;GRANDE RUE;;
536555655;28;5;2024;20:30;1;92;92062;1;1;1;6;CIRCULAIRE (boulevard);;
536555656;1;8;2024;10:00;1;35;35210;1;6;1;3;D29;;
536555657;27;5;2024;22:30;5;92;92051;2;1;1;7;CHATEAU (RUE DU);;
536555658;28;5;2024;00:20;5;92;92050;2;6;1;7;BOULE PLACE DE LA;;
536555660;27;5;2024;20:40;1;92;92050;2;2;1;6;THOREZ MAURICE RUE;;
536555661;2;8;2024;10:10;1;971;97115;1;1;2;1;Nationale 02, La Boucan;;
536555662;27;5;2024;16:30;1;92;92050;2;9;2;3;LONGUES RAIES RUE DES;;
536555663;28;5;2024;11:00;1;92;92048;2;1;3;7;COLONEL MORAINE (ROUTE DU);;
536555665;27;5;2024;18:30;1;92;92044;2;1;1;3;VIC. HUGO(RUE)091A113 ET 112A146;;
536555666;1;8;2024;14:43;1;44;44020;2;6;1;3;Rue de la Croix Jeannette;;
536555667;12;7;2024;00:50;5;45;45024;1;1;2;7;D2152 PR 81 + 480;;
536555668;28;5;2024;01:20;5;92;92036;2;3;1;3;PRINCIPALE DU PORT (ROUTE) (2>S/SA15);;
536555669;28;5;2024;09:30;1;92;92025;2;1;1;1;MONTS CLAIRS (AV VILLA RUE);;
536555670;1;8;2024;18:45;1;34;34004;1;2;7;1;D176;;
536555671;28;5;2024;16:45;1;92;92024;2;2;8;3;GENERAL LECLERC (BD DU) (9 A 59)   (4 A;;
536555672;5;7;2024;19:30;1;84;84064;1;1;1;7;D204;;
536555673;28;5;2024;09:00;1;92;92024;2;1;1;3;JEAN JAURES (BD) DE (1 A 45)   (2 A 54);;
536555674;21;7;2024;10:33;1;83;83146;2;1;2;1;Route de Saint Julien;;
536555675;1;8;2024;18:50;1;05;05178;1;1;1;7;Impasse du Roussi;;
536555676;27;5;2024;17:55;1;92;92024;2;3;1;3;MARTRE (RUE) DE (59 A 109)   (58 A 120);;
536555677;1;8;2024;20:30;2;21;21194;1;1;7;1;D974;;
536555678;28;5;2024;17:40;1;92;92012;2;2;2;6;GALLIENI (RUE) 159/FIN;;
536555679;1;8;2024;21:45;5;68;68154;2;9;2;3;Rue de Sausheim;;
536555680;27;5;2024;08:00;1;86;86092;2;6;1;3;Route de Descartes;;
536555681;28;5;2024;20:00;3;973;97353;2;1;1;7;Route de Sophie;;
536555682;31;7;2024;16:30;1;67;67081;2;1;1;6;32 Rue Principale;;
536555684;1;8;2024;14:30;1;73;73094;1;1;7;1;D71A Route des saisies;;
536555685;28;5;2024;16:50;1;65;65301;1;1;1;6;2 Rue de l’Arros;;
536555686;28;7;2024;22:50;3;38;38085;1;1;1;7;Départementale 24A;;
536555687;29;5;2024;12:45;1;03;03025;1;1;1;1;A 79 au PR 36+000;;
536555688;1;8;2024;20:55;2;44;44052;1;6;1;7;Les Prauds;;
536555689;27;5;2024;14:30;1;19;19113;2;3;1;7;D108;;
536555690;30;7;2024;06:04;2;44;44026;1;1;1;3;Route de Paris;;
536555691;28;5;2024;16:45;1;82;82112;1;1;1;6;Route de Laujol;;
536555692;28;5;2024;17:10;1;65;65129;2;3;1;5;Route de Toulouse;;
536555693;25;7;2024;21:34;2;22;22282;1;1;3;6;D19;;
536555695;29;5;2024;09:15;1;63;63210;1;1;2;1;lieu dit arbalesse;;
536555696;1;8;2024;09:00;1;59;59249;2;6;2;3;Place Alfred Derigny;;
536555697;28;5;2024;18:16;1;49;49218;1;2;8;3;D134;;
536555698;31;7;2024;20:18;1;13;13213;1;1;1;3;A507 sens Aubagne- Marseille;;
536555699;29;5;2024;12:15;1;68;68062;2;3;2;3;1 Route de Hirtzbach;;
536555700;17;7;2024;06:30;1;69;69382;2;1;8;6;Route de Métropole 7;;
536555701;28;5;2024;15:05;1;22;22055;2;1;1;6;Quai Jean Bart;;
536555702;28;5;2024;18:00;1;39;39101;2;3;1;3;57 Rue de Damparis;;
536555703;28;5;2024;09:50;1;31;31468;1;1;1;6;D36;;
536555704;12;7;2024;17:00;1;01;01049;1;1;2;4;A432N 9.900 A 11.118;;
536555706;28;5;2024;14:45;1;84;84017;1;2;1;3;Départementale 974;;
536555707;29;7;2024;15:10;1;59;59009;1;4;1;2;ROUTE NATIONALE 227;;
536555708;29;5;2024;10:40;1;84;84020;1;1;1;5;D900;;
536555709;1;8;2024;16:45;1;91;91645;1;1;1;2;AUTOROUTE A86;;
536555710;29;5;2024;10:45;1;66;66137;2;1;1;6;avenue de france;;
536555711;28;5;2024;20:30;1;05;05045;1;2;1;3;route nationale 94;;
536555712;1;8;2024;07:35;1;92;92002;1;1;2;4;AUTOROUTE A86;;
536555713;28;5;2024;18:00;1;64;64216;1;2;1;3;D940;;
536555714;1;8;2024;12:40;1;92;92051;1;1;7;2;RN13;;
536555716;31;7;2024;16:50;1;92;92050;1;1;1;6;A86;;
536555717;27;5;2024;17:35;1;07;07198;1;1;3;1;D86;;
536555718;1;8;2024;18:25;1;93;93027;1;1;1;3;BDL;;
536555719;27;5;2024;02:00;3;24;24291;2;1;1;6;Avenue du Chambon;;
536555720;29;5;2024;07:36;2;37;37045;1;1;8;6;Le Grignon;;
536555721;31;7;2024;15:10;1;93;93051;1;1;1;2;A4;;
536555723;28;7;2024;22:36;3;77;77058;1;1;1;5;A4;;
536555724;29;5;2024;08:00;1;06;06088;1;1;1;3;93 Avenue Joseph Raybaud;;
536555725;18;3;2024;02:00;3;32;32119;2;1;1;6;43 avenue des fleurs;;
536555726;27;5;2024;15:20;1;11;11145;1;1;1;6;D1118 PR27;;
536555727;31;7;2024;15:15;1;976;97611;2;1;1;6;mgombani-Mahabou (rue de );;
536555728;28;5;2024;00:50;3;987;98722;1;1;1;1;PK 36 C/montagne - RT 2 -;;
536555729;20;4;2024;00:55;5;13;13007;2;1;1;1;D560;;
536555730;29;5;2024;10:45;1;13;13027;2;1;1;1;D571;;
536555731;28;5;2024;16:35;1;13;13059;1;1;1;2;D96;;
536555732;28;5;2024;11:55;1;57;57654;1;1;1;3;D603;;
536555733;29;5;2024;12:00;1;42;42005;2;1;1;3;Rue des Bullieux;;
536555734;29;5;2024;01:50;3;22;22162;2;6;1;6;Rue Raymond Pellier;;
536555735;29;5;2024;09:30;1;76;76276;2;2;2;6;rue de la république;;
536555736;27;5;2024;22:12;3;13;13216;1;1;1;6;A55-Sens Marseille vers Martigues;;
536555737;23;5;2024;18:00;1;01;01275;1;1;1;5;A46N 25.180 A 25.680;;
536555738;27;5;2024;15:00;1;54;54150;1;1;1;6;Autoroute A 31;;
536555740;28;5;2024;18:20;1;95;95500;1;1;1;4;A15;;
536555741;28;5;2024;07:40;1;95;95277;1;1;1;4;D170;;
536555742;27;5;2024;17:40;1;95;95351;1;1;3;2;N104;;
536555743;28;5;2024;13:15;1;94;94052;1;1;2;4;A86;;
536555744;22;2;2024;15:20;1;88;88383;2;1;3;6;rue des etats unis;;
536555745;24;2;2024;18:35;5;88;88383;2;1;1;2;Boulevard Thiers;;
536555746;11;1;2024;13:45;1;88;88131;1;3;1;3;route départementale 44;;
536555747;24;2;2024;21:15;3;45;45093;1;1;8;3;A10 PR 84 + 350;;
536555748;27;5;2024;13:20;1;987;98735;2;9;1;2;MISSION (QUARTIER);;
536555749;27;5;2024;08:15;1;974;97411;2;1;1;6;RUISSEAU BLANC (CHEMIN DU);;
536555750;27;5;2024;06:00;3;974;97407;1;9;1;3;BOUVET (AVENUE);;
536555751;27;5;2024;20:12;1;69;69388;2;2;1;3;Avenue Jean Mermoz;;
536555752;27;5;2024;13:25;1;91;91589;2;1;8;6;BD ARISTIDE BRIAND;;
536555753;26;5;2024;20:46;1;91;91286;2;1;8;6;SURCOUF (SQUARE);;
536555754;27;5;2024;16:20;1;91;91521;2;1;1;6;CHAMPS (AVENUE DES);;
536555755;27;5;2024;18:00;1;84;84007;2;1;2;4;CHARLES DE GAULLE;;
536555756;26;5;2024;13:10;1;78;78029;2;2;1;3;VICTOR HUGO (BOULEVARD);;
536555757;28;5;2024;01:52;5;77;77350;2;6;1;1;AV DU GENERAL LECLERC;;
536555758;24;5;2024;19:15;1;76;76552;2;4;1;7;ALBERT DUBOSC;;
536555759;27;5;2024;09:50;1;76;76447;2;1;1;1;BELLE ETOILE (AV DE LA);;
536555760;25;5;2024;17:35;1;76;76351;2;3;1;2;BOIS AU COQ (AVENUE);;
536555761;25;5;2024;16:20;1;76;76351;2;3;1;3;SEIZIEME PORT (AVENUE DU);;
536555762;27;5;2024;20:25;1;65;65440;2;3;1;1;Avenue Aristide Briand;;
536555763;27;5;2024;19:55;2;64;64335;1;9;1;1;D945;;
536555764;26;5;2024;18:45;1;64;64122;2;1;1;6;EDOUARD VII (AVENUE);;
536555765;26;5;2024;05:00;5;64;64024;1;1;1;7;ETCHECOPAR (ALLEE);;
536555766;27;5;2024;16:30;1;63;63113;2;6;1;1;BENNETT (RUE GORDON);;
536555767;27;5;2024;14:35;1;63;63113;2;1;8;6;JULIEN (AVENUE);;
536555768;27;5;2024;07:35;1;62;62041;2;2;1;6;Rue Désiré Delansorne;;
536555769;27;5;2024;11:40;1;59;59350;2;3;1;4;Place des Buisses;;
536555770;27;5;2024;09:30;1;59;59343;1;1;1;1;BRIZON PIERRE RUE;;
536555771;27;5;2024;10:30;1;58;58194;2;3;1;3;PETIT MOUESSE;;
536555772;27;5;2024;12:44;1;54;54323;1;6;1;2;D618;;
536555773;26;5;2024;09:45;1;49;49007;2;1;1;2;PONTS DE CE;;
536555774;27;5;2024;15:25;1;47;47001;2;1;1;3;DENFERT ROCHEREAU (RUE);;
536555775;25;5;2024;22:40;5;46;46042;2;1;1;1;GAMBETTA (BOULEVARD LEON) N°IMPAIR;;
536555776;27;5;2024;21:35;5;45;45075;2;2;1;3;D2152 PR 76 + 1206;;
536555777;27;5;2024;13:50;1;42;42095;2;1;1;2;Rue Dorian;;
536555778;27;5;2024;11:24;1;41;41226;1;2;1;3;PARIS (ROUTE DE);;
536555779;27;5;2024;02:00;5;35;35238;2;1;1;6;CHEVREL (ROGER);;
536555780;27;5;2024;21:35;5;34;34172;2;2;1;3;EINSTEIN (AVENUE ALBERT;;
536555781;24;5;2024;19:35;1;34;34032;1;1;1;1;DOMAINE LA CREMADE (RD.37E);;
536555782;27;5;2024;08:28;1;29;29232;2;1;2;1;Avenue des Oiseaux;;
536555784;27;5;2024;08:15;1;25;25056;2;3;1;3;DOLE RUE DE (inf 82);;
536555785;27;5;2024;22:00;2;22;22187;2;9;1;6;Martin Plage (rue de );;
536555786;23;5;2024;17:54;1;22;22106;2;1;1;6;VERNE (RUE JULES);;
536555787;27;5;2024;11:30;1;22;22113;2;1;1;6;MARECHAL FOCH (QUAI DU);;
536555788;27;5;2024;09:15;1;14;14117;2;2;1;3;4 Avenue de la Dives;;
536555789;27;5;2024;07:50;1;13;13071;1;1;1;1;PLAN DE CAMPAGNE (AVE. DE );;
536555790;26;5;2024;21:30;2;75;75116;2;1;1;2;BD PERIPHERIQUE EXTERIEUR;;
536555791;11;10;2024;10:23;1;93;93070;2;1;1;6;DOCTEUR BAUER(RUE DU) :NÂ°  75 AU 129;;
536555792;25;5;2024;06:15;1;75;75120;2;1;1;3;BD PERIPHERIQUE EXTERIEUR;;
536555793;30;7;2024;08:30;1;76;76351;1;1;1;1;RD 6382;;
536555794;25;5;2024;21:35;3;75;75111;2;3;1;6;RUE POPINCOURT;;
536555795;22;7;2024;20:15;1;76;76069;2;1;1;6;35 Route de Paris;;
536555796;27;5;2024;21:35;5;75;75119;2;4;1;3;RUE PETIT;;
536555797;11;10;2024;18:22;1;17;17415;2;1;1;6;FLANDRES RUE DES;;
536555798;27;5;2024;00:30;5;75;75116;2;2;1;3;AVENUE DE L HIPPODROME;;
536555799;27;5;2024;07:05;1;75;75113;2;2;1;6;RUE JEAN COLLY;;
536555800;10;10;2024;21:40;5;92;92025;2;1;1;3;VALMY 1 A 53   2 A 66 (BD DE);;
536555801;27;5;2024;11:40;1;75;75110;2;1;1;6;BOULEVARD DE LA VILLETTE;;
536555802;12;8;2024;07:13;1;74;74008;2;1;1;6;SANGNIER (RUE MARC);;
536555803;27;5;2024;20:43;2;75;75101;2;3;1;6;RUE SAINT DENIS;;
536555804;11;10;2024;19:59;5;987;98736;2;1;1;3;TUTERAI TANE (RUE)-PIRAE;;
536555805;26;5;2024;17:00;1;94;94028;2;6;1;3;Rue de Paris / Rue des Mèches;;
536555806;12;10;2024;12:35;1;974;97416;1;1;1;3;LAMBRIQUET JOSEPH(RUE);;
536555807;25;5;2024;22:00;5;94;94028;2;1;1;4;Avenue du Maréchal Foch;;
536555808;27;5;2024;04:40;3;94;94019;2;1;8;6;Avenue de l’Hippodrome;;
536555809;12;10;2024;10:55;1;974;97416;2;1;1;2;BANK (BOULEVARD);;
536555810;27;5;2024;08:21;1;94;94018;2;6;1;3;Quai des Carrieres / Rue Victor Hugo;;
536555811;13;10;2024;00:30;3;974;97411;1;1;1;6;POINSETIAS (CHEMIN DES);;
536555812;27;5;2024;17:25;1;93;93055;2;1;1;4;Rue Denis Papin;;
536555813;12;10;2024;09:30;1;974;97411;1;1;1;6;DOMENJOD (ROUTE DE);;
536555814;27;5;2024;15:43;1;93;93074;2;3;3;3;Rue de Meaux / Rue Ronsard;;
536555815;27;5;2024;07:50;1;93;93079;2;9;8;3;Avenue de la Division Leclerc;;
536555816;11;10;2024;21:40;3;974;97411;1;1;1;2;LITTORAL (ROUTE 1 DU);;
536555817;25;5;2024;21:00;1;93;93014;2;3;1;3;Allée Albert Camus / Avenue Jean Moulin;;
536555818;11;10;2024;16:25;1;974;97407;2;3;1;3;CIMENDEF(RUE);;
536555819;27;5;2024;20:00;1;93;93005;2;2;1;3;Rue de Sevran / Route de Mitry;;
536555820;27;5;2024;11:55;1;93;93001;2;1;1;3;Boulevard Anatole France;;
536555821;12;10;2024;13:20;1;973;97302;2;2;1;3;COLOMB (CHRISTOPHE);;
536555822;27;5;2024;17:41;1;92;92050;2;6;1;1;BOULE PLACE DE LA;;
536555823;12;10;2024;07:45;1;973;97302;2;1;1;6;RABAN (ROUTE DE);;
536555824;24;5;2024;17:27;1;92;92048;2;1;1;6;GARDES (ROUTE DES) N° 5 A 51;;
536555825;12;10;2024;07:45;2;69;69387;2;1;1;6;Rue Croix-Barret;;
536555826;27;5;2024;05:50;1;92;92004;2;6;8;1;GALLIENI ( RUE );;
536555827;28;5;2024;07:40;1;34;34202;2;1;1;1;Avenue du General Grollier;;
536555828;11;10;2024;17:50;2;972;97209;2;1;1;6;AVE CAMILLE DARSIERES;;
536555829;28;5;2024;18:45;1;60;60369;1;1;1;6;D13;;
536555830;27;5;2024;14:00;1;09;09289;2;9;8;1;RD117;;
536555831;12;10;2024;20:41;3;2B;2B033;2;4;1;1;FAVALE - COURS;;
536555832;28;5;2024;15:20;1;60;60296;1;1;2;3;D930;;
536555834;27;5;2024;16:50;1;62;62621;2;1;1;6;Rue des Clittes;;
536555835;12;10;2024;12:00;1;971;97113;2;1;1;3;MONTAUBAN (SECTEUR);;
536555836;28;5;2024;19:00;1;67;67534;2;3;1;1;Rue des Vergers;;
536555837;11;10;2024;13:00;1;971;97105;2;1;1;6;GOUVERNEUR DU LYON (AVE);;
536555838;25;5;2024;13:30;1;54;54011;1;1;1;3;D29;;
536555839;26;5;2024;10:45;1;14;14061;1;1;1;7;Les Bessardières (Campeaux);;
536555840;12;10;2024;22:00;5;2A;2A004;2;3;1;3;#5 Cours Napoléon#;;
536555841;27;5;2024;17:10;1;34;34036;1;1;1;6;A75 pk 280+373;;
536555842;12;10;2024;23:16;5;91;91161;2;1;1;2;AV MAZARIN;;
536555843;26;5;2024;03:45;3;51;51612;1;4;1;6;D38;;
536555844;27;5;2024;16:33;1;59;59037;1;1;3;7;D97;;
536555845;27;5;2024;19:35;2;65;65284;2;9;2;6;43.184572 , 0.013735;;
536555846;11;10;2024;16:00;1;91;91345;2;1;1;6;RUE DU DOCTEUR ROUX;;
536555847;28;5;2024;18:00;1;69;69248;1;3;1;3;Route Départementale 308;;
536555848;12;10;2024;20:20;5;91;91479;2;3;1;3;AV DE VERDUN;;
536555849;28;5;2024;16:00;1;71;71254;1;2;1;3;D118;;
536555850;27;5;2024;15:00;1;12;12294;1;1;2;6;La Franquèse;;
536555851;12;10;2024;05:00;5;88;88160;2;1;1;1;BESONFOSSE (RUE DE);;
536555852;28;5;2024;16:55;1;41;41161;2;1;1;2;45 Rue Saint-Marc;;
536555853;28;5;2024;18:00;1;86;86009;1;1;1;1;Lieu dit le chateau d'eau;;
536555854;28;5;2024;01:00;4;86;86097;2;3;1;6;Rue Saint Hilaire;;
536555855;11;10;2024;23:35;5;84;84007;1;3;2;3;LUCIE AUBRAC (RUE);;