Num_Acc;jour;mois;an;hrmn;lum;dep;com;agg;int;atm;col;adr;lat;long
536555856;28;5;2024;16:00;1;34;34079;1;4;1;2;"D156e4 - Lieu dit "" les bories""";;
536555858;12;10;2024;18:50;5;83;83137;2;3;2;6;JANVIER (RUE);;
536555859;10;5;2024;09:45;1;31;31377;1;1;1;3;RD25;;
536555860;12;10;2024;15:30;1;83;83137;2;9;1;6;REVEL (RUE);;
536555861;28;5;2024;09:05;1;31;31107;2;1;1;1;20 Route de Lafitte;;
536555862;28;5;2024;13:45;1;01;01024;1;3;7;3;Route de Montrevel;;
536555863;27;5;2024;19:10;1;90;90088;2;3;1;3;Av du General Charles de Gaulle;;
536555864;11;10;2024;22:45;5;77;77307;2;9;1;7;D934;;
536555865;27;5;2024;18:21;1;60;60030;1;1;2;3;D927;;
536555866;11;10;2024;17:40;1;72;72181;2;3;1;3;LECLERC GENERAL (AV) PAIRS DE 2 A 68;;
536555867;13;10;2024;23:43;5;71;71270;2;1;2;6;LAMARTINE (QUAI);;
536555868;28;5;2024;10:30;1;45;45307;1;1;1;5;D146 PR 2 + 600;;
536555869;11;10;2024;16:45;1;71;71270;2;3;1;1;HERITAN (RUE DE L');;
536555870;27;5;2024;14:30;1;64;64495;1;1;2;1;D4;;
536555871;11;10;2024;13:50;1;71;71270;2;6;1;6;NEUF CLES (BOULEVARD DES);;
536555872;28;5;2024;04:50;3;18;18054;2;1;1;7;5 Route de Nerondes;;
536555874;13;10;2024;01:23;5;64;64102;2;1;1;2;AQUITAINE (AVENUE DE L');;
536555876;12;10;2024;20:03;5;64;64140;2;3;1;1;GAULLE (AV CHARLES DE);;
536555877;27;5;2024;19:15;1;40;40271;1;1;1;1;7288 route des barthes;;
536555878;12;10;2024;15:00;1;63;63224;2;1;1;6;GARENNES (RUE LES);;
536555879;28;5;2024;03:30;3;13;13051;1;1;1;3;D113;;
536555880;13;10;2024;00:20;3;63;63113;2;2;1;3;André Theuriet / av des Cottages;;
536555881;25;5;2024;06:20;2;01;01142;1;1;1;2;A42 PK 018+300;;
536555882;12;10;2024;21:10;5;59;59286;2;3;2;3;CARNOT SADI RUE;;
536555884;12;10;2024;16:10;1;54;54357;2;1;1;2;Avenue de Metz;;
536555885;27;5;2024;10:55;1;51;51147;1;1;1;7;Autoroute A4;;
536555886;11;10;2024;16:55;1;54;54547;2;1;1;3;Rue de Norvège;;
536555887;11;10;2024;17:55;2;54;54395;2;5;1;3;Boulevard Lobau;;
536555888;26;5;2024;11:30;1;76;76457;1;1;1;3;A13;;
536555889;12;10;2024;11:40;1;46;46042;2;1;1;6;ORMEAUX (COTE DES);;
536555890;27;5;2024;06:50;1;974;97418;1;1;1;3;N2;;
536555891;12;10;2024;10:30;1;45;45274;1;1;1;2;D951 PR 87 + 446;;
536555892;28;5;2024;18:39;1;18;18133;2;1;1;1;20 Route de Bourges;;
536555893;12;10;2024;07:35;1;38;38185;2;1;1;1;JEUX OLYMPIQUES (AVENUE DES);;
536555894;13;10;2024;00:20;3;37;37122;2;1;1;6;RD 127 ROUTE DES MAISONS NEUVES;;
536555895;28;5;2024;12:15;1;66;66008;2;1;1;3;17 Chemin de Palau;;
536555896;12;10;2024;19:10;5;34;34172;2;1;2;3;MONTELS L' EGLISE (RUE DE);;
536555898;28;5;2024;18:32;1;83;83065;1;6;1;5;Route Departementale 98a;;
536555900;28;5;2024;10:30;1;13;13107;2;1;1;1;Avenue Roger Guigon;;
536555901;8;4;2024;17:30;1;74;74250;1;1;1;7;Route de delairaz;;
536555903;28;5;2024;19:00;1;42;42304;1;1;1;6;Route de Saint-Romain;;
536555904;12;10;2024;15:17;1;31;31555;2;1;1;4;33 B SESQUIERES  (PERIPH OUEST A620);;
536555905;24;5;2024;08:45;1;38;38200;2;2;1;3;Rue Jules Ferry;;
536555906;27;5;2024;20:39;1;80;80625;2;1;1;6;98 Rue Marcel Thomas;;
536555907;12;10;2024;16:20;1;28;28134;1;1;8;4;RN 12 (ARCHE DU GAZON);;
536555908;26;5;2024;18:40;1;59;59212;2;1;1;7;3 Rue Philippe de Stavèle;;
536555909;12;10;2024;11:10;1;27;27306;2;1;1;2;CARAVELLES (RUE DES);;
536555910;12;10;2024;23:40;3;26;26198;1;1;2;6;Route du Teil;;
536555911;23;5;2024;08:24;1;13;13106;1;1;1;3;A7-Sens Lyon vers Marseille;;
536555912;12;10;2024;08:30;1;15;15014;2;1;1;6;Place Pierre Semard;;
536555913;26;5;2024;18:10;1;13;13005;1;1;1;2;A501-Sens Pont de l'Etoile vers Aubagne;;
536555914;12;10;2024;19:40;5;14;14215;2;1;1;6;32 Rue Louis Ballière;;
536555915;22;5;2024;22:30;3;42;42237;1;1;1;1;N88;;
536555916;11;10;2024;18:55;2;13;13005;2;1;1;3;RN 96 (ROUTE NATIONALE );;
536555917;27;5;2024;16:00;1;93;93007;1;1;8;2;A1;;
536555918;12;10;2024;20:15;5;13;13001;1;2;2;1;ENFANT (RTE DE L');;
536555919;27;5;2024;13:00;1;95;95572;1;1;1;6;N184;;
536555920;19;9;2024;18:30;2;13;13001;1;8;7;3;ST CANADET (ROUTE) D.13;;
536555921;12;10;2024;11:30;1;10;10333;2;2;1;3;Avenue d'Echenilly;;
536555922;12;10;2024;06:45;5;03;03190;2;9;1;3;Rue du Vert Galant;;
536555923;12;10;2024;04:00;5;75;75116;2;1;1;5;BD PERIPHERIQUE EXTERIEUR;;
536555924;11;10;2024;15:45;1;75;75120;2;1;1;5;BD PERIPHERIQUE INTERIEUR;;
536555925;11;10;2024;20:30;5;75;75102;2;2;1;6;BOULEVARD SAINT DENIS;;
536555926;12;10;2024;23:59;5;75;75118;2;2;1;3;RUE MARX DORMOY;;
536555927;12;10;2024;18:30;2;75;75117;2;2;2;2;RUE DE COURCELLES;;
536555928;12;10;2024;00:45;5;75;75116;2;2;1;1;ALLEE DE LA REINE MARGUERITE;;
536555929;12;10;2024;19:10;5;75;75115;2;2;2;3;RUE DE LOURMEL;;
536555930;11;10;2024;17:15;1;75;75112;2;2;1;6;AVENUE LEDRU ROLLIN;;
536555931;12;10;2024;09:50;1;75;75111;2;3;1;6;BOULEVARD RICHARD LENOIR;;
536555932;12;10;2024;12:29;1;75;75108;2;1;3;1;PONT DES INVALIDES;;
536555933;11;10;2024;23:25;5;75;75103;2;2;1;2;BOULEVARD DE SEBASTOPOL;;
536555934;12;10;2024;16:45;1;94;94046;2;2;1;3;Rue Pierre Sémard;;
536555935;12;10;2024;20:05;5;94;94034;2;1;2;6;Avenue de la Division Leclerc;;
536555936;12;10;2024;22:00;5;94;94054;2;3;1;3;Route Charles Tillon;;
536555937;12;10;2024;16:20;1;94;94022;2;1;1;6;Avenue Gambetta;;
536555938;12;10;2024;13:40;1;94;94071;2;3;1;6;Rue du Clos de Pacy;;
536555939;12;10;2024;00:05;4;93;93078;2;3;1;3;DELATTRE DE TASSIGNY (AVENUE);;
536555940;12;10;2024;16:50;1;93;93064;2;1;2;2;DE GAULLE (AV DU GENERAL) 58/49 - FIN;;
536555941;12;10;2024;13:10;1;93;93064;2;9;2;3;PERI (BOULEVARD GABRIEL)  0 - 37 / 42;;
536555942;12;10;2024;17:44;1;93;93032;2;1;1;6;JEAN JAURES (AVENUE);;
536555943;12;10;2024;00:10;5;93;93014;2;2;1;6;GAGNY (ALLEE DE);;
536555944;12;10;2024;11:47;1;93;93010;2;1;1;6;POLISSARD (RUE AUGUSTE);;
536555945;12;10;2024;19:00;2;92;92051;2;2;2;2;ACHILLE PERETTI (AVENUE, N° 90 A 96 ET 9;;
536555946;12;10;2024;00:01;5;92;92020;2;2;1;3;VERDUN AVENUE DE N°1 A 45;;
536555947;12;10;2024;20:50;5;92;92026;2;1;2;7;PRÉSIDENT PAUL DOUMER (QUAI DU);;
536555948;12;10;2024;18:48;5;92;92026;2;1;2;3;MISSION MARCHAND (COTE PAIR);;
536555949;12;10;2024;07:45;2;72;72191;1;1;2;2;Route Départementale 30 - Route d'Ecommoy;;
536555950;12;10;2024;23:10;3;60;60338;1;6;1;6;route départementale 932A;;
536555951;13;10;2024;02:33;3;35;35108;1;3;1;6;Lasjambe;;
536555952;11;10;2024;16:45;1;95;95116;1;1;1;1;D922;;
536555953;13;10;2024;14:15;1;63;63379;1;1;1;7;D985;;
536555954;12;10;2024;14:15;1;21;21298;1;1;8;2;A6;;
536555955;13;10;2024;06:10;3;87;87019;1;1;5;5;A20, Point kilométrique 194.700 sens SUD - NORD;;
536555956;13;10;2024;14:30;1;83;83054;1;3;1;3;intersection impasse des loriots et rd97;;
536555957;5;10;2024;12:27;1;19;19201;1;1;1;7;2 Aérodrome;;
536555958;13;10;2024;14:45;1;80;80318;2;1;1;6;67 Rue Roger Godard;;
536555959;12;10;2024;06:00;3;82;82051;1;1;1;6;Route de Lauzerte;;
536555960;12;10;2024;23:20;3;65;65100;1;1;1;1;route de Bordeaux;;
536555961;13;10;2024;08:41;1;71;71591;1;6;8;7;948 Route départementale 906;;
536555962;13;10;2024;09:50;1;63;63455;2;1;1;3;53 avenue du docteuir Louis Presle;;
536555963;12;10;2024;19:00;2;49;49271;1;2;1;3;Lieu Dit La Besnardière;;
536555964;8;10;2024;18:33;1;29;29031;1;2;1;3;Croas An Ter;;
536555965;12;10;2024;14:50;1;29;29209;1;3;2;2;Lieu Dit Coat Saliou;;
536555966;26;9;2024;08:15;1;31;31175;2;3;1;3;Avenue de Bequine;;
536555967;13;10;2024;08:15;2;15;15084;1;2;1;6;RD 920;;
536555968;13;10;2024;15:40;1;26;26069;1;1;1;7;Route du Col de Rousset;;
536555969;13;10;2024;06:10;3;58;58059;2;1;1;6;avenue du Maréchal Leclerc;;
536555970;12;10;2024;16:15;1;66;66178;1;1;1;1;rte departementale 900 - PK 43+1498;;
536555971;13;10;2024;14:45;1;72;72315;1;3;1;3;Route du Mans;;
536555972;13;10;2024;14:55;1;14;14431;1;1;1;7;D232;;
536555973;13;10;2024;06:30;3;50;50109;1;1;1;1;départementale 35;;
536555974;30;9;2024;18:00;1;45;45053;2;6;1;3;D952 PR 0 + 15;;
536555975;12;10;2024;16:59;1;73;73270;1;1;2;6;D201;;
536555977;12;10;2024;15:15;1;43;43058;1;1;2;1;Route des Gouttes;;
536555978;11;10;2024;19:50;5;36;36018;2;1;1;6;7 Rue Pierre-Collin de Souvigny;;
536555979;12;10;2024;19:00;1;36;36045;2;1;2;6;Place du Champ de Foire;;
536555980;13;10;2024;03:00;3;16;16070;2;1;5;6;6 RUE GAMBETTA;;
536555981;12;10;2024;14:45;1;04;04109;2;1;8;7;D951;;
536555982;13;10;2024;12:45;1;04;04174;1;1;1;3;Route Nationale 202;;
536555983;13;10;2024;00:40;3;28;28135;1;2;1;1;Intersection D122.12 et D328.4;;
536555984;13;9;2024;18:00;1;31;31424;2;1;1;6;Rue des Ecoles;;
536555985;13;10;2024;05:35;3;01;01204;1;1;2;6;A40;;
536555986;12;10;2024;19:15;3;01;01283;1;1;1;6;A404 entrée n°12 en direction de LYON;;
536555987;12;10;2024;18:40;5;987;98715;2;1;1;1;route de ceinture au niveau du quartier Setil;;
536555988;11;10;2024;20:55;3;06;06004;1;1;1;2;pk 172, autoroute A8, chaussée nord;;
536555989;12;10;2024;10:50;1;17;17465;1;1;1;7;Autoroute A 10 PK 412.400 sens Paris/Bordeaux;;
536555990;13;10;2024;10:25;1;28;28092;1;1;1;2;autoroute A 10 pk 46 direction Paris;;
536555991;12;10;2024;17:00;1;987;98722;2;1;1;1;PK 27+200;;
536555992;13;10;2024;03:30;3;973;97305;1;1;1;1;RN1 PK17;;
536555993;13;10;2024;10:30;1;95;95039;1;6;1;2;D928;;
536555994;13;10;2024;19:10;2;78;78615;1;1;1;1;RD 119;;
536555995;13;10;2024;16:15;1;84;84068;1;1;1;7;D27;;
536555996;13;10;2024;07:30;1;83;83101;1;1;1;2;Route des Plages;;
536555997;13;10;2024;16:40;1;26;26179;1;1;1;7;Autoroute A7;;
536555998;12;10;2024;23:20;3;21;21217;1;1;2;7;route de Chazan;;
536555999;13;10;2024;13:30;1;73;73005;1;1;1;6;D206;;
536556000;11;10;2024;14:15;1;19;19236;2;6;1;3;D1089;;
536556001;13;10;2024;12:10;1;61;61341;1;1;1;6;D26 PR6+830;;
536556002;13;10;2024;10:20;1;60;60282;1;1;1;6;D17;;
536556003;13;10;2024;20:15;3;60;60628;1;1;1;6;Rue de Nivillers;;
536556004;12;10;2024;05:50;3;13;13001;1;1;1;2;A51-Sens Marseille vers Aix en Provence;;
536556005;11;10;2024;18:00;1;13;13106;1;1;1;2;A7-Sens Lyon vers Marseille;;
536556006;11;10;2024;16:24;1;13;13043;1;1;1;2;A55 SENS MARTIGUES-MARSEILLE;;
536556007;10;10;2024;20:55;3;13;13215;1;1;1;2;A7-Sens Lyon vers Marseille;;
536556008;8;10;2024;07:30;2;69;69290;1;1;3;6;Autoroute 46;;
536556009;12;10;2024;16:30;1;91;91228;1;1;1;2;AUTOROUTE A6;;
536556010;12;10;2024;07:50;2;91;91161;2;1;1;6;AUTOROUTE A6;;
536556011;11;10;2024;23:35;3;91;91477;1;1;1;1;AUTOROUTE A126;;
536556012;12;10;2024;12:50;1;92;92036;1;1;2;2;A86;;
536556013;11;10;2024;23:40;3;78;78646;1;1;1;7;N12;;
536556014;11;10;2024;19:30;3;77;77294;1;1;1;3;A104;;
536556015;11;10;2024;19:45;3;94;94028;1;1;1;3;A86;;
536556016;11;10;2024;12:15;1;94;94017;1;1;1;3;A4;;
536556017;11;10;2024;09:20;1;94;94017;1;1;1;3;A4;;
536556018;11;10;2024;08:42;1;2B;2B033;2;9;1;6;SEBASTIANI  - AVENUE;;
536556019;11;10;2024;03:15;5;2A;2A004;2;4;1;6;T21;;
536556020;11;10;2024;12:00;1;95;95277;2;1;1;6;D370;;
536556021;11;10;2024;07:55;1;95;95277;2;1;1;6;GEORGES POMPIDOU (AVENUE);;
536556022;11;10;2024;16:05;1;95;95607;2;1;1;5;D407;;
536556023;11;10;2024;15:00;1;91;91377;2;1;1;3;AV SAINT MARC;;
536556024;11;10;2024;20:05;5;91;91657;2;1;1;6;AV HENRI CHARON;;
536556025;11;10;2024;15:00;1;91;91432;2;1;1;2;RUE LAVOISIER;;
536556026;11;10;2024;19:00;2;91;91228;2;1;1;2;MONTESPAN (RUE);;
536556027;9;10;2024;19:38;5;87;87114;1;1;3;6;AUTOROUTE A20;;
536556028;11;10;2024;14:30;1;86;86194;2;1;1;3;Bd du Marechal de Lattre de Tassigny;;
536556029;11;10;2024;19:10;5;84;84007;2;9;1;3;C.DE GAULLE (ROCADE);;
536556030;11;10;2024;14:30;1;84;84007;2;1;1;3;AMANDIER (AVENUE DE L');;
536556031;10;10;2024;08:55;1;84;84007;1;1;2;3;LEO   (RN1007);;
536556032;11;10;2024;22:05;3;83;83126;2;2;1;3;QUATRE SEPTEMBRE (BD DU);;
536556033;11;10;2024;15:54;1;80;80021;2;1;1;6;Rue de la République;;
536556034;11;10;2024;23:05;5;78;78356;2;6;1;7;EUROPE (AVENUE DE L');;
536556035;12;10;2024;00:30;5;77;77294;2;3;1;3;D84;;
536556036;11;10;2024;14:30;1;77;77450;2;1;1;3;N 19;;
536556037;11;10;2024;08:25;1;77;77284;1;1;1;3;RD5 (ROUTE DEPARTEMENTALE);;
536556038;11;10;2024;06:45;4;77;77243;2;1;1;6;VC;;
536556039;11;10;2024;09:10;1;76;76351;2;2;1;6;GENERAL ARCHINARD (AVENUE);;
536556040;11;10;2024;08:55;1;72;72181;2;6;1;3;DEMORIEUX ENTRE PT CHEM DE FER ET HUISNE;;
536556041;10;10;2024;16:05;1;72;72181;2;1;1;4;ESTIENNE D'ORVES (BD D');;
536556042;10;10;2024;07:55;1;72;72181;2;2;8;2;CUGNOT NICOLAS (BD);;
536556043;11;10;2024;19:55;5;71;71306;2;3;1;3;ALOUETTES (AVENUE DES);;
536556044;11;10;2024;12:11;1;71;71540;1;3;1;3;HUIT MAI (AVENUE DU);;
536556045;11;10;2024;15:15;1;71;71118;2;1;1;6;GEORGES BRASSENS (AVENUE);;
536556046;11;10;2024;07:45;2;67;67482;2;3;8;3;LA ROCHELLE (RUE DE);;
536556047;11;10;2024;19:20;2;64;64129;2;1;1;2;BAYONNE DE;;
536556048;11;10;2024;20:20;5;64;64132;2;2;1;3;GEORGES CLEMENCEAU;;
536556049;28;6;2024;04:35;3;37;37003;1;1;1;6;Départementale 31;;
536556050;30;6;2024;21:50;3;45;45244;1;1;1;6;D119 PR 10 + 833;;
536556051;30;6;2024;17:15;1;91;91129;1;1;1;1;D56 route d orgemont;;
536556052;30;6;2024;06:30;2;34;34063;1;1;1;6;D30E4;;
536556053;22;6;2024;14:30;1;13;13100;2;1;1;2;337 Avenue du General Koenig;;
536556054;1;7;2024;15:55;1;13;13059;1;1;1;5;D556;;
536556055;30;6;2024;11:30;1;68;68370;2;1;2;3;Rue Principale;;
536556056;29;6;2024;17:05;1;67;67028;2;7;8;1;11B rue d'ITALIE;;
536556057;1;7;2024;09:40;1;01;01043;2;3;1;3;158 Chemin du Sermoraz;;
536556058;1;7;2024;17:45;1;65;65042;1;1;2;7;Foret communale;;
536556060;27;6;2024;14:15;1;44;44052;2;2;1;3;30 Avenue de la Paix;;
536556061;27;6;2024;11:15;1;56;56005;2;1;1;3;Rue de Bilouris;;
536556062;30;6;2024;11:27;1;27;27448;1;1;1;1;rd141;;
536556063;30;6;2024;10:30;1;62;62681;1;1;1;7;D190;;
536556064;28;6;2024;15:58;1;13;13216;1;1;1;2;A55-Sens Marseille vers Martigues;;
536556065;25;6;2024;17:20;1;13;13001;1;1;1;2;A51-Sens Marseille vers Aix en Provence;;
536556066;28;6;2024;09:00;1;13;13071;1;1;1;6;A55 - Sens Marseille vers Martigues;;
536556067;30;6;2024;19:42;1;83;83123;1;9;1;6;A50;;
536556068;29;6;2024;06:55;2;83;83027;1;1;1;6;A50;;
536556069;28;6;2024;11:40;1;83;83144;1;1;1;2;A57;;
536556070;30;6;2024;04:50;3;92;92025;1;1;2;2;A86;;
536556071;30;6;2024;01:25;3;92;92050;1;1;1;6;A86;;
536556072;12;3;2024;13:50;1;59;59363;2;1;2;5;16 Route Nationale;;
536556073;12;3;2024;23:10;4;59;59315;1;1;2;7;RD 649;;
536556074;29;6;2024;17:50;1;93;93008;1;1;1;4;A86;;
536556075;8;3;2024;19:30;3;59;59534;1;1;1;6;D424;;
536556076;29;6;2024;05:00;3;93;93010;1;1;1;6;A3;;
536556077;12;3;2024;17:45;1;13;13215;1;1;1;3;A7-Sens Marseille vers Lyon;;
536556078;29;6;2024;22:00;1;93;93053;1;1;1;2;A86;;
536556079;12;3;2024;16:50;1;13;13106;1;1;1;4;A7-Sens Marseille vers Lyon;;
536556080;29;6;2024;08:05;1;95;95527;1;1;1;2;A3;;
536556081;11;3;2024;15:14;1;13;13071;1;1;1;2;A7-Sens Marseille vers Lyon;;
536556082;30;6;2024;13:40;1;77;77294;1;1;1;2;A104;;
536556083;12;3;2024;10:00;1;13;13071;1;1;1;2;A51-Sens Aix en Provence vers Marseille;;
536556084;12;3;2024;08:30;1;13;13005;1;1;1;3;A50-Sens Aubagne vers Marseille;;
536556085;29;6;2024;07:15;1;77;77373;1;1;1;6;RN104;;
536556086;29;6;2024;04:35;3;77;77372;1;1;1;6;A104;;
536556087;12;3;2024;07:30;1;13;13211;1;1;1;5;A50-Sens Marseille vers Aubagne;;
536556088;17;2;2024;19:30;5;84;84031;2;3;1;1;OBSERVANTINS DES;;
536556089;12;3;2024;07:05;1;13;13215;1;1;1;2;A7-Sens Marseille vers Lyon;;
536556090;18;1;2024;19:35;5;93;93048;2;2;1;3;Boulevard Paul Vaillant Couturier / Rue Victor Beausse;;
536556091;11;3;2024;20:34;5;13;13212;1;1;1;4;A507 sens Aubagne- Marseille;;
536556092;9;1;2024;15:15;1;93;93048;2;2;8;6;Rue de Stalingrad / Rue de Rosny;;
536556093;11;3;2024;08:20;1;13;13056;1;1;1;4;A55-Sens Marseille vers Martigues;;
536556094;7;1;2024;12:10;1;93;93048;2;1;1;3;Boulevard Théophile Sueur;;
536556096;11;3;2024;05:43;3;13;13015;1;1;1;2;A51-Sens Marseille vers Aix en Provence;;
536556097;13;4;2024;21:40;5;74;74123;2;2;1;1;10 Route d'annecy;;
536556098;20;3;2024;15:45;1;74;74206;1;1;1;6;departementale 36;;
536556099;11;3;2024;09:00;1;67;67152;1;1;1;4;M35;;
536556100;26;3;2024;09:30;1;74;74081;2;1;1;6;4 Rue pierre trappier;;
536556101;7;3;2024;18:50;2;67;67447;1;1;1;2;M35;;
536556102;5;4;2024;11:11;1;74;74116;1;1;1;1;D1203;;
536556105;13;4;2024;18:00;1;74;74288;2;3;1;3;Route de bloux;;
536556106;12;3;2024;08:50;1;91;91432;1;1;1;3;AUTOROUTE A6;;
536556107;6;4;2024;17:30;1;74;74020;1;1;1;6;Route d'armoy;;
536556108;11;3;2024;08:45;1;92;92050;1;1;1;4;A86;;
536556109;7;4;2024;19:45;1;74;74112;1;1;1;6;A41;;
536556110;12;3;2024;14:35;1;93;93053;1;1;2;6;A3;;
536556111;10;3;2024;22:50;3;92;92078;1;1;9;6;AUTOROUTE A86;;
536556112;28;3;2024;20:50;4;74;74104;1;1;1;5;3310 Route d'annecy;;
536556113;22;3;2024;15:00;1;74;74159;1;1;1;2;route nationale;;
536556114;10;3;2024;05:40;3;95;95154;1;9;3;4;A1;;
536556115;23;2;2024;21:45;3;74;74196;1;1;4;7;D119;;
536556116;12;3;2024;09:45;1;77;77495;1;1;8;2;A5B;;
536556117;29;2;2024;08:55;1;44;44109;2;6;1;7;30 Boulevard Emile Gabory;;
536556118;29;6;2024;02:05;3;973;97302;2;1;1;2;CABASSOU (ROUTE DE);;
536556119;28;2;2024;19:00;2;44;44109;2;1;8;7;45 Route de Vertou;;
536556120;28;6;2024;23:25;3;973;97302;2;1;1;7;REPUBLIQUE (BD DE LA);;
536556121;25;2;2024;13:30;1;44;44109;2;1;8;2;41 Route de Vannes;;
536556122;29;6;2024;16:25;1;971;97113;1;1;1;3;SECTION BOIS DE ROSE;;
536556125;28;6;2024;13:51;1;2A;2A004;2;3;1;3;NAPOLEON COURS AVANT BEVERINI;;
536556126;18;11;2024;18:03;1;49;49267;2;1;1;3;BOIS RINIER;;
536556127;22;2;2024;10:30;1;44;44109;2;1;8;6;6 Boulevard René Cassin;;
536556128;18;11;2024;18:45;5;48;48095;2;9;1;6;HENRI BOURILLON (BOULEVARD);;
536556129;29;6;2024;02:30;3;95;95252;2;3;1;2;D14;;
536556130;21;2;2024;16:28;1;44;44109;2;1;8;6;15 Boulevard de Stalingrad;;
536556131;19;11;2024;18:15;5;44;44109;2;6;3;6;3 Route de Carquefou;;
536556132;29;6;2024;20:12;1;95;95127;2;4;1;6;HERONS (AVENUE DES);;
536556133;11;3;2024;07:40;1;987;98735;2;1;1;3;PRINCE HINOI (AVENUE);;
536556134;19;11;2024;18:40;3;43;43078;1;1;8;7;Chemin des Estelles;;
536556135;29;6;2024;22:20;5;91;91345;2;1;2;6;RTE DE CORBEIL;;
536556136;11;3;2024;10:30;1;974;97416;2;9;1;3;ROND POINT DES CASERNES;;
536556137;19;11;2024;09:24;1;37;37261;2;1;2;1;MARECHAL JUIN (BD);;
536556138;29;6;2024;09:40;1;91;91687;2;1;1;6;VICTOR SCHOELCHER (AVENUE);;
536556139;19;11;2024;07:15;5;37;37261;2;1;1;3;BERT (QUAI PAUL);;
536556140;28;6;2024;17:50;1;91;91589;2;9;1;6;RUE MARIE CHAUVET;;
536556141;11;3;2024;13:35;1;974;97411;1;3;1;3;TOPAZES(ALLEE DES);;
536556142;19;11;2024;06:05;3;37;37122;2;1;1;6;RD 37;;
536556143;11;3;2024;06:20;1;974;97411;2;1;2;1;JAURES (BOULEVARD JEAN);;
536556144;29;6;2024;19:46;1;91;91228;2;2;2;3;AV DE L ORME A MARTIN;;
536556145;19;11;2024;18:00;5;35;35281;2;1;2;6;PILATE (RUE DE LA);;
536556146;11;3;2024;17:25;1;974;97409;2;1;1;7;CHEMIN CENT GAULETTES;;
536556147;29;6;2024;01:30;3;91;91469;1;1;1;7;D721;;
536556148;10;3;2024;21:45;5;973;97302;2;1;1;3;RABAN (ROUTE DE);;
536556149;18;11;2024;18:30;5;34;34108;1;3;1;3;MONTPELLIER (ROUTE DE);;
536556150;29;6;2024;11:05;1;78;78383;2;3;1;2;GUY SCHULLER (BOULEVARD);;
536556151;9;3;2024;19:50;5;973;97302;2;2;1;3;VOLTAIRE(AVENUE);;
536556152;28;6;2024;20:45;1;78;78498;2;3;1;3;CASTILLE AV BLANCHE DE;;
536556153;18;11;2024;11:05;1;34;34032;2;2;1;2;LIBERTE (BD DE LA);;
536556154;11;3;2024;16:40;1;972;97213;1;9;1;5;ROUTE NATIONALE 1;;
536556156;29;6;2024;10:55;1;77;77438;2;1;1;6;CLAUDE MONET (PLACE);;
536556157;10;3;2024;09:00;1;971;97113;1;1;1;4;RN4 - SECTION RIVIERA;;
536556159;29;6;2024;10:45;1;76;76540;2;2;1;6;Rue Jeanne d'Arc;;
536556160;10;3;2024;06:30;1;971;97101;1;1;1;2;PERRIN (SECTEUR);;
536556162;10;3;2024;19:50;5;971;97105;2;1;2;6;BD GERTY ARCHIMEDE;;
536556163;29;6;2024;07:05;1;72;72181;2;6;1;6;MAILLETS (RUE DES) N° PAIRS DE 2 A 12;;
536556164;11;3;2024;09:00;1;95;95582;2;1;1;6;GUYNEMER (RUE);;
536556165;19;11;2024;20:15;5;31;31555;2;2;1;3;BD DE MARENGO;;
536556166;28;6;2024;13:45;1;71;71270;1;3;7;2;JULIENAS (ROUTE DE);;
536556167;19;11;2024;09:45;1;31;31555;2;1;1;3;AV MARCEL DASSAULT;;
536556168;11;3;2024;03:40;3;91;91161;2;1;1;1;RTE DE MASSY;;
536556169;12;11;2024;18:45;5;30;30189;2;1;2;5;AVIGNON (ROUTE);;
536556170;11;3;2024;18:50;5;91;91027;2;2;2;3;AV FRANCOIS MITTERRAND;;
536556171;28;6;2024;14:27;1;69;69264;2;2;1;3;Rue de la Quarantaine;;
536556172;18;11;2024;07:50;5;29;29019;2;1;2;6;rue de Portzmoguer;;
536556173;28;6;2024;23:50;5;69;69029;2;1;1;6;Avenue Général de Gaulle;;
536556174;11;3;2024;05:20;5;91;91223;2;6;1;3;VICTOIRE (ROND-POINT DE LA);;
536556175;29;6;2024;10:09;1;63;63300;1;1;1;6;RD227-Route de Chatel-Guyon;;
536556176;19;11;2024;21:20;5;27;27229;2;2;2;3;BUZOT (RUE);;
536556177;10;3;2024;12:05;1;91;91469;1;3;1;1;ARTONDU (ROUTE D');;
536556178;28;6;2024;07:30;1;62;62427;2;1;1;3;D161E4;;
536556179;18;11;2024;13:45;1;25;25031;2;1;1;6;JALESIE (RUE DE LA);;
536556180;10;3;2024;10:10;1;91;91223;2;9;1;4;BONNEVAUX (AVENUE DE);;
536556181;19;11;2024;18:30;5;15;15014;2;6;2;3;Giratoite Pierre Sémard;;
536556182;29;6;2024;02:10;4;62;62051;1;3;1;2;D941;;
536556183;11;3;2024;07:36;1;87;87085;2;1;3;6;JOURDAN (PLACE);;