Num_Acc;jour;mois;an;hrmn;lum;dep;com;agg;int;atm;col;adr;lat;long
536556184;19;11;2024;07:30;2;15;15014;2;1;2;7;Rue Laparra de Fieux;;
536556185;30;6;2024;00:08;3;61;61006;1;1;1;6;D958;;
536556186;9;3;2024;15:49;1;87;87085;2;1;1;2;BAC (RUE THEODORE);;
536556187;14;11;2024;07:30;2;14;14338;2;3;1;6;24 Route de la Vallée;;
536556188;28;6;2024;13:40;1;61;61001;2;1;1;6;Voie Communale;;
536556189;11;3;2024;20:50;5;83;83137;2;3;1;3;PICOT (AVE DU COLONEL);;
536556190;19;11;2024;17:20;5;13;13106;2;1;1;1;8 MAI 1945 (AVENUE DU);;
536556191;29;6;2024;23:05;3;60;60175;1;1;1;6;RN 330_BRETELLE RN330_ACCES RN16;;
536556192;10;3;2024;12:55;1;77;77487;2;1;1;2;SAINT JUST (AVENUE);;
536556193;19;11;2024;12:20;1;13;13103;2;1;1;3;BOULEVARD JOLY - VICTOR;;
536556194;29;6;2024;19:45;1;59;59153;1;6;1;1;CHE DU HALAGE;;
536556195;19;11;2024;19:15;5;13;13212;2;1;1;6;ALPES (BOULEVARD DES);;
536556196;11;3;2024;22:15;5;77;77438;2;3;1;6;CLOS SAINT PAIRES (CHEMIN DU );;
536556197;19;11;2024;10:20;1;13;13203;2;1;1;1;FÉLIX PYAT (RUE);;
536556198;28;6;2024;16:50;1;59;59599;2;2;1;3;GRAMME (CHAUSSEE);;
536556199;11;3;2024;06:35;5;72;72003;2;1;1;3;SABLE (RTE DE);;
536556200;19;11;2024;18:50;3;13;13047;1;1;1;6;RN 569;;
536556201;29;6;2024;06:45;1;59;59350;2;1;1;6;Façade de l'Esplanade;;
536556202;11;3;2024;08:20;1;69;69275;2;1;1;3;Avenue Jean Jaurès;;
536556203;19;11;2024;01:15;3;06;06088;2;1;1;3;Promenade des Anglais;;
536556204;28;6;2024;23:20;5;59;59507;2;9;1;3;Place du Commandant Alloy;;
536556205;18;2;2024;12:53;1;68;68224;2;3;1;3;Avenue de Colmar;;
536556206;19;11;2024;14:35;1;03;03190;2;6;8;3;rond point Georges Pompidou;;
536556207;29;6;2024;18:30;1;56;56260;2;1;1;7;Boulevard de la Résistance;;
536556208;19;11;2024;16:45;2;01;01283;2;1;2;6;EGLISETTE (RUE DE L');;
536556209;11;3;2024;11:10;1;66;66136;2;1;1;3;Talbot-Lago (Rue);;
536556210;19;11;2024;15:43;1;01;01451;1;1;8;6;GOUVERNEUR LOUIS VABRE ( ALLEE DU);;
536556211;29;6;2024;16:10;1;56;56098;2;1;1;2;Rue Daniel-Charles Trudaine;;
536556212;11;3;2024;14:50;1;64;64483;2;1;2;6;LABROUCHE JOSEPH JOACHIM (AVENUE);;
536556213;11;3;2024;08:30;1;64;64445;2;1;3;7;rue Marca;;
536556214;18;11;2024;11:22;1;94;94068;2;2;2;6;Rue Bourdignon;;
536556215;29;6;2024;04:30;5;34;34172;2;2;1;3;PUECH VILLA (RUE DE);;
536556217;19;11;2024;18:40;5;94;94058;2;3;3;6;Avenue du 11 Novembre;;
536556218;22;2;2024;16:45;1;62;62498;2;1;1;4;D58E1;;
536556220;18;11;2024;18:19;5;94;94046;2;1;2;4;Rue Jean Jaurès;;
536556221;11;3;2024;21:15;5;59;59650;2;3;2;3;MARAIS (RUE JEAN);;
536556222;30;6;2024;00:25;3;32;32013;1;1;8;6;BARRAN (CHEMIN DE);;
536556223;11;3;2024;04:10;4;59;59225;1;1;2;6;R.N. 49 VALENCIENNES;;
536556224;19;11;2024;18:15;5;94;94021;2;2;3;6;Av du Pdt Franklin Roosevelt;;
536556225;28;6;2024;18:00;1;29;29232;2;1;1;2;Route de Brest;;
536556226;8;3;2024;15:00;1;57;57672;2;2;1;3;GUENTRANGE (ROUTE DE) 1 A 93;;
536556227;28;6;2024;07:45;2;29;29232;2;6;1;3;Rond-Point de Ludugris;;
536556228;18;11;2024;22:06;5;92;92073;2;1;2;3;ROOSVELT (AVENUE FRANKLIN);;
536556229;10;3;2024;09:50;1;56;56121;2;1;8;7;GAILLEC (RUE  DU );;
536556230;19;11;2024;09:55;1;92;92022;2;1;8;3;SALENGRO (AVENUE ROGER);;
536556231;28;6;2024;13:24;1;28;28220;2;1;1;5;AVENUE DE LA REPUBLIQUE;;
536556232;19;11;2024;11:40;1;92;92064;2;1;3;6;SURESNES;;
536556233;10;3;2024;08:52;1;54;54526;2;3;1;3;Rue Camélinat;;
536556234;29;6;2024;04:10;3;26;26057;2;1;1;7;D2532N;;
536556235;19;11;2024;18:20;5;92;92063;2;9;2;6;DOUMER (AVENUE PAUL) NORD;;
536556236;10;3;2024;05:05;5;54;54395;2;3;1;6;Rue de l'Armée Patton;;
536556237;29;6;2024;04:28;5;17;17274;2;1;1;2;POMMERAIE   PLACE DE LA;;
536556238;19;11;2024;21:20;5;92;92050;2;3;1;1;REPUBLIQUE AVENUE DE LA;;
536556239;9;3;2024;18:30;1;50;50129;2;2;1;3;TANNERIES (RUE DES);;
536556240;29;6;2024;19:35;1;14;14557;1;1;1;6;551 Route de Beaumont-en-Auge;;
536556241;19;11;2024;08:44;1;92;92050;2;3;2;3;CLEMENCEAU GEORGES AVENUE N° PAIR;;
536556242;9;3;2024;14:05;1;49;49328;1;1;1;2;ROCADE N 347;;
536556243;29;6;2024;20:10;1;14;14366;1;1;1;3;Chemin de la Galoterie;;
536556244;19;11;2024;16:25;2;92;92026;2;2;2;6;VERDUN (DE 62 A FIN);;
536556245;11;3;2024;12:30;1;45;45234;2;1;1;6;95 bis Rue de Coulmiers;;
536556246;28;6;2024;17:10;1;13;13001;1;1;1;6;LOQUI (ROUTE DE);;
536556247;24;2;2024;09:45;1;40;40279;1;1;4;6;RN 124;;
536556248;18;11;2024;17:40;5;92;92025;2;8;2;3;CHARLES DE GAULLE (BD);;
536556249;29;6;2024;12:45;1;08;08105;2;1;1;3;39 Rue Jean-jacques Rousseau;;
536556250;19;11;2024;18:20;5;92;92024;2;9;1;3;CLICHY (QUAI DE) DE (8 A 60);;
536556251;11;3;2024;12:05;1;38;38151;2;8;1;3;ETATS GENERAUX (AVENUE DES);;
536556252;30;6;2024;01:00;3;06;06069;1;1;1;6;Route de Pégomas;;
536556253;19;11;2024;13:30;1;92;92019;2;1;2;6;LOUP PENDU CHEMIN);;
536556254;29;6;2024;11:30;1;01;01053;2;9;1;6;CHAMP DE FOIRE ( AVENUE DU);;
536556255;10;11;2024;23:40;3;34;34179;1;1;1;6;M27;;
536556257;19;11;2024;17:50;1;974;97415;1;1;1;4;Route de Savannah;;
536556258;29;6;2024;04:21;5;75;75120;2;1;1;5;BD PERIPHERIQUE EXTERIEUR;;
536556259;8;11;2024;18:30;3;86;86272;1;1;5;6;Route de la Plante;;
536556260;29;6;2024;01:20;5;75;75119;2;1;1;2;BD PERIPHERIQUE INTERIEUR;;
536556261;18;11;2024;18:15;5;06;06149;2;1;1;3;21 Boulevard Francois Suarez;;
536556262;28;6;2024;16:40;1;75;75119;2;1;1;3;PORTE DE PANTIN;;
536556263;18;2;2024;13:15;1;35;35238;2;2;1;2;BERNARD (CLAUDE);;
536556264;30;10;2024;12:20;1;23;23107;1;1;7;1;D3;;
536556265;28;6;2024;05:00;2;75;75117;2;7;1;6;PLACE DES TERNES;;
536556266;20;11;2024;09:40;1;67;67302;2;6;7;6;Rue du Général Leclerc;;
536556267;28;6;2024;18:15;1;75;75119;2;1;1;2;BOULEVARD MACDONALD;;
536556268;29;6;2024;10:45;1;75;75118;2;1;1;2;RUE FOREST;;
536556269;18;11;2024;17:36;5;72;72260;2;1;8;5;Route de Changé;;
536556270;11;3;2024;14:00;1;34;34198;2;1;1;6;PAGNOL (AVENUE MARCEL);;
536556271;19;11;2024;18:35;5;77;77385;2;1;3;6;04 Rue Jean Moulin;;
536556272;29;6;2024;20:00;1;75;75116;2;7;1;6;PLACE DU DOCTEUR HAYEM;;
536556273;17;11;2024;23:30;3;56;56140;1;1;1;6;Bonehan;;
536556274;19;11;2024;05:50;3;59;59497;1;1;6;7;D642;;
536556275;28;6;2024;16:40;1;75;75112;2;2;1;2;ROUTE DE LA FALUERE;;
536556276;19;11;2024;19:15;3;76;76377;1;1;2;6;1156 Route de Dieppe;;
536556277;11;3;2024;19:15;3;31;31555;1;1;2;2;VA008432 LANGLADE A620 Sortie 25;;
536556279;29;6;2024;13:30;1;75;75110;2;4;1;6;RUE DU HUIT MAI 1945;;
536556280;10;3;2024;05:50;5;30;30189;2;1;1;3;PASTEUR PAUL BRUNEL;;
536556282;29;6;2024;12:25;1;75;75110;2;4;1;6;QUAI DE JEMMAPES;;
536556283;19;11;2024;21:35;5;63;63016;2;1;2;6;Grand Rue;;
536556284;11;3;2024;12:20;1;30;30007;2;1;2;7;32bis Chemin des Potences;;
536556285;29;6;2024;18:25;1;75;75109;2;1;1;6;RUE D AMSTERDAM;;
536556286;20;11;2024;14:02;1;63;63430;2;1;2;1;D2089;;
536556287;29;6;2024;19:07;1;75;75108;2;3;1;7;AVENUE DE WAGRAM;;
536556288;19;11;2024;18:40;4;63;63338;1;1;2;6;lieu dit le sucharet;;
536556289;13;1;2024;11:43;1;17;17299;2;1;1;2;DENFERT ROCHEREAU RUE;;
536556290;14;11;2024;06:30;3;42;42224;1;1;5;1;Route du Col de la Republique;;
536556291;29;6;2024;13:38;1;75;75108;2;2;1;6;AVENUE DES CHAMPS ELYSEES;;
536556292;11;3;2024;09:10;1;15;15014;2;1;2;4;RN 122;;
536556293;28;6;2024;16:53;1;75;75103;2;3;1;6;RUE DU TEMPLE;;
536556295;10;3;2024;10:30;1;15;15012;2;3;1;3;RD 617;;
536556296;29;6;2024;14:31;1;94;94078;2;3;1;3;Rue Francis Martin / Rue Camille Flammarion;;
536556297;20;11;2024;07:45;2;45;45203;2;3;1;3;D2152 PR 76 + 600;;
536556298;11;3;2024;14:00;1;13;13047;2;1;1;2;JEAN JACQUES PRAT BOULEVARD;;
536556299;29;6;2024;10:56;1;94;94044;2;1;1;6;27ter Avenue de la Sablière;;
536556300;16;11;2024;12:20;1;07;07078;2;1;1;2;Route de Lyon;;
536556301;11;3;2024;08:30;1;13;13005;2;1;2;3;FENESTRELLES (CHEMIN DE);;
536556302;19;11;2024;17:40;5;21;21603;2;1;3;6;Route de Massène;;
536556303;29;6;2024;19:00;1;94;94052;2;1;2;3;Boulevard de Strasbourg;;
536556304;10;3;2024;14:20;1;11;11069;2;1;1;6;118 Rue de Verdun;;
536556305;20;11;2024;14:02;1;37;37109;2;1;1;3;6 Avenue du Général de Gaulle;;
536556306;28;6;2024;17:30;1;94;94011;2;1;1;6;Avenue de Paris;;
536556308;28;6;2024;16:10;1;94;94022;2;1;1;3;16 Avenue Louis Luc;;
536556309;10;3;2024;17:25;1;10;10362;2;1;1;7;Rue Louis Blanc;;
536556310;17;11;2024;10:05;1;30;30006;1;3;1;1;Route de Lunel;;
536556311;28;6;2024;23:45;5;94;94022;2;1;1;7;16 Avenue Louis Luc;;
536556312;19;11;2024;19:05;3;77;77305;1;1;3;6;Autoroute A5 PK 35+200;;
536556313;29;6;2024;13:30;1;93;93073;2;3;1;3;Avenue Gilbert Berger;;
536556314;11;3;2024;08:30;1;06;06088;2;1;8;2;Boulevard Carnot;;
536556315;19;11;2024;16:45;1;13;13037;2;1;1;2;Rn 113;;
536556316;19;11;2024;17:10;2;06;06152;1;1;1;7;2260 Route des Cretes;;
536556317;10;3;2024;07:45;5;06;06088;2;1;2;6;Avenue Raymond Comboul;;
536556318;28;6;2024;20:15;1;93;93078;2;2;1;6;Avenue de la Republique / Avenue Emile Dambel;;
536556319;11;3;2024;18:30;2;06;06069;2;1;1;6;Traverse des Roses de Mai;;
536556320;29;6;2024;17:15;1;93;93066;2;1;1;6;Avenue Jules Rimet;;
536556321;20;11;2024;06:00;1;973;97305;1;1;1;5;Macouria;;
536556322;10;3;2024;20:45;5;06;06027;2;1;1;6;48 Boulevard du Maréchal Juin;;
536556323;29;6;2024;11:15;1;93;93051;2;2;1;3;Rue du Marechal Juin / Rue de Malnoue;;
536556324;16;11;2024;02:50;5;971;97121;2;1;1;1;RN 2, guyonneau;;
536556325;10;3;2024;11:25;1;02;02738;2;2;1;3;1 Rue de Verdun;;
536556326;29;6;2024;20:06;1;92;92073;2;1;1;2;JAURES (AVENUE JEAN);;
536556327;20;11;2024;16:50;2;30;30307;1;1;1;3;N106;;
536556328;9;3;2024;06:00;5;75;75117;2;1;1;6;BD PERIPHERIQUE EXTERIEUR;;
536556329;29;6;2024;08:00;1;92;92072;2;3;1;3;GRANDE RUE;;
536556330;14;11;2024;13:51;1;11;11410;2;1;1;7;D610;;
536556331;11;3;2024;10:30;1;75;75106;2;7;1;3;PLACE SAINT MICHEL;;
536556332;19;11;2024;13:26;1;13;13086;2;9;1;1;Avenue des Allies;;
536556333;29;6;2024;16:50;1;92;92063;2;1;1;7;CRAMAIL (RUE ADRIEN);;
536556334;11;3;2024;15:30;1;75;75120;2;2;2;6;RUE DE BELLEVILLE;;
536556335;29;6;2024;12:11;1;92;92040;2;3;1;6;JEAN-PIERRE TIMBAUD;;
536556336;28;10;2024;18:00;3;26;26165;1;1;1;4;A7 - PK 090.700 SENS SUD/NORD;;
536556337;11;3;2024;11:10;1;75;75120;2;2;1;6;BOULEVARD DAVOUT;;
536556338;29;6;2024;18:38;1;92;92026;2;2;1;3;MISSION MARCHAND (COTE IMPAIR);;
536556339;18;11;2024;18:45;3;67;67078;1;1;2;1;RD 1004;;
536556340;11;3;2024;06:30;1;75;75119;2;7;1;6;RUE COMPANS;;
536556341;19;11;2024;11:38;1;42;42285;2;2;1;6;Rue du 8 mai;;
536556342;29;6;2024;20:20;1;92;92032;2;1;1;3;LANGEVIN PAUL (AVENUE);;
536556343;11;3;2024;22:00;5;75;75108;2;2;1;3;RUE LA BOETIE;;
536556344;19;11;2024;09:15;1;42;42147;2;6;1;6;1 Rue de Feurs;;
536556345;11;3;2024;15:33;1;75;75117;2;1;2;7;BOULEVARD GOUVION SAINT CYR;;
536556346;29;6;2024;07:45;1;92;92012;2;6;1;3;PONT DE BILLANCOURT (PLACE DU);;
536556347;11;3;2024;13:10;1;75;75107;2;2;1;6;AVENUE DE BRETEUIL;;
536556348;15;11;2024;05:40;5;38;38449;2;1;5;2;Rue des Garinnes;;
536556349;29;6;2024;20:15;1;92;92036;2;1;1;1;FRERES LUMIERES  ( AVE DES );;
536556350;11;3;2024;10:45;1;75;75113;2;3;1;3;RUE DE TOLBIAC;;
536556351;30;6;2024;12:55;1;24;24019;1;1;1;1;Avenue de la Liberté;;
536556352;20;11;2024;13:45;1;50;50594;1;2;2;2;D22;;
536556353;11;3;2024;18:01;1;75;75112;2;2;2;3;QUAI DE LA RAPEE;;
536556354;18;11;2024;12:15;1;29;29055;2;1;2;6;Route de Brest;;
536556355;30;6;2024;09:15;1;35;35145;2;3;1;1;21 Grande Rue;;
536556356;11;3;2024;09:15;1;75;75111;2;7;1;6;BOULEVARD VOLTAIRE;;
536556357;19;11;2024;12:20;1;29;29103;2;6;2;6;quai de Léon;;
536556358;30;6;2024;12:15;1;85;85148;1;1;1;3;RD68;;
536556359;11;3;2024;18:40;5;75;75109;2;3;2;6;RUE LA FAYETTE;;
536556360;18;6;2024;12:05;1;35;35166;2;1;1;6;11 rue de l'école;;
536556361;30;6;2024;15:45;1;2A;2A362;1;1;1;6;D368;;
536556362;11;3;2024;10:50;1;75;75109;2;4;1;6;RUE BLANCHE;;
536556363;20;11;2024;14:15;1;60;60079;1;3;1;3;D922;;
536556364;29;6;2024;19:00;2;972;97232;1;1;1;1;N6;;
536556365;20;11;2024;12:00;1;60;60439;2;6;7;6;Avenue du 8 Mai 1945;;
536556366;11;3;2024;18:20;4;94;94081;2;3;2;4;Avenue du Moulin de Saquet / Rue Carpeaux;;
536556367;30;6;2024;14:40;1;974;97414;2;1;1;1;91 Rue du Docteur Schweitzer;;
536556368;20;11;2024;16:00;1;62;62318;2;9;7;6;D940;;
536556369;11;3;2024;19:55;4;94;94016;2;2;2;3;Avenue Aristide Briand / Rue Marcel Bonnet;;
536556370;29;6;2024;20:30;1;84;84135;1;1;2;6;2105 Route d'Orange;;
536556371;11;3;2024;17:00;1;94;94073;2;2;2;1;Avenue du Général de Gaulle / Rue Buffon;;
536556372;29;6;2024;19:30;1;59;59278;1;1;1;6;RN41;;
536556373;19;11;2024;15:00;1;62;62560;1;3;3;3;D191;;
536556374;11;3;2024;09:00;1;94;94033;2;1;1;6;Rue Edouard Vaillant;;
536556375;18;7;2024;16:40;1;26;26360;1;3;1;1;Route de Saint Paul;;
536556376;29;6;2024;17:30;1;87;87181;1;4;2;3;Rue du Chatelard;;
536556377;25;8;2024;22:00;5;14;14047;2;1;1;7;11 Rue Louviere;;
536556378;11;3;2024;19:20;5;94;94077;2;3;2;3;Rue Charles Nungesser / Avenue Didier Daurat;;
536556379;29;6;2024;12:00;1;30;30202;2;1;1;7;Rue Trintignant;;
536556380;10;8;2024;23:10;3;14;14305;1;1;1;1;Route de Lisieux;;
536556381;9;3;2024;20:30;5;94;94019;2;7;3;2;Route de la Libération / Route du Plessis;;
536556382;30;6;2024;14:48;1;30;30286;1;1;1;1;D981;;
536556383;30;6;2024;17:45;1;62;62761;1;1;1;6;D33;;
536556384;11;3;2024;08:15;1;94;94028;2;3;1;6;Avenue des Petites Haies / Rue de Valenton;;
536556385;17;4;2024;11:25;1;14;14530;1;9;1;3;D514;;
536556386;18;11;2024;12:10;1;974;97416;1;1;7;1;ENTRE DEUX (CHEMIN) CD26;;
536556387;28;6;2024;19:20;1;77;77359;2;1;7;2;Rue des Grouettes;;
536556388;11;3;2024;22:00;3;93;93073;1;1;2;5;Terminal 2;;
536556389;30;6;2024;15:10;1;95;95026;1;1;1;1;D909;;
536556390;11;3;2024;17:15;1;93;93073;2;3;2;6;Avenue de la Station / Avenue la Fontaine;;
536556391;30;6;2024;16:10;1;51;51369;1;1;1;7;D373;;
536556392;18;11;2024;08:57;1;974;97411;2;1;1;3;JAURES (BOULEVARD JEAN);;
536556393;11;3;2024;18:05;3;93;93072;2;3;2;3;Boulevard Maxime Gorki / Avenue Gaston Monmousseau;;
536556394;29;6;2024;17:58;1;51;51161;1;1;2;7;D1;;
536556395;18;11;2024;16:00;1;973;97302;1;6;1;3;ROUTE NATIONALE 1;;
536556396;29;6;2024;01:30;3;56;56005;2;1;1;6;Boulevard de la résistance;;
536556397;11;3;2024;09:00;1;93;93062;2;2;8;3;Avenue Thiers / Boulevard du Nord;;
536556398;29;6;2024;17:45;1;76;76400;2;1;1;6;Rue du General de Gaulle;;
536556399;18;11;2024;08:20;1;973;97302;2;1;1;3;BADUEL (ROUTE DE);;
536556400;18;11;2024;05:28;2;973;97302;1;1;1;6;ROUTE NATIONALE 1;;
536556402;11;3;2024;07:00;1;93;93046;2;2;1;1;Boulevard Jean Jaurès / Allée Condorcet;;
536556403;17;11;2024;07:30;1;973;97302;2;1;1;7;BADUEL (ROUTE DE);;
536556404;30;6;2024;02:45;5;80;80186;2;1;1;7;Rue de Nesle;;
536556405;29;6;2024;16:30;1;82;82112;2;1;1;6;Chemin de Sainte-Livrade;;
536556406;9;3;2024;12:00;1;93;93032;2;2;1;3;Rue du Rond Point / Rue du Chanoine Monsanglant;;
536556407;17;11;2024;19:43;2;972;97213;1;1;3;6;ROUTE DEPARTEMENTALE 15;;
536556408;11;3;2024;19:55;5;93;93008;2;7;2;6;Avenue Paul Vaillant - Couturier / Route de Stains;;
536556409;29;6;2024;18:00;1;82;82094;2;3;1;6;D2;;
536556410;18;11;2024;07:15;1;2B;2B033;2;1;1;3;11 - RT;;
536556411;30;6;2024;11:30;1;82;82155;1;1;1;7;lieu-dit Paradis;;
536556412;11;3;2024;21:10;5;93;93005;2;3;1;3;Rue Maximilien de Robespierre / Rue du Hameau;;
536556413;17;11;2024;01:20;5;971;97101;1;1;1;2;CHAUVEL;;
536556414;11;3;2024;01:15;5;92;92049;2;1;1;6;DORMOY AVENUE MARX N°2 A 100;;
536556415;16;11;2024;18:20;5;971;97101;1;1;1;7;BAIMBRIDGE;;
536556416;11;4;2024;16:15;1;69;69066;1;1;1;5;1740 Route de Thizy;;
536556417;11;3;2024;19:01;1;92;92036;2;2;2;6;HENRI BARBUSSE (RUE) (37/135);;
536556418;16;11;2024;18:45;4;971;97101;1;1;1;6;GRAND CAMP(SECTION);;
536556419;29;6;2024;14:45;1;61;61081;2;1;3;1;D438;;
536556420;11;3;2024;18:45;1;92;92035;2;1;8;6;Général de Gaulle  ( avenue du );;
536556421;15;11;2024;23:40;5;971;97120;1;1;1;2;CHEMIN NEUF;;
536556422;23;6;2024;17:40;1;42;42246;1;1;1;2;Rue de la Condamine;;
536556423;11;3;2024;11:00;1;92;92024;2;1;1;6;LEON GAMBETTA (ALLEES);;
536556424;11;3;2024;08:15;1;92;92007;2;3;1;3;BLANCHARD (RUE);;
536556426;18;11;2024;19:00;5;95;95127;2;3;2;6;OISE (BOULEVARD DE L');;
536556427;28;6;2024;19:25;1;29;29236;1;1;1;6;D4;;
536556428;28;6;2024;20:20;2;38;38408;1;1;1;6;75 Route de Lafayette;;
536556429;18;11;2024;18:05;3;85;85191;1;1;8;4;RD160;;
536556430;10;3;2024;02:00;3;62;62100;2;3;2;3;D113;;
536556431;18;11;2024;08:20;1;83;83137;2;2;1;6;DARDANELLES (AVE DES);;
536556432;12;3;2024;11:00;1;01;01007;2;6;1;6;D36;;
536556433;29;6;2024;09:37;1;85;85008;1;1;3;7;A87;;
536556434;14;11;2024;16:12;1;83;83129;2;9;1;6;ILES (CORNICHE DES);;
536556435;11;3;2024;17:10;1;76;76728;1;1;1;6;A150;;
536556436;30;6;2024;18:00;1;83;83139;1;1;1;7;1602 Route de Villecroze;;
536556437;18;11;2024;17:45;1;81;81004;2;6;1;3;5 Rue de Rudel;;
536556438;11;3;2024;19:00;5;76;76210;2;2;2;1;Route de Neufchatel;;
536556439;30;6;2024;02:50;3;64;64046;1;1;2;7;D8;;
536556440;18;11;2024;19:50;4;78;78621;2;2;2;6;CASTIGLIONE DEL LAGO (RUE);;
536556441;12;3;2024;17:10;1;974;97412;2;9;1;6;Rue de l'Hôpital;;
536556442;29;6;2024;19:30;2;10;10326;1;1;6;7;57 La Garenne;;
536556443;12;3;2024;08:10;1;83;83036;1;1;1;2;D559;;
536556444;18;11;2024;17:15;5;77;77284;2;6;3;3;CLEMENCEAU (AV.);;
536556445;30;6;2024;00:30;3;36;36213;2;6;2;6;Place des Prunus;;
536556446;18;11;2024;20:01;5;77;77058;2;1;3;6;D406;;
536556447;12;3;2024;08:20;1;84;84099;1;1;1;2;chemin de Romieu;;
536556448;30;6;2024;18:10;1;07;07052;1;1;1;7;D533;;
536556449;14;11;2024;15:30;1;77;77320;2;1;8;6;PARIS (AVENUE DE);;
536556450;30;6;2024;15:14;1;04;04141;1;1;1;7;RD 950 route de BANON;;
536556451;10;3;2024;14:56;1;38;38226;2;1;3;1;saint claude et la croix;;
536556452;15;11;2024;18:15;5;76;76351;2;1;1;6;REPUBLIQUE (COURS DE LA);;
536556453;11;3;2024;10:25;1;74;74225;2;6;1;6;Boulevard Louis Dagand;;
536556454;30;6;2024;09:45;1;04;04172;2;2;1;1;Route des chateaux, RD 952;;
536556455;30;6;2024;14:15;1;04;04135;1;1;1;6;D952;;
536556457;14;11;2024;08:53;1;76;76351;2;9;1;3;VALLEE (RUE DE LA);;
536556458;30;6;2024;11:35;1;04;04024;1;1;1;1;D 900;;
536556459;12;3;2024;11:40;1;11;11027;1;1;1;1;route départementale 6113;;
536556460;18;11;2024;08:50;1;71;71076;2;1;1;6;SAINT VINCENT (REMPART);;
536556461;28;6;2024;16:20;1;17;17327;1;2;1;1;Rue de l?Erable;;
536556462;11;3;2024;14:15;1;41;41139;1;4;1;6;Départementale 17;;
536556463;28;6;2024;19:45;1;17;17139;1;1;1;7;La Coudre;;
536556464;11;3;2024;17:45;1;29;29097;2;1;1;3;Rue du Stade;;
536556465;30;6;2024;08:20;1;17;17017;1;1;1;7;d122E1;;
536556466;18;11;2024;17:38;5;70;70550;2;6;2;6;Boulevard Kennedy;;
536556467;12;3;2024;10:40;1;38;38022;1;1;1;6;D33;;
536556468;30;6;2024;15:41;1;87;87036;1;3;1;3;1 Bousseroux;;
536556469;12;3;2024;16:45;1;58;58024;1;1;2;6;ecluse numéro 3;;
536556470;18;11;2024;18:24;5;64;64445;2;1;1;2;GASTON LACOSTE;;
536556471;12;3;2024;14:00;1;05;05046;2;3;1;6;16 Rue de la Liberté;;
536556472;30;6;2024;16:45;1;37;37213;1;2;1;1;La Petite Belle Etoile;;
536556473;18;11;2024;11:30;1;64;64445;2;1;1;3;BOSQUET;;
536556474;10;3;2024;23:10;3;18;18058;2;1;1;7;10 Rue Saint - Antoine;;
536556475;29;6;2024;20:34;3;973;97307;1;2;1;6;Chemin Morthium;;
536556476;18;11;2024;09:10;1;64;64129;2;1;1;6;JEAN MERMOZ;;
536556477;12;3;2024;02:40;4;43;43025;1;1;8;6;Route de Bas;;
536556478;30;6;2024;10:30;1;67;67389;2;1;1;6;Boulevard des enseignes;;
536556479;18;11;2024;07:00;5;64;64445;2;3;1;1;BIE MOULIE;;
536556480;11;3;2024;21:10;3;10;10107;1;1;2;2;RN 77;;
536556481;14;11;2024;14:20;1;62;62510;2;1;2;6;Rue Alexandre Dumas;;
536556482;12;3;2024;11:30;1;16;16153;1;1;1;2;RN 141;;
536556483;29;6;2024;17:00;1;17;17226;1;1;3;7;A10;;
536556484;18;11;2024;22:05;5;62;62193;2;1;2;3;Rue du Beau Marais;;
536556485;30;6;2024;08:15;1;13;13103;1;1;1;1;A 7 PK234+700;;
536556486;11;3;2024;12:15;1;53;53195;1;2;1;5;Les Daumeries;;
536556487;18;6;2024;21:00;3;971;97128;1;1;1;6;Courcelles;;
536556488;17;11;2024;08:15;2;60;60159;1;1;1;6;Rd 973;;
536556489;12;3;2024;06:15;2;53;53122;1;1;2;6;pk 13.000;;
536556490;11;3;2024;14:35;1;17;17430;1;2;1;3;D50;;
536556491;29;6;2024;10:00;1;971;97111;1;1;1;1;RN2, Bas-vent;;
536556492;17;11;2024;00:51;3;56;56121;2;1;1;5;Pénétrante de  Lorient;;
536556493;10;3;2024;16:10;1;30;30249;1;1;1;2;D40;;
536556494;29;6;2024;17:30;1;971;97106;1;1;7;6;Rue des Galets;;
536556496;23;2;2024;20:35;3;40;40295;1;1;4;4;A63 PK050.000;;
536556498;16;11;2024;18:35;2;56;56098;2;3;1;4;Rue Jean Jaurès;;
536556499;29;6;2024;16:00;1;66;66065;2;6;1;2;rue de latour;;
536556500;12;3;2024;16:30;1;01;01450;1;1;1;2;A42;;
536556501;15;11;2024;12:30;1;56;56098;2;1;1;6;Avenue Ambroise Croizat;;
536556502;30;6;2024;05:10;2;05;05038;1;1;1;6;D947 - PK 5+600;;
536556504;18;11;2024;17:45;5;50;50147;2;1;3;6;DIVISION LECLERC;;
536556505;12;3;2024;05:45;1;976;97607;1;1;1;5;rn2 - Ironie bé;;
536556506;15;11;2024;16:05;1;49;49099;2;3;1;3;CARNOT (RUE SADI);;
536556507;30;6;2024;18:45;1;26;26072;1;1;1;6;Autoroute A7 PK 050.368;;
536556508;17;11;2024;18:23;2;49;49007;2;1;1;6;PASTEUR AVENUE;;
536556509;29;6;2024;10:50;1;52;52488;2;1;1;1;18 Rue Principale;;