Num_Acc;jour;mois;an;hrmn;lum;dep;com;agg;int;atm;col;adr;lat;long
536556510;17;11;2024;02:50;3;49;49267;2;1;1;2;RD 347;;
536556511;10;3;2024;22:00;4;971;97115;1;1;1;6;N2;;
536556513;12;3;2024;06:45;1;972;97228;2;1;1;2;Rue du Pave;;
536556514;18;11;2024;12:30;1;47;47001;2;4;1;2;COLMAR (AV. DE);;
536556516;10;3;2024;18:00;1;95;95462;1;1;1;7;D171;;
536556517;18;11;2024;18:12;5;45;45068;2;1;2;1;3 Rue Nelson Mandela;;
536556519;11;3;2024;08:13;1;57;57260;1;1;1;2;N61;;
536556520;18;11;2024;12:50;1;42;42170;1;1;1;6;Route du Beaujolais;;
536556521;29;6;2024;23:35;5;22;22044;2;1;1;3;24b Rue de la Glanerie;;
536556522;7;3;2024;19:00;5;73;73089;2;2;1;6;D204 / D31;;
536556523;14;11;2024;18:33;3;40;40192;2;1;1;1;THORE (CHEMIN DE);;
536556524;30;6;2024;07:27;1;27;27358;1;1;1;6;Rue de l?Ancienne Abbaye;;
536556525;12;3;2024;16:15;1;38;38537;2;1;1;6;avenue de la verpilliere;;
536556527;29;6;2024;05:50;2;69;69276;1;1;1;2;Route Départementale 301;;
536556530;11;3;2024;14:25;1;61;61271;2;6;1;6;D2;;
536556531;29;6;2024;16:45;1;91;91434;1;1;1;5;AUTOROUTE A6;;
536556532;12;3;2024;13:00;1;50;50099;1;2;2;3;Route Américaine;;
536556534;29;6;2024;11:40;1;91;91216;1;1;1;4;AUTOROUTE A6;;
536556535;9;2;2024;13:20;1;60;60612;2;2;8;6;26 Rue de la République;;
536556536;18;11;2024;09:45;1;31;31555;2;1;1;3;STRASBOURG (BD DE) DU 2AU 66;;
536556537;28;6;2024;19:01;1;92;92060;1;1;1;4;A86 EXT;;
536556538;18;11;2024;19:05;5;29;29232;2;1;2;2;Boulevard Louis le Guennec;;
536556539;28;6;2024;15:55;1;95;95394;1;1;1;7;A115;;
536556540;17;11;2024;18:58;3;27;27229;2;1;1;3;GAMBETTA (BOULEVARD);;
536556541;18;11;2024;19:30;5;25;25031;2;9;1;6;REVOLUTION DE 1789 AVENUE DE LA);;
536556542;10;3;2024;23:27;3;13;13005;1;1;2;2;A50-Sens Marseille vers Aubagne;;
536556543;10;3;2024;15:44;1;57;57067;1;1;1;6;Autoroute A31;;
536556546;16;11;2024;22:35;5;21;21231;2;2;1;3;Boulevard Voltaire;;
536556547;11;3;2024;02:24;3;91;91521;1;1;1;7;RN 449;;
536556548;18;11;2024;13:30;1;17;17415;2;1;8;3;Avenue de Saintonge;;
536556549;18;11;2024;06:50;5;14;14069;2;3;2;7;2 Chemin de Grais;;
536556550;10;3;2024;02:30;3;92;92036;1;1;2;6;A86;;
536556551;8;11;2024;18:39;5;14;14117;2;6;1;3;14 Avenue Charles de Gaulle;;
536556552;9;3;2024;18:10;1;92;92036;1;1;3;2;A86;;
536556553;18;11;2024;08:20;1;13;13213;2;1;1;6;NOGARETTE (RUE);;
536556554;11;3;2024;04:40;3;93;93029;1;1;1;6;A86;;
536556555;18;11;2024;16:14;1;06;06069;1;1;1;6;36 Boulevard Pasteur;;
536556556;19;2;2024;13:00;1;44;44109;2;1;1;2;26 Rue de Gigant;;
536556557;18;11;2024;08:30;2;06;06069;2;1;1;7;122 Route de Cannes;;
536556558;13;11;2024;08:00;2;06;06029;2;1;1;7;81 Boulevard Carnot;;
536556559;15;2;2024;15:35;1;44;44109;2;1;8;6;Quai de Tourville;;
536556560;14;2;2024;10:10;1;44;44020;1;1;8;6;Route de Pornic;;
536556561;16;11;2024;13:00;1;04;04112;2;1;1;2;HAUTE PROVENCE (BD. DE);;
536556562;19;11;2024;20:00;3;60;60374;1;1;2;7;D47;;
536556563;14;2;2024;06:56;2;44;44109;2;6;8;7;6 Avenue Jean Claude Bonduelle;;
536556564;4;11;2024;19:40;5;35;35328;2;1;5;1;Rue de la Sauldre;;
536556565;14;2;2024;23:25;5;44;44109;2;6;8;6;Rond-Point de Vannes;;
536556566;13;2;2024;08:30;2;44;44109;2;1;8;3;76 Rue Desaix;;
536556567;18;11;2024;06:45;3;14;14162;1;3;2;2;LA LANDELLE;;
536556569;13;2;2024;19:00;2;44;44143;2;6;8;6;Rue Louise Michel;;
536556570;10;3;2024;19:30;1;974;97416;2;2;1;3;LAPIERRE (RUE HENRI);;
536556571;19;11;2024;08:00;1;69;69277;2;1;2;7;10 Rue Lionel Terray;;
536556572;10;3;2024;08:45;1;972;97213;2;1;3;6;ROUTE DEPARTEMENTALE 3;;
536556573;18;11;2024;18:45;2;23;23245;1;1;8;1;pk 38 N145;;
536556574;9;3;2024;22:10;5;972;97209;1;1;1;6;AUTOROUTE (A1);;
536556575;8;3;2024;17:30;2;86;86066;2;1;3;6;Rue Marcel Beauchêne;;
536556576;18;11;2024;13:20;1;56;56240;1;1;2;7;Kergroes;;
536556577;10;3;2024;11:45;1;83;83069;2;3;1;3;ALMANARRE (ROUTE DE L');;
536556578;10;3;2024;20:05;3;81;81144;1;1;2;2;RN 88;;
536556579;18;11;2024;17:25;5;67;67463;2;9;2;6;Route de Hatten;;
536556580;9;3;2024;19:00;5;77;77373;2;1;3;6;AV DE LA REPUBLIQUE;;
536556581;16;11;2024;12:30;1;65;65460;1;3;1;2;D935;;
536556582;16;11;2024;18:50;3;65;65296;1;1;1;6;Route de Perron;;
536556583;9;3;2024;16:45;1;77;77284;2;1;2;3;CRECHE (RUE DE LA);;
536556584;19;11;2024;15:30;1;63;63393;2;2;1;6;Rue Docteur Roddier;;
536556585;10;3;2024;16:20;1;77;77186;1;1;1;3;D 607;;
536556586;10;3;2024;12:45;1;76;76429;2;6;1;1;Rue de Belbeuf;;
536556587;19;11;2024;07:25;2;61;61405;1;1;2;6;D286;;
536556588;9;3;2024;16:30;1;76;76212;2;6;1;6;Place du Marechal Foch;;
536556589;3;11;2024;02:42;3;12;12122;1;1;1;6;D999;;
536556590;10;3;2024;13:10;1;71;71486;2;1;1;2;LOUIS AUBLANC (RUE);;
536556591;18;11;2024;18:00;5;42;42097;2;1;1;3;M1082;;
536556592;9;3;2024;17:20;1;69;69271;2;1;1;6;Rue Marius Berliet;;
536556593;19;11;2024;17:12;2;68;68201;2;1;3;6;4 Rue du Général de Gaulle;;
536556594;9;3;2024;17:55;1;65;65286;2;1;1;6;Place du Champ Commun;;
536556595;17;11;2024;19:25;3;44;44220;1;1;1;6;La Genonville;;
536556596;10;3;2024;11:35;1;63;63113;2;1;1;2;PAULINES (AVENUE DES);;
536556597;18;11;2024;10:45;1;35;35243;1;2;2;1;La Morinais;;
536556598;18;11;2024;10:05;1;84;84089;2;6;1;6;Route d?Aix- rond   point  d'Herborn;;
536556599;18;11;2024;18:10;3;15;15225;1;1;2;1;RD 3;;
536556600;10;3;2024;22:00;5;62;62178;2;3;2;3;Rue Raoul Briquet;;
536556601;19;11;2024;06:36;3;01;01272;1;1;2;1;D936;;
536556602;10;3;2024;16:53;1;59;59367;2;1;1;6;Rue du Fresnoy;;
536556603;14;11;2024;13:45;1;72;72217;1;1;1;7;lieu dit le vignau;;
536556604;10;3;2024;13:50;1;59;59163;2;2;2;1;JAURES (AVENUE JEAN);;
536556605;18;11;2024;23:30;3;83;83083;1;1;1;7;D22;;
536556606;9;3;2024;09:55;1;59;59183;2;9;1;3;BERTEAUX MAURICE - AVENUE;;
536556608;10;3;2024;11:30;1;54;54149;2;1;1;6;D521;;
536556609;19;11;2024;08:30;1;85;85006;1;1;2;7;la roseraie;;
536556610;8;3;2024;10:20;1;46;46042;2;1;3;6;GAMBETTA (BOULEVARD LEON) N°IMPAIR;;
536556611;16;11;2024;19:20;5;987;98715;2;1;1;2;PARKING PHARMACIE AÉROPORT - ST HILAIRE;;
536556612;18;11;2024;12:47;1;72;72353;1;1;2;6;Autoroute A11, PK 123+000, sens PARIS/LE MANS;;
536556613;19;11;2024;15:30;1;971;97112;1;1;1;6;N9;;
536556614;9;11;2024;19:45;2;28;28372;1;1;1;7;D4;;
536556615;19;11;2024;12:30;1;83;83079;1;1;1;1;D98;;
536556616;18;11;2024;18:50;5;26;26179;1;6;1;6;autoroute A7;;
536556617;15;11;2024;11:00;1;54;54557;1;6;1;3;D400;;
536556618;13;11;2024;19:20;5;38;38316;2;1;1;6;47 Rue Giffard;;
536556619;19;11;2024;07:45;3;85;85088;2;9;8;6;Rue du centre;;
536556620;18;11;2024;13:35;1;44;44210;2;1;2;6;Avenue de la République;;
536556621;18;11;2024;06:44;3;59;59263;1;6;3;2;D643;;
536556622;18;11;2024;13:00;1;13;13088;1;1;7;2;A55 SENS MARTIGUES-MARSEILLE;;
536556623;18;11;2024;21:00;3;91;91235;1;1;2;4;RN 104;;
536556624;17;11;2024;17:32;2;78;78133;1;1;1;4;A13W;;
536556625;17;11;2024;18:21;3;78;78455;1;1;1;5;A13;;
536556626;16;11;2024;18:45;3;92;92050;1;1;1;3;A86;;
536556627;18;11;2024;02:00;5;93;93039;1;1;1;2;AUTOROUTE A86;;
536556628;17;4;2024;10:55;1;94;94018;1;1;1;2;A4;;
536556629;17;4;2024;09:10;1;94;94018;1;1;1;7;A4;;
536556630;16;2;2024;17:50;1;87;87085;2;1;2;1;LEOBARDY (AVE DU PROF JOSEPH DE);;
536556631;17;2;2024;18:05;5;76;76351;2;2;1;1;GRAVILLE (BD DE);;
536556632;16;2;2024;09:40;1;30;30189;2;1;1;7;Boulevard Pasteur Marc Boegner;;
536556633;17;2;2024;21:05;5;06;06123;2;3;1;3;Avenue du Général Leclerc;;
536556634;12;4;2024;07:50;1;987;98736;2;1;1;7;CHARLES DE GAULLE (AV);;
536556635;17;4;2024;12:20;1;974;97411;2;6;1;2;JAURES (BOULEVARD JEAN);;
536556636;17;4;2024;15:30;1;973;97302;2;2;2;5;CATAYEE (JUSTIN);;
536556637;17;4;2024;18:25;1;69;69383;2;2;1;3;Rue Paul Bert;;
536556638;17;4;2024;06:20;1;69;69386;2;1;1;3;Quai de Serbie;;
536556639;17;4;2024;06:30;2;69;69149;2;2;8;3;Rue de la République (Pierre-Bénite);;
536556640;14;4;2024;08:00;1;971;97101;1;1;1;6;ROUTE DE BOISVINS;;
536556641;10;1;2024;10:00;1;971;97101;2;1;1;6;BOISRIPEAUX;;
536556642;17;4;2024;22:10;3;95;95018;2;3;1;1;D311;;
536556643;17;4;2024;00:15;5;91;91027;2;2;1;5;RUE PAUL DEMANGE;;
536556644;16;4;2024;12:15;1;91;91174;2;3;1;6;ALL DES ORMES;;
536556645;17;4;2024;10:15;1;89;89387;1;1;1;6;D606;;
536556646;17;4;2024;14:25;1;84;84007;1;1;1;3;CAVAILLON (Route de Cavaillon)-MONTFAVET;;
536556647;16;4;2024;15:00;1;83;83129;1;1;1;2;MER (AVENUE DE LA) N°IMPAIRS;;
536556648;18;4;2024;02:35;5;82;82121;2;1;1;6;chemin de saint pierre;;
536556649;17;4;2024;03:00;5;77;77438;2;1;8;6;SAINT GERMAIN DES NOYERS  (AVENUE);;
536556650;17;4;2024;21:56;5;69;69256;2;1;2;7;Rue Jean Jaurès;;
536556651;16;4;2024;12:15;1;67;67462;2;3;1;3;THIERS (BOULEVARD);;
536556652;18;4;2024;22:20;5;64;64335;2;6;1;3;CHARLES DE GAULLE;;
536556653;17;4;2024;08:25;1;64;64269;2;9;2;3;BUTTE DE LA;;
536556654;17;4;2024;18:30;1;59;59205;2;3;1;3;RUE PAUL BERT;;
536556655;17;4;2024;19:00;1;59;59360;2;1;8;6;POTIE GEORGES RUE;;
536556656;15;4;2024;18:15;1;50;50129;2;1;1;3;NAPOLEON (PLACE);;
536556657;17;4;2024;09:10;1;49;49267;1;1;1;2;A87N;;
536556658;16;4;2024;16:52;1;49;49007;2;1;1;3;PAJOTIN;;
536556659;17;4;2024;20:40;5;45;45234;2;3;8;4;80 Boulevard Alexandre Martin;;
536556660;17;4;2024;11:05;1;45;45075;2;1;1;2;5a Rue des Hauts;;
536556661;17;4;2024;03:20;3;42;42187;2;1;2;6;Cours de la République;;
536556662;16;4;2024;14:10;1;41;41018;2;1;1;2;GUINIERES (RUE DES);;
536556663;24;12;2024;09:15;1;974;97413;2;1;1;1;194 Route Hubert Delisle;;
536556664;17;4;2024;12:58;1;37;37261;2;2;1;3;HUARD (RUE ERNEST);;
536556665;23;12;2024;16:30;2;67;67472;2;1;2;6;8 Grand Rue;;
536556666;17;4;2024;12:38;1;35;35278;1;1;2;4;RD 29;;
536556667;23;12;2024;19:00;3;15;15108;1;1;4;6;A 75;;
536556668;24;12;2024;14:30;1;19;19028;2;1;1;6;Avenue Gambetta;;
536556669;17;4;2024;21:05;5;34;34172;2;3;1;3;MOULINS (AVENUE DES;;
536556672;24;12;2024;10:00;1;56;56206;1;1;8;5;le Chapeau Rouge;;
536556673;16;4;2024;23:40;5;31;31555;2;3;2;3;AV DE LATTRE DE TASSIGNY;;
536556676;18;4;2024;00:50;5;27;27229;2;6;2;6;COCHEREL (RUE DE);;
536556677;14;10;2024;11:35;1;2A;2A271;2;1;1;1;T22;;
536556678;17;4;2024;12:00;1;27;27229;2;1;1;6;BUZOT (RUE);;
536556679;23;12;2024;11:40;1;32;32051;1;1;8;6;D4;;
536556680;17;4;2024;13:50;1;14;14366;2;1;1;2;25 Rue Calmette et Guérin;;
536556681;23;12;2024;13:11;1;89;89460;2;2;1;3;D103;;
536556682;17;4;2024;02:00;5;14;14366;2;1;1;6;Route d'Orbec;;
536556683;17;4;2024;14:00;1;13;13071;2;1;1;3;ROUTE NATIONALE 368 (PLAN DES PENNES);;
536556684;24;12;2024;13:10;1;61;61050;1;3;2;2;1776 l'Epine de Feuillet;;
536556685;17;4;2024;08:00;1;13;13117;2;1;1;2;MARSEILLE ( AVENUE DE );;
536556686;24;12;2024;17:45;3;12;12056;1;6;5;3;D911;;
536556687;15;3;2024;14:15;1;13;13215;2;1;1;2;LITTORAL (CHEMIN DU);;
536556688;23;12;2024;19:50;3;44;44175;1;1;2;6;22 Le Crelin;;
536556689;17;4;2024;10:40;1;13;13215;2;1;1;6;LYON (RUE DE);;
536556690;16;4;2024;12:00;1;13;13206;2;9;1;3;PAUL PEYTRAL (BOULEVARD);;
536556691;22;12;2024;20:00;3;14;14601;2;1;6;6;1 Route de Lisieux;;
536556692;14;4;2024;15:40;1;10;10081;2;1;1;6;Rue Teilhard de Chardin;;
536556693;22;12;2024;10:43;3;09;09139;1;1;4;1;nationale 20;;
536556694;16;4;2024;09:47;1;10;10387;2;4;1;7;ANATOLE FRANCE (RUE);;
536556695;23;12;2024;19:30;3;64;64206;1;1;8;1;RN134;;
536556696;18;12;2024;21:10;3;40;40211;1;1;1;6;Route de Saubusse;;
536556697;18;4;2024;01:12;5;06;06088;2;2;1;3;Avenue Raoul Dufy;;
536556698;17;4;2024;16:15;1;06;06088;2;8;1;6;Boulevard René Cassin;;
536556699;20;12;2024;22:29;3;85;85084;1;1;2;3;RD160;;
536556700;13;4;2024;16:40;1;05;05061;2;1;1;3;GENERAL DE GAULLE ( BD );;
536556701;23;12;2024;16:25;1;85;85135;2;1;1;7;RD746;;
536556702;24;12;2024;08:00;2;27;27243;1;1;2;1;d 180;;
536556704;23;12;2024;18:00;3;27;27157;1;1;2;1;Rue de Damville;;
536556705;17;4;2024;20:50;3;01;01289;1;1;1;3;BOULEAUX ( CHEMIN DES ) IMPAIR;;
536556706;22;12;2024;14:23;1;10;10084;1;1;4;7;A26;;
536556707;16;4;2024;19:30;5;75;75116;2;1;2;3;BD PERIPHERIQUE EXTERIEUR;;
536556708;24;12;2024;19:45;3;01;01089;1;1;1;2;Autoroute A42;;
536556709;16;4;2024;23:15;3;75;75120;2;3;2;3;PLACE DE LA PORTE DE MONTREUIL;;
536556710;17;4;2024;13:21;1;75;75119;2;4;8;6;RUE ARCHEREAU;;
536556711;24;12;2024;18:05;3;72;72360;1;1;1;5;a81;;
536556712;17;4;2024;09:30;1;75;75115;2;2;1;3;RUE DE VOUILLE;;
536556713;24;12;2024;11:50;1;06;06088;1;1;1;2;A8 PK192.705;;
536556714;17;4;2024;12:25;1;75;75114;2;3;2;6;AVENUE DU GENERAL LECLERC;;
536556715;22;12;2024;17:34;2;49;49068;1;1;1;6;A11- PK 287.700;;
536556717;16;4;2024;11:20;1;75;75114;2;2;2;7;BOULEVARD DU MONTPARNASSE;;
536556719;17;4;2024;10:00;1;75;75113;2;2;1;6;RUE DE TOLBIAC;;
536556720;24;12;2024;08:00;1;987;98747;1;1;1;3;PK 5.300 AFAAHITI;;
536556721;17;4;2024;15:20;1;94;94017;2;1;2;6;Avenue des Grands Godets;;
536556722;21;12;2024;01:12;5;34;34213;1;1;1;6;D613;;
536556723;17;4;2024;18:00;1;93;93070;2;1;8;6;Rue Albert Dhalenne;;
536556724;17;4;2024;18:00;1;93;93039;2;9;9;7;Rue Méchin;;
536556725;23;12;2024;12:00;1;13;13100;1;2;1;3;RD571 PK 14+491;;
536556726;17;4;2024;06:00;5;93;93064;2;3;1;6;Rue de la Prevoyance / Avenue Jean Jaurès;;
536556727;23;12;2024;10:17;1;13;13066;2;9;1;1;Noves;;
536556728;16;4;2024;19:30;2;93;93032;2;1;1;2;Rue Vaillant Couturier;;
536556729;21;12;2024;15:00;1;89;89380;1;1;2;6;autoroute A19 pk 028.850;;
536556730;17;4;2024;09:15;1;93;93008;2;1;1;3;Avenue Jean Jaures;;
536556731;30;1;2024;07:45;2;65;65193;1;9;1;1;1156 Route de Mauleon;;
536556732;24;12;2024;18:15;4;57;57069;1;1;2;1;D63b;;
536556733;17;4;2024;06:30;2;93;93008;2;1;8;6;Avenue Paul Vaillant - Couturier;;
536556734;23;12;2024;18:06;5;38;38524;2;1;3;6;Rue de l'Industrie;;
536556735;29;1;2024;18:30;3;14;14411;1;2;1;3;2 Route des Carreaux;;
536556736;17;4;2024;08:50;1;92;92064;2;1;7;6;MARECHAL JUIN;;
536556737;23;12;2024;17:57;3;17;17409;1;1;1;1;route departementale 733;;
536556738;27;1;2024;18:25;3;17;17172;1;3;1;4;D143;;
536556739;17;4;2024;12:35;1;92;92063;2;9;1;3;FLOQUET (RUE CHARLES) EST;;
536556740;23;12;2024;16:50;1;86;86137;2;3;1;3;Avenue d’Anjou;;
536556741;29;1;2024;19:10;2;91;91666;1;1;1;1;SAULX (RUE DE);;
536556742;17;4;2024;14:30;1;92;92062;2;1;2;4;DE DION BOUTON (QUAI) DU 1 AU 28;;
536556743;20;12;2024;02:05;3;85;85226;1;1;1;1;RD38;;
536556744;28;1;2024;11:55;1;44;44149;1;1;1;7;2 Le Doux;;
536556745;24;12;2024;15:20;1;44;44215;1;1;1;1;14 Route des Pégers;;
536556746;17;4;2024;08:00;1;92;92025;2;2;1;3;KLEBER (AV);;
536556747;23;12;2024;21:00;3;22;22339;1;1;2;6;le Portail;;
536556748;17;4;2024;18:55;1;08;08313;2;3;8;7;intersection D30 / rue du port;;
536556749;29;1;2024;18:15;5;62;62297;2;3;1;3;D219;;
536556750;24;12;2024;17:15;3;60;60589;1;1;2;4;Route departemental 44;;
536556751;17;4;2024;19:30;3;43;43038;1;1;1;1;Arvant;;
536556752;28;1;2024;00:15;4;56;56222;1;1;1;6;La Harazée;;
536556753;30;1;2024;00:40;3;56;56101;1;1;1;6;Lieu-Dit Talhouët Spinifort;;
536556754;17;4;2024;17:10;1;28;28201;1;1;2;1;RD906;;
536556755;13;12;2024;17:16;3;13;13203;1;1;1;4;A7-Sens Lyon vers Marseille;;
536556756;17;4;2024;02:54;3;87;87148;1;1;1;1;A 20;;
536556757;30;1;2024;14:15;1;76;76449;1;1;1;1;D929;;
536556759;20;12;2024;05:07;5;13;13214;1;1;6;3;A507 sens Aubagne- Marseille;;
536556760;18;4;2024;10:27;1;59;59016;1;4;1;3;croisement de la rue Laboureur et de la D3;;
536556761;30;1;2024;12:55;1;69;69070;2;1;1;1;4 Rue des Marronniérs;;
536556762;23;12;2024;04:35;5;83;83137;1;1;6;2;A50;;
536556763;27;1;2024;03:52;3;69;69109;1;9;2;6;Route Départementale 78;;
536556764;17;4;2024;22:20;3;30;30125;1;6;1;3;D442;;
536556765;30;1;2024;17:30;1;49;49069;1;1;1;6;La Coindassière (La Varenne);;
536556766;12;4;2024;11:35;1;89;89239;2;3;1;3;Route de Noé;;
536556767;30;1;2024;14:45;1;12;12045;2;1;1;7;lieu-dit noyes;;
536556768;18;12;2024;12:25;1;57;57412;1;1;1;4;Autoroute A31;;
536556769;18;4;2024;13:30;1;76;76163;1;9;7;2;1475 Route de la Forge;;
536556771;18;4;2024;15:30;1;2B;2B063;1;7;1;6;le village;;
536556772;28;1;2024;16:50;2;84;84079;1;1;1;3;RD 942;;
536556773;21;12;2024;21:30;3;78;78133;1;1;2;5;A13;;
536556774;18;4;2024;10:30;1;80;80737;2;2;1;3;D222;;
536556775;21;12;2024;21:20;3;92;92025;1;1;2;2;A86;;
536556776;30;1;2024;01:20;3;03;03319;1;2;1;3;D46;;
536556777;21;12;2024;18:06;3;78;78217;1;1;2;6;A13;;
536556779;30;1;2024;14:30;1;03;03301;1;1;1;7;chemin des trechamps;;
536556780;23;12;2024;00:10;3;93;93013;1;1;9;2;AUTOROUTE A1;;
536556781;30;1;2024;09:50;1;06;06079;2;1;1;2;Avenue Jean Mermoz;;
536556782;18;4;2024;09:00;1;63;63085;1;1;1;1;route départementale 62;;
536556783;23;12;2024;00:45;4;75;75120;1;1;1;7;AUTOROUTE A3;;
536556784;29;1;2024;12:20;1;14;14209;1;1;1;2;573 Route du Molay-Littry;;
536556785;17;4;2024;20:45;2;61;61327;1;1;1;6;RD27;;
536556786;23;12;2024;00:40;3;92;92036;1;1;1;7;AUTOROUTE A15;;
536556787;30;1;2024;15:40;1;14;14454;1;1;1;7;195 Rue Verte;;
536556788;22;12;2024;22:10;3;95;95018;1;1;1;6;A15;;
536556789;18;4;2024;06:20;2;61;61210;1;1;1;6;D204;;
536556790;4;12;2024;11:00;1;44;44143;2;1;7;6;Place François Mitterand;;
536556792;4;12;2024;12:35;1;44;44109;2;1;1;3;144 Rue Paul Bellamy;;
536556793;29;1;2024;15:45;1;43;43087;1;1;1;3;Le Mirail;;
536556794;4;12;2024;14:10;1;44;44143;2;1;1;7;Rue Félix Eboué;;
536556795;3;12;2024;08:00;2;44;44109;2;1;1;6;Boulevard Alexandre Millerand;;
536556796;30;1;2024;10:30;1;36;36006;2;1;1;6;25 Avenue Rollinat;;
536556797;17;4;2024;08:00;1;44;44116;2;3;1;3;51 Boulevard de l'Astrolabe;;
536556798;2;12;2024;09:00;2;44;44162;2;1;1;1;Rue de la Porchellerie;;
536556799;27;11;2024;12:10;1;44;44190;2;1;2;7;Rue du Lieutenant Augé;;
536556800;30;1;2024;12:00;1;24;24229;1;1;1;1;avenue de brive 6089;;
536556801;18;4;2024;17:00;1;29;29205;1;1;1;4;Kergonval;;
536556802;8;9;2024;07:00;1;57;57463;2;1;8;6;Rue Gambetta;;
536556803;17;4;2024;16:15;1;29;29011;1;1;1;1;route de Kerdonval;;
536556805;22;12;2024;14:39;1;973;97302;2;3;2;3;CABASSOU (ROUTE DE);;
536556806;16;4;2024;15:30;1;01;01320;2;1;1;3;Route de Pont de Vaux;;
536556807;21;12;2024;23:10;5;973;97302;2;1;1;3;FELIX EBOUE (Rue);;
536556808;24;1;2024;07:25;1;06;06088;1;1;1;4;Autoroute A8, PK 193.500 chaussée nord;;
536556809;17;4;2024;23:47;3;85;85146;1;1;1;1;RD137;;
536556810;22;12;2024;19:00;5;69;69388;2;1;2;3;Avenue Paul Santy;;
536556811;17;4;2024;13:35;1;64;64314;1;1;2;1;D933;;
536556812;30;1;2024;07:30;2;38;38239;1;1;1;2;d 1085 pk 041.200;;
536556813;22;12;2024;03:22;5;69;69383;2;2;1;6;Cours de la Liberté;;
536556814;21;12;2024;22:02;5;972;97213;2;1;1;3;ROUTE DEPARTEMENTALE 14;;
536556815;26;1;2024;11:20;1;45;45302;1;1;2;3;A10 péage Orléans-nord;;
536556817;29;1;2024;02:30;3;988;98813;1;1;1;6;Route des Boeufs - VU 46;;
536556818;22;12;2024;07:35;2;69;69382;2;3;1;2;Place Antonin Poncet;;
536556819;18;4;2024;14:30;1;27;27425;1;3;1;3;D438;;
536556820;8;9;2024;00:46;3;56;56260;2;1;1;7;Rue Winston Churchill;;
536556821;22;12;2024;06:17;5;2B;2B037;2;9;1;5;TOUTES RUES;;
536556822;16;4;2024;16:30;1;17;17434;1;1;1;3;D209;;
536556823;29;1;2024;20:10;3;971;97107;1;1;1;2;Rocade RN1 sens POINTE A PITRE vers BASSE TERRE;;
536556824;22;12;2024;12:55;1;971;97105;2;1;1;6;PERES DOMINICAINS(AVENUE DES);;
536556825;17;4;2024;12:00;1;17;17323;1;2;1;3;1601 Route des Huttes;;
536556826;21;12;2024;17:45;5;2A;2A004;2;1;1;6;MARECHAL JUIN AVENUE;;
536556827;29;1;2024;16:40;1;2B;2B042;2;9;1;3;Route de la Gare;;
536556828;7;9;2024;09:00;1;56;56121;2;6;1;3;Rue de Ploemeur;;
536556829;17;4;2024;14:35;1;13;13058;1;3;1;3;Avenue de Roquerousse;;
536556830;30;1;2024;18:10;2;84;84054;1;9;1;1;Chemin des Calades;;
536556831;22;12;2024;17:55;4;91;91228;1;1;2;5;RN 449;;
536556832;7;9;2024;02:35;5;54;54528;2;1;1;6;Avenue Victor Hugo;;
536556833;18;4;2024;08:34;1;974;97423;2;9;1;3;Chemin Montee Panon;;
536556834;17;4;2024;16:00;1;974;97423;1;1;1;7;Chemin Montee Panon;;
536556835;28;1;2024;18:00;3;13;13093;2;3;1;3;D561;;
536556836;21;12;2024;18:35;5;89;89338;1;9;2;3;REPUBLIQUE (RUE DE LA);;
536556837;18;4;2024;04:56;3;34;34058;1;1;1;7;M610;;
536556838;30;1;2024;11:10;1;13;13015;2;6;1;1;Place des Muriers;;
536556839;8;9;2024;01:00;4;54;54395;2;1;2;6;Boulevard Lobau;;
536556840;17;4;2024;20:15;1;06;06021;2;1;1;6;3031 Route Métropolitaine 27 Basse;;
536556841;28;1;2024;15:40;1;38;38317;2;1;1;6;Cours Saint - André;;
536556842;14;4;2024;09:15;1;88;88417;1;1;1;3;Route d?Epinal;;
536556843;22;12;2024;17:55;5;81;81065;2;3;2;3;1 Boulevard des Lices;;
536556844;30;1;2024;08:15;1;81;81128;2;1;1;6;Route de Roquecourbe;;
536556845;7;9;2024;13:10;1;54;54300;1;1;1;2;Rue Pierre Cremel;;
536556847;17;4;2024;11:15;1;69;69131;1;1;3;1;48 Route des Monts du Lyonnais;;
536556848;11;1;2024;07:41;3;72;72016;1;1;9;7;Lieu Dit La Jeune Panne;;
536556850;15;4;2024;21:50;2;44;44179;1;1;1;1;la banque;;
536556851;30;1;2024;19:20;3;22;22136;1;1;1;6;RN 164 PK 40;;
536556852;17;4;2024;07:10;2;29;29042;1;1;1;6;route de Tremaidic;;
536556853;6;9;2024;17:20;1;37;37261;2;1;1;6;BERANGER (BOULEVARD);;
536556854;29;1;2024;20:00;5;76;76596;2;4;1;7;Côte des Châtaigniers;;
536556855;22;12;2024;15:40;1;76;76540;1;1;1;3;N28;;
536556856;16;4;2024;13:30;1;29;29032;2;1;1;1;Route du Drennec;;