Num_Acc;jour;mois;an;hrmn;lum;dep;com;agg;int;atm;col;adr;lat;long
536557515;6;9;2024;12:00;1;94;94052;2;1;1;2;Rue Hoche;;
536557516;30;7;2024;15:16;1;69;69388;2;1;1;2;94 Boulevard des Etats-Unis;;
536557517;26;5;2024;13:50;1;69;69256;2;3;1;3;Rue Cuzin;;
536557518;6;9;2024;17:30;1;94;94041;2;1;1;6;Rue Lénine;;
536557519;30;7;2024;01:00;5;69;69388;2;1;1;6;Rue Joseph Chapelle;;
536557520;5;9;2024;09:25;1;94;94077;2;1;2;6;Cours de Verdun;;
536557521;26;5;2024;17:24;1;66;66136;2;3;8;3;DESPRES (HIPPOLYTE);;
536557522;30;7;2024;17:55;1;69;69382;2;3;1;3;Quai Perrache;;
536557523;6;9;2024;09:40;1;94;94018;2;3;1;1;Rue de Conflans;;
536557524;30;7;2024;17:50;1;95;95585;2;1;1;6;D125;;
536557525;26;5;2024;16:25;1;64;64284;2;1;1;1;RAUSKI;;
536557526;30;7;2024;19:45;1;91;91286;2;9;1;3;PLESSIS (CHEMIN DU);;
536557527;6;9;2024;16:35;1;94;94079;2;1;1;1;Chemin des Lyonnes;;
536557528;30;7;2024;11:28;1;87;87085;2;1;1;7;KING (AVENUE MARTIN LUTHER);;
536557529;26;5;2024;18:40;1;63;63113;2;2;1;2;rue des Liondards / Av Léon Blum;;
536557530;26;7;2024;11:39;1;87;87085;2;3;1;3;BELLAC (RUE DE);;
536557531;5;9;2024;21:50;5;93;93073;1;1;1;5;Circuit 1;;
536557532;6;9;2024;07:00;1;93;93072;2;9;1;6;MAXIME GORKI (BOULEVARD) DES N°1 AU 87;;
536557533;26;5;2024;02:57;5;59;59421;2;2;1;3;MARNE (BOULEVARD DE LA);;
536557534;30;7;2024;11:30;1;83;83137;2;3;1;7;LECLERC (AVE GENERAL);;
536557535;6;9;2024;12:25;1;93;93066;2;1;1;3;LIBERATION RD14 (BOULEVARD);;
536557536;25;7;2024;07:45;1;83;83123;1;1;1;6;BANDOL (ROUTE)N° IMPAIRS;;
536557537;26;5;2024;19:35;1;57;57463;2;2;1;3;CASTELNAU (RUE );;
536557538;6;9;2024;10:10;1;93;93046;2;2;1;3;Boulevard Gutenberg / Avenue Vauban;;
536557539;28;7;2024;12:35;1;83;83061;1;1;1;2;N7;;
536557540;25;5;2024;16:45;1;47;47323;2;4;1;7;GENERAL DE GAULLE (AVENUE DU);;
536557542;5;9;2024;21:20;5;93;93062;2;2;1;3;COTEAUX (ALLEE DES) 28 - FIN;;
536557543;3;4;2024;13:10;4;42;42218;2;2;1;3;Rue de la Valse;;
536557544;30;7;2024;23:30;5;78;78423;2;1;2;6;PRES (AVENUE DES);;
536557545;6;9;2024;09:10;1;93;93051;2;3;1;6;Rue Jean Richepin / Rue Galilée;;
536557546;25;5;2024;14:40;1;38;38185;2;2;1;3;PLACE VICTOR HUGO;;
536557547;30;7;2024;10:45;1;78;78208;2;1;1;6;VILLEDIEU (AVENUE DE LA) 210;;
536557548;6;9;2024;13:35;1;93;93046;2;1;1;2;MARX DORMOY BOULEVARD;;
536557549;21;5;2024;12:30;1;38;38185;2;1;1;6;Place Saint Bruno;;
536557550;6;9;2024;16:35;1;93;93029;2;1;1;2;HENRI BARBUSSE (AVE) N°2-124;;
536557551;26;5;2024;13:45;1;35;35281;2;2;1;3;BLUM (MAIL LEON);;
536557552;6;9;2024;15:15;1;93;93029;2;3;1;3;SEDOV;;
536557553;25;5;2024;20:10;1;34;34301;2;3;1;3;MOULIN JEAN (RUE);;
536557554;6;9;2024;09:20;1;93;93029;2;1;1;3;Rue Anatole France;;
536557555;30;7;2024;16:45;1;77;77306;1;1;1;1;D.471;;
536557556;12;5;2024;20:10;1;34;34301;2;3;1;3;BLANC CAMILLE (BOULEVARD);;
536557557;26;5;2024;08:10;1;34;34301;2;1;1;6;EUZET HONORE (RUE);;
536557558;30;7;2024;07:50;1;77;77053;1;1;1;6;RD 216;;
536557560;30;7;2024;13:40;1;77;77475;2;1;1;2;RN 3;;
536557561;25;5;2024;17:55;1;29;29232;2;1;1;7;Boulevard de Creac'h Gwen;;
536557562;30;7;2024;19:10;1;76;76681;2;2;1;1;Rue de Paris;;
536557563;24;5;2024;19:10;1;29;29151;2;3;1;3;Rue de Brest;;
536557564;28;7;2024;20:25;1;76;76447;2;1;1;6;MARECHAL FOCH;;
536557565;30;7;2024;04:50;3;73;73065;1;1;1;6;D211 MONTAGNY (RUE DE);;
536557566;26;5;2024;20:55;1;22;22278;2;5;1;6;PORT-FAVIGO (DU);;
536557567;29;7;2024;15:54;1;72;72181;2;9;1;3;MESSIAEN OLIVIER (AV) PAIRS;;
536557568;21;5;2024;12:03;1;22;22113;2;1;1;2;RESISTANCE (AVENUE DE LA);;
536557569;30;7;2024;07:40;2;71;71475;2;1;1;6;AUGUSTE MARTIN (RUE);;
536557571;25;5;2024;17:25;1;13;13117;2;1;1;1;SALYENS ( AVENUE DES );;
536557572;15;7;2024;23:05;5;69;69266;2;2;1;3;Rue Anatole France;;
536557573;29;7;2024;18:45;1;69;69290;2;1;1;2;Place de l'Hôtel de Ville Charles Ottina;;
536557574;25;5;2024;07:40;1;13;13043;2;3;1;3;MEDITERRANEE (AV DE LA );;
536557575;29;7;2024;16:30;1;67;67267;2;1;1;3;MARECHAL FOCH (RUE DU);;
536557576;25;5;2024;21:30;5;13;13103;2;1;1;1;CHEMIN DES CARDELINES;;
536557577;25;5;2024;16:40;1;13;13047;1;1;1;1;RN 569;;
536557578;29;7;2024;07:40;1;67;67204;2;3;1;1;FONTAINE (RUE DE LA);;
536557579;29;7;2024;21:40;2;64;64545;2;4;8;1;RD810;;
536557580;26;5;2024;18:30;1;13;13001;1;9;1;5;FERRINI FORTUNE (AV);;
536557581;30;7;2024;00:06;5;64;64445;2;3;1;3;CARREROT;;
536557582;25;5;2024;17:25;1;75;75115;2;1;1;4;BD PERIPHERIQUE EXTERIEUR;;
536557583;29;7;2024;18:01;1;64;64024;2;3;1;3;PLAGES (BOULEVARD DES);;
536557584;29;7;2024;07:40;1;62;62510;2;1;1;6;Rue Albert Samain;;
536557585;25;5;2024;09:20;1;75;75113;2;2;1;6;RUE PRIMATICE;;
536557586;30;7;2024;20:10;1;61;61001;2;1;1;6;Voie Communale;;
536557587;26;5;2024;15:52;1;75;75118;2;3;2;6;RUE DE LA CHAPELLE;;
536557588;24;7;2024;14:20;1;60;60057;2;1;1;6;Rue de la Madeleine;;
536557589;26;5;2024;18:20;1;75;75116;2;1;1;6;AVENUE RAYMOND POINCARE;;
536557590;30;7;2024;05:35;1;59;59650;2;2;1;3;CASTERMANT (RUE CHARLES);;
536557591;30;7;2024;10:50;1;58;58194;2;1;1;5;DOCKS;;
536557592;27;7;2024;14:50;1;57;57672;2;1;2;6;ARLON (ROUTE D');;
536557593;12;7;2024;17:40;1;55;55545;2;1;1;7;PORTE DE FRANCE ( PLACE );;
536557594;26;5;2024;17:20;1;75;75116;2;3;1;6;RUE DU COMMANDANT GUILBAUD;;
536557595;26;5;2024;13:30;1;75;75116;2;1;1;6;AVENUE RAYMOND POINCARE;;
536557596;15;7;2024;18:59;1;55;55545;2;3;1;3;SAINT PAUL ( ROND POINT );;
536557597;29;7;2024;17:06;1;54;54079;2;1;1;6;Avenue de la Petite Suisse;;
536557598;26;5;2024;15:55;1;75;75115;2;7;1;3;RUE DE VOUILLE;;
536557599;25;5;2024;14:30;1;75;75114;2;1;1;3;AVENUE DE LA PORTE DE CHATILLON;;
536557600;29;7;2024;08:55;1;54;54395;2;9;1;3;Boulevard d'Austrasie;;
536557601;26;5;2024;16:30;1;75;75113;2;4;1;2;RUE DE TOLBIAC;;
536557602;26;5;2024;13:45;1;75;75113;2;4;1;6;BOULEVARD SAINT MARCEL;;
536557603;29;7;2024;08:50;1;52;52448;2;1;7;6;CAMUS (RUE JEAN);;
536557604;26;5;2024;04:40;5;94;94081;2;3;1;2;Avenue Jean Jaurès / Avenue du Groupe Manouchian;;
536557605;26;6;2024;16:15;1;49;49099;2;1;1;6;BOTREL (RUE THEODORE);;
536557606;30;7;2024;03:35;5;45;45285;2;1;1;1;32 Rue du Clos du Renard;;
536557607;26;5;2024;11:00;1;93;93055;2;3;1;3;Avenue Jean Lolive / Rue Lépine;;
536557608;30;7;2024;19:30;1;44;44055;2;1;7;6;34 Avenue Maréchal Joffre;;
536557609;26;5;2024;18:55;1;93;93051;2;2;1;6;Boulevard du Marechal Foch / Rue de Verdun;;
536557610;23;7;2024;23:50;5;42;42218;2;2;1;3;Rue Michelet;;
536557611;26;5;2024;20:00;1;93;93057;2;2;1;6;Avenue Jean Jaurès / Allée Pierre Brossolette;;
536557612;30;7;2024;17:35;1;41;41295;1;1;1;5;D951;;
536557613;26;5;2024;10:40;1;93;93007;2;3;1;6;Rue de Petrodvoretz / Avenue des Cosmonautes;;
536557614;29;7;2024;07:00;1;37;37261;2;2;1;6;MARECHAL JUIN (BD);;
536557615;26;5;2024;03:05;5;92;92023;2;1;1;7;MARGUERITE RENAUDIN (AV) N°23 A 187 ET 2;;
536557616;30;7;2024;17:34;1;35;35281;2;1;1;6;MARIN (RUE JEAN);;
536557617;26;5;2024;11:52;1;92;92032;2;1;1;6;BOUCICAUT (RUE);;
536557618;30;7;2024;16:30;1;35;35278;1;1;1;2;PORTE DE MAUREPAS;;
536557619;26;5;2024;17:10;1;92;92012;2;1;1;5;GENERAL LECLERC (AVENUE DU) 35/FIN - 60/;;
536557620;30;7;2024;15:30;1;35;35238;1;1;1;4;RN136;;
536557621;26;5;2024;01:53;5;92;92012;2;2;1;3;CHATEAU (RUE DU) 1/125 - 2/136;;
536557622;29;7;2024;18:05;1;35;35115;2;3;1;2;FORET (RUE DE LA);;
536557623;26;5;2024;01:00;5;92;92012;2;1;1;6;MEUDON (RUE DE) - COTE PAIR;;
536557624;29;7;2024;19:50;1;34;34301;2;1;1;6;MONNET JEAN (AVENUE);;
536557625;30;7;2024;20:50;2;34;34172;2;2;1;3;CASTELNAU (AVENUE DE);;
536557626;29;7;2024;14:50;1;34;34003;2;1;1;7;QUAI DES CHANTIERS (G4 ET F12;;
536557627;27;5;2024;11:35;1;68;68026;2;1;8;2;25 Rue du Général de Gaulle;;
536557629;27;5;2024;12:10;1;974;97412;1;6;2;1;N1002;;
536557630;26;5;2024;03:00;5;67;67530;2;1;1;7;55 Rue Principale;;
536557632;26;5;2024;17:45;1;22;22190;1;1;2;6;Route nationale 176 - Point routier 05+900 - Sens SAINT MALO - SAINT BRIEUC;;
536557634;30;7;2024;09:35;1;29;29232;2;1;1;3;Boulevard Amiral de Kerguelen;;
536557635;27;5;2024;11:35;1;87;87148;1;1;1;1;A20;;
536557636;30;7;2024;09:00;1;29;29232;2;1;1;6;Boulevard Louis le Guennec;;
536557637;27;5;2024;07:00;1;06;06034;1;1;1;6;2978 Route de Grenoble;;
536557638;29;7;2024;16:40;1;29;29019;1;1;1;7;RD 205;;
536557639;26;5;2024;23:00;3;85;85109;1;1;1;7;la Palarderie Neuve;;
536557640;27;5;2024;09:00;1;91;91679;1;9;1;3;D36;;
536557641;26;5;2024;18:20;1;51;51310;1;1;1;7;RD980, PK 27 +100;;
536557642;30;7;2024;22:16;5;17;17300;2;9;1;3;SARTRE   AVENUE JEAN-PAUL;;
536557643;20;7;2024;12:35;1;14;14117;2;1;1;6;24 Avenue Georges Clémenceau;;
536557645;30;7;2024;21:00;3;13;13117;2;1;1;3;ROUTE NATIONALE 113 - CARREFOUR;;
536557646;26;5;2024;06:19;2;82;82171;2;1;1;1;2 Route de Castelsarrasin;;
536557647;31;7;2024;00:01;5;13;13208;2;1;1;1;CLOT BEY (AVENUE);;
536557648;26;5;2024;23:20;3;89;89235;1;3;1;1;D606;;
536557649;30;7;2024;08:35;1;13;13215;2;3;1;3;BLD DE LETZ;;
536557650;26;5;2024;07:30;2;61;61484;1;1;1;7;D7;;
536557651;30;7;2024;22:40;5;13;13063;2;2;1;2;ARISTIDE BRIAND BOULEVARD;;
536557652;25;5;2024;20:00;1;61;61486;2;1;1;7;D924;;
536557653;30;7;2024;22:10;5;13;13004;2;2;1;3;RUE MAURICE BONNAFOUX;;
536557654;27;5;2024;08:38;1;61;61028;1;1;1;5;D909;;
536557656;9;5;2024;19:00;1;55;55551;1;1;1;7;D908;;
536557658;27;5;2024;00:01;3;49;49121;2;1;1;7;D69;;
536557659;29;7;2024;10:00;1;08;08409;2;1;7;6;MARNE (AVENUE DE LA);;
536557660;27;5;2024;16:50;1;42;42092;2;1;1;6;Rue du 8 Mai;;
536557661;25;5;2024;14:50;1;44;44131;2;6;1;3;46 Rue de la Fontaine aux Bretons;;
536557662;29;7;2024;16:41;1;06;06004;2;2;1;3;742 Boulevard de la Garoupe;;
536557663;30;7;2024;09:48;1;05;05061;2;9;1;6;Route de Valserres;;
536557664;25;5;2024;15:30;1;29;29236;1;1;1;3;Beg-Kerlisquidic;;
536557665;30;7;2024;13:25;1;04;04112;2;1;1;6;MOULIN (AV. J.);;
536557666;18;5;2024;02:30;3;29;29173;1;3;1;3;Route de Guengat;;
536557667;29;7;2024;17:45;1;01;01344;1;1;1;1;Rue Jean Mermoz;;
536557668;30;7;2024;13:10;1;75;75114;2;1;1;4;BD PERIPHERIQUE INTERIEUR;;
536557669;26;5;2024;22:20;5;38;38062;1;2;1;1;D1090;;
536557670;26;5;2024;10:40;1;84;84079;1;1;1;7;Départementale 5 - PR22;;
536557671;30;7;2024;12:54;1;75;75115;2;1;1;4;BD PERIPHERIQUE INTERIEUR;;
536557672;25;5;2024;17:15;1;03;03019;2;2;1;3;Route de la Noire;;
536557673;29;7;2024;08:55;1;75;75112;2;1;1;2;BD PERIPHERIQUE EXTERIEUR;;
536557674;26;5;2024;15:30;1;01;01303;2;4;1;3;Avenue de la Resistance;;
536557675;30;7;2024;11:45;1;75;75115;2;5;1;2;QUAI D ISSY LES MOULINEAUX;;
536557676;27;5;2024;12:00;1;66;66147;1;1;5;1;N320;;
536557677;23;5;2024;15:28;1;05;05132;1;1;1;6;Route des Combes;;
536557678;26;5;2024;11:45;1;09;09065;1;1;1;6;D618;;
536557679;27;5;2024;00:30;3;21;21704;2;1;1;6;Rue Saint Phal;;
536557680;20;5;2024;17:15;1;27;27294;2;3;1;7;Rue du Claquedent;;
536557681;26;5;2024;19:00;1;30;30059;2;2;1;3;Avenue Fernand Granon;;
536557682;27;5;2024;07:45;1;13;13091;2;1;1;3;avenue henri barbusse;;
536557683;21;5;2024;13:40;1;06;06018;2;9;1;1;16bis Chemin Neuf;;
536557684;27;5;2024;14:20;1;95;95580;1;1;1;1;D317;;
536557685;27;5;2024;14:55;1;77;77339;1;1;1;2;A6 PK 055+500;;
536557686;26;5;2024;16:00;1;973;97304;1;1;1;1;Route Nationale 1 Sud;;
536557687;16;3;2024;11:50;1;78;78615;1;1;1;3;D119;;
536557689;23;5;2024;16:30;1;06;06077;1;1;1;1;Premier Rabier;;
536557690;27;5;2024;14:13;1;26;26084;1;1;1;5;A7 PK 063+800;;
536557691;27;5;2024;15:55;1;89;89085;2;9;1;3;8 Route de Lyon;;
536557692;27;5;2024;15:28;1;71;71342;1;3;1;3;Route de Saint-yan;;
536557693;26;5;2024;15:50;1;71;71062;1;1;1;7;Route de Mesvres;;
536557694;26;5;2024;17:25;1;67;67351;2;1;1;7;8 Rue de l'Ecole Niederseebach;;
536557695;23;5;2024;13:40;1;54;54111;2;9;1;1;Route de Maron;;
536557696;26;5;2024;18:45;1;38;38236;1;1;1;7;Chemin de la Billonniere;;
536557697;25;5;2024;15:37;1;69;69116;2;2;1;3;Allée des Frènes;;
536557698;27;5;2024;14:05;1;81;81081;2;1;1;6;D85;;
536557699;28;2;2024;09:35;1;65;65059;1;1;1;6;Parking n°5 - station Grand Tourmalet;;
536557700;26;5;2024;06:00;2;14;14530;2;1;1;6;22 Route du Parc;;
536557701;27;5;2024;18:55;2;80;80410;2;1;1;3;42 Rue de Verdun;;
536557702;26;5;2024;21:35;1;59;59419;1;1;1;7;rue de genech;;
536557703;26;5;2024;11:50;1;59;59477;2;1;1;6;62 Rue Nationale;;
536557704;26;5;2024;18:41;1;13;13214;1;1;1;3;A507 sens Aubagne- Marseille;;
536557705;25;5;2024;19:40;1;13;13215;1;1;1;2;A7-Sens Marseille vers Lyon;;
536557706;24;5;2024;19:00;1;13;13214;1;1;1;2;A7-Sens Lyon vers Marseille;;
536557707;25;5;2024;12:15;1;13;13088;1;1;1;6;A55-Sens Martigues vers Marseille;;
536557708;24;5;2024;19:17;1;13;13106;1;1;1;3;A7-Sens Marseille vers Lyon;;
536557709;26;5;2024;00:05;3;69;69275;1;1;1;2;Rocade Est;;
536557710;24;5;2024;09:43;1;67;67482;1;1;1;2;M35;;
536557711;26;5;2024;10:45;1;94;94021;1;1;1;6;A6B;;
536557712;26;5;2024;06:00;1;91;91659;1;1;1;2;AUTOROUTE A6;;
536557713;25;5;2024;01:05;3;92;92064;1;1;1;1;A13;;
536557714;25;5;2024;19:30;1;78;78117;1;1;1;2;RN12;;
536557715;26;5;2024;17:35;1;92;92036;1;1;1;6;AUTOROUTE A86;;
536557716;26;5;2024;17:30;1;93;93007;1;1;1;4;A3;;
536557717;25;5;2024;18:30;1;93;93007;1;1;1;2;A3;;
536557718;11;10;2024;16:10;1;64;64284;1;1;1;3;HENRI IV;;
536557719;25;5;2024;11:45;1;77;77514;1;1;1;6;A104;;
536557720;12;5;2024;11:34;1;57;57240;2;1;1;1;rue du passage supérieur;;
536557721;11;10;2024;07:30;2;64;64269;2;1;1;4;TARBES DE;;
536557722;20;1;2024;16:30;1;62;62826;2;1;4;6;Chemin etienne carmier;;
536557723;9;2;2024;17:20;1;14;14258;2;1;1;7;20 Rue des Champs Saint-Georges;;
536557724;8;2;2024;05:30;3;14;14216;1;1;1;2;Route de Livarot;;
536557725;12;10;2024;00:30;5;64;64024;2;3;1;3;ESPAGNE (AVENUE D');;
536557726;25;5;2024;10:35;1;974;97416;1;9;1;1;DE VILLIERS 5CHEMIN ADAM);;
536557727;25;5;2024;06:45;1;974;97416;1;9;2;3;BADAMIER(CHEMIN);;
536557728;25;5;2024;16:40;1;974;97411;2;1;1;7;DORET 1 (BOULEVARD);;
536557729;10;10;2024;17:56;1;64;64102;2;6;1;3;ROND POINT DU GRAND BASQUE;;
536557730;25;5;2024;10:35;1;974;97407;2;1;1;2;ROUTE DU SACRE COEUR;;
536557731;25;5;2024;23:00;5;69;69383;2;2;1;6;Avenue Maréchal de Saxe;;
536557732;10;10;2024;11:45;1;64;64102;2;1;2;1;SAINT ETIENNE (CHEMIN DE );;
536557733;25;5;2024;22:40;5;69;69387;2;9;1;6;Avenue Jean Jaurès;;
536557734;25;5;2024;21:45;3;69;69034;2;3;1;3;Route de Strasbourg;;
536557735;11;10;2024;06:09;5;63;63113;2;6;1;3;ITALIE (AVENUE DE L');;
536557736;25;5;2024;18:20;1;69;69034;2;1;8;1;71 Route de Strasbourg;;
536557737;25;5;2024;12:40;1;971;97101;1;3;1;3;CARAQUE;;
536557738;10;10;2024;18:35;1;62;62083;2;1;1;6;Rue de Fresnicourt;;
536557739;8;10;2024;17:10;1;62;62250;2;1;1;6;Place Jean Tailliez;;
536557740;24;5;2024;17:55;1;2A;2A004;2;2;1;3;NICOLI JEAN COURS;;
536557741;11;10;2024;08:10;1;62;62186;2;1;1;3;Rue Jules Verne;;
536557742;25;5;2024;02:10;5;84;84031;2;3;1;3;JAURES AVENUE JEAN;;
536557743;11;10;2024;09:30;1;62;62523;2;1;1;7;D162;;
536557744;25;5;2024;15:30;1;83;83062;2;6;1;3;DELAGE (RUE MARC);;
536557745;25;5;2024;08:00;1;83;83009;2;1;1;6;BOIS MAURIN (BOULEVARD DU);;
536557746;11;10;2024;19:00;1;62;62120;2;1;1;6;D86;;
536557747;25;5;2024;14:05;1;80;80021;2;1;1;3;Rue Béranger;;
536557748;11;10;2024;12:00;1;60;60057;2;1;2;6;Rue des Vignes;;
536557749;25;5;2024;08:00;1;78;78650;2;2;1;3;MONTESSON (ROUTE DE);;
536557750;24;5;2024;11:45;1;77;77216;2;1;1;7;CHE DES PRES;;
536557751;11;10;2024;16:15;1;59;59426;2;1;1;6;PETIT MENIN (RUE DU);;
536557752;25;5;2024;02:05;5;76;76165;2;5;1;3;Rue Emile Zola;;
536557753;7;10;2024;15:55;1;57;57227;2;1;1;6;BARTH (RUE FELIX );;
536557754;12;10;2024;00:40;5;56;56260;2;1;2;7;Rue Ferdinand Le Dressay;;
536557755;25;5;2024;19:15;1;76;76114;2;1;1;6;Avenue Louis Debray;;
536557756;24;5;2024;17:00;1;74;74010;2;1;8;3;JEAN JAURES;;
536557757;11;10;2024;18:30;1;56;56260;2;1;1;7;Boulevard du Général Guillaudot;;
536557758;25;5;2024;17:47;1;72;72181;2;6;8;6;ISAAC CHARBONNIERE (RTE D');;
536557759;11;10;2024;07:55;3;56;56098;1;1;1;6;Route de Kerhervy;;
536557760;25;5;2024;17:35;1;67;67218;1;1;1;1;NEUHOF (ROUTE DE);;
536557761;10;10;2024;20:15;5;56;56121;2;1;1;6;Boulevard Flandres-Dunkerque 1940;;
536557762;25;5;2024;15:50;1;67;67180;1;3;1;3;RD263;;
536557763;24;5;2024;17:36;1;65;65440;2;1;1;3;TILLEULS (AVENUE DES);;
536557764;10;10;2024;10:00;1;56;56083;2;6;1;3;Rond-point de la Gardeloupe;;
536557765;25;5;2024;13:10;1;64;64348;2;6;1;2;SANTONA DE;;
536557766;25;5;2024;10:45;1;64;64445;2;1;1;6;CAMOU;;
536557767;9;10;2024;05:29;3;54;54149;1;2;3;3;D521;;
536557768;20;5;2024;17:30;1;59;59350;2;9;1;6;Rue de Lannoy;;
536557769;11;10;2024;12:45;1;51;51454;2;1;1;6;SCHUMAN (AVENUE ROBERT);;
536557770;25;5;2024;22:22;5;56;56260;2;6;2;3;Avenue du Général Delestraint;;
536557771;24;5;2024;07:50;1;56;56260;2;1;1;3;Avenue du Général Borgnis-Desbordes;;
536557772;11;10;2024;14:25;1;50;50532;1;1;1;2;NATIONALE (ANCIENNE ROUTE);;
536557773;25;5;2024;20:55;1;54;54304;2;2;1;3;Boulevard de Hardeval;;
536557774;10;10;2024;14:50;1;50;50129;1;9;1;3;CLAIRES (RUE DES);;
536557775;25;5;2024;14:25;1;54;54575;1;1;1;6;RN52;;
536557776;24;5;2024;12:35;1;54;54036;1;1;3;6;D139;;
536557777;25;5;2024;23:50;5;49;49007;2;1;1;6;FOCH BOULEVARD;;
536557778;11;10;2024;07:40;2;49;49328;2;2;5;3;FUSILLES (AVENUE DES) N 147;;
536557779;25;5;2024;17:38;1;49;49246;2;1;1;3;MOULIN MARCILLE CHEMIN;;
536557781;11;10;2024;11:15;1;47;47001;2;1;2;2;LECLERC (AV. DU GENERAL);;
536557782;24;5;2024;17:30;1;36;36159;1;9;1;6;Route de Montluçon;;
536557783;11;10;2024;09:10;1;45;45298;2;1;8;1;63 Rue des Hautes Levées;;
536557784;25;5;2024;22:30;3;35;35051;2;3;1;3;FOUGERES (ROUTE DE);;
536557785;11;10;2024;07:55;1;45;45234;2;1;1;6;2 Rue Dupanloup;;
536557786;26;5;2024;23:30;5;34;34172;2;1;1;2;TOULOUSE (AVENUE DE;;
536557787;11;10;2024;15:20;1;45;45338;2;1;1;2;33 Rue des Déportés;;
536557789;11;10;2024;09:15;1;45;45068;2;2;1;3;12 Avenue Léon Blum;;
536557792;10;10;2024;10:30;1;45;45068;2;1;1;1;Rue Nelson Mandela;;
536557794;11;10;2024;22:05;3;44;44109;2;1;1;3;68c Rue des Plantes;;
536557795;25;5;2024;05:00;2;31;31555;2;6;1;1;RD916;;
536557796;25;5;2024;20:05;1;29;29232;1;1;2;3;Chemin du Quinquis;;
536557797;11;10;2024;20:50;5;44;44109;2;6;1;3;3 Rue Maurice Garin;;
536557798;24;5;2024;21:40;2;29;29254;1;1;1;2;RN12;;
536557799;8;10;2024;17:10;1;42;42127;2;1;1;4;Route de Paris;;
536557800;25;5;2024;23:47;3;22;22360;1;6;2;3;ROND POINT DE BREZILLET;;
536557801;24;5;2024;23:43;5;13;13208;2;6;1;3;HAIFA (AVENUE);;
536557802;11;10;2024;21:00;5;42;42095;2;5;1;6;Boulevard Saint-Charles;;
536557803;24;5;2024;13:45;1;13;13208;2;1;2;3;RABATAU (BOULEVARD);;
536557804;8;10;2024;16:30;1;42;42044;1;1;1;7;Rue James Jackson;;
536557806;24;9;2024;14:15;1;39;39300;2;2;1;1;25 Avenue Abbé Lemire;;
536557807;25;5;2024;13:05;1;05;05023;2;3;1;3;DAUPHINE (AVENUE DU);;
536557808;11;10;2024;13:00;1;38;38053;2;2;1;3;PONTIER (DOCTEUR);;
536557809;25;5;2024;09:05;1;04;04112;2;3;1;2;SAINT JOSEPH(BOULEVARD);;
536557810;25;5;2024;20:15;1;01;01053;2;1;1;3;ROUSSEAU ( PLACE J.JACQUES);;
536557811;11;10;2024;00:45;5;37;37261;2;1;1;2;GRAMMONT (AVENUE DE);;
536557812;25;5;2024;18:35;1;75;75120;2;1;1;2;BD PERIPHERIQUE INTERIEUR;;
536557813;10;10;2024;01:10;5;34;34172;2;4;2;1;TOULOUSE (AVENUE DE;;
536557814;24;5;2024;21:20;5;75;75120;2;1;1;2;BD PERIPHERIQUE INTERIEUR;;
536557816;25;5;2024;11:50;1;75;75118;2;2;1;3;RUE DUC;;
536557817;11;10;2024;13:00;1;31;31555;2;1;1;3;RUE DU FAUBOURG BONNEFOY;;
536557818;25;5;2024;01:30;5;75;75118;2;2;1;3;RUE DE TORCY;;
536557819;12;10;2024;00:08;4;30;30007;1;1;1;7;BRIGADE DU LANGUEDOC (QUAI DE LA);;
536557820;11;10;2024;02:20;5;29;29173;2;1;1;7;Route de Douarnenez;;
536557821;11;10;2024;10:50;1;29;29019;2;6;1;6;rue Yves Collet;;
536557822;11;10;2024;16:55;1;25;25462;2;1;1;6;INDUSTRIE DE L';;
536557823;10;10;2024;12:40;1;23;23096;2;2;1;3;CHARLES DE GAULLE (AVENUE);;
536557824;9;10;2024;17:05;1;22;22278;2;1;2;1;PARIS (DE);;
536557825;11;10;2024;17:55;1;19;19031;2;1;1;6;ROOSEVELT (AVENUE DU PRESIDENT);;
536557826;11;10;2024;13:15;1;17;17415;2;3;1;3;ARC DE TRIOMPHE RUE DE L' 2-68 1-57;;
536557827;11;10;2024;13:45;1;14;14326;2;3;1;3;1714 Rue Édouard Branly;;
536557828;9;10;2024;14:14;1;14;14587;1;1;3;6;N814;;
536557829;9;10;2024;16:40;1;14;14341;2;1;2;3;36 Avenue Jean Vilar;;
536557830;12;10;2024;00:50;5;13;13056;2;1;1;5;MONGIN BOULEVARD;;
536557831;11;10;2024;06:45;5;13;13205;2;3;1;3;JAUBERT (RUE);;
536557832;11;10;2024;01:09;5;13;13208;2;1;1;2;MENDES FRANCE (AVENUE);;
536557833;11;10;2024;22:23;5;10;10387;2;3;1;3;JULES GUESDE (RUE);;
536557834;10;10;2024;11:35;1;10;10387;2;1;2;6;ECREVOLLES (RUE);;
536557835;10;10;2024;22:00;5;06;06104;2;6;1;6;852 Avenue Virginie Hériot;;
536557836;8;10;2024;08:30;2;05;05061;2;1;3;6;Avenue Jean Jaurès;;
536557837;11;10;2024;23:20;5;75;75119;2;2;1;2;RUE DE CRIMEE;;
536557838;11;10;2024;15:00;1;75;75118;2;5;1;3;RUE DU POTEAU;;
536557839;11;10;2024;08:15;1;75;75116;2;2;1;6;RUE OCTAVE FEUILLET;;
536557840;11;10;2024;11:00;1;75;75115;2;2;1;6;RUE DE LA CONVENTION;;
536557841;11;10;2024;05:40;5;75;75115;2;2;1;3;BOULEVARD DE GRENELLE;;