Num_Acc;jour;mois;an;hrmn;lum;dep;com;agg;int;atm;col;adr;lat;long
536558166;28;6;2024;15:40;1;94;94019;2;1;1;3;Route de la Libération;;
536558167;9;11;2024;08:30;1;34;34300;1;1;3;1;N2009;;
536558169;16;11;2024;14:30;1;34;34339;1;1;1;7;RD20;;
536558170;28;6;2024;00:35;5;94;94079;2;2;1;3;Rue de Bernau / Avenue Maurice Thorez;;
536558171;10;3;2024;20:15;3;2B;2B043;1;1;1;3;Sagro;;
536558172;15;11;2024;16:30;1;34;34312;1;1;1;6;D922;;
536558173;28;6;2024;11:30;1;93;93077;2;3;1;6;Avenue de Rosny / Rue de la Liberté;;
536558174;11;3;2024;09:30;1;32;32147;1;1;3;7;RD 4 PR 3+360;;
536558175;15;11;2024;18:15;3;22;22137;1;1;1;1;Lieu Dit la Croix Neuve;;
536558176;10;3;2024;19:50;3;32;32269;1;1;8;6;rd 654- pk 46+885;;
536558177;28;6;2024;13:30;1;93;93050;2;1;1;2;Avenue du General de Gaulle;;
536558178;16;11;2024;13:00;1;72;72023;1;1;1;1;Le Grand Moray;;
536558179;28;6;2024;07:55;1;93;93049;2;1;1;3;Chemin de Meaux;;
536558180;10;3;2024;17:00;1;11;11206;2;1;1;3;Esplanade Francois Mitterrand;;
536558181;17;11;2024;05:00;3;50;50431;1;1;2;3;Route de la Libération;;
536558182;28;6;2024;21:00;1;93;93015;2;6;1;3;Rue des Grands Champs / Route du Bois de Bernouille;;
536558183;10;3;2024;15:25;1;61;61402;1;1;4;5;D924;;
536558184;16;11;2024;18:30;5;18;18197;2;9;1;3;93 Avenue du Général de Gaulle;;
536558185;27;6;2024;21:05;1;93;93046;2;1;1;2;Avenue Jean Jacques Rousseau;;
536558186;11;3;2024;00:45;3;42;42039;1;1;8;6;Route des Pistes;;
536558187;10;3;2024;14:00;1;42;42227;1;1;1;6;Route de Sail;;
536558188;27;6;2024;19:15;1;93;93046;2;2;1;6;Avenue Turgot / Allée Ledru - Rollin;;
536558190;16;11;2024;09:15;1;07;07237;2;9;1;3;D120;;
536558191;11;3;2024;09:00;1;29;29031;1;1;7;1;Rue de Lorient;;
536558192;16;11;2024;17:45;5;53;53147;2;3;1;3;Boulevard Jean Monnet;;
536558193;28;6;2024;20:30;2;93;93072;2;2;7;6;Boulevard Maxime Gorki / Avenue Gaston Monmousseau;;
536558194;14;11;2024;16:10;1;53;53137;1;6;1;3;La Chapelle du Chene;;
536558195;10;3;2024;18:00;1;31;31258;1;1;1;1;Chemin Marou;;
536558196;27;6;2024;22:30;5;92;92046;2;1;1;3;Charles de gaulle;;
536558197;17;11;2024;06:35;3;21;21408;2;1;1;6;17 Grande Rue;;
536558198;11;3;2024;18:00;2;50;50400;2;2;1;6;Rue d'Utah-beach;;
536558199;26;6;2024;22:30;5;92;92051;2;9;1;3;BINEAU (BOULEVARD, N°133 A 217 ET 134 A;;
536558200;16;11;2024;09:10;1;40;40094;2;4;1;7;Route de Mimizan;;
536558201;10;3;2024;21:45;3;64;64029;2;1;3;6;24 Route de Lanne;;
536558202;16;11;2024;11:45;1;17;17197;2;6;1;2;intersection D134 - D142;;
536558204;28;6;2024;18:45;1;92;92050;2;2;1;3;BOUVETS BOULEVARD DES;;
536558205;17;11;2024;19:53;3;30;30006;1;1;1;7;Route de Lunel;;
536558206;28;6;2024;08:52;1;92;92050;2;1;1;3;CLEMENCEAU GEORGES AVENUE N° PAIR;;
536558207;11;3;2024;08:30;1;10;10198;1;1;5;7;D88;;
536558208;17;11;2024;07:30;2;76;76660;1;9;1;2;N1029;;
536558210;27;6;2024;18:00;1;92;92020;2;1;1;2;VERDUN AVENUE DE AUTRES N°;;
536558211;18;11;2024;08:10;1;13;13091;2;3;7;1;506 Avenue de l'Europe;;
536558212;8;3;2024;12:05;1;40;40284;2;1;1;7;Avenue Nationale;;
536558213;17;11;2024;02:30;3;34;34333;1;1;1;6;RD 116;;
536558214;17;2;2024;05:10;3;85;85204;1;1;5;6;RD948;;
536558215;17;11;2024;17:55;2;973;97309;2;6;1;3;D2;;
536558216;27;6;2024;21:55;2;92;92044;2;2;1;3;ARISTIDE BRIAND(RUE)85 +  ET  98+;;
536558217;8;3;2024;11:50;1;85;85034;1;2;1;7;RD 52;;
536558218;18;11;2024;08:40;1;06;06152;1;1;1;3;1363 Route de Nice;;
536558219;28;2;2024;17:40;1;17;17116;1;1;1;7;RD 148;;
536558220;16;11;2024;16:50;2;63;63195;1;1;7;1;RD 115 PR 006+000;;
536558221;28;6;2024;16:40;1;92;92036;2;3;1;3;FOSSE BLANC (RUE DU) (1/145);;
536558222;10;3;2024;21:30;3;23;23112;1;1;2;6;Montmartin;;
536558223;16;11;2024;17:04;2;83;83133;1;1;1;6;A8, pk 151.200 voie nord;;
536558224;25;6;2024;18:30;1;92;92036;2;3;1;3;GABRIEL PERI (AVENUE) (147/177);;
536558225;11;3;2024;16:25;1;30;30062;2;3;1;3;Avenue du College;;
536558226;16;11;2024;07:15;2;67;67460;1;9;1;3;Autoroute A4 Péage de SCHWINDRATZHEIM;;
536558227;9;3;2024;19:40;3;30;30120;2;1;3;7;Chemin de la Vigière;;
536558228;27;6;2024;12:28;1;92;92012;2;1;1;6;BELLEVUE (RUE DE) 73/FIN - 80/FIN;;
536558229;15;11;2024;14:30;1;987;98712;2;1;1;2;Rte de la Cité Jay;;
536558230;8;3;2024;17:30;1;973;97307;1;3;1;3;N4 PK 3;;
536558231;28;6;2024;18:30;1;92;92007;2;9;1;3;FORTIN (AVENUE JEAN-BAPTISTE);;
536558232;16;11;2024;16:40;1;78;78349;1;1;1;7;A10;;
536558233;10;3;2024;20:10;3;978;97801;2;1;1;7;R DE GRISELLE;;
536558234;16;11;2024;11:00;1;987;98714;1;1;1;2;RT 101 - Faanui Condominium;;
536558235;28;6;2024;12:25;1;92;92007;2;3;1;3;BLAINS (RUE DES) N° AUTRES NUMEROS;;
536558236;11;3;2024;07:30;1;13;13037;1;9;1;3;Rn 113;;
536558237;17;11;2024;10:30;1;988;98803;1;1;1;6;RT1;;
536558238;28;6;2024;21:15;1;92;92004;2;1;1;2;AULAGNIER ( QUAI );;
536558239;10;3;2024;16:45;1;973;97309;1;3;1;3;Route d?Attila Cabassou;;
536558240;16;11;2024;01:00;3;986;98613;2;1;1;1;FALALEU;;
536558241;27;6;2024;22:00;2;92;92004;2;1;1;6;DOCTEUR DERVAUX  ( QUAI DU );;
536558242;10;3;2024;22:23;5;42;42279;2;6;8;3;Boulevard Jean Jaurès;;
536558243;29;6;2024;04:37;2;54;54262;2;1;1;6;Grande Rue;;
536558244;15;11;2024;22:40;3;986;98613;2;1;1;1;TEPA;;
536558245;28;6;2024;16:15;1;31;31271;1;9;1;7;route départementale 1;;
536558246;11;3;2024;09:50;1;17;17140;1;1;1;1;Route Départementale N°734, PR 11+079;;
536558247;18;11;2024;07:20;1;973;97305;1;3;1;1;Route Nationale 1;;
536558248;28;6;2024;21:00;1;86;86289;1;1;1;6;D8;;
536558249;9;3;2024;15:50;1;976;97609;2;1;1;7;CCD 4, Kani bé;;
536558251;17;11;2024;18:10;5;29;29233;2;3;1;3;Rue du Couédic;;
536558252;11;3;2024;14:24;1;73;73182;1;4;1;6;A41 pk 98.200;;
536558253;28;6;2024;23:15;4;49;49127;2;1;1;6;15 Avenue d'Angers;;
536558254;18;11;2024;17:50;3;45;45155;1;1;2;1;D952 PR 6 + 700;;
536558255;10;3;2024;18:50;5;95;95371;2;1;1;2;D184;;
536558256;14;11;2024;20:20;3;45;45179;1;1;1;2;Route de Blois;;
536558257;10;3;2024;13:20;1;971;97125;2;1;1;1;Route Touristique;;
536558258;15;11;2024;15:20;1;77;77315;2;1;1;3;1 Avenue du Marechal Gallieni;;
536558259;11;3;2024;08:15;1;45;45155;2;1;1;6;17 Rue des Vanneaux;;
536558260;11;3;2024;16:41;3;2A;2A041;1;1;2;7;T40;;
536558261;29;6;2024;13:00;1;51;51298;1;1;1;7;D18;;
536558262;27;6;2024;10:15;1;62;62399;2;1;1;6;D339;;
536558263;17;11;2024;10:40;1;95;95039;2;1;8;4;ISLE (CHEMIN DE L');;
536558264;16;2;2024;15:40;1;06;06147;1;1;1;3;"Boulevard Léon Sauvan - lieu-dit ""le pascal""";;
536558265;29;6;2024;09:25;1;51;51002;2;1;1;6;110 Rue Julien Ducos;;
536558266;16;11;2024;11:20;1;78;78057;2;1;1;2;Chaussée de coldstream;;
536558267;7;3;2024;07:40;1;13;13022;1;1;1;1;D559a;;
536558268;15;11;2024;08:20;1;2B;2B042;1;1;7;1;Route de San Ornello;;
536558270;8;3;2024;14:15;1;71;71090;2;1;1;3;661 Route du Vieux Moulin;;
536558271;16;11;2024;13:45;1;2A;2A288;1;1;1;1;D959;;
536558272;28;6;2024;23:30;3;65;65342;1;1;1;7;52 Route du Milieu;;
536558273;8;3;2024;13:56;1;54;54123;2;3;7;1;D974;;
536558276;28;6;2024;16:45;1;32;32132;1;1;1;2;Route d'Auch - RN 21;;
536558277;16;11;2024;19:20;3;34;34329;1;6;1;6;RD 64;;
536558278;24;2;2024;11:30;1;44;44047;2;1;3;6;45 Rue du Premier Mai;;
536558279;27;6;2024;16:50;1;11;11258;1;1;7;6;Route dépatementale 169;;
536558280;10;3;2024;18:20;1;29;29087;2;7;1;6;Place de l'Eglise;;
536558281;14;11;2024;17:30;2;06;06047;2;1;1;1;Avenue des Anciens Combattants;;
536558282;10;3;2024;02:50;3;13;13015;1;1;3;6;A51-Sens Aix en Provence vers Marseille;;
536558283;17;11;2024;15:12;1;05;05117;1;1;1;6;RD 994;;
536558284;9;3;2024;10:20;1;13;13005;1;1;2;3;A50-Sens Marseille vers Aubagne;;
536558285;29;6;2024;11:55;1;49;49224;1;1;3;1;D767;;
536558286;9;3;2024;05:18;3;13;13071;1;9;2;2;A7-Sens Marseille vers Lyon;;
536558287;26;6;2024;14:20;1;42;42038;1;1;1;6;Route de Montrond;;
536558288;17;11;2024;17:55;5;05;05070;2;3;1;3;Carrefour des Alpes (Plateforme);;
536558290;16;11;2024;21:30;3;05;05078;1;1;1;1;D942;;
536558291;28;6;2024;15:30;1;47;47058;1;2;1;3;Caubeyres;;
536558292;10;3;2024;16:50;1;91;91689;1;1;1;5;AUTOROUTE A6;;
536558293;4;9;2024;08:20;1;13;13089;1;3;8;3;Route Departementale 7n;;
536558294;29;6;2024;08:30;1;86;86009;1;2;7;3;carrefour D3-D9;;
536558295;10;3;2024;17:45;1;95;95582;1;1;1;2;A15;;
536558296;29;6;2024;00:30;3;29;29218;1;1;1;2;Lieu dit Lanviscar;;
536558297;15;11;2024;16:18;1;70;70026;2;1;1;6;Avenue Charles Couyba;;
536558298;10;3;2024;07:10;3;95;95582;1;1;1;5;A15;;
536558299;17;11;2024;17:45;3;21;21469;1;1;1;6;D960;;
536558300;10;3;2024;03:31;3;93;93066;1;1;2;6;A1;;
536558302;17;11;2024;09:43;1;54;54063;1;1;2;6;D904;;
536558303;28;6;2024;16:00;1;14;14570;1;1;1;6;363 Chemin des Cahottes;;
536558304;10;3;2024;18:30;2;77;77450;1;1;1;6;RN104;;
536558305;16;11;2024;11:51;1;73;73284;1;1;1;6;D117;;
536558306;29;6;2024;10:55;1;05;05045;1;3;1;1;RN 94;;
536558307;10;3;2024;16:25;1;94;94065;1;1;1;4;A86;;
536558308;18;11;2024;17:00;1;42;42037;1;2;1;1;Route de Saint-Paul;;
536558309;28;6;2024;12:39;1;90;90065;1;1;1;6;cd465;;
536558310;17;11;2024;21:20;3;38;38537;2;1;1;7;348 Rue du Danet;;
536558311;10;3;2024;16:35;5;94;94017;1;1;1;5;A4;;
536558312;28;6;2024;12:10;1;18;18004;2;2;1;1;Route de Bourges;;
536558314;16;11;2024;16:35;1;44;44035;1;1;1;6;8 Boulevard de l'Hopitau;;
536558315;15;11;2024;16:00;1;38;38545;2;3;1;7;Allée du Pré Gambu;;
536558316;29;6;2024;03:25;5;36;36088;2;2;1;3;Rue de l'Avenier;;
536558317;8;3;2024;23:50;5;973;97302;2;9;1;3;ROBERT VIGNON (RUE);;
536558318;28;6;2024;21:16;2;07;07010;1;9;1;6;Route de la Roche Péréandre;;
536558319;5;3;2024;17:45;1;75;75116;2;3;1;6;RUE JEAN DE LA FONTAINE;;
536558320;16;11;2024;07:20;2;26;26084;2;1;5;7;Route de Perouiller;;
536558321;9;3;2024;13:45;1;987;98736;1;3;1;2;AUTE HO'E (ROUTE);;
536558322;17;11;2024;04:30;3;81;81099;1;1;5;6;D988;;
536558323;28;6;2024;22:30;3;17;17365;1;3;1;2;Route D730;;
536558324;28;2;2024;14:23;1;987;98735;2;1;1;6;REMPARTS (RUE BLOC STATION TOTAL PAPEAVA;;
536558325;28;6;2024;07:10;1;37;37167;1;1;1;6;D2;;
536558326;16;11;2024;11:45;1;65;65059;2;1;1;2;Boulevard de l'Hypéron;;
536558327;9;3;2024;21:50;5;973;97302;2;1;1;2;MONTABO (ROUTE DE) 1;;
536558328;28;6;2024;18:54;1;30;30182;1;2;1;3;RD 999 PK 39+700;;
536558330;28;6;2024;15:35;1;14;14229;1;1;1;7;A13;;
536558331;9;3;2024;11:31;1;973;97302;2;2;1;3;CABASSOU (ROUTE DE);;
536558333;29;6;2024;02:45;3;78;78569;1;1;1;2;A10 - PK 024.800 - direction province;;
536558334;17;11;2024;16:40;1;29;29091;1;3;7;3;Route de Guissény;;
536558335;8;3;2024;21:00;3;972;97213;1;9;1;1;ROUTE DEPARTEMENTALE 13;;
536558336;28;6;2024;17:30;2;987;98748;1;1;1;1;Taravao PK 0+800;;
536558337;27;10;2024;02:55;3;76;76743;2;3;1;7;802 Route de Bouville;;
536558338;8;3;2024;19:44;5;972;97209;2;1;1;2;BALATA (ROUTE DE);;
536558339;28;6;2024;16:19;1;95;95489;1;1;1;7;D123;;
536558340;9;3;2024;10:00;1;971;97113;1;1;2;7;Chemin de la BOUAYE;;
536558341;9;3;2024;12:10;1;971;97101;1;1;1;6;RN1-  HAUTEUR DE SORTIE LAURICISQUE;;
536558342;28;6;2024;19:00;1;78;78478;1;1;1;2;N191;;
536558343;9;10;2024;18:20;2;59;59268;2;3;1;3;Rue du Grand Chemin;;
536558344;9;3;2024;09:10;1;971;97113;2;1;2;1;RN4 - SECTION RIVIERA;;
536558345;27;6;2024;19:00;1;34;34162;1;6;1;7;D613;;
536558346;17;11;2024;18:36;2;13;13071;1;1;1;2;A51-Sens Marseille vers Aix en Provence;;
536558347;9;3;2024;05:45;5;971;97113;1;1;2;6;PONT DE POUCET;;
536558348;17;6;2024;20:30;1;06;06075;2;1;1;1;3366 Avenue Felix Faure;;
536558349;15;11;2024;17:16;2;13;13211;1;1;1;4;A507 sens Marseille - Aubagne;;
536558350;8;3;2024;17:30;1;971;97113;2;1;1;2;GRAND BAIE ( RN4);;
536558351;28;6;2024;15:45;1;52;52457;1;3;1;1;D17;;
536558352;17;11;2024;12:50;1;13;13212;1;1;1;2;A507 sens Marseille - Aubagne;;
536558353;8;3;2024;08:00;1;971;97101;1;3;1;3;POINTE D'OR;;
536558354;17;11;2024;06:20;3;13;13106;1;1;1;2;A7-Sens Marseille vers Lyon;;
536558355;29;6;2024;11:24;1;68;68123;2;3;1;3;Rue du Maréchal Leclerc;;
536558356;8;3;2024;08:00;1;971;97101;1;9;1;2;PERRIN (SECTEUR);;
536558357;17;11;2024;02:06;3;13;13071;1;1;1;1;A51-Sens Marseille vers Aix en Provence;;
536558358;29;6;2024;12:00;1;03;03235;2;1;1;6;route de sanssat;;
536558359;9;3;2024;08:55;1;95;95197;2;1;1;6;ABEL FAUVEAU (RUE);;
536558360;16;11;2024;20:45;3;13;13071;1;1;1;6;A55 - Sens Marseille vers Martigues;;
536558361;28;6;2024;10:17;1;56;56176;2;6;7;6;Rue Léonard de Vinci;;
536558362;17;11;2024;04:50;3;67;67365;1;1;1;6;M35;;
536558363;19;2;2024;18:40;2;91;91377;2;9;2;2;AV DE L EUROPE;;
536558364;28;6;2024;17:40;1;22;22291;2;1;1;3;rue de la forge;;
536558365;16;11;2024;23:25;3;91;91659;1;1;1;2;AUTOROUTE A6;;
536558366;9;3;2024;05:50;5;86;86194;2;6;2;7;PARIS (AVENUE DE);;
536558367;28;6;2024;09:30;1;35;35047;2;3;1;3;Boulevard Louis Pasteur;;
536558368;17;11;2024;15:30;1;92;92036;1;1;1;2;RN315 Y;;
536558369;10;3;2024;01:20;5;84;84007;2;3;1;3;SAINT ROCH (Boulevard);;
536558370;17;11;2024;06:15;5;77;77141;1;1;1;6;A4;;
536558371;29;6;2024;00:00;3;60;60695;1;1;1;6;D606;;
536558372;9;3;2024;20:29;2;84;84007;2;3;1;2;MALPEIGNE (Chemin de);;
536558373;29;6;2024;00:30;3;60;60695;1;1;1;6;D606;;
536558374;16;11;2024;22:50;5;94;94017;2;1;1;2;A4;;
536558375;16;11;2024;21:20;5;94;94028;1;1;1;6;A86;;
536558376;9;3;2024;13:00;1;30;30351;2;2;2;3;Boulevard Edmond Ducros;;
536558377;26;6;2024;19:00;1;69;69029;2;1;1;2;Boulevard Périphérique Laurent Bonnevay;;
536558378;28;6;2024;10:00;1;93;93008;2;1;1;3;Avenue Henri Barbusse;;
536558380;9;3;2024;09:00;1;84;84007;2;2;1;3;PIERRE SEMARD (avenue);;
536558381;28;6;2024;18:15;1;94;94034;1;1;1;2;A86;;
536558382;19;6;2024;19:25;1;93;93048;2;4;1;3;Rue de Vincennes / Rue Douy Delcupe;;
536558383;9;3;2024;15:40;1;83;83137;1;1;3;2;CD D559;;
536558384;15;6;2024;11:20;1;93;93048;2;1;1;6;Rue Galilée;;
536558385;28;6;2024;16:10;1;91;91161;1;1;1;2;AUTOROUTE A6;;
536558386;9;3;2024;04:52;3;82;82033;1;1;1;6;Route de Montauban;;
536558387;28;6;2024;10:26;1;91;91589;1;1;1;6;AUTOROUTE A6;;
536558388;5;6;2024;22:00;5;93;93048;2;3;1;3;Avenue de la Résistance / Rue de la Beaune;;
536558389;28;6;2024;09:25;1;94;94021;1;1;1;3;A6A;;
536558390;3;6;2024;15:50;1;93;93048;2;2;1;5;GABRIEL PERI (AVENUE);;
536558391;28;6;2024;09:00;1;93;93029;1;1;1;1;A86;;
536558392;9;3;2024;17:50;1;81;81033;2;9;1;3;JAURES (AV. JEAN);;
536558393;28;6;2024;17:20;1;93;93048;2;1;1;6;Avenue Jean Moulin;;
536558394;28;6;2024;09:10;1;95;95395;1;1;1;3;N104;;
536558395;30;6;2024;14:46;1;93;93048;2;3;1;3;Rue de Paris / Rue de la Révolution;;
536558396;28;6;2024;08:10;1;95;95018;1;1;1;5;A15;;
536558397;9;3;2024;14:40;1;74;74118;2;1;1;5;LIBERATION (ROUTE DE LA);;
536558398;16;5;2024;19:40;1;93;93048;2;2;1;3;Rue Saint-Denis / Avenue du President Salvador Allende;;
536558399;28;6;2024;15:15;1;94;94022;1;1;1;4;A86;;
536558400;14;5;2024;16:30;1;93;93071;2;1;2;6;Avenue Salvador Allende;;
536558401;8;3;2024;16:45;1;74;74305;2;1;1;2;THONON (ROUTE DE);;
536558402;28;6;2024;12:45;1;94;94028;1;1;1;2;A86;;
536558403;5;5;2024;16:30;1;93;93048;2;9;2;3;Avenue de la Résistance;;
536558404;9;3;2024;13:28;1;69;69256;2;1;1;2;Avenue du 8 Mai 1945;;
536558405;29;2;2024;11:00;1;14;14228;2;6;1;7;11 Rue de l'Église;;
536558406;4;5;2024;16:00;1;93;93048;2;2;8;3;Avenue Gabriel Péri / Rue Francois Debergue;;
536558407;9;3;2024;20:30;5;69;69264;2;1;1;1;533 Rue Jean-Baptiste Martini;;
536558408;27;6;2024;17:45;2;974;97411;2;1;1;7;LECONTE DE LISLE (AVENUE);;
536558409;1;6;2024;10:50;1;93;93048;2;1;2;6;Place Jean Jaures;;
536558410;17;6;2024;16:15;1;974;97411;2;1;8;6;ALBIUS (RUE EDMOND);;
536558411;9;3;2024;01:55;3;64;64483;2;9;1;7;ITHURRALDE ANDRE (AVENUE);;
536558412;30;3;2024;15:25;1;93;93051;1;1;2;7;A4;;
536558413;27;6;2024;15:00;1;974;97411;2;1;1;2;JAURES (BLD 2 JEAN);;
536558414;10;7;2024;12:30;1;43;43158;1;3;1;7;Forêt domaniale de Meygal;;
536558415;8;6;2024;12:00;2;43;43003;1;1;1;7;D40;;
536558416;27;6;2024;08:00;1;974;97407;2;3;1;3;ROUTE DU SACRE COEUR;;
536558417;9;3;2024;18:40;1;64;64102;2;2;1;3;MAUBEC (RUE);;
536558418;13;8;2024;13:45;1;43;43135;1;1;1;7;route de coubon;;
536558419;27;6;2024;17:15;1;69;69387;2;1;1;6;Avenue Leclerc;;
536558420;9;3;2024;16:13;1;63;63113;2;5;2;3;avenue Albert et Elisabeth / avenue d'Itale;;
536558421;11;8;2024;16:20;1;43;43017;1;3;7;1;Les Granges;;
536558422;26;6;2024;18:15;1;69;69383;2;1;1;3;Boulevard Marius Vivier-Merle;;
536558423;27;6;2024;15:10;1;69;69388;2;1;1;6;Avenue des Frères Lumière;;
536558424;11;8;2024;11:15;1;43;43115;1;1;1;3;Route des Estables;;
536558425;8;3;2024;18:00;1;59;59467;2;1;1;7;PANTEGNIES (RUE DE);;
536558426;27;6;2024;08:45;1;69;69387;1;1;1;3;Rue Domer;;
536558427;3;8;2024;11:26;1;43;43059;1;1;1;1;D706;;
536558428;9;3;2024;09:45;1;59;59386;1;3;1;7;Chemin du Gibet;;
536558429;26;6;2024;13:20;1;972;97209;2;1;1;7;PETITION DES OUVRIERS DE PARIS (RUE DE L;;
536558430;9;3;2024;15:15;1;59;59155;2;1;1;3;ARTS;;
536558431;7;11;2024;08:15;1;56;56260;2;9;1;3;Boulevard de la Paix;;
536558432;27;6;2024;17:25;1;2B;2B033;2;1;1;6;11 - RT;;
536558433;8;3;2024;17:30;1;54;54357;2;6;1;3;avenue des quatre vents;;
536558434;8;7;2024;11:40;1;55;55008;1;3;1;1;D618;;
536558435;27;6;2024;09:50;1;971;97101;2;1;1;6;GRAND CAMP(SECTION);;
536558436;9;7;2024;18:34;1;55;55122;1;1;1;6;D964;;
536558437;9;3;2024;08:30;1;54;54549;2;1;8;3;Rue du Colonel Fabien;;
536558438;16;11;2024;20:25;3;974;97416;2;1;1;6;L'ENTRE DEUX(ROUTE DE);;
536558439;27;6;2024;21:54;2;95;95277;1;9;1;2;D317;;
536558440;9;3;2024;17:30;1;51;51454;2;1;1;2;Rue de la Petite Vitesse;;
536558441;16;11;2024;18:10;1;974;97411;1;9;1;6;MOSELLE (ALLEE DE LA);;
536558442;8;3;2024;11:25;1;51;51454;2;1;1;7;CERNAY (ROUTE DE );;
536558443;26;6;2024;20:35;1;95;95277;2;2;1;3;CLARET (RUE);;
536558444;15;11;2024;17:00;1;974;97407;1;9;1;3;SACRE COEUR (RD POINT) -RIV. DES GALETS;;
536558445;9;3;2024;21:45;5;49;49007;2;1;2;6;MONPROFIT PLACE;;
536558446;27;6;2024;19:05;1;95;95607;2;1;1;6;D409;;
536558447;9;3;2024;11:16;1;47;47031;1;1;2;6;SAINT PIERRE DE GAUBERT (RTE DE);;
536558448;15;11;2024;21:35;3;972;97213;1;4;1;3;LA MAUGEE (CHEMIN);;
536558449;27;6;2024;08:20;1;91;91667;2;1;1;6;ROUGES GORGES (RUE);;
536558450;9;3;2024;19:55;5;46;46042;2;3;1;3;SEMARD (AVE PIERRE);;
536558451;16;11;2024;12:00;1;2B;2B037;2;9;1;3;TOUTES RUES;;
536558452;26;6;2024;14:15;1;91;91021;2;1;1;4;RTE DE LIMOURS;;
536558453;9;3;2024;22:00;5;35;35238;2;1;2;2;CHATEAU (AVENUE FRANCOIS);;
536558454;16;11;2024;18:40;5;971;97101;1;2;1;6;BESSON;;
536558455;26;6;2024;17:45;1;91;91421;2;2;1;3;CORBEIL (ROUTE DE);;
536558456;7;3;2024;18:20;2;35;35278;2;1;1;2;DE GAULLE (AVENUE GENERAL);;
536558457;27;6;2024;18:45;1;91;91027;2;1;1;2;AV FRANCOIS MITTERRAND;;
536558458;16;11;2024;13:45;1;2A;2A004;2;3;1;2;#147 avenue maréchal juin#;;
536558460;27;6;2024;18:00;1;91;91027;2;1;1;3;AV FRANCOIS MITTERRAND;;
536558461;27;6;2024;17:25;1;91;91340;2;9;1;6;D 446;;
536558462;15;11;2024;16:08;1;2A;2A004;1;1;1;4;T20;;
536558463;9;3;2024;10:00;1;31;31483;2;3;1;3;FRANCOIS MITTERAND ( AVENUE);;
536558464;27;6;2024;07:04;1;86;86194;1;1;7;2;Avenue John Kennedy;;
536558465;15;11;2024;17:07;2;2A;2A004;2;1;1;2;#Boulevard Louis Campi#;;
536558466;9;3;2024;19:38;5;13;13215;2;1;3;1;MIMET (CHEMIN DE);;
536558467;13;11;2024;19:00;5;95;95197;2;3;1;3;COMMANDANT MANOUKIAN (AVENUE DU);;
536558468;9;3;2024;07:45;1;13;13210;2;1;1;1;CAPELETTE (AVENUE DE LA);;
536558469;8;3;2024;16:45;1;13;13208;2;1;2;3;LOUIS BONNEFON (PLACE);;
536558470;16;11;2024;05:20;3;83;83126;2;9;1;1;LA SEYNE A OLLIOULES (CHEMIN DE);;
536558471;8;3;2024;11:50;1;13;13028;2;6;3;1;Rond Point DULAC/ROVARCH;;
536558472;16;11;2024;04:40;5;83;83129;1;1;1;1;SAINT PIERRE (QUAI);;
536558473;9;3;2024;16:05;1;13;13001;1;1;3;2;R.N 7;;
536558474;17;11;2024;00:01;4;82;82121;1;1;1;1;avenue de gasseras;;
536558475;9;3;2024;06:50;2;13;13001;2;9;1;1;ENFANT (RTE DE L');;
536558476;16;11;2024;19:30;5;80;80021;2;1;1;3;QUATORZE JUILLET 1789 (AVENUE DU);;
536558477;8;3;2024;17:05;1;11;11069;2;1;1;2;125 Avenue Pierre Charles Lespinasse;;
536558478;9;3;2024;12:00;1;75;75120;2;1;1;3;RUE DES PYRENEES;;
536558479;16;11;2024;12:00;1;78;78551;2;1;1;6;ROOSEVELT (DU PRESIDENT);;
536558480;9;3;2024;02:00;5;75;75119;2;7;1;3;PLACE AUGUSTE BARON;;
536558481;16;11;2024;15:45;1;77;77258;2;1;1;3;PETITES ECURIES ( COURS DES );;
536558482;16;11;2024;19:25;5;77;77284;2;1;1;1;BRIAND (RUE ARISTIDE);;
536558483;8;3;2024;15:56;1;75;75119;2;3;1;3;AVENUE JEAN JAURES;;
536558484;16;11;2024;23:50;5;76;76540;2;4;1;2;Rue Nansen;;
536558485;9;3;2024;06:00;5;75;75108;2;2;1;6;VOIE GEORGES POMPIDOU;;
536558486;16;11;2024;18:15;5;76;76540;2;3;1;3;Route de Neufchâtel;;
536558487;9;3;2024;08:27;1;75;75107;2;2;1;6;RUE SAINT DOMINIQUE;;
536558488;16;11;2024;19:20;5;73;73029;2;2;1;1;D1006 / TILLEULS (RUE DES);;
536558489;8;3;2024;18:30;2;75;75107;2;3;1;7;AVENUE DE LA BOURDONNAIS;;
536558490;16;11;2024;17:00;1;64;64545;2;1;1;2;RD810;;
536558491;16;11;2024;08:50;1;64;64445;2;2;1;1;CATHERINE DE BOURBON;;
536558492;9;3;2024;12:30;1;94;94081;2;5;1;6;Rue Gabriel Péri / Avenue Jean Jaurès;;
536558493;15;11;2024;15:20;1;64;64445;2;1;1;6;ALFRED DE MUSSET;;