Num_Acc;jour;mois;an;hrmn;lum;dep;com;agg;int;atm;col;adr;lat;long
536558494;9;3;2024;20:35;5;94;94076;2;1;2;5;67 Rue Youri Gagarïne;;
536558495;15;11;2024;18:10;5;64;64445;2;1;1;2;JEAN MERMOZ;;
536558496;9;3;2024;16:30;1;94;94076;2;1;2;6;76 Avenue de Stalingrad;;
536558497;16;11;2024;20:38;5;64;64024;2;1;1;2;BIARRITZ (AVENUE DE);;
536558498;9;3;2024;10:45;1;94;94073;2;2;1;3;rue simone veil / Avenue de Versailles;;
536558499;16;11;2024;18:50;5;63;63113;2;3;1;3;Av République (rue d'Effiat;;
536558500;9;3;2024;12:00;1;93;93055;2;3;1;6;Rue de la Liberté / Rue Hoche;;
536558501;16;11;2024;15:30;1;62;62624;2;1;1;3;rue émile zola;;
536558502;15;11;2024;04:05;3;60;60057;2;1;1;6;Avenue Président J.F. Kennedy;;
536558503;9;3;2024;10:00;1;93;93032;2;2;1;3;Boulevard Saint Dizier / Allée Eugénie;;
536558504;15;11;2024;16:30;2;59;59508;2;1;1;6;LILLE (RUE DE)MENIN A 8 MAI 1945;;
536558505;9;3;2024;13:00;1;93;93057;2;3;1;2;Avenue Aristide Briand / Allée de Prétoria;;
536558506;16;11;2024;16:00;1;56;56260;1;1;1;7;Le Chapeau Rouge;;
536558507;8;3;2024;13:25;1;92;92063;2;1;1;7;FOUILLEUSE (AVENUE DE);;
536558508;16;11;2024;11:20;1;56;56121;2;1;1;6;Rue Lazare Carnot;;
536558509;9;3;2024;13:29;1;92;92050;2;1;2;3;HEBERT CELESTIN RUE;;
536558510;9;3;2024;05:00;5;92;92036;2;1;1;6;LOUIS SEGUIN (BD);;
536558511;16;11;2024;05:30;3;51;51242;1;1;1;1;RD 933 (RTE DE MONTMIRAIL);;
536558512;16;11;2024;09:02;1;49;49267;2;2;1;7;Route d'ANGERS;;
536558513;10;3;2024;08:15;1;41;41204;1;1;5;1;D951;;
536558515;10;3;2024;09:20;2;10;10412;1;1;3;7;D610;;
536558516;16;11;2024;15:50;1;45;45234;2;1;1;2;39 Avenue Dauphine;;
536558517;9;3;2024;15:05;1;22;22364;1;1;1;7;RN 176- PR 18+200- SENS SAINT-BRIEUC SAINT-MALO;;
536558518;8;3;2024;16:40;1;59;59653;2;1;1;7;Rue du Marais de la Ville;;
536558519;15;11;2024;23:04;5;45;45234;2;2;1;3;Avenue des Droits de l'Homme;;
536558520;30;10;2024;22:30;3;44;44184;1;1;1;6;123 Route du Marais d'Ust;;
536558522;9;3;2024;14:15;1;62;62306;1;1;1;7;D917;;
536558523;15;11;2024;17:45;2;42;42218;2;1;1;6;Avenue de Verdun;;
536558524;9;3;2024;22:00;3;30;30302;1;1;3;7;99 Route de Saint-Paul les Fonts;;
536558525;9;3;2024;16:40;1;51;51380;2;1;2;6;Rue des Fosses;;
536558526;15;11;2024;17:30;2;35;35278;1;1;1;4;PORTE DE MAUREPAS;;
536558527;8;3;2024;16:45;1;76;76577;2;6;1;6;D100;;
536558528;10;3;2024;02:20;3;76;76273;1;1;9;7;Route du Val de la Chaux;;
536558529;9;3;2024;10:11;1;32;32032;2;1;8;6;chemin de ronde;;
536558530;16;11;2024;21:35;5;34;34172;2;2;1;1;JUSTICE DE CASTELNAU (AVENUE DE LA);;
536558531;10;3;2024;05:50;3;71;71353;1;1;3;6;Route de Plottes;;
536558532;10;3;2024;05:24;3;89;89380;1;1;2;7;D103;;
536558533;16;11;2024;19:50;5;34;34172;2;1;1;2;PALAVAS D986 (ROUTE DE);;
536558534;9;3;2024;17:00;1;63;63276;1;1;6;1;Chez Vernieres;;
536558535;16;11;2024;22:00;5;34;34172;2;4;1;3;ASSAS (AVENUE D');;
536558536;10;3;2024;13:10;1;61;61287;1;1;1;2;D962;;
536558537;15;11;2024;15:25;1;34;34172;2;1;1;6;RECH (RUE HIPPOLYTE);;
536558538;10;3;2024;09:40;1;03;03236;1;1;8;6;RD 67;;
536558542;9;3;2024;16:15;1;54;54022;1;1;1;1;D952;;
536558544;8;3;2024;07:15;2;16;16145;1;1;1;2;PK 90 RN 141;;
536558545;10;3;2024;06:50;3;07;07265;1;1;2;6;Route du Ternay;;
536558546;9;3;2024;21:30;3;04;04116;1;1;3;1;Route Départemenetale 4;;
536558547;10;3;2024;11:45;1;27;27578;1;2;1;3;D51;;
536558548;9;3;2024;02:20;3;17;17327;2;1;1;7;Rue du Marais Poitevin;;
536558549;21;12;2024;10:45;1;85;85191;1;1;1;1;RD37;;
536558550;21;12;2024;13:15;1;83;83069;2;1;1;2;OLBIA  (VOIE);;
536558551;22;12;2024;01:25;5;81;81065;2;1;1;2;BRUNIQUEL (RD 4 - AV MARTHE);;
536558552;20;12;2024;16:55;1;81;81004;1;9;8;6;CASTRES;;
536558553;21;12;2024;14:45;1;77;77447;2;9;1;3;CROIX FONTAINE (DES);;
536558554;17;12;2024;18:40;3;77;77243;2;9;1;4;D934;;
536558555;21;12;2024;17:30;2;69;69282;2;1;8;6;Avenue Lucien Buisson;;
536558556;21;12;2024;20:18;5;69;69290;2;1;2;6;Rue de la Cordière;;
536558557;21;12;2024;16:15;1;68;68066;1;2;1;3;RD3;;
536558558;20;12;2024;15:25;1;68;68066;2;1;1;6;CHAMP DE MARS (BLD DU);;
536558559;21;12;2024;22:30;3;66;66136;2;3;1;3;DALBIEZ (AVENUE VICTOR);;
536558560;21;12;2024;17:30;5;66;66136;2;1;1;3;MERCADER (BOULEVARD FELIX);;
536558561;21;12;2024;03:30;3;63;63300;1;1;2;6;RD 2009;;
536558562;21;12;2024;20:00;5;63;63300;2;2;2;3;Av Libération (D6) / rue du Général Chapsal;;
536558563;21;12;2024;20:05;3;63;63113;2;9;2;6;RABANESSE (RUE DE);;
536558564;21;12;2024;18:00;5;63;63113;2;9;1;3;HERMITAGE (RUE DE L');;
536558565;20;12;2024;16:25;1;62;62193;2;2;2;3;Boulevard Victor Hugo;;
536558566;16;12;2024;08:15;3;61;61006;2;6;2;2;D924;;
536558567;21;12;2024;06:00;5;59;59155;2;1;8;1;FURNES - ROUTE;;
536558568;15;12;2024;15:40;1;57;57227;2;1;2;5;CD31E;;
536558569;22;12;2024;23:55;5;54;54578;2;2;2;3;Boulevard des Aiguillettes;;
536558570;21;12;2024;20:35;3;54;54547;2;3;2;6;Rue Gabriel Péri;;
536558571;21;12;2024;02:40;3;51;51058;2;1;2;6;ESSIOS (RUE DES);;
536558572;22;12;2024;00:50;5;49;49007;2;1;2;6;FAURE QUAI;;
536558573;21;12;2024;13:15;1;45;45004;1;3;1;3;D943 PR 6 + 627;;
536558574;22;12;2024;03:05;5;35;35238;2;1;2;2;LIBERTE (BD DE LA);;
536558575;21;12;2024;14:55;1;35;35051;1;6;1;3;LONGCHAMPS (PORTE DES);;
536558576;21;12;2024;12:15;1;35;35238;1;1;1;5;RN136;;
536558578;21;12;2024;04:40;5;31;31555;2;1;1;2;RTE D ALBI;;
536558579;20;12;2024;21:50;5;31;31555;2;1;1;3;RN124;;
536558580;20;12;2024;21:55;5;29;29232;2;3;2;6;Rue de Concarneau;;
536558581;20;12;2024;08:15;3;29;29232;2;1;1;6;MORBIHAN AVENUE DU;;
536558582;21;12;2024;21:45;5;28;28404;2;6;2;6;GARNAY (ROND POINT DE);;
536558583;21;12;2024;12:39;1;27;27229;2;1;2;6;ORLEANS (RUE D');;
536558584;20;12;2024;22:15;5;25;25056;2;1;8;6;DROZ   AVENUE EDOUARD;;
536558585;21;12;2024;11:11;1;22;22360;2;2;2;3;GUILLOUX (AVENUE LOUIS);;
536558586;21;12;2024;08:00;5;15;15014;2;1;2;6;Avenue de la République;;
536558587;22;12;2024;01:19;5;13;13205;2;2;1;3;BAILLE (BOULEVARD);;
536558588;21;12;2024;06:00;3;13;13063;1;6;1;7;RN 1569 LA TRANSHUMANCE;;
536558589;21;12;2024;06:15;5;13;13001;2;9;1;3;MOURET HENRI (AV);;
536558591;21;12;2024;10:25;1;10;10333;2;6;8;3;Rue Charles Baltet;;
536558593;21;12;2024;22:50;3;07;07102;1;1;1;7;Chemin des MULETS;;
536558594;20;12;2024;18:45;5;06;06088;1;1;1;4;Bretelle Entrée Cimiez - Mathis (Chaussée sud);;
536558595;20;12;2024;14:25;1;05;05023;1;1;1;6;GAP (ROUTE DE   RN94);;
536558596;21;12;2024;16:00;1;03;03185;2;9;1;6;PALME ( RUE OLOF );;
536558597;21;12;2024;01:55;5;75;75116;2;1;1;5;BD PERIPHERIQUE INTERIEUR;;
536558598;20;12;2024;03:46;5;75;75115;2;2;1;3;RUE DE SEVRES;;
536558599;21;12;2024;08:25;2;75;75119;2;1;8;6;RUE PETIT;;
536558600;21;12;2024;06:25;5;75;75117;2;2;1;3;RUE DES MOINES;;
536558601;21;12;2024;02:30;5;75;75116;2;1;2;3;ALLEE DE LONGCHAMP;;
536558602;21;12;2024;21:20;5;75;75113;2;2;2;6;PORTE D IVRY;;
536558603;21;12;2024;02:55;5;75;75110;2;7;2;3;BOULEVARD DE STRASBOURG;;
536558604;21;12;2024;20:30;5;75;75103;2;3;1;3;RUE DES ARCHIVES;;
536558605;21;12;2024;00:30;5;75;75103;2;1;2;7;RUE SAINT MARTIN;;
536558606;19;12;2024;00:15;5;75;75104;2;1;2;6;QUAI DES CELESTINS;;
536558607;21;12;2024;19:20;5;94;94078;2;2;2;3;Rue Alexandre Dumas;;
536558608;21;12;2024;06:40;5;94;94041;2;1;2;6;Boulevard de Stalingrad;;
536558609;21;12;2024;02:30;5;94;94079;2;1;2;1;Route de Bry;;
536558610;21;12;2024;06:05;5;93;93072;2;2;1;7;MARCEL CACHIN (AVENUE) DES N°1 AU 17;;
536558611;21;12;2024;06:00;5;93;93077;2;2;8;3;RAINCY (AVENUE DU);;
536558612;21;12;2024;15:40;1;93;93048;2;1;2;3;PARIS (RUE DE);;
536558613;21;12;2024;12:30;1;93;93074;1;1;1;2;Route Nationale 3;;
536558614;21;12;2024;13:40;1;93;93046;2;1;2;6;FIRMIN DIDOT AVENUE;;
536558615;21;12;2024;07:20;2;93;93031;2;1;8;6;SAINT LEU (ROUTE);;
536558616;21;12;2024;20:15;5;93;93014;2;6;2;3;Allée de la République / Allée de l'Indépendance;;
536558617;21;12;2024;05:00;5;93;93008;2;1;8;1;VAILLANT COUTURIER (AVENUE PAUL);;
536558618;20;12;2024;17:05;5;92;92020;2;2;2;1;PIERRELAIS RUE DES;;
536558619;20;12;2024;18:10;5;92;92071;2;1;2;6;COLBERT (BOULEVARD);;
536558620;21;12;2024;01:30;5;92;92012;2;1;2;6;POINT DU JOUR (QUAI DU);;
536558621;20;12;2024;14:00;1;60;60669;1;1;1;1;D29;;
536558622;20;12;2024;15:55;1;35;35128;1;3;1;2;Rue de Rennes;;
536558623;16;4;2024;09:24;1;94;94018;2;1;8;3;Rue de Paris;;
536558624;21;12;2024;08:00;3;35;35356;1;1;1;6;RD137;;
536558625;16;4;2024;11:00;1;94;94071;2;3;2;2;Rue du Général Leclerc / Rue Buffon;;
536558626;19;12;2024;16:45;3;67;67061;1;2;3;1;D517;;
536558627;20;12;2024;19:52;3;28;28161;1;1;2;6;Autoroute A11;;
536558628;16;4;2024;16:40;1;93;93070;2;3;8;3;Avenue Michelet / Rue Eugène Berthoud;;
536558629;22;12;2024;10:30;1;972;97220;1;1;1;6;N8;;
536558630;19;12;2024;21:45;3;14;14061;1;1;1;6;Route du Pont de la Vallée (La Ferrière-Harang);;
536558631;16;4;2024;12:35;1;93;93070;2;2;2;3;Rue Blanqui / Rue Étienne Dolet;;
536558632;16;4;2024;12:25;1;93;93066;2;1;3;6;Boulevard Félix Faure;;
536558633;22;12;2024;04:45;3;62;62397;1;1;6;6;D221;;
536558634;16;4;2024;08:20;1;93;93027;2;3;2;6;Rue Danielle Casanova / Rue Pierre Curie;;
536558635;21;12;2024;08:00;2;38;38239;1;1;1;2;D1092;;
536558636;21;12;2024;14:00;1;83;83049;1;6;1;2;Departemental 14;;
536558637;16;4;2024;17:30;1;93;93062;2;6;1;3;Avenue Thiers / Rond - Point Thiers;;
536558638;22;12;2024;07:20;3;72;72287;2;1;2;6;Route du Plessis;;
536558639;16;4;2024;16:45;1;93;93005;2;1;1;1;Rue Jules Princet;;
536558640;22;12;2024;11:45;1;50;50393;1;1;8;6;Le Mesnil Coq;;
536558641;16;4;2024;08:30;1;92;92062;1;1;1;6;JAURES (RUE JEAN) DU 114 AU 2;;
536558642;21;12;2024;15:20;1;51;51111;1;1;2;2;D224;;
536558643;15;4;2024;19:08;1;92;92020;2;1;1;6;VANVES BOULEVARD N° IMPAIRS;;
536558644;22;12;2024;04:40;3;56;56094;1;1;2;6;Poulvernic;;
536558645;16;4;2024;10:00;1;92;92044;2;1;2;3;CHARLES PASQUA (QUAI) 58 A90;;
536558646;22;12;2024;17:20;3;67;67543;1;1;2;2;D392;;
536558647;16;4;2024;12:51;1;92;92040;2;1;1;6;VERDUN (AVENUE DE) DU 83 AU 113 BIS;;
536558648;21;12;2024;17:09;3;67;67144;1;1;2;7;D57;;
536558649;16;4;2024;08:55;1;92;92040;2;1;1;3;VICTOR HUGO;;
536558651;22;12;2024;00:05;5;32;32160;1;6;2;7;Rond-point Le Choulon;;
536558652;14;4;2024;15:30;1;92;92036;2;9;1;1;LOUIS ROCHE (AVENUE) (1/45);;
536558653;21;12;2024;20:40;3;63;63418;1;1;2;7;les boules;;
536558654;16;4;2024;14:21;1;92;92023;2;1;2;2;GENERAL DE GAULLE (AV DU) N°440 A 544 ET;;
536558655;20;12;2024;17:05;3;61;61330;1;1;2;6;D926;;
536558656;16;4;2024;18:53;1;92;92019;2;1;1;1;MALRAUX ANDRE (RUE);;
536558657;16;4;2024;13:30;1;92;92012;2;1;1;3;YVES KERMEN (RUE) 51/FIN - 40/FIN;;
536558658;22;12;2024;12:50;1;39;39017;2;2;8;3;14 Rue Honore Chapuis;;
536558659;16;4;2024;07:55;2;92;92004;2;1;2;3;ARGENTEUIL N° 176 A 388;;
536558660;12;12;2024;15:15;1;44;44050;2;6;7;3;Rond Point du Calvaire;;
536558661;15;4;2024;23:35;5;92;92009;2;9;1;5;EUROPE (AVENUE);;
536558662;21;12;2024;05:05;3;31;31546;1;1;1;6;D622;;
536558663;16;4;2024;20:40;5;92;92014;2;1;1;3;BIEVRE (RUE DE LA);;
536558664;21;12;2024;19:30;3;02;02503;1;1;2;1;D1029;;
536558665;12;4;2024;17:15;1;01;01244;1;1;1;4;D1084;;
536558666;22;12;2024;14:16;1;15;15073;1;1;2;6;Chemin non goudronné;;
536558667;16;4;2024;18:05;2;974;97422;2;3;1;2;Rue Georges Pompidou;;
536558668;22;12;2024;10:15;1;26;26143;1;1;2;6;route de la vallée;;
536558669;21;12;2024;20:10;3;26;26006;1;1;1;7;Route de livron;;
536558670;17;4;2024;11:30;1;972;97201;2;1;2;1;N3;;
536558671;22;12;2024;00:15;3;58;58281;2;2;2;6;Route de Champcelée D1;;
536558672;15;4;2024;16:14;1;54;54151;1;1;2;6;D18;;
536558673;21;12;2024;14:25;1;06;06074;1;1;1;6;Route du Val de Lantousca;;
536558674;21;12;2024;16:35;1;07;07337;1;6;1;7;Route de Davezieux;;
536558675;14;4;2024;19:55;1;51;51326;1;1;1;7;PK 12+700 - RD 21;;
536558676;20;12;2024;17:30;3;07;07172;1;1;1;7;Route de Bayard;;
536558677;21;12;2024;10:30;1;40;40287;1;2;3;3;1771 Rue de l'Arieste;;
536558678;17;4;2024;17:50;1;83;83049;1;1;6;5;D43;;
536558679;21;12;2024;16:40;1;40;40021;1;1;8;1;765 Route de Soustons;;
536558680;16;4;2024;15:15;1;50;50592;2;3;2;6;66 Rue Saint Pierre et Miquelon;;
536558681;22;12;2024;08:00;3;85;85295;1;1;3;6;D753;;
536558683;21;12;2024;16:30;1;973;97307;1;1;1;5;N4;;
536558684;17;4;2024;07:00;2;65;65316;1;1;2;1;D929;;
536558687;16;4;2024;22:25;5;89;89025;2;1;2;1;70 Route des Châtelaines;;
536558688;21;12;2024;22:23;3;34;34240;1;1;1;4;A709;;
536558689;17;4;2024;09:45;1;01;01034;1;1;2;1;Rd 992;;
536558690;16;4;2024;16:06;1;86;86082;1;1;1;7;D2;;
536558691;21;12;2024;22:23;3;34;34022;1;1;1;5;A709 PK 004+100;;
536558692;17;4;2024;14:10;1;35;35009;1;2;1;3;D795;;
536558693;20;12;2024;20:30;3;988;98828;1;1;8;6;Sarraméa;;
536558694;17;4;2024;13:55;1;38;38130;1;2;1;3;D519;;
536558695;17;4;2024;16:30;1;38;38517;2;1;2;6;30 Avenue de la Gare;;
536558696;19;12;2024;04:55;3;77;77100;1;1;2;5;D605;;
536558697;22;12;2024;14:20;1;78;78398;2;1;2;7;Rue du Moulin;;
536558698;17;4;2024;14:15;1;58;58112;1;1;2;1;Lieu Dit le Pont d?Isy;;
536558700;21;12;2024;11:45;1;26;26124;1;1;1;2;A7 - PK 082.500;;
536558701;17;4;2024;10:30;1;50;50215;2;1;1;6;Rue des Frères Lacolley;;
536558702;22;12;2024;18:00;3;73;73054;1;1;4;1;D119 - Le chenal;;
536558703;13;4;2024;13:20;1;09;09265;1;1;1;2;N20;;
536558704;17;4;2024;18:50;1;60;60025;2;1;1;7;Rue de Tracy;;
536558705;16;4;2024;18:40;1;60;60220;1;3;2;3;D109;;
536558706;26;3;2024;16:30;1;27;27302;2;9;3;3;Route de Montfort;;
536558707;21;12;2024;15:35;1;73;73150;1;1;1;5;N90;;
536558708;22;12;2024;01:10;3;01;01418;2;1;1;6;219 Route de Beynost;;
536558709;22;12;2024;15:05;1;01;01185;1;1;4;6;D21;;
536558710;16;4;2024;15:42;1;87;87017;1;1;1;1;route nationale 145;;
536558711;21;12;2024;17:56;5;69;69040;2;1;1;6;10 Avenue Général de Gaulle;;
536558712;14;4;2024;15:06;1;30;30109;1;1;1;7;D981;;
536558713;20;12;2024;12:00;1;81;81215;1;4;1;6;route départementale 14;;
536558714;17;4;2024;09:00;1;67;67084;1;1;2;7;A35;;
536558715;21;12;2024;02:20;4;49;49194;2;1;2;7;zone artisanale du pre barreau;;
536558716;12;4;2024;14:30;1;06;06085;2;3;1;1;Avenue Notre-Dame de Vie;;
536558717;17;4;2024;17:30;1;68;68297;1;1;2;2;A35 PK122.600;;
536558718;25;11;2024;09:20;1;14;14258;2;2;1;6;6 Rue du Capitaine Greffet;;
536558719;22;12;2024;04:15;3;14;14066;2;1;3;6;51 Rue du Maréchal Foch;;
536558720;13;4;2024;21:00;3;51;51058;1;1;1;3;Autoroute A4 137+300;;
536558721;21;12;2024;12:13;1;29;29058;2;1;1;2;Route de Quimper;;
536558722;14;4;2024;04:18;3;51;51657;1;1;1;6;Autoroute A4 - PK 130+200;;
536558723;21;12;2024;22:04;3;76;76099;1;1;2;6;Route du Manoir;;
536558724;15;4;2024;15:15;1;971;97111;1;1;1;1;D18, Allée du coeur;;
536558726;20;12;2024;16:30;1;13;13213;1;1;1;2;A507 sens Marseille - Aubagne;;
536558727;12;4;2024;08:03;1;77;77173;2;1;1;7;Rue du Pont Vérard;;
536558728;16;4;2024;09:24;4;13;13100;2;1;1;6;Avenue Jean Moulin;;
536558729;20;12;2024;04:20;3;83;83090;1;1;6;2;A50;;
536558730;2;4;2024;08:04;1;67;67300;2;1;1;3;Avenue de la Gare;;
536558731;7;12;2024;12:00;1;01;01238;1;1;3;3;A46N   7.065 A 9.020;;
536558733;17;12;2024;09:30;1;67;67043;1;1;1;4;M35;;
536558734;16;4;2024;16:30;1;49;49194;1;2;1;3;lieu dit joncheron;;
536558735;17;4;2024;14:50;1;80;80383;1;1;1;3;D34;;
536558736;21;12;2024;15:30;1;77;77251;1;1;2;2;AUTOROUTE A5A;;
536558737;17;4;2024;00:10;3;59;59035;2;2;1;3;Route de Sains;;
536558738;16;4;2024;19:19;1;59;59586;2;1;2;6;1 Rue de Lille;;
536558739;21;12;2024;08:00;3;91;91521;1;1;1;7;RN 449;;
536558740;14;4;2024;01:30;3;13;13211;1;1;1;7;A50-Sens Marseille vers Aubagne;;
536558741;20;12;2024;21:35;3;94;94003;1;1;2;2;A6B;;
536558742;16;4;2024;21:05;3;13;13026;1;1;1;2;A55-Sens Marseille vers Martigues;;
536558743;21;12;2024;15:50;2;78;78297;1;1;2;6;RN12;;
536558744;16;4;2024;07:40;1;13;13005;1;1;1;2;A52-Sens Toulon vers Pont de l'Etoile;;
536558745;21;12;2024;14:30;1;78;78297;1;1;2;4;RN12;;
536558746;15;4;2024;08:45;1;83;83137;1;1;1;4;A57;;
536558747;21;12;2024;06:00;5;78;78238;1;1;1;2;A13;;
536558748;21;12;2024;05:00;3;92;92036;1;1;2;6;AUTOROUTE A15;;
536558751;20;12;2024;06:30;5;93;93066;1;1;1;5;AUTOROUTE A1;;
536558753;20;12;2024;05:38;3;95;95277;1;1;1;3;A3;;
536558754;12;4;2024;18:00;1;62;62628;1;1;1;2;A21;;
536558755;15;3;2024;22:15;3;94;94071;2;3;2;2;Rue du Général Leclerc / Boulevard Louis Boon;;
536558756;8;4;2024;21:35;3;62;62907;1;1;3;6;A1;;
536558757;16;4;2024;16:59;1;91;91377;1;1;1;2;AUTOROUTE A10;;
536558758;16;4;2024;08:30;1;94;94034;1;1;1;2;A86;;
536558759;19;12;2024;21:35;5;987;98735;2;2;1;1;CLEMENCEAU (RUE);;
536558760;15;4;2024;23:51;3;91;91553;1;1;2;2;RN 104;;
536558761;6;12;2024;15:40;1;974;97407;2;1;1;2;EMMAEUS D'EXPORT - RIV. DES GALETS;;
536558762;16;4;2024;18:30;1;92;92050;1;1;2;2;A86;;
536558763;20;12;2024;19:40;4;973;97302;2;1;1;3;FELIX EBOUE(ROCADE);;
536558764;16;4;2024;09:20;1;78;78158;1;1;2;2;A13;;
536558765;20;12;2024;08:15;1;973;97302;2;3;2;3;MADELEINE (ROUTE DE LA);;
536558766;15;4;2024;17:35;1;92;92050;1;9;2;3;A86;;
536558767;27;1;2024;13:40;1;13;13203;2;1;1;7;GIBBES (TRAVERSE);;
536558768;9;12;2024;14:52;1;69;69387;2;1;8;6;27 Rue des Girondins;;
536558769;15;4;2024;08:30;1;92;92023;1;1;1;3;RN385;;
536558770;27;1;2024;10:15;1;13;13208;2;1;1;1;JOSEPH VIDAL (PLACE);;
536558771;20;12;2024;07:50;2;69;69387;2;8;1;1;Rue Challemel Lacour;;
536558772;16;4;2024;19:40;1;93;93066;1;1;8;3;A1;;
536558773;20;12;2024;02:20;5;972;97209;1;1;2;6;ROCADE (RUE DE LA);;
536558774;27;1;2024;20:20;5;13;13005;2;1;1;3;RN 8;;
536558775;15;4;2024;17:50;1;93;93007;1;1;2;4;A3;;
536558776;20;12;2024;08:15;1;69;69202;2;3;8;3;103 Rue Commandant Charcot;;
536558777;27;1;2024;05:55;3;12;12145;1;1;5;1;CAVALERIE (COTE DE LA );;
536558778;20;12;2024;01:22;4;971;97101;1;1;1;7;ROUTE DE BOULIQUI;;
536558779;15;4;2024;15:30;1;93;93066;1;1;1;2;A1;;
536558780;6;9;2024;17:30;1;93;93010;2;2;1;1;GUESDES (RUE JULES);;
536558781;27;1;2024;18:32;2;01;01031;1;1;8;7;RD 984 D;;
536558782;19;12;2024;19:15;5;971;97113;1;1;1;3;BAS DU FORT;;
536558783;15;4;2024;11:50;1;92;92036;1;1;1;2;AUTOROUTE A15;;
536558784;23;1;2024;13:40;1;75;75116;2;3;2;7;AVENUE MARCEAU;;
536558785;20;12;2024;23:30;5;2A;2A004;2;1;1;7;21 Résidence les Coteaux de Timizzolo;;
536558786;6;9;2024;23:10;5;93;93005;2;1;1;3;JEAN CHARCOT [CD115] (RUE);;
536558787;16;4;2024;12:05;1;94;94028;1;1;2;3;A86;;
536558788;27;1;2024;19:40;5;75;75113;2;1;1;6;RUE DE DOMREMY;;
536558789;20;12;2024;21:30;5;95;95268;2;6;2;3;D84;;
536558790;6;9;2024;08:45;1;92;92049;2;1;1;3;JAURES AVENUE JEAN N°53 A FIN;;
536558791;26;1;2024;16:55;1;75;75111;2;3;1;2;BOULEVARD VOLTAIRE;;
536558792;16;4;2024;10:20;1;75;75112;1;1;2;3;A4;;
536558793;19;12;2024;16:34;1;87;87085;2;1;2;2;BAUDIN ( AVENUE) (VC);;
536558794;15;4;2024;18:30;1;94;94065;1;1;1;3;N186;;
536558795;27;1;2024;06:10;5;75;75108;2;3;1;1;AVENUE DE MARIGNY;;
536558796;6;9;2024;08:50;1;92;92020;2;3;1;1;VEDRINES RUE JULES;;
536558797;16;12;2024;20:10;3;84;84007;2;1;1;3;MADAME DE SÉVIGNÉ (RUE);;
536558798;15;2;2024;09:40;1;74;74012;2;1;1;6;FLORISSANT (AVENUE);;
536558799;27;1;2024;22:10;4;75;75107;2;3;1;7;QUAI BRANLY;;
536558800;6;9;2024;16:30;1;92;92036;2;1;1;6;13 Rue Auguste Renoir;;
536558801;3;2;2024;13:40;1;74;74010;2;1;1;1;MARQUISATS (AVENUE DES);;
536558802;20;12;2024;21:35;3;84;84007;2;6;1;3;FONCOUVERTE (AVENUE DE);;
536558803;27;1;2024;15:40;1;75;75104;2;2;1;7;RUE DU RENARD;;
536558804;15;2;2024;12:20;1;59;59646;2;1;1;6;Place de la République;;
536558805;6;9;2024;12:20;1;92;92026;2;2;7;2;PRÉSIDENT PAUL DOUMER (QUAI DU);;
536558806;20;12;2024;16:30;1;83;83137;2;3;6;6;FONTAN (AVE DU DOCTEUR);;
536558807;26;1;2024;13:17;1;75;75104;2;3;1;5;BOULEVARD BOURDON;;
536558808;6;9;2024;20:15;2;92;92025;2;1;1;6;VALMY (BD DE);;
536558809;15;2;2024;18:40;5;59;59574;2;2;1;3;DRAGUIGNAN(RUE DE);;
536558810;20;12;2024;07:30;5;83;83137;2;1;6;6;PICOT (AVE DU COLONEL);;
536558811;25;1;2024;08:40;2;75;75101;2;1;1;3;AVENUE GENERAL LEMONNIER;;
536558812;5;9;2024;20:50;3;92;92025;2;1;1;6;SOLFERINO (RUE   AV);;
536558813;15;2;2024;17:07;1;27;27229;2;6;1;6;FAUVILLE (RUE DE);;
536558814;26;1;2024;23:00;5;94;94068;2;1;1;6;Rue Garibaldi;;
536558815;19;12;2024;15:45;1;80;80021;1;1;1;2;Rue de Saveuse;;
536558816;6;9;2024;10:45;1;92;92014;2;9;1;6;MARECHAL JOFFRE (BD DU) (1 A 41 - 2 A 56;;
536558817;15;4;2024;10:15;1;976;97611;2;1;1;3;kaweni-Kaweni nord ( Z I );;
536558818;7;9;2024;02:30;3;28;28012;1;1;2;6;RD 126;;
536558819;27;1;2024;11:20;1;94;94046;2;2;1;3;Avenue de la République / Rue Michelet;;
536558820;20;12;2024;13:10;1;78;78517;1;9;8;3;D 151;;
536558821;11;4;2024;16:45;1;976;97611;2;1;1;1;mgombani-Mahabou (rue de );;
536558822;20;12;2024;07:35;3;77;77121;1;1;1;6;D471;;
536558823;27;1;2024;06:10;5;94;94017;2;1;1;2;Rue Georges Dimitrov;;
536558824;7;9;2024;12:17;1;14;14712;1;1;1;3;Route de Rouen;;
536558825;15;4;2024;12:15;1;974;97411;2;1;1;7;ETUDIANTS (ALLEE DES);;
536558826;20;12;2024;13:56;1;77;77284;2;9;1;3;D360;;
536558827;7;9;2024;14:45;1;59;59335;2;1;1;7;Rue des Fèves;;
536558828;15;4;2024;18:42;5;973;97302;1;6;1;7;CRIQUE FOUILLEE (ROND POINT);;