Num_Acc;jour;mois;an;hrmn;lum;dep;com;agg;int;atm;col;adr;lat;long
536559163;15;4;2024;19:45;1;25;25578;2;9;1;1;Rue Adelphe Daudey;;
536559164;4;9;2024;08:45;1;95;95212;1;1;1;3;N104;;
536559165;25;1;2024;19:00;5;84;84007;2;1;1;6;République (rue de la );;
536559166;16;4;2024;16:45;1;25;25195;2;3;2;1;Rue de la Gare;;
536559167;30;7;2024;20:00;1;40;40091;1;3;1;1;Route du Lac;;
536559168;4;9;2024;09:20;1;93;93005;1;1;1;2;AUTOROUTE A3;;
536559169;26;1;2024;15:45;1;83;83034;1;1;1;6;RUE DES 3 PINS;;
536559170;30;3;2024;03:30;5;44;44018;2;6;2;6;53 Rue de Nantes;;
536559171;29;7;2024;18:32;1;17;17091;1;9;1;3;les vrillandes neuv - D9;;
536559172;6;9;2024;08:15;1;77;77169;1;1;1;2;A4.Y;;
536559173;26;1;2024;14:00;1;82;82121;2;1;8;3;285 avenue de paris;;
536559174;15;4;2024;19:16;1;01;01374;1;1;1;1;Chemin du Pavillon;;
536559175;30;7;2024;15:50;1;23;23089;1;1;1;7;le Château Pointu;;
536559176;16;4;2024;11:30;1;01;01204;1;1;2;1;867 Route de Geneve;;
536559177;25;1;2024;10:40;1;81;81021;2;3;1;3;25 Boulevard du Languedoc;;
536559178;12;4;2024;18:45;1;14;14456;1;2;1;1;Route des Pédouze;;
536559179;14;4;2024;12:40;1;53;53190;1;1;1;7;Les Hautes Frogeries;;
536559180;16;4;2024;13:15;1;27;27258;1;1;1;7;rd 27;;
536559181;22;1;2024;16:55;1;81;81065;2;1;1;6;ALBERT 1° (AV);;
536559182;16;4;2024;07:31;1;27;27032;1;2;1;6;"rue du vivier // rue de la Haie d'Aumet - hameau ""la Sôgne"" - THOMER LA SOGNE";;
536559183;26;7;2024;08:45;1;37;37109;1;3;1;1;RD 367;;
536559184;15;4;2024;21:00;3;23;23015;1;1;3;6;Les Genets;;
536559185;26;1;2024;21:10;5;78;78498;2;1;1;2;QUARANTE SOUS ROUTE DE;;
536559186;5;3;2024;08:30;1;13;13077;2;6;1;3;LIBERTE (quai de la);;
536559187;30;7;2024;16:35;1;88;88158;2;3;1;7;Rue du Plateau;;
536559188;15;4;2024;17:35;1;37;37050;2;2;8;6;21 Avenue de la République;;
536559189;5;9;2024;10:45;1;974;97416;1;1;1;2;OLIVINES (RUE DES);;
536559190;26;1;2024;14:00;1;77;77083;2;1;1;6;COPERNIC (BOULEVARD);;
536559191;17;7;2024;17:05;1;10;10045;1;1;1;2;Beurey;;
536559192;16;4;2024;09:55;1;38;38530;1;1;1;5;D1006;;
536559193;5;9;2024;06:45;1;974;97416;1;1;1;2;RN3 (2);;
536559194;25;1;2024;19:30;3;77;77394;1;1;1;7;MEAUX   (ROUTE DE );;
536559195;15;4;2024;19:45;2;01;01301;2;1;1;6;154 Route de Bourg-en-bresse;;
536559196;31;7;2024;14:15;1;13;13044;1;1;1;1;D16;;
536559197;4;9;2024;16:10;1;974;97416;2;1;1;3;BOIS NOIRS (ALLEE DES) (1);;
536559199;26;1;2024;15:30;1;77;77276;1;6;1;3;RD 360;;
536559200;16;4;2024;01:00;3;988;98827;1;1;1;6;Col de Poya;;
536559201;26;1;2024;15:35;1;76;76705;1;6;1;6;Boulevard Gabriel Péri;;
536559202;30;7;2024;18:45;1;11;11076;2;1;8;1;378 Avenue Arnaut Vidal;;
536559203;3;9;2024;14:35;1;974;97411;2;2;1;3;OLIVIER (RUE JULES);;
536559204;16;4;2024;12:45;1;45;45324;2;1;1;6;D951 PR 63 + 54;;
536559205;26;1;2024;07:30;5;76;76575;2;2;2;6;Rue Georges Guynemer;;
536559206;31;7;2024;18:55;1;34;34022;2;3;1;3;route nationale 113;;
536559207;5;9;2024;15:30;1;69;69388;2;1;1;3;Rue Professeur Tavernier;;
536559208;6;4;2024;22:20;5;77;77440;2;1;1;1;D603 - rue de metz;;
536559209;30;7;2024;16:46;1;83;83150;1;1;1;2;D952;;
536559210;25;1;2024;08:15;2;76;76351;2;6;1;6;MARCEAU (RUE);;
536559212;16;4;2024;07:20;1;2A;2A114;1;1;1;1;RD622;;
536559213;4;9;2024;16:30;1;69;69387;2;3;1;7;Rue de l'Université;;
536559214;26;1;2024;02:30;5;76;76351;2;1;1;6;CLEMENCEAU (BD);;
536559215;31;7;2024;13:45;1;04;04143;1;1;1;3;D12;;
536559216;25;1;2024;08:06;2;76;76351;2;6;1;7;MARCEAU (RUE);;
536559217;5;9;2024;13:00;1;972;97209;2;9;2;6;MOUTTE (ROUTE DE);;
536559218;26;1;2024;18:00;5;76;76217;2;3;1;6;CANADIENS (AVENUE DES)  RN27;;
536559219;25;7;2024;14:00;1;13;13015;1;1;1;1;CD6;;
536559220;5;9;2024;16:40;1;2A;2A004;2;1;1;3;#MEZZAVIA ROUTE DE#;;
536559221;30;7;2024;21:35;5;67;67205;2;1;1;7;19 rue de l'industrie;;
536559222;26;1;2024;10:45;1;74;74305;2;2;1;6;VOIRONS (RUE DES);;
536559223;28;7;2024;19:25;1;55;55366;1;1;1;1;D994;;
536559224;4;9;2024;17:50;1;2A;2A004;2;1;1;3;PRINCE IMPERIAL COURS;;
536559225;26;1;2024;23:55;5;72;72181;2;1;1;6;BOEUFS MOTO CROSS (CHEMIN AUX);;
536559226;27;7;2024;05:40;2;38;38565;2;1;1;6;Quai des Chartreux;;
536559227;5;9;2024;10:30;1;95;95585;2;1;3;6;D125;;
536559228;26;1;2024;10:00;1;72;72181;2;1;2;6;OYON ALEXANDRE (BD);;
536559229;30;7;2024;20:50;2;38;38382;2;2;1;3;D1075;;
536559230;4;9;2024;15:58;1;95;95252;2;3;1;3;ALEXANDRE DUMAS (RUE);;
536559231;26;1;2024;16:35;1;69;69256;2;2;1;6;Rue Cuzin;;
536559232;30;7;2024;17:45;1;26;26271;1;2;1;3;Route du Dauphiné;;
536559233;5;9;2024;10:30;1;91;91377;2;1;2;1;AV SAINT MARC;;
536559234;24;1;2024;11:50;1;67;67462;2;1;2;3;CHARLEMAGNE (BOULEVRD);;
536559235;30;7;2024;08:41;1;69;69204;2;9;1;6;27 Avenue Georges Clémenceau;;
536559236;26;1;2024;17:10;1;64;64445;2;1;1;7;ALFRED NOBEL;;
536559237;31;7;2024;09:20;1;33;33056;2;1;1;3;Avenue du Général de Gaulle;;
536559238;5;9;2024;20:16;2;84;84007;2;6;1;1;AMANDIER (AVENUE DE L');;
536559239;25;1;2024;17:42;1;64;64102;2;1;1;6;BERNEDE (RUE);;
536559240;21;7;2024;17:13;1;14;14762;1;1;1;1;La Gréardière;;
536559241;5;9;2024;18:45;1;83;83126;2;1;1;6;MERLE (BD TOUSSAINT);;
536559242;26;1;2024;20:37;5;63;63113;2;5;2;6;JOUHAUX (BD LEON);;
536559243;30;7;2024;20:15;1;56;56241;2;1;1;2;Rue du Port Vihan;;
536559244;4;9;2024;05:20;5;83;83129;2;6;8;3;JUIN MARECHAL (AV DU);;
536559245;29;7;2024;20:30;1;22;22008;1;2;1;1;Rue de la Croix Jean Gicquel;;
536559246;18;1;2024;15:45;1;63;63113;2;8;1;3;Voie tram : TORPILLEUR SIROCCO / Solayer;;
536559247;4;9;2024;15:45;1;80;80021;2;1;1;3;ALEXANDRE DUMAS (RUE);;
536559248;26;1;2024;18:30;3;59;59599;2;9;1;6;Avenue de la Fin de la Guerre;;
536559249;26;7;2024;14:40;1;62;62014;2;3;1;1;Rue du Sac;;
536559250;6;9;2024;00:50;3;78;78299;2;1;1;6;Boulevard Michelet;;
536559251;26;1;2024;07:55;2;59;59378;2;1;2;6;Boulevard Clémenceau;;
536559252;26;7;2024;16:50;1;59;59614;1;1;1;6;D113;;
536559253;5;9;2024;18:40;1;77;77326;1;1;1;6;D. 50;;
536559254;26;1;2024;04:05;3;54;54395;2;1;1;6;Place des Vosges;;
536559255;30;7;2024;18:20;1;13;13212;1;1;1;2;A507 sens Marseille - Aubagne;;
536559256;5;9;2024;06:35;3;77;77186;1;2;3;1;RD606. de la rochette à l'obélisque;;
536559257;25;1;2024;18:45;5;54;54304;2;2;2;3;Boulevard du Maréchal Foch;;
536559258;30;7;2024;11:40;1;13;13211;1;1;1;2;A50-Sens Aubagne vers Marseille;;
536559259;4;9;2024;20:30;5;76;76351;2;2;1;3;EUGENE MOPIN (RUE);;
536559260;25;1;2024;14:00;1;54;54274;2;3;1;3;Avenue de la Malgrange;;
536559261;30;7;2024;08:40;1;13;13033;1;1;1;3;A55-Sens Marseille vers Martigues;;
536559262;3;9;2024;17:40;1;76;76351;2;3;1;3;BOUTEILLERIE (DE LA);;
536559263;26;1;2024;07:50;5;51;51454;2;1;2;6;KOENIG (RUE DU GENERAL);;
536559264;5;9;2024;05:50;3;73;73065;2;3;3;1;D912 GRANDE CHARTREUSE (AVENUE DE LA);;
536559265;26;1;2024;06:40;5;51;51454;2;1;1;6;CRENEAUX (RUE DES);;
536559266;5;9;2024;20:00;2;67;67218;2;1;3;6;ALSACE (RUE D );;
536559267;30;7;2024;08:05;1;83;83144;1;1;1;4;A57;;
536559268;25;1;2024;20:25;5;50;50129;2;1;1;6;MENDES FRANCE (BOULEVARD);;
536559269;5;9;2024;01:00;5;67;67043;2;1;2;3;BISCHWILLER (ROUTE DE);;
536559270;25;1;2024;05:19;5;49;49007;2;1;2;3;GAULLE BOULEVARD CHARLES DE;;
536559271;5;9;2024;08:25;1;66;66136;2;1;1;6;Chemin de Saint-Roch;;
536559272;24;7;2024;23:15;5;69;69266;1;1;1;4;Boulevard Périphérique Nord;;
536559273;25;1;2024;07:56;5;49;49007;1;1;1;2;ATLANTIQUE  AVENUE DE L';;
536559274;5;9;2024;14:10;1;65;65440;2;9;1;3;PARC DES EXPOSITIONS (ROND-POINT);;
536559275;24;7;2024;16:45;1;59;59343;1;1;1;2;AUTOROUTE A1;;
536559276;24;1;2024;07:40;5;49;49007;2;1;2;3;PYRAMIDE ROUTE;;
536559277;5;9;2024;13:20;1;64;64545;1;1;1;1;RD810;;
536559278;26;1;2024;19:10;5;44;44109;2;1;1;6;1 Rue du Ballet;;
536559279;5;9;2024;15:50;1;64;64445;2;1;1;7;LARRIBAU;;
536559280;30;7;2024;16:45;1;93;93078;1;1;1;4;AUTOROUTE A104;;
536559281;26;1;2024;13:00;1;43;43157;2;6;1;7;69 Avenue Marechal Foch;;
536559282;5;9;2024;14:50;1;64;64445;2;6;1;3;POUGUET;;
536559283;5;9;2024;07:35;1;64;64445;2;1;1;6;CHAMPETIER DE RIBES;;
536559284;25;1;2024;17:00;1;42;42223;2;6;1;2;Route des Monts d’Urfee;;
536559285;30;7;2024;16:50;1;93;93078;1;1;1;5;AUTOROUTE A104;;
536559286;26;1;2024;08:05;2;41;41018;2;1;1;6;MAUNOURY (AVENUE DE MARECHAL);;
536559287;21;8;2024;12:45;1;62;62765;2;1;7;6;Quai du Commerce;;
536559288;26;1;2024;06:40;5;38;38185;2;1;1;3;RUE DES ALLIÉS;;
536559289;1;9;2024;16:40;1;62;62757;2;1;1;2;D928;;
536559290;26;1;2024;12:08;1;37;37261;2;2;3;6;HEURTELOUP (BOULEVARD);;
536559291;30;7;2024;16:10;1;93;93066;1;1;1;4;AUTOROUTE A1;;
536559292;5;9;2024;12:10;1;62;62523;2;1;1;3;D162E1;;
536559293;25;1;2024;20:30;5;37;37261;2;7;1;6;PERE GORIOT (RUE DU);;
536559294;4;9;2024;15:20;1;62;62570;2;6;1;3;D262;;
536559295;26;1;2024;15:00;1;35;35281;1;1;1;3;NATIONALE;;
536559296;30;7;2024;15:20;1;93;93013;1;1;1;2;AUTOROUTE A1;;
536559297;23;8;2024;13:05;1;62;62498;2;9;1;3;Rue de Londres;;
536559298;26;1;2024;08:15;5;35;35238;2;3;2;6;MOUNIER (BD EMMANUEL);;
536559299;30;7;2024;10:45;1;93;93066;1;1;1;4;AUTOROUTE A1;;
536559300;5;9;2024;13:10;1;62;62193;2;1;1;3;Rue du Groupe Normandie Niemen;;
536559301;26;1;2024;22:00;5;34;34301;2;1;1;2;VERDUN (BOULEVARD DE);;
536559302;30;7;2024;05:00;3;93;93008;1;1;1;6;AUTOROUTE A86;;
536559303;4;9;2024;11:20;1;60;60159;2;3;1;6;Jeanne d'Arc     ( Rue);;
536559305;30;7;2024;23:15;3;95;95351;1;1;1;3;N104;;
536559307;6;9;2024;01:00;5;59;59350;2;1;1;6;Rue du Quai;;
536559308;29;7;2024;22:20;5;95;95527;1;1;1;2;A3;;
536559309;5;9;2024;20:08;1;56;56260;2;2;1;6;Rue Henri Dunant;;
536559310;26;1;2024;16:20;1;29;29232;2;1;1;4;Route de Rosporden;;
536559311;4;9;2024;16:37;1;51;51454;2;3;1;7;POINCARE (RUE RAYMOND);;
536559312;29;7;2024;16:30;1;93;93013;1;1;1;4;AUTOROUTE A1;;
536559313;29;7;2024;14:00;1;95;95488;1;1;1;6;A15;;
536559314;26;1;2024;18:55;5;26;26198;1;3;1;3;Avenue de Gournier;;
536559315;31;8;2024;19:00;1;50;50502;2;2;1;3;EXODE;;
536559316;25;1;2024;18:15;5;25;25284;2;1;2;6;BETHONCOURT (ROUTE DE );;
536559317;19;8;2024;00:00;3;49;49099;1;1;1;2;RD 20;;
536559318;30;7;2024;19:45;1;77;77058;1;1;1;4;A4;;
536559319;26;1;2024;07:30;5;25;25056;2;1;1;1;BLUM BOULEVARD LEON (entre 51 ET  90);;
536559320;5;9;2024;04:20;5;49;49007;2;1;1;6;CROIX BLANCHE RUE ET SQUARE;;
536559321;29;7;2024;16:50;1;77;77373;1;1;1;6;RN104;;
536559322;4;9;2024;22:40;5;49;49007;2;1;1;3;SAUMUROISE IMPASSE ET RUE;;
536559323;29;7;2024;12:50;1;45;45208;2;1;1;6;D943 PR 0 + 780;;
536559324;25;1;2024;21:15;5;14;14118;2;1;1;2;4 Boulevard Richemond;;
536559325;5;9;2024;10:34;1;45;45232;2;1;2;3;D2020 PR 40 + 408;;
536559326;28;5;2024;17:25;1;43;43089;2;1;1;7;Route de Langeac;;
536559327;25;1;2024;21:30;5;14;14118;2;3;1;3;126 Boulevard Raymond Poincaré;;
536559328;30;5;2024;05:50;5;43;43157;2;1;7;6;Place du Breuil;;
536559329;5;9;2024;08:00;1;45;45234;2;6;2;1;Rue du Chapeau Rouge;;
536559330;25;1;2024;19:05;5;14;14118;2;1;2;7;Avenue Amiral Mountbatten;;
536559331;30;5;2024;16:20;1;74;74012;2;1;1;4;THONON (ROUTE DE);;
536559332;5;9;2024;07:35;1;45;45284;1;1;2;3;RN 60;;
536559333;26;1;2024;11:00;1;13;13043;2;1;1;2;ROVE (AV DU );;
536559334;5;9;2024;14:00;1;45;45208;2;1;1;2;32 Rue Emile Decourt;;
536559335;25;5;2024;02:30;5;57;57019;2;1;1;7;CD47;;
536559336;29;7;2024;07:10;2;973;97302;2;6;1;7;GIRATOIRE MARINGOUINS;;
536559337;25;1;2024;13:10;1;13;13054;2;2;1;3;SIGNORE (BD DE LA );;
536559338;5;9;2024;07:00;2;44;44184;2;1;3;3;38 Rue Gabriel Fauré;;
536559339;28;7;2024;22:25;5;973;97302;2;1;1;2;MERE THERESA (rue);;
536559340;25;1;2024;09:00;1;11;11069;2;3;1;3;36 Avenue du Général Leclerc;;
536559341;3;9;2024;21:30;2;44;44109;2;5;1;1;10 Quai Moncousu;;
536559342;27;7;2024;11:10;1;972;97209;2;2;1;3;VICTOR CORIDUN (AVENUE);;
536559343;5;9;2024;11:30;1;37;37214;2;1;2;2;MAISONS BLANCHES (QUAI DES);;
536559344;23;1;2024;17:45;5;06;06027;2;1;1;4;Promenade de la Plage;;
536559345;5;9;2024;19:45;1;36;36159;2;1;8;1;Avenue de la Forêt;;
536559346;29;7;2024;01:26;5;69;69387;2;1;1;6;Rue Montesquieu;;
536559347;26;1;2024;18:50;5;01;01053;2;3;2;6;boulevard de brou;;
536559348;5;9;2024;04:30;5;35;35238;2;2;2;3;FREVILLE (AVENUE HENRI);;
536559349;25;1;2024;22:30;5;75;75120;2;1;1;7;ECHANGEUR BAGNOLET;;
536559350;29;7;2024;22:40;5;2B;2B033;2;6;1;3;GIACCOBBI - AV PAUL;;
536559351;5;9;2024;17:10;1;34;34172;2;1;1;3;MOULINS (AVENUE DES;;
536559352;26;1;2024;06:00;5;75;75105;2;3;2;6;RUE DES ECOLES;;
536559353;29;7;2024;18:58;1;2B;2B120;1;1;1;2;LAGUNE (Route de la) D107;;
536559354;4;9;2024;09:33;1;34;34003;2;6;1;3;MONACO (F16 A G15;;
536559355;27;7;2024;15:00;1;971;97101;1;1;1;6;PERRIN (SECTEUR);;
536559356;26;1;2024;08:25;2;75;75120;2;4;2;5;AVENUE GAMBETTA;;
536559358;26;1;2024;07:40;5;75;75117;2;1;2;6;BOULEVARD DU FORT DE VAUX;;
536559359;29;7;2024;09:45;1;2A;2A004;1;1;1;2;ALATA ROUTE;;
536559360;5;9;2024;15:20;1;27;27681;1;3;3;3;IVRY (ROUTE D');;
536559361;29;7;2024;13:40;1;95;95277;2;1;1;6;BELLE ETOILE (RUE DE LA);;
536559362;26;1;2024;00:10;5;75;75115;2;3;1;1;AVENUE DU MAINE;;
536559363;5;9;2024;19:40;1;27;27229;2;2;1;2;VERNON (RUE DE);;
536559364;29;7;2024;09:45;1;95;95280;2;3;1;1;ALBERT SARRAUT (AVENUE);;
536559365;24;1;2024;14:35;1;75;75114;2;3;1;3;RUE FROIDEVAUX;;
536559366;5;9;2024;14:08;1;27;27229;2;1;2;7;VAL ITON (RUE DU);;
536559367;29;7;2024;06:55;1;95;95555;2;6;1;6;CRESSONNIERES (RUE DES);;
536559368;5;9;2024;18:45;1;26;26362;2;1;1;6;Avenue Victor Hugo;;
536559369;29;7;2024;06:15;1;95;95127;2;6;1;3;HAUT PAVE (AVENUE DU);;
536559370;26;1;2024;10:50;1;75;75113;2;2;1;6;RUE CLISSON;;
536559371;5;9;2024;07:35;1;26;26362;2;1;3;6;Avenue Docteur Paul Santy;;
536559372;26;1;2024;21:30;3;75;75112;2;2;1;3;RUE DE CHARENTON;;
536559373;5;9;2024;19:40;1;26;26198;2;1;1;1;Rue Léon Blum;;
536559374;29;7;2024;05:05;5;95;95218;2;3;1;2;N184;;
536559375;25;5;2024;05:50;1;75;75117;2;3;1;7;BOULEVARD PERSHING;;
536559376;25;1;2024;22:45;5;75;75111;2;3;2;3;BOULEVARD VOLTAIRE;;
536559377;24;5;2024;10:50;1;75;75114;2;1;1;7;BOULEVARD BRUNE;;
536559378;5;9;2024;08:20;1;25;25204;2;4;3;3;Champ d'anis  (avenue);;
536559379;29;7;2024;17:40;1;95;95018;2;9;1;2;D392;;
536559380;25;1;2024;08:55;1;75;75103;2;2;8;6;RUE REAUMUR;;
536559381;29;7;2024;06:30;2;91;91421;2;1;1;6;CORBEIL (ROUTE DE);;
536559382;6;5;2024;18:05;1;75;75111;2;3;1;3;RUE DU CHEMIN VERT;;
536559383;5;9;2024;07:37;5;19;19031;2;2;1;3;MIRABEAU (BOULEVARD) COTE SUD;;
536559384;26;1;2024;17:40;5;94;94058;2;1;1;2;Rue d'Avron;;
536559385;29;7;2024;11:10;1;91;91027;2;1;1;3;AV HENRI DUNANT;;
536559386;25;5;2024;11:18;1;75;75110;2;4;1;3;BOULEVARD DE MAGENTA;;
536559387;4;9;2024;08:30;1;19;19031;2;3;1;3;BRUNE (BOULEVARD);;
536559388;26;1;2024;19:30;5;94;94022;2;3;1;6;Av de Villeneuve Saint Georges / Rue Théophile Ducloux;;
536559389;29;7;2024;19:30;1;89;89236;2;1;1;2;D 606;;
536559390;25;5;2024;09:30;1;75;75108;2;3;1;7;COURS LA REINE;;
536559391;25;1;2024;16:30;2;94;94073;2;2;1;3;Avenue du Général Leclerc / Av du Mal de Lattre de Tassigny;;
536559392;5;9;2024;11:15;1;18;18033;2;2;1;1;47 Rue des Fonds Gaidons;;
536559393;25;5;2024;19:45;1;75;75115;2;1;1;3;BOULEVARD VICTOR;;
536559394;9;7;2024;15:25;1;88;88160;2;2;1;3;BOULAY-DE-LA-MEURTHE (RUE);;
536559395;26;7;2024;12:19;1;87;87085;2;1;1;6;KENNEDY (AVENUE DU PRESIDENT JOHN);;
536559396;26;1;2024;20:20;5;93;93046;2;2;1;2;Avenue de Livry / Chemin de la Mare au Chanvre;;
536559397;25;5;2024;15:00;1;75;75107;2;3;1;2;QUAI D ORSAY;;
536559398;5;9;2024;08:00;1;13;13054;2;2;1;3;FIGUERES (RUE DES );;
536559399;29;7;2024;05:35;3;85;85194;2;1;1;7;Boulevard du vendée globe;;
536559400;26;1;2024;12:50;1;93;93070;2;1;1;2;Rue Ardoin;;
536559401;25;5;2024;18:15;1;75;75103;2;2;1;6;RUE RAMBUTEAU;;
536559402;29;7;2024;12:38;1;85;85191;2;1;1;6;Rue du maréchal ney;;
536559403;5;9;2024;18:00;1;13;13209;2;3;1;3;REDON (BOULEVARD DU);;
536559404;26;1;2024;08:00;2;93;93066;2;1;2;3;Rue Pleyel;;
536559405;25;5;2024;11:30;1;75;75101;2;7;1;4;RUE DE RICHELIEU;;
536559406;12;7;2024;18:15;1;84;84007;2;2;1;3;C.De GAULLE (Rocade);;
536559407;26;1;2024;07:55;3;93;93064;2;3;2;6;Rue Marcellin Berthelot / Rue Victor Hugo;;
536559408;5;9;2024;06:45;2;13;13213;1;1;1;5;ESCADRILLE NORMANDIE NIEMEN;;
536559409;25;5;2024;06:50;2;94;94074;2;3;1;2;Avenue Henri Barbusse / Rue Michelet;;
536559410;4;9;2024;11:05;1;13;13215;2;1;2;2;MADRAGUE VILLE (chemin de la);;
536559411;29;7;2024;12:15;1;84;84007;2;6;1;3;AMANDIER (Avenue de l');;
536559412;26;1;2024;14:08;1;93;93047;2;3;1;3;Avenue Jean Jaurès / Avenue des Rosières;;
536559413;25;5;2024;13:05;1;94;94071;2;3;1;6;Rue du Grand Val / Rue Maurice Berteaux;;
536559414;26;1;2024;22:00;3;93;93010;2;1;1;3;Rue Louis Auguste Blanqui;;
536559415;5;9;2024;20:55;5;13;13001;2;2;1;3;BAUDOIN ALBERT (AV);;
536559416;29;7;2024;19:10;1;83;83137;2;1;1;4;VILLEVIEILLE (ROND POINT);;
536559417;25;5;2024;17:00;1;93;93078;2;6;1;3;Route de Villepinte / Avenue Vauban;;
536559418;26;1;2024;01:25;5;93;93007;2;3;2;7;Avenue Paul Vaillant Couturier / Rue de Londres;;
536559420;29;7;2024;14:10;1;81;81065;2;2;7;3;CHAPTAL (RUE JEAN);;
536559421;25;5;2024;12:20;1;93;93064;2;1;1;1;Rue de Lisbonne;;
536559422;4;9;2024;09:43;1;10;10387;2;1;1;2;Place Robert Galley;;
536559423;26;1;2024;13:45;1;93;93005;2;2;1;7;Boulevard de Strasbourg / Rue de Reims;;
536559424;29;7;2024;07:20;1;78;78688;2;2;1;2;ROUTE DE GUYANCOURT;;
536559425;25;5;2024;21:20;2;93;93033;2;7;1;3;Place Churchill / Avenue des Princes / Rue des Fougères;;
536559426;26;1;2024;15:40;1;92;92022;2;1;7;2;COTEAU (RUE DU);;
536559427;5;9;2024;17:45;1;09;09122;2;9;1;3;FAURE (COURS GABRIEL);;
536559428;28;7;2024;18:15;1;77;77251;1;1;1;1;AV MARGUERITE PEREY;;
536559429;23;1;2024;09:40;1;92;92022;2;1;1;6;FRANCE (RUE ANATOLE);;
536559430;25;5;2024;14:10;1;93;93079;2;3;1;6;Rue Étienne Fajon / Rue du 19 Mars 1962;;
536559431;27;8;2024;16:32;1;05;05061;2;1;1;2;Avenue de Provence;;
536559432;29;7;2024;11:30;1;77;77058;1;1;1;1;MARIE CURIE  (AVENUE);;
536559433;26;1;2024;11:00;1;92;92064;2;2;2;3;PORTE JAUNE;;
536559434;25;5;2024;13:30;1;93;93001;2;5;1;3;Avenue du Président Roosevelt / Boulevard Anatole France;;
536559435;5;9;2024;18:00;1;75;75117;2;1;2;3;BOULEVARD PERIPHERIQUE INTERIEUR OUEST;;
536559436;25;5;2024;09:40;1;92;92022;2;1;1;7;SALENGRO (AVENUE ROGER);;
536559437;29;7;2024;20:25;1;76;76540;2;2;1;3;Quai Cavelier de la Salle;;
536559438;5;9;2024;11:04;1;75;75112;2;1;2;3;BOULEVARD PERIPHERIQUE EXTERIEUR SUD;;
536559439;26;1;2024;14:00;1;92;92036;2;6;1;3;MARCEL PAUL (AVENUE) (1/103);;
536559440;24;5;2024;17:27;1;92;92048;2;1;1;7;PAVE DES GARDES (ROUTE DU);;
536559441;29;7;2024;07:50;1;76;76640;1;1;1;2;Rue de Louviers;;
536559442;25;5;2024;00:10;5;92;92019;2;1;1;6;DIVISION LECLERC (AVENUE DE LA);;
536559443;5;9;2024;05:15;5;75;75120;2;1;2;5;BOULEVARD PERIPHERIQUE;;
536559444;26;1;2024;08:45;1;92;92036;2;3;2;4;GENERAL DE GAULLE (AVENUE) (PAIRS);;
536559445;25;5;2024;12:35;1;92;92012;2;1;1;2;POINT DU JOUR (RUE DU);;
536559446;29;7;2024;00:05;5;76;76351;2;2;1;3;FLEURUS (DE);;
536559447;5;9;2024;00:30;5;75;75115;2;4;1;6;BOULEVARD PERIPHERIQUE INTERIEUR SUD;;
536559448;26;1;2024;20:40;5;92;92025;2;2;1;3;COLBERT  55 A 113   42 A 102 (RUE);;
536559449;25;7;2024;23:30;5;76;76351;2;1;1;7;JEAN JAURES (AVENUE);;
536559450;25;5;2024;13:10;1;92;92007;2;1;1;2;BRIAND (AVENUE ARISTIDE) N° 100 A 160;;
536559451;4;9;2024;11:55;1;75;75112;2;1;1;3;BOULEVARD PERIPHERIQUE EXTERIEUR NORD;;
536559452;26;1;2024;12:33;1;92;92023;2;1;8;6;PAUL VAILLANT COUTURIER (RUE);;
536559453;28;7;2024;18:50;1;76;76351;2;2;1;7;PAUL VERLAINE (AVENUE);;
536559454;25;5;2024;19:15;1;37;37200;2;3;1;3;2 Rue de la Besneraie;;
536559455;5;9;2024;18:59;1;75;75106;2;1;1;3;BOULEVARD SAINT MICHEL;;
536559456;26;1;2024;18:35;5;92;92002;2;6;1;3;LEWISHAM (PLACE DE);;
536559457;28;7;2024;04:30;4;69;69271;1;4;1;6;Route de Lyon;;
536559458;26;5;2024;11:30;1;76;76115;1;2;1;3;intersection D28/D109;;
536559459;28;7;2024;13:54;1;66;66136;2;1;1;6;JOFFRE (AVENUE DU MARECHAL CD 88);;
536559460;26;1;2024;16:50;2;92;92002;2;6;1;3;ANDRE CHENIER (RUE 1 A 25);;
536559461;5;9;2024;21:20;5;75;75120;2;7;1;2;ECHANGEUR VINCENNES;;
536559462;29;7;2024;12:45;1;64;64260;2;1;1;7;Boulevard du général de gaulle;;
536559463;26;5;2024;02:45;5;11;11193;2;2;1;6;RD 209, grande rue;;
536559464;26;1;2024;15:40;1;92;92002;2;1;1;6;ADOLPHE PAJEAUD (RUE);;
536559465;5;9;2024;20:20;4;75;75120;2;2;1;3;RUE DES PYRENEES;;
536559466;28;7;2024;20:15;1;64;64102;2;1;1;2;RAYMOND DE MARTRES (AVENUE);;
536559467;26;1;2024;18:15;5;39;39487;2;1;2;6;47 Rue de Genève;;
536559468;5;9;2024;16:20;1;75;75120;2;1;2;2;BOULEVARD PERIPHERIQUE;;
536559469;26;5;2024;10:25;1;71;71047;1;3;2;3;D973;;
536559470;4;9;2024;13:30;1;75;75120;2;3;1;3;RUE JEAN VEBER;;
536559471;26;5;2024;15:00;1;2A;2A362;1;1;1;6;D268;;
536559472;25;7;2024;13:55;1;61;61169;2;6;1;3;D424;;
536559473;26;1;2024;16:50;2;62;62461;2;1;7;2;D928;;
536559474;24;5;2024;17:08;1;57;57177;2;1;1;6;Route de Loudrefing;;
536559475;29;7;2024;18:55;1;59;59656;2;1;1;6;Rue des Frères Saint-Léger;;
536559476;5;9;2024;12:43;1;75;75119;2;4;2;2;RUE DAVID D ANGERS;;