Num_Acc;jour;mois;an;hrmn;lum;dep;com;agg;int;atm;col;adr;lat;long
536559477;25;5;2024;10:30;1;27;27306;1;1;1;1;rue des moisonneurs;;
536559478;29;7;2024;19:30;1;59;59599;2;1;1;1;SCHUMAN (RUE ROBERT);;
536559479;4;9;2024;21:15;5;75;75116;2;2;1;2;RUE DE LA POMPE;;
536559480;26;5;2024;16:00;1;54;54213;1;1;1;7;D132;;
536559481;28;7;2024;02:30;4;58;58194;2;1;2;6;REPUBLIQUE (BOULEVARD);;
536559482;5;9;2024;14:25;1;75;75115;2;2;2;6;RUE BELLART;;
536559483;26;5;2024;10:00;1;974;97413;2;1;1;6;40 Chemin Departemental 25;;
536559484;27;7;2024;11:45;1;58;58194;2;1;1;7;BARATTE (FAUBOURG);;
536559485;5;9;2024;17:00;1;75;75114;2;4;2;6;AVENUE DU GENERAL LECLERC;;
536559486;25;5;2024;15:40;1;65;65101;1;2;1;2;D817;;
536559487;25;7;2024;17:35;1;56;56260;2;1;1;6;Rue Théophraste Renaudot;;
536559488;4;9;2024;13:55;1;75;75115;2;3;1;1;RUE OLIVIER DE SERRES;;
536559489;28;7;2024;06:52;2;54;54395;2;1;1;6;boulevard du 21ème RA;;
536559490;5;9;2024;11:50;1;75;75113;2;1;2;6;RUE DE L AMIRAL MOUCHEZ;;
536559491;25;5;2024;18:45;1;56;56137;1;3;8;3;Lieu Dit Guernevé;;
536559492;5;9;2024;06:35;2;75;75114;2;3;3;6;BOULEVARD JOURDAN;;
536559493;27;7;2024;15:55;1;54;54257;1;5;2;1;route de Mirecourt;;
536559494;5;9;2024;08:30;1;75;75113;2;1;3;6;PLACE JEANNE D ARC;;
536559495;26;5;2024;11:50;1;76;76441;2;3;1;1;Rue Andre Carpentier;;
536559496;29;7;2024;16:39;1;54;54261;1;1;1;2;Rue du Côteau;;
536559497;5;9;2024;07:50;2;75;75114;2;1;3;6;RUE RAYMOND LOSSERAND;;
536559498;25;5;2024;11:25;1;2B;2B050;2;1;1;6;zone industrielle cantone;;
536559499;28;7;2024;09:00;1;51;51454;2;1;1;7;JAMOT (PLACE PAUL);;
536559500;5;9;2024;09:30;1;94;94044;2;1;3;3;Rue Marius Dantz;;
536559501;25;5;2024;07:30;1;82;82171;1;1;1;6;D14 route de beaumont de lomagne;;
536559502;16;7;2024;20:00;1;49;49099;2;3;1;3;CALMETTE (RUE ALBERT);;
536559503;5;9;2024;10:35;1;94;94018;2;3;8;1;Quai de Bercy;;
536559504;27;7;2024;11:10;1;46;46042;2;1;1;2;ORMEAUX (COTE DES);;
536559505;4;9;2024;14:40;1;93;93073;1;3;1;3;Rue de Dublin / Rue de Paris;;
536559506;25;5;2024;20:00;1;63;63265;1;3;1;3;Puy Renard;;
536559507;21;7;2024;18:10;1;45;45068;2;6;1;6;2 Rue Roger Salengro;;
536559508;5;9;2024;16:50;1;93;93062;2;2;2;3;Allée des Sapins / Allée du Plateau;;
536559509;28;7;2024;05:20;3;40;40279;1;1;1;6;RD 524;;
536559510;26;5;2024;16:55;1;34;34186;2;1;1;7;pk 12 D157;;
536559511;5;9;2024;12:30;1;93;93051;2;2;2;3;Rue Pierre Brossolette / Rue de Verdun;;
536559512;29;7;2024;07:55;1;38;38516;2;1;1;2;D1090;;
536559513;26;5;2024;05:45;2;25;25356;1;1;1;6;D437 Village des Bichets;;
536559514;5;9;2024;08:35;1;93;93062;2;4;3;3;Allée des Sapins / Boulevard de l'Est;;
536559515;29;7;2024;05:30;5;34;34301;2;1;1;6;ROUGET DE LISLE (RUE);;
536559516;14;7;2024;19:30;1;34;34301;2;1;1;2;HIRONDELLES (CHEMIN DES);;
536559517;19;5;2024;03:45;5;25;25015;1;3;1;3;Zone Industrielle Grands Bois;;
536559518;25;5;2024;15:00;1;29;29293;2;1;1;6;Rue Saint Philibert;;
536559519;29;7;2024;10:05;1;29;29232;2;1;1;4;Route de Pont l'Abbe;;
536559520;25;5;2024;23:20;3;29;29106;1;3;3;6;Kerneon;;
536559521;7;5;2024;23:15;3;29;29212;1;1;1;6;route de l'Arvor;;
536559522;29;7;2024;17:25;1;29;29019;2;2;1;3;boulevard de l'Europe;;
536559523;25;7;2024;16:56;1;22;22113;2;1;1;2;DE BROGLIE (RUE DE);;
536559524;27;7;2024;15:35;1;14;14333;2;9;1;6;8 Chemin le Grand Bouloir;;
536559525;26;5;2024;13:15;1;02;02422;2;4;1;3;2 Rue de Vadencourt;;
536559526;25;5;2024;16:00;1;03;03292;1;1;1;6;la vernaie tronget 03240;;
536559527;29;7;2024;19:00;1;13;13054;2;1;1;2;HENRI DUNANT (AV );;
536559528;26;5;2024;20:35;1;05;05164;1;1;1;3;pont de Savines-le-lac, route nationale 94;;
536559529;30;7;2024;00:40;5;13;13212;2;1;1;3;SALETTE (TRAVERSE DE LA);;
536559530;26;5;2024;00:45;3;60;60692;2;1;1;7;Rue d'Hardivillers;;
536559531;29;7;2024;20:37;1;13;13207;2;1;1;3;DECAZES (RUE);;
536559533;26;5;2024;05:35;2;21;21423;1;1;1;6;Grande Rue de Laborde;;
536559534;29;7;2024;20:35;1;13;13206;2;1;1;2;TOULON (AVENUE DE);;
536559535;26;5;2024;14:56;1;87;87132;1;1;1;6;MONT MASPERTUIS;;
536559536;18;5;2024;16:15;1;52;52407;1;1;3;1;D674;;
536559537;29;7;2024;06:15;3;13;13047;1;1;1;6;Cabane Noire (Route de la);;
536559538;25;5;2024;18:20;1;06;06152;1;1;1;3;1655 Route de Cannes;;
536559539;29;7;2024;19:45;1;13;13004;1;1;1;4;RTE N570 AVIGNON STES MARIES;;
536559540;28;7;2024;17:55;1;10;10357;1;1;1;6;D619;;
536559541;26;5;2024;06:00;2;63;63195;1;1;1;2;Autoroute 89 - PK 419+650 - Sens BORDEAUX/YON;;
536559542;29;7;2024;15:30;1;09;09225;2;1;1;1;BELPECH ROUTE DE;;
536559543;25;5;2024;16:53;1;83;83001;1;1;1;6;A8 voie nord, bretelle de sortie n° 39;;
536559544;26;5;2024;08:30;1;68;68059;1;1;1;3;Autoroute A36 PK 007+800 sens MULHOUSE - BELFORT;;
536559545;29;7;2024;20:00;1;06;06004;2;1;1;3;2015 Route de Grasse;;
536559546;25;5;2024;19:10;1;06;06088;1;1;1;7;Bretelle Sortie N°50 A8 - Nice ouest;;
536559547;29;7;2024;12:10;1;75;75115;2;2;1;3;RUE DE LA CROIX NIVERT;;
536559548;24;5;2024;07:48;1;06;06088;1;1;1;6;A8 PK 189.000;;
536559549;28;7;2024;18:10;1;75;75117;2;1;1;6;BD PERIPHERIQUE EXTERIEUR;;
536559550;25;5;2024;22:05;3;77;77333;1;1;1;6;Autoroute A6, PK 072+750, dans le sens Paris vers Province;;
536559551;29;7;2024;15:05;1;75;75119;2;2;1;3;AVENUE CORENTIN CARIOU;;
536559552;29;7;2024;21:10;2;75;75118;2;2;1;6;RUE ORDENER;;
536559553;25;5;2024;16:50;1;974;97417;1;1;2;2;Route Nationale 2 le Tremblet;;
536559554;28;7;2024;22:00;5;75;75115;2;5;1;6;Rond-point du Pont Mirabeau;;
536559555;25;5;2024;11:15;1;972;97224;2;1;1;1;9 Rue Schoëlcher;;
536559556;28;7;2024;06:45;1;75;75115;2;7;1;6;BOULEVARD GARIBALDI;;
536559557;26;5;2024;02:25;3;77;77192;1;1;1;1;Route département 402;;
536559558;29;7;2024;09:04;1;75;75113;2;2;1;3;QUAI FRANCOIS MAURIAC;;
536559559;25;5;2024;13:10;1;34;34135;1;1;1;3;D37;;
536559560;29;7;2024;21:30;1;75;75111;2;2;1;6;AVENUE PARMENTIER;;
536559561;26;5;2024;19:00;1;83;83071;2;1;1;3;27 Rue Pierre Curie;;
536559562;26;5;2024;11:30;1;83;83035;1;4;1;3;Dn8;;
536559563;29;7;2024;07:37;1;94;94042;2;9;1;3;Rue Jean Mermoz;;
536559564;20;5;2024;12:00;1;68;68329;2;1;1;7;61 Route de la Schlucht;;
536559565;25;5;2024;19:10;1;67;67303;1;1;7;7;RD 250;;
536559566;29;7;2024;08:50;1;94;94041;2;1;1;3;Boulevard Paul Vaillant Couturier;;
536559567;29;7;2024;03:10;5;94;94041;2;1;1;6;Avenue de Verdun;;
536559568;25;5;2024;19:30;1;54;54397;2;1;1;6;32 Rue Roger Salengro;;
536559569;29;7;2024;16:35;1;94;94060;2;1;7;6;Avenue des Bordes;;
536559570;29;7;2024;08:40;1;94;94079;2;1;1;2;Boulevard de Friedberg;;
536559571;26;5;2024;10:40;1;69;69106;1;1;1;1;Route de la Colline;;
536559572;27;7;2024;18:00;1;94;94055;2;1;2;5;Av. Maurice Schumann;;
536559573;25;5;2024;06:50;2;69;69112;1;3;7;3;Route d’Eveux;;
536559574;29;7;2024;07:40;1;95;95527;1;9;1;3;A1;;
536559575;25;5;2024;21:28;2;29;29001;1;1;2;1;Route de Bellevue;;
536559576;29;7;2024;19:34;1;93;93062;2;1;1;6;SAPINS (ALLEE DES);;
536559577;25;5;2024;12:50;1;78;78640;1;1;1;4;A86 INT;;
536559578;28;7;2024;13:00;1;93;93006;2;2;1;1;Rue Girardot / Rue François Mitterrand;;
536559579;25;5;2024;08:05;1;92;92072;2;1;1;3;N118;;
536559580;29;7;2024;10:52;1;93;93005;2;2;1;3;PIERRE JOUHET (AVENUE);;
536559581;24;5;2024;16:12;1;78;78646;1;1;1;5;RN12;;
536559582;25;5;2024;04:25;5;78;78321;1;1;1;6;RN12 INT;;
536559583;29;7;2024;16:50;1;93;93001;2;2;1;3;Boulevard Anatole France / Rue des Noyers;;
536559584;24;5;2024;15:45;1;95;95580;1;1;1;6;A1;;
536559585;29;7;2024;08:37;1;92;92040;2;1;1;6;ROUGET DE L'ISLE;;
536559586;24;5;2024;12:30;1;974;97416;1;9;1;3;RN3 (ANCIENNE ROUTE);;
536559587;29;7;2024;08:28;1;92;92036;1;6;1;3;MARCEL PAUL (AVENUE) (52/102);;
536559588;29;7;2024;21:10;1;92;92024;2;1;1;3;VICTOR HUGO (BD);;
536559589;24;5;2024;09:35;1;974;97411;1;6;1;7;GARE ROUTIERE (DE LA);;
536559590;29;7;2024;09:10;1;92;92009;2;2;1;6;EUROPE (AVENUE);;
536559591;23;5;2024;20:00;5;974;97411;1;1;1;2;RN2/043;;
536559592;29;7;2024;09:00;1;92;92014;2;1;1;6;CONDORCET (PLACE);;
536559593;24;5;2024;18:00;3;974;97409;2;1;2;3;CITE LES CAZALES;;
536559594;27;7;2024;22:35;2;14;14741;1;1;1;7;Route de Saint-Laurent;;
536559595;24;5;2024;09:40;1;974;97409;2;1;1;2;RN2 DIRECTION ST BENT SORTIE PETIT BAZAR;;
536559596;30;7;2024;08:00;1;81;81087;1;1;1;6;D3;;
536559597;25;7;2024;19:53;1;95;95052;1;1;1;6;D922;;
536559598;24;5;2024;11:35;1;973;97302;2;3;1;3;VOLTAIRE(AVENUE);;
536559599;30;7;2024;04:45;3;40;40004;1;1;1;6;CD133;;
536559600;24;5;2024;18:30;1;972;97209;2;1;1;2;CHATEAUBOEUF (ROUTE DE);;
536559601;29;7;2024;16:15;1;974;97404;2;3;7;3;Avenue Raymond Barre;;
536559602;24;5;2024;13:39;1;972;97209;1;1;1;2;AUTOROUTE (A1);;
536559603;24;5;2024;22:29;5;2B;2B033;2;1;1;6;AGLIANI - CHEMIN D';;
536559604;23;5;2024;13:00;1;971;97120;2;3;1;6;SCHOELCHER;;
536559606;23;5;2024;13:20;1;971;97120;2;2;2;6;BD LEGITIMUS;;
536559607;24;5;2024;08:15;1;2A;2A004;2;1;1;4;#Ricanto#;;
536559608;24;5;2024;13:30;1;95;95427;2;1;1;1;D193E;;
536559609;21;5;2024;13:54;1;95;95127;2;1;2;6;N14;;
536559610;24;5;2024;17:20;1;91;91027;2;3;1;3;AV HENRI DUNANT;;
536559611;24;5;2024;10:10;1;91;91479;2;1;1;2;FONTAINEBLEAU (ROUTE DE);;
536559612;24;5;2024;08:20;1;91;91027;2;9;1;3;AV MARCEL SEMBAT;;
536559613;24;5;2024;14:35;1;89;89342;2;3;2;3;FONDERIES PONT A MOUSSON (AVENUE DES);;
536559614;23;5;2024;13:39;1;87;87085;2;2;1;3;RUBEN (AVENUE ERNEST);;
536559615;22;5;2024;20:57;2;87;87085;2;1;1;7;LOUYAT (AVENUE DE);;
536559616;24;5;2024;17:50;1;85;85194;2;2;1;6;Avenue d'anjou;;
536559617;24;5;2024;12:45;1;85;85191;2;1;1;6;24 Rue gutenberg;;
536559618;24;5;2024;05:10;2;83;83129;1;1;1;3;JUIN MARECHAL (AV DU);;
536559619;24;5;2024;14:15;1;82;82033;2;1;1;6;Place des Belges;;
536559622;24;5;2024;06:50;1;77;77284;2;3;1;3;VICTOIRE (AV.DE LA);;
536559623;24;5;2024;20:35;1;74;74012;2;9;8;3;LECLERC (AVENUE DU MARECHAL);;
536559624;9;5;2024;17:13;1;73;73065;2;1;1;6;Place de la gare;;
536559625;24;5;2024;19:20;1;71;71153;2;2;1;3;Rue du President Wilson;;
536559626;24;5;2024;22:00;3;69;69199;1;9;1;3;Avenue des Frères Perret;;
536559627;24;5;2024;23:00;5;69;69259;2;8;1;3;Avenue d'Oschatz;;
536559628;24;5;2024;23:10;5;67;67482;2;3;1;3;OBERHAUSBERGEN (ROUTE D );;
536559629;24;5;2024;07:45;1;67;67482;2;1;8;3;JACQUES KABLE (RUE);;
536559630;24;5;2024;23:27;5;64;64445;2;3;1;3;JEAN MERMOZ;;
536559631;24;5;2024;15:10;1;64;64445;2;2;1;3;LILAS DES;;
536559632;24;5;2024;10:00;1;64;64445;2;2;1;3;RESISTANCE;;
536559633;24;5;2024;05:05;5;64;64445;2;9;1;7;BAYARD;;
536559634;23;5;2024;18:30;1;64;64445;2;1;1;6;NOGUE;;
536559635;16;5;2024;08:00;2;62;62771;2;1;2;3;Rue Constant Darras;;
536559636;21;5;2024;17:55;1;61;61169;1;2;1;3;D259;;
536559637;24;5;2024;13:15;1;59;59650;2;1;1;7;Boulevard de la Liberté;;
536559638;24;5;2024;17:45;1;59;59648;2;9;1;6;CLEMENCEAU RUE;;
536559639;23;5;2024;20:05;1;58;58194;2;3;1;3;AMIRAL JACQUINOT;;
536559640;24;5;2024;06:05;1;56;56260;2;1;1;6;Avenue de Tohannic;;
536559641;23;5;2024;23:40;3;56;56121;1;1;1;1;D465 Desserte Portuaire;;
536559642;23;5;2024;17:10;1;56;56107;1;1;1;1;Centre nautique de Kerguélen;;
536559643;24;5;2024;13:30;1;54;54395;2;1;1;3;Avenue Raymond Pinchard;;
536559644;23;5;2024;17:00;1;54;54547;2;1;3;3;Avenue du Général Leclerc;;
536559645;23;5;2024;11:00;1;54;54526;2;1;1;2;Boulevard Tolstoi;;
536559646;24;5;2024;15:45;1;51;51454;2;1;1;5;CHAMPAGNE (AVENUE);;
536559647;24;5;2024;13:25;1;51;51454;2;1;1;6;JEANNE D'ARC (RUE');;
536559648;23;5;2024;09:45;1;51;51454;2;6;1;3;CHAMPAGNE   (  AVENUE DE);;
536559649;23;5;2024;21:48;3;51;51506;1;1;1;7;RN 44;;
536559650;23;5;2024;12:46;1;49;49007;2;1;1;3;EPINARD ROUTE;;
536559651;24;5;2024;10:50;1;45;45232;2;1;1;3;D2020 PR 36 + 50;;
536559652;24;5;2024;11:45;1;45;45004;2;1;1;6;D2107 PR 2 + 578;;
536559653;25;5;2024;00:08;5;35;35238;2;2;1;3;TROIS CROIX (BD DES);;
536559655;24;5;2024;08:45;1;31;31555;2;1;1;3;12 LES IZARDS (PERIPH EST A62);;
536559656;23;5;2024;20:15;2;31;31555;2;1;1;3;NARBONNE (ROUTE DE);;
536559657;24;5;2024;16:05;1;27;27229;2;1;1;3;NORMANDIE (BOULEVARD DE);;
536559658;24;5;2024;10:00;1;22;22360;2;1;1;3;VERNE (RUE JULES);;
536559659;23;5;2024;12:00;1;22;22278;2;1;1;1;MONGE;;
536559660;24;5;2024;21:40;2;17;17300;2;2;1;3;MULHOUSE   AVENUE DE;;
536559662;23;5;2024;15:05;1;15;15014;2;6;1;3;Cours d'Angouleme;;
536559663;23;5;2024;12:55;1;14;14118;1;4;1;2;Boulevard Jean Moulin;;
536559664;24;5;2024;09:30;2;13;13216;2;1;8;2;LITTORAL (CHEMIN DU);;
536559665;24;5;2024;18:30;1;13;13001;2;1;1;3;THUMINE GRANDE (BD DE LA);;
536559666;24;5;2024;06:45;1;13;13001;1;1;1;3;PETIT MOULIN (RTE DU);;
536559667;23;5;2024;14:30;1;10;10362;2;3;1;3;ERIC TABARLY (RUE);;
536559668;23;5;2024;14:00;1;10;10333;2;2;2;2;ADOLPHE THIERS (RUE DE);;
536559669;10;10;2024;16:30;1;63;63113;2;1;1;6;JOUHAUX (BD LEON);;
536559670;24;5;2024;07:45;1;06;06069;2;1;1;3;Route de Valbonne;;
536559671;24;5;2024;13:30;1;04;04070;2;1;8;7;HONNORAT (R. DU DR);;
536559672;10;10;2024;14:20;1;60;60159;2;3;3;3;Avenue du Général Weygand;;
536559673;9;5;2024;08:05;1;02;02722;2;1;1;7;88 Allée des Platanes;;
536559674;23;5;2024;18:50;1;75;75113;2;1;2;2;BD PERIPHERIQUE INTERIEUR;;
536559675;9;10;2024;13:10;1;59;59009;2;2;1;6;Rue Jean Jaures;;
536559676;22;5;2024;17:00;1;75;75115;2;1;1;3;PORTE DE VANVES;;
536559677;23;5;2024;20:40;1;75;75106;2;5;1;3;BOULEVARD DU MONTPARNASSE;;
536559678;10;10;2024;08:00;1;59;59343;2;2;2;6;JAURES JEAN RUE;;
536559679;24;5;2024;10:15;1;75;75119;2;1;1;7;PLACE DE LA BATAILLE DE STALINGRAD;;
536559680;23;5;2024;21:40;5;75;75119;2;1;1;3;RUE BOTZARIS;;
536559681;9;10;2024;14:20;1;59;59350;2;3;3;5;Rue Pierre Legrand;;
536559682;5;10;2024;14:30;1;59;59183;2;1;1;7;REPUBLIQUE - F MITTERAND - BOULEVARD;;
536559683;24;5;2024;01:30;5;75;75117;2;2;1;6;RUE LANTIEZ;;
536559684;10;10;2024;16:00;1;58;58194;2;1;1;4;HENRI BOUQUILLARD;;
536559685;24;5;2024;04:40;5;75;75116;2;7;1;2;Place de la Porte d'Auteuil;;
536559686;8;10;2024;15:40;1;54;54549;2;1;8;2;Route d'Art-sur-meurthe;;
536559687;24;5;2024;09:30;1;75;75114;2;3;1;3;BOULEVARD BRUNE;;
536559688;23;5;2024;11:45;1;75;75112;2;3;1;6;AVENUE DU GENERAL DODDS;;
536559689;10;10;2024;21:40;5;51;51454;2;1;2;7;CERNAY (RUE DE ) DU N° 39 A FIN ET DU N°;;
536559690;23;5;2024;09:30;1;75;75112;2;1;1;3;AVENUE DU TREMBLAY;;
536559691;24;5;2024;17:00;1;94;94068;2;3;1;6;Rue du Pont de Créteil / Rue du Chemin Vert;;
536559692;10;10;2024;17:10;1;51;51454;2;1;8;3;NIEPCE (AVENUE NICEPHORE);;
536559693;24;5;2024;09:55;1;94;94068;2;2;1;3;Avenue des Piliers / Avenue Francis Garnier;;
536559694;8;10;2024;18:55;1;50;50502;2;1;1;1;HAVIN;;
536559695;24;5;2024;09:00;1;94;94068;2;2;1;6;Avenue Victor Hugo / Avenue Émile Zola;;
536559696;22;5;2024;13:00;1;94;94016;2;1;1;6;Avenue du Président Wilson;;
536559697;9;10;2024;09:15;1;50;50129;2;2;2;3;EST (BOULEVARD DE L');;
536559698;23;5;2024;11:10;1;94;94028;2;1;1;6;29 Avenue Pierre Brossolette;;
536559699;24;5;2024;12:40;1;94;94017;2;1;1;6;Rue du Marché;;
536559700;10;10;2024;07:45;2;49;49328;1;3;1;3;RD 952;;
536559701;24;5;2024;12:50;1;93;93070;2;3;1;5;Rue des Rosiers / Boulevard Biron;;
536559702;24;5;2024;11:30;1;93;93055;2;3;1;3;Avenue du Général Leclerc / Chemin de la Noue;;
536559703;10;10;2024;06:50;5;49;49328;2;6;1;6;POISSON ROUGE (PLACE DU);;
536559704;24;5;2024;16:35;1;93;93057;2;3;1;3;Avenue du Quatorze Juillet / Rue Emile Zola;;
536559705;24;5;2024;06:55;1;93;93010;2;3;1;1;Rue Jules Guesde / Rue du Breuil;;
536559706;24;5;2024;17:45;1;92;92072;2;1;1;7;LECLERC (AVENUE DE LA DIVISION);;
536559707;19;8;2024;02:20;3;49;49099;1;6;2;6;le Bas Gué au Bouin;;
536559708;23;5;2024;22:20;5;92;92064;2;1;1;1;ST CLOUD;;
536559709;9;10;2024;17:14;1;49;49007;2;1;3;6;FOCH BOULEVARD;;
536559710;23;5;2024;11:30;1;92;92050;2;1;1;3;ALLENDE SALVADOR RUE;;
536559711;22;5;2024;18:15;1;92;92050;2;2;1;3;SOUFFLOT J-GERMAIN BOULEVARD;;
536559712;9;10;2024;09:13;1;49;49007;2;1;3;2;MARIANNE BOULEVARD;;
536559713;24;5;2024;13:40;1;92;92026;2;1;1;3;PRÉSIDENT PAUL DOUMER (QUAI DU);;
536559714;24;5;2024;23:45;5;92;92012;2;1;1;7;PIERRE GRENIER (AVENUE);;
536559715;10;10;2024;20:27;5;45;45147;2;9;1;6;3 Avenue d'Oradour-Sur-Glane;;
536559717;9;10;2024;09:15;1;44;44109;2;1;3;7;10 Boulevard René Cassin;;
536559718;25;5;2024;11:40;1;80;80583;1;2;1;3;D210;;
536559719;10;10;2024;06:25;5;43;43190;2;1;8;6;R.N 88;;
536559720;24;5;2024;14:50;1;12;12301;1;3;1;3;Route de Montaslès;;
536559721;10;10;2024;07:20;1;38;38544;2;1;1;3;ALPES(BD DES);;
536559722;23;5;2024;15:15;1;67;67352;1;1;2;1;D6;;
536559723;9;10;2024;17:09;1;37;37233;2;1;3;1;COLOMBIER (RUE DU);;
536559724;10;10;2024;08:10;1;36;36044;2;1;1;6;Rue Eugène Delacroix;;
536559725;24;5;2024;18:05;1;76;76621;1;1;1;4;A28;;
536559726;10;10;2024;18:22;1;35;35238;2;3;1;3;VOLTAIRE (BD);;
536559727;23;5;2024;14:00;1;57;57102;1;1;1;6;9 Rue Paul Cezanne;;
536559728;25;5;2024;16:45;1;51;51621;1;1;1;5;D67;;
536559729;24;5;2024;11:45;1;51;51210;1;1;8;7;D251;;
536559730;29;4;2024;18:50;1;78;78591;2;1;1;1;Rue Georges Duhamel;;
536559731;10;10;2024;12:42;1;35;35238;2;1;1;4;LORIENT (DE);;
536559732;25;5;2024;16:35;1;76;76528;1;2;1;3;D407;;
536559735;9;10;2024;16:30;1;35;35055;1;1;2;2;RN136;;
536559736;25;5;2024;13:10;1;71;71014;2;4;1;3;Rue du Faubourg Saint Andoche;;
536559737;10;10;2024;15:00;1;34;34172;2;1;1;5;AURIOL (AVENUE VINCENT);;
536559738;10;10;2024;08:55;1;34;34172;2;1;1;2;MENDES FRANCE (AVENUE PRESIDENT PIERRE;;
536559739;8;10;2024;15:10;1;34;34172;2;2;1;3;MENDE (ROUTE DE);;
536559741;10;10;2024;17:45;1;29;29232;2;1;1;6;95 Rue de Benodet;;
536559742;6;10;2024;14:00;1;29;29232;2;1;2;1;Alez An Douar Du;;
536559743;10;10;2024;17:40;1;27;27229;2;6;1;3;FAUVILLE (RUE DE);;
536559744;1;10;2024;21:05;5;25;25388;2;1;3;7;PARC (RUE DU);;
536559745;9;10;2024;12:10;1;24;24322;2;3;1;6;HUGO ( RUE VICTOR);;
536559746;2;10;2024;21:09;5;18;18033;2;3;1;3;14 Boulevard du Maréchal Joffre;;
536559747;9;10;2024;16:45;1;15;15014;2;3;3;2;Avenue de Tronquières;;
536559748;10;10;2024;07:30;2;13;13203;2;1;1;3;STRASBOURG (BOULEVARD);;
536559749;10;10;2024;09:29;1;06;06088;2;3;1;3;Boulevard René Cassin;;
536559750;10;10;2024;09:55;1;75;75113;2;1;2;3;BE PRIPHERIQUE INTERIEUR;;
536559751;10;10;2024;08:30;1;75;75120;2;4;2;6;BD PERIPHERIQUE EXTERIEUR;;
536559752;9;10;2024;08:14;3;75;75120;2;2;2;3;RUE DES PYRENEES;;
536559753;10;10;2024;22:20;5;75;75119;2;3;1;1;AVENUE JEAN JAURES;;
536559754;9;10;2024;16:00;2;75;75119;2;7;3;2;PLACE DE LA PORTE DE PANTIN;;
536559755;10;10;2024;23:25;5;75;75117;2;2;1;7;RUE DU CAPORAL PEUGEOT;;
536559756;10;10;2024;09:50;1;75;75116;2;3;2;1;AVENUE DE LA GRANDE ARMEE;;
536559757;9;10;2024;20:50;5;75;75116;2;7;3;6;Place de Costa Rica;;
536559758;10;10;2024;07:15;5;75;75115;2;2;2;6;AVENUE DE LA PORTE BRANCION;;
536559759;10;10;2024;09:19;1;75;75110;2;4;1;2;RUE LA FAYETTE;;
536559760;10;10;2024;21:30;5;75;75114;2;1;1;3;BOULEVARD EDGAR QUINET;;
536559761;10;10;2024;13:00;1;75;75107;2;7;8;1;AVENUE BOSQUET;;
536559762;10;10;2024;08:43;1;75;75101;2;2;8;6;BOULEVARD DE SEBASTOPOL;;
536559763;9;10;2024;09:10;1;75;75104;2;2;3;3;PONT DE LA TOURNELLE;;
536559764;9;10;2024;21:45;5;94;94042;2;1;3;2;D4;;
536559765;10;10;2024;17:50;1;94;94041;2;2;2;3;Boulevard du Colonel Fabien;;
536559766;10;10;2024;16:45;1;94;94065;2;1;2;5;Rue des Solets;;
536559767;10;10;2024;09:15;1;94;94002;2;3;2;3;Rue Etienne Dolet/ Rue Nelson Mandela;;
536559768;10;10;2024;06:45;5;93;93071;2;3;2;1;AULNAY (RUE D');;
536559769;10;10;2024;12:30;1;93;93048;2;1;1;6;MESSIERS (RUE DES);;
536559770;10;10;2024;18:15;1;93;93006;2;2;2;5;GAMBETTA AV.;;
536559771;10;10;2024;09:40;1;93;93029;2;1;1;6;ANATOLE FRANCE (COLLEGE);;
536559772;10;10;2024;08:15;2;93;93010;2;1;2;6;AULNAY (ROUTE) COTE PAIRE DE 2 A FIN;;
536559773;9;10;2024;16:15;1;92;92063;2;9;2;1;COLMAR (AVENUE DE);;
536559774;10;10;2024;07:20;5;92;92036;2;1;2;6;LUCIEN LANTERNIER (AVENUE) (67/87);;
536559775;7;10;2024;18:04;1;92;92035;2;1;3;6;National ( boulevard );;
536559776;9;10;2024;15:30;1;92;92023;2;1;3;6;JEAN JAURES (AVENUE) N°57 A 259 ET 64 A;;
536559777;9;10;2024;08:52;1;92;92023;2;1;2;6;GARENNE (ROUTE DE LA);;
536559778;9;10;2024;17:20;2;92;92012;2;1;3;6;PIERRE GRENIER (AVENUE);;
536559779;10;10;2024;07:45;2;92;92004;2;1;2;6;VOLTAIRE ( BD 16 A FIN );;
536559780;9;10;2024;16:15;1;92;92004;2;1;3;2;DOCTEUR DERVAUX  ( QUAI DU );;
536559781;11;10;2024;15:20;1;976;97610;2;1;1;6;Majikavo Koropa;;
536559782;9;10;2024;23:45;3;50;50565;1;6;2;6;RD 673;;
536559783;10;10;2024;19:08;1;22;22182;1;2;2;3;les Tronchets;;
536559784;11;10;2024;00:35;5;01;01071;2;6;2;6;D1005;;
536559785;11;10;2024;03:10;3;29;29020;1;1;1;1;N165;;
536559786;8;10;2024;17:30;1;59;59463;1;3;1;3;14 Route du Staelen Brugge Cd 17;;
536559787;10;10;2024;15:44;1;30;30334;1;3;1;5;D982;;
536559788;10;10;2024;18:54;2;95;95352;1;9;3;5;D316;;
536559789;10;10;2024;20:58;3;19;19289;1;1;1;6;Route Des Crêtes;;
536559790;11;10;2024;05:25;5;80;80318;2;2;5;3;Rue Yves Poiret;;
536559791;9;10;2024;14:50;1;63;63364;1;2;1;2;D2089 / D46A;;
536559792;11;10;2024;15:43;1;63;63003;2;2;1;6;20 Boulevard Sully;;