Num_Acc;jour;mois;an;hrmn;lum;dep;com;agg;int;atm;col;adr;lat;long
536560458;20;12;2024;15:15;1;13;13203;2;3;1;3;REVOLUTION (BOULEVARD);;
536560459;8;3;2024;00:55;3;92;92060;1;1;1;6;RN 385 INT;;
536560460;20;12;2024;11:30;1;13;13209;2;1;6;6;MARÉCHAL DE LATTRE (AVENUE);;
536560461;8;3;2024;18:30;2;92;92036;1;1;1;5;A86;;
536560462;8;3;2024;08:35;1;92;92025;1;1;1;2;A86;;
536560463;20;12;2024;07:05;5;13;13201;2;2;6;3;NATIONAL   1 A 51 (BOULEVARD);;
536560464;7;3;2024;22:45;3;91;91064;1;1;1;2;N118;;
536560465;19;12;2024;23:40;5;13;13204;2;1;6;3;MARÉCHAL JUIN (BOULEVARD);;
536560466;7;3;2024;10:08;1;78;78646;1;1;1;2;RN12;;
536560467;19;12;2024;16:30;2;10;10387;2;1;2;3;VICTOR HUGO (RUE);;
536560468;7;3;2024;07:53;2;92;92050;1;1;1;2;A86;;
536560469;19;12;2024;07:29;5;10;10081;2;3;2;3;Rue Jean Mermoz;;
536560470;8;3;2024;09:05;1;93;93008;1;1;1;2;AUTOROUTE A86;;
536560471;8;3;2024;19:10;3;77;77018;1;1;1;2;A4;;
536560472;20;12;2024;12:47;1;06;06029;2;9;1;6;36 Boulevard de Lorraine;;
536560473;6;3;2024;13:10;1;974;97409;1;1;8;6;RN2 DIRECTION ST BENT SORTIE PETIT BAZAR;;
536560474;20;12;2024;07:50;2;06;06123;2;1;1;3;103 Avenue de La France d'Outre-Mer;;
536560475;20;12;2024;12:55;1;03;03185;2;2;1;3;Avenue Jules Guesde;;
536560476;7;3;2024;16:20;1;973;97302;2;1;1;3;MADELEINE (ROUTE DE LA);;
536560477;7;3;2024;06:25;1;973;97302;2;6;1;6;BADUEL (ROND POINT DE);;
536560478;20;12;2024;17:25;5;75;75105;2;3;1;6;PLACE SAINT MICHEL;;
536560479;7;3;2024;16:50;1;69;69386;2;3;1;6;Avenue Thiers;;
536560480;20;12;2024;17:25;2;75;75105;2;3;1;3;QUAI DE LA TOURNELLE;;
536560481;7;3;2024;19:35;5;69;69389;2;3;1;3;Rue Professeur Guérin;;
536560482;20;12;2024;05:50;5;75;75116;2;1;1;1;AVENUE FOCH;;
536560483;7;3;2024;08:45;1;69;69389;2;3;1;3;Rue des Rivières;;
536560484;19;12;2024;07:32;4;75;75114;2;2;8;3;BOULEVARD BRUNE;;
536560485;7;3;2024;19:21;5;2B;2B033;2;9;1;6;11 - RT;;
536560486;18;2;2024;22:50;5;971;97113;1;1;1;1;RN4 - SECTION RIVIERA;;
536560487;20;12;2024;11:48;1;75;75106;2;3;1;6;RUE BONAPARTE;;
536560488;7;3;2024;15:50;1;2A;2A004;1;3;1;3;T20;;
536560489;20;12;2024;12:20;1;75;75111;2;3;1;6;RUE DE LA ROQUETTE;;
536560490;7;3;2024;14:20;1;2A;2A004;2;1;1;6;NAPOLEON COURS AVANT BEVERINI;;
536560491;20;12;2024;07:30;5;75;75117;2;1;1;2;BOULEVARD MALESHERBES;;
536560492;6;3;2024;17:15;1;95;95277;2;1;1;2;D47;;
536560493;20;12;2024;10:00;1;75;75102;2;3;1;3;RUE MONTMARTRE;;
536560494;7;3;2024;20:04;5;95;95252;2;1;1;6;D14;;
536560495;20;12;2024;05:00;2;94;94081;2;1;5;6;Rue Balzac;;
536560496;7;3;2024;16:30;1;95;95598;2;1;1;4;D928;;
536560497;20;12;2024;12:20;1;94;94080;2;2;1;3;Rue de Fontenay;;
536560498;7;3;2024;11:00;1;91;91103;2;1;1;3;RUE DE L'EXPLOITATION;;
536560499;19;12;2024;16:40;2;94;94068;2;7;1;6;Place des Tilleuls;;
536560500;7;3;2024;22:10;5;91;91161;2;9;1;3;RTE DE LONGJUMEAU;;
536560501;19;12;2024;21:58;5;94;94028;2;4;1;3;Allée Nicolas Poussin;;
536560502;7;3;2024;12:50;1;91;91027;2;1;1;1;AV DE MORANGIS;;
536560503;20;12;2024;09:20;2;94;94073;2;2;1;2;Av du Mal de Lattre de Tassigny;;
536560504;7;3;2024;12:00;1;91;91027;2;1;1;6;AV MARCEL SEMBAT;;
536560505;19;12;2024;15:12;1;94;94018;2;3;4;3;Rue Victor Hugo;;
536560506;18;2;2024;19:15;5;91;91027;2;1;2;4;L'INDUSTRIE (QUAI DE);;
536560507;20;12;2024;15:00;1;93;93073;2;2;1;3;HUITIEME (AVENUE);;
536560508;7;3;2024;11:00;1;90;90010;2;1;1;6;REPUBLIQUE (RUE DE LA);;
536560509;20;12;2024;20:15;3;93;93055;2;2;2;3;MEHUL (1/37. 2/24);;
536560510;7;3;2024;09:00;1;85;85191;2;5;1;3;RD763;;
536560511;19;12;2024;23:50;5;93;93048;2;1;1;1;STALINGRAD (RUE DE);;
536560512;20;12;2024;08:45;2;93;93063;2;1;1;6;VERDUN AVENUE DE;;
536560513;20;12;2024;09:45;1;93;93029;2;9;1;3;SADI CARNOT;;
536560514;26;2;2024;21:51;5;84;84007;2;1;1;4;PERRIN MOREL (RUE);;
536560515;20;12;2024;09:10;1;93;93047;2;2;1;2;ARTS  (AVENUE DES);;
536560516;20;12;2024;19:30;5;92;92063;2;1;1;2;RICHELIEU (BOULEVARD);;
536560517;20;12;2024;11:45;1;92;92063;2;2;8;3;NATIONAL (BOULEVARD);;
536560518;20;12;2024;11:26;1;92;92063;2;9;1;6;MAUREPAS (RUE DE);;
536560519;20;12;2024;08:25;2;92;92063;2;3;1;6;JACOB (RUE FRANCOIS);;
536560520;20;12;2024;10:20;1;92;92062;2;9;1;2;DE DION BOUTON (QUAI) DU 1 AU 28;;
536560521;16;12;2024;07:40;3;92;92048;2;1;2;6;MORANE SAULNIER (AVENUE);;
536560522;20;12;2024;13:50;1;92;92025;2;1;1;6;CHARLES DE GAULLE (BD);;
536560523;20;12;2024;19:40;2;92;92007;2;1;1;2;PETIT (AVENUE ALBERT) N° 2 A 26;;
536560524;20;12;2024;12:35;1;92;92007;2;1;1;3;BRIAND (AVENUE ARISTIDE) N° 2 A 98;;
536560525;19;12;2024;09:11;1;11;11059;1;1;8;7;Departementale 21;;
536560526;20;12;2024;09:15;2;80;80016;2;1;1;6;Avenue de la République;;
536560527;20;12;2024;13:30;1;81;81271;2;2;1;3;Route d'Azas;;
536560528;21;12;2024;15:20;1;87;87178;1;1;1;6;Route de la Sablière;;
536560529;20;12;2024;17:30;3;73;73085;2;3;1;1;D991 - 2471 Route d'aix;;
536560530;20;12;2024;12:40;1;40;40065;2;2;1;3;Rue des Roses;;
536560531;21;12;2024;19:25;5;06;06161;2;6;1;6;Boulevard Nationale 7;;
536560532;20;12;2024;22:30;3;972;97221;1;1;2;6;route nationale 5;;
536560533;21;12;2024;07:45;2;57;57731;1;1;3;1;D15;;
536560534;18;12;2024;10:30;1;57;57195;1;1;1;7;D620;;
536560535;20;12;2024;17:45;3;51;51118;1;4;1;2;D75;;
536560536;21;12;2024;09:55;1;51;51281;2;3;8;1;rue d'Epernay;;
536560537;20;12;2024;18:30;5;56;56165;2;9;1;1;Rue d'Augan;;
536560538;20;12;2024;19:50;3;76;76128;1;1;2;5;Route de Touffrainville;;
536560539;20;12;2024;18:30;5;76;76377;2;6;2;6;Rue du Mont Perreux;;
536560540;18;12;2024;17:20;5;76;76517;1;3;1;3;Route de Neufchâtel;;
536560542;20;12;2024;14:00;1;82;82117;2;1;7;6;225 Avenue de Saint Martin;;
536560543;20;12;2024;16:20;1;11;11401;2;1;1;6;29 Rue des Clapiés;;
536560544;20;12;2024;07:35;1;63;63172;1;1;8;1;D996 PR 44+225;;
536560545;20;12;2024;18:30;5;63;63178;2;1;1;2;D996 Route de Parentignat;;
536560546;21;12;2024;11:00;1;55;55500;1;1;1;7;D413;;
536560547;8;12;2024;16:30;2;46;46208;1;1;2;6;pech blanc;;
536560548;20;12;2024;09:00;1;46;46046;1;1;1;3;D12;;
536560549;20;12;2024;18:50;3;47;47252;1;1;1;2;Rte de Casseneuil;;
536560550;20;12;2024;08:55;1;29;29189;2;6;8;5;N165;;
536560551;21;12;2024;00:47;3;25;25519;1;1;1;1;D437 - PR 111+300;;
536560552;25;11;2024;18:40;5;44;44036;2;6;2;7;Rue du Président Kennedy;;
536560553;21;12;2024;07:00;3;29;29037;1;1;9;6;D785;;
536560554;20;12;2024;20:30;3;38;38517;1;1;1;5;Rue de la Republique;;
536560556;20;12;2024;08:00;2;58;58296;1;1;1;1;Les Boreilles;;
536560557;20;12;2024;15:20;1;72;72228;1;1;1;1;D53;;
536560558;20;12;2024;18:30;5;06;06105;2;1;1;4;4953 Route de Grasse;;
536560559;21;12;2024;03:15;3;73;73300;1;6;1;6;D1201;;
536560560;20;12;2024;23:00;4;53;53087;1;1;2;3;D166;;
536560561;21;12;2024;03:00;3;24;24180;1;1;5;6;Route du Coly;;
536560562;16;12;2024;17:50;5;27;27226;2;3;2;6;Rue de la Levrière;;
536560563;20;12;2024;16:15;1;17;17048;1;1;1;7;D124;;
536560564;21;12;2024;12:50;1;48;48132;1;1;8;1;D987;;
536560565;20;12;2024;15:21;1;48;48002;1;1;8;6;D70;;
536560566;21;12;2024;02:00;5;987;98752;2;9;1;1;pk 47.200 RT1;;
536560567;21;12;2024;01:00;3;77;77195;1;1;2;2;Autoroute A5 au PK07.800;;
536560568;20;12;2024;17:10;3;63;63113;1;1;8;2;A710W PR 11+400;;
536560569;20;12;2024;20:30;3;13;13069;1;1;1;3;D17;;
536560570;9;12;2024;14:30;1;01;01451;1;1;8;2;A40, pk 166+100 direction Genève;;
536560571;21;12;2024;12:15;1;973;97309;2;3;1;1;Route de Rémire;;
536560572;20;12;2024;20:30;3;38;38253;1;1;1;6;RD530;;
536560573;20;12;2024;13:35;1;06;06027;1;1;1;6;Autoroute A8 - Pk 181 sud;;
536560574;17;12;2024;20:45;3;67;67506;1;1;1;2;A4;;
536560575;15;4;2024;17:20;1;83;83023;1;1;1;1;3341 Route de Vins;;
536560576;8;4;2024;10:15;1;13;13015;2;6;1;2;ROND POINT DE LA MALLE rD8N;;
536560577;21;12;2024;10:45;1;84;84091;1;1;1;4;A7;;
536560578;13;4;2024;16:45;1;70;70279;2;1;1;6;Rue de la Plage;;
536560579;21;12;2024;19:15;3;988;98827;1;1;1;7;RT1;;
536560580;20;12;2024;23:00;3;29;29230;1;1;5;6;Lieu Dit la Croix Rouge;;
536560581;21;12;2024;01:00;4;45;45096;2;1;2;6;D42 PR 24 + 850;;
536560582;16;4;2024;01:55;3;21;21390;2;4;2;6;2 Avenue Marguerite de Salin;;
536560584;21;12;2024;16:15;1;30;30132;2;1;1;1;2 Rue de la Pise;;
536560585;14;4;2024;18:18;1;68;68255;1;1;1;3;D40;;
536560586;20;12;2024;20:30;3;89;89438;1;1;1;1;Route départementale RD 965;;
536560587;21;12;2024;04:13;3;68;68063;2;1;1;6;Faubourg de Belfort;;
536560588;20;12;2024;17:55;3;73;73187;1;1;1;1;N90 (viaduc);;
536560589;19;12;2024;23:50;3;42;42168;1;1;3;6;45.406646 4.681345;;
536560590;21;12;2024;04:20;3;42;42046;2;1;1;6;99 Chemin de la Vallon;;
536560591;15;4;2024;07:45;1;38;38565;2;3;1;3;Avenue de Juin 1940;;
536560592;21;12;2024;03:00;3;38;38215;1;1;1;6;Route de Serpaize;;
536560593;15;4;2024;08:30;1;29;29237;1;2;2;3;Les Hauts du Pontois;;
536560594;13;12;2024;17:41;3;38;38545;2;6;1;6;Avenue du 8 Mai 1945;;
536560595;15;4;2024;19:10;2;60;60103;1;1;1;4;N31;;
536560597;28;3;2024;16:33;1;69;69290;1;1;1;3;Route Nationale 346;;
536560598;15;4;2024;19:30;2;95;95582;1;1;1;6;A115;;
536560599;20;12;2024;18:00;3;26;26173;1;3;1;3;D149;;
536560600;15;4;2024;08:30;1;93;93078;1;1;1;5;AUTOROUTE A104;;
536560601;21;12;2024;16:27;1;01;01249;2;1;1;6;381 Avenue Joséphine Guillon;;
536560602;15;4;2024;02:15;3;93;93078;1;1;1;6;A104;;
536560603;20;12;2024;18:55;5;69;69191;2;1;1;3;104 Route de Lyon;;
536560604;14;4;2024;20:15;1;92;92036;1;1;1;3;AUTOROUTE A86;;
536560605;20;12;2024;17:35;5;69;69089;2;4;1;5;3 Place du Repos;;
536560606;14;4;2024;21:38;3;77;77237;1;1;1;2;A4;;
536560607;21;12;2024;01:00;3;81;81038;1;6;1;6;rd968;;
536560608;20;12;2024;18:55;3;17;17083;2;1;2;7;Rue de Razour;;
536560609;20;12;2024;17:00;2;44;44210;2;1;1;3;50 Rue du Petit Savine;;
536560610;21;1;2024;18:15;5;74;74010;2;1;1;5;ROCADE (BOULEVARD DE LA);;
536560611;21;12;2024;17:25;2;29;29042;1;2;2;3;chemin Maen Gwenn;;
536560612;14;1;2024;18:40;5;50;50188;2;9;1;6;le Repas;;
536560613;20;12;2024;15:00;1;59;59237;1;1;1;7;2485 Route du Mont des Cats;;
536560614;27;1;2024;04:50;3;57;57413;1;1;1;6;D910;;
536560615;19;12;2024;16:15;1;13;13215;1;1;1;2;A7-Sens Marseille vers Lyon;;
536560616;22;1;2024;19:10;3;57;57047;2;1;2;6;Rue de Laudrefang;;
536560617;14;4;2024;06:55;2;973;97302;2;1;2;6;SOURCE DE BADUEL (CHEMIN DE LA);;
536560618;19;12;2024;07:14;2;13;13005;1;1;1;2;A50-Sens Aubagne vers Marseille;;
536560619;14;4;2024;20:30;5;69;69383;2;1;1;3;Cours Gambetta;;
536560620;15;12;2024;04:05;5;13;13213;1;1;1;2;A507 sens Marseille - Aubagne;;
536560621;14;4;2024;17:00;1;69;69386;2;6;7;3;Place René Deroudille;;
536560622;20;12;2024;02:20;3;69;69266;1;1;1;2;Route Départementale 383;;
536560623;14;4;2024;05:00;1;972;97209;2;1;1;7;MARNE (BOULEVARD DE LA);;
536560624;19;12;2024;23:00;3;69;69081;2;1;3;2;Route de Métropole 6;;
536560625;14;4;2024;21:30;5;69;69389;2;1;1;1;Quai Arloing;;
536560627;12;4;2024;09:20;1;69;69385;2;3;1;3;Avenue du Point du Jour;;
536560628;20;12;2024;08:15;2;92;92019;1;1;1;2;RN 385;;
536560629;14;4;2024;15:30;1;2B;2B120;2;9;1;2;11 - RT;;
536560630;20;12;2024;08:50;1;78;78431;1;1;1;4;A13;;
536560631;20;12;2024;08:50;1;78;78431;1;1;1;6;A13;;
536560632;13;4;2024;16:25;1;2A;2A004;1;4;1;1;Chemin de St Antoine;;
536560633;20;12;2024;04:30;3;92;92036;1;1;1;6;A86;;
536560634;14;4;2024;16:15;1;95;95680;2;1;1;6;D10;;
536560635;19;12;2024;18:13;3;92;92036;1;1;1;3;RN315 Y;;
536560636;14;4;2024;08:45;1;95;95074;2;1;1;2;D922;;
536560637;19;12;2024;16:40;2;78;78402;1;1;8;2;A13;;
536560638;5;9;2024;14:00;1;93;93006;2;1;2;3;Rue Girardot;;
536560639;14;4;2024;17:45;1;91;91645;2;6;1;2;CARNOT (AVENUE);;
536560640;19;12;2024;09:15;2;78;78238;1;1;2;2;A13;;
536560641;14;4;2024;15:27;1;85;85194;1;1;1;7;RD 949;;
536560642;5;9;2024;11:10;1;93;93029;2;2;2;2;Rue Faidherbes / Rue Danton;;
536560643;19;12;2024;09:15;1;78;78238;1;1;2;4;A13;;
536560644;14;4;2024;16:50;1;84;84007;2;6;1;3;FONTCOUVERTE(Avenue de);;
536560645;19;11;2024;02:25;5;92;92062;1;1;1;6;RN1013;;
536560646;14;4;2024;09:35;1;83;83137;2;3;1;3;RESISTANCE (AVE / IMP DE LA);;
536560647;18;11;2024;21:30;3;92;92072;1;1;2;6;N118;;
536560648;5;9;2024;18:30;1;93;93008;2;1;2;3;VAILLANT COUTURIER (AVENUE PAUL);;
536560650;18;11;2024;19:25;3;92;92064;1;1;3;2;A13;;
536560651;5;9;2024;09:00;1;93;93008;2;1;2;3;Avenue Jean Jaures;;
536560652;20;12;2024;16:04;1;93;93027;1;1;1;3;AUTOROUTE A1;;
536560653;20;12;2024;12:25;1;93;93064;1;1;1;3;AUTOROUTE A86;;
536560654;5;9;2024;18:00;1;93;93001;2;1;1;3;Avenue Jean Jaurès;;
536560655;5;9;2024;01:22;5;92;92064;2;1;1;6;BUZENVAL;;
536560656;20;12;2024;15:00;2;93;93053;1;1;1;2;AUTOROUTE A3;;
536560657;14;4;2024;15:00;1;73;73029;2;6;1;3;HUIT MAI 1945 (RUE DU);;
536560658;17;8;2024;04:35;5;92;92063;2;1;1;6;MONTBRISON (RUE DU LIEUTENANT COLONEL DE;;
536560659;14;4;2024;13:35;1;73;73065;1;6;1;6;VILLARCHER (AVENUE DE);;
536560660;20;12;2024;11:00;1;93;93066;1;1;1;4;AUTOROUTE A86;;
536560661;13;4;2024;17:55;1;73;73137;2;3;1;3;BELLECOMBETTE (ROUTE DE);;
536560662;5;9;2024;17:03;1;92;92025;2;2;1;3;BOUIN (RUE);;
536560663;20;12;2024;07:50;2;95;95365;1;1;1;7;N104;;
536560664;14;4;2024;03:00;3;73;73065;2;1;1;6;VERDUN (QUAI DE);;
536560665;20;8;2024;01:53;5;13;13208;2;1;1;2;POMPIDOU (PROMENADE);;
536560666;5;9;2024;11:00;1;92;92004;2;1;2;3;ARGENTEUIL AV D';;
536560667;7;8;2024;13:25;1;13;13104;2;1;1;3;40 avenue de l'europe;;
536560668;14;4;2024;21:40;5;73;73011;2;2;1;3;JEAN JAURES (AVENUE);;
536560669;19;12;2024;19:50;5;988;98818;2;3;1;6;ROUTE DE L'ANSE VATA/LEONARD DE VINCI;;
536560670;14;4;2024;21:05;5;73;73011;2;1;1;6;Parc stationnement Intermarché;;
536560671;5;9;2024;08:15;1;80;80627;1;1;8;4;D210;;
536560672;18;12;2024;22:57;5;987;98735;2;9;1;6;CHEF VAIRAATOA PROL.(QTIER ECOLE TAUNOA);;
536560673;1;9;2024;19:29;1;17;17230;1;1;1;7;Route de Semussac;;
536560674;13;4;2024;15:25;1;70;70388;1;3;1;3;RD457;;
536560675;19;12;2024;18:20;2;974;97416;1;1;1;2;RN2 (1);;
536560676;6;9;2024;00:40;5;31;31269;2;1;1;6;1004 Route de la Fougarouse;;
536560677;6;9;2024;14:55;1;974;97422;2;1;1;6;rue de paris;;
536560678;18;12;2024;16:20;1;974;97416;1;1;1;4;RN1 (ROUTE NATIONALE);;
536560679;14;4;2024;19:00;1;69;69256;2;1;1;6;6 Avenue de Böhlen;;
536560680;6;9;2024;12:15;1;50;50487;1;1;1;6;A84;;
536560681;19;12;2024;20:30;3;974;97409;2;9;1;4;CHAMP BORNE (ROUTE DE);;
536560682;14;4;2024;13:25;1;67;67482;2;3;7;3;VITRY LE FRANCOIS (AVENUE DE);;
536560683;19;12;2024;18:25;1;974;97407;1;1;1;5;ROUTE NATIONALE N° 1;;
536560684;13;4;2024;17:10;1;64;64335;1;3;1;3;VERT GALANT DU;;
536560685;6;9;2024;04:45;3;83;83067;1;1;1;7;D97;;
536560686;13;4;2024;17:00;1;64;64024;2;1;1;7;BAYONNE (AVENUE DE);;
536560687;19;12;2024;08:07;1;973;97302;2;1;1;6;HEDER (place);;
536560688;27;8;2024;19:00;1;51;51115;1;1;1;3;route communale;;
536560689;9;12;2024;17:11;1;973;97302;2;1;2;7;MONT LUCAS 1 (CITE);;
536560690;26;1;2024;09:17;1;67;67222;1;3;2;3;RD919;;
536560691;14;4;2024;22:50;5;63;63014;2;1;1;6;GRAVENOIRE (RUE DE);;
536560692;6;9;2024;02:55;4;76;76755;2;1;1;6;Route Departementale 926;;
536560693;19;12;2024;10:00;1;972;97213;1;1;1;2;AUTOROUTE A1;;
536560694;14;4;2024;16:45;1;63;63113;2;1;1;1;CHARTOIRE (BD LOUIS);;
536560695;27;1;2024;14:00;1;42;42338;1;2;1;3;Route de Perreux;;
536560697;18;12;2024;14:20;1;972;97209;1;9;1;3;BALATA (ROUTE DE);;
536560698;13;4;2024;04:45;5;62;62041;2;3;1;3;Avenue du Marechal Leclerc;;
536560699;6;9;2024;18:00;1;63;63187;1;1;1;7;Rd 13 pk 2+200;;
536560700;26;1;2024;20:05;3;28;28104;1;1;1;6;D19;;
536560701;3;9;2024;07:20;1;63;63022;1;1;1;7;D710;;
536560702;13;4;2024;12:30;1;59;59343;2;1;1;2;Avenue du Docteur Schweitzer;;
536560703;16;12;2024;22:20;5;972;97209;2;1;1;6;RD 41 (ROCADE);;
536560705;19;12;2024;18:10;5;69;69382;2;2;9;6;26 Cours Suchet;;
536560706;5;9;2024;16:25;1;12;12090;1;1;1;6;pk 47 D994;;
536560707;13;4;2024;15:20;1;59;59360;2;2;1;3;Rue Mirabeau;;
536560708;5;9;2024;10:30;1;22;22271;1;1;1;7;Pen Lan;;
536560709;19;12;2024;17:55;5;69;69384;2;1;2;6;18 Rue Henri Chevalier;;
536560710;26;1;2024;22:40;3;32;32448;1;1;1;1;La Justice 1;;
536560711;14;4;2024;03:30;5;59;59527;2;2;1;2;DE LATTRE TASSIGNY.AVN°279A659;;
536560712;6;9;2024;06:45;2;29;29274;1;3;1;6;Garoff;;
536560713;19;12;2024;15:45;1;69;69384;2;9;3;3;Quai Joseph Gillet;;
536560714;26;1;2024;13:30;1;89;89345;1;1;2;1;D943;;
536560715;14;4;2024;16:00;1;57;57660;2;1;1;3;NATIONALE(RUE)LIMITE FORBACH/RUE ST ALIC;;
536560716;4;9;2024;19:15;1;29;29199;1;1;1;1;D64;;
536560717;19;12;2024;07:00;5;69;69034;2;1;2;6;Rue Pasteur;;
536560718;13;4;2024;15:50;1;56;56260;1;1;1;7;Le Chapeau rouge;;
536560719;26;1;2024;18:15;1;61;61464;1;1;1;5;D958;;
536560720;5;9;2024;07:28;1;38;38048;1;3;2;1;D36;;
536560721;18;12;2024;17:50;3;69;69034;1;1;1;2;Quai Bellevue;;
536560722;14;4;2024;17:30;1;54;54357;2;1;1;2;Avenue de Metz;;
536560723;18;12;2024;00:50;5;69;69389;2;1;1;6;71 Avenue 25ème Régiment des Tirailleurs Sénégalais;;
536560724;5;9;2024;17:10;1;03;03082;2;1;1;2;Rue Jean Alexis Bayet;;
536560725;13;4;2024;09:50;1;47;47323;2;1;1;6;LECLERC (AVENUE DU MARECHAL);;
536560726;26;1;2024;20:00;5;55;55527;2;2;1;3;Rue des Bonnes Femmes;;
536560727;19;12;2024;14:35;1;2A;2A004;2;3;1;3;MACCHINI EUGENE AVENUE;;
536560728;6;9;2024;07:25;2;58;58123;1;1;5;3;D216/C8;;
536560729;13;4;2024;21:15;5;45;45208;2;2;1;3;26 Rue de la Pontonnerie;;
536560730;27;1;2024;18:30;3;49;49086;1;3;1;3;Rue saint eloi;;
536560731;19;12;2024;08:13;5;95;95127;2;1;3;6;HAZAY (AVENUE DU);;
536560732;5;9;2024;20:20;2;50;50311;1;1;7;2;D33;;
536560733;27;1;2024;17:00;1;44;44102;2;1;1;3;25 Rue des Moulins;;
536560734;14;4;2024;17:10;1;44;44184;2;6;1;3;Place Jean Bouin;;
536560735;19;12;2024;12:05;1;91;91691;2;2;2;3;CHEVALIER DE LA BARRE(RUE);;
536560736;27;1;2024;19:06;3;29;29106;1;1;1;3;Ty Coat;;
536560737;6;9;2024;15:50;1;50;50410;1;2;1;3;Rue de la Martinerie;;
536560738;14;4;2024;19:15;1;44;44109;2;1;1;1;218 Rue de la Gilarderie;;
536560739;19;12;2024;12:30;1;91;91657;2;1;1;4;AV HENRI BARBUSSE;;
536560740;26;1;2024;18:15;5;31;31311;1;3;1;3;D630;;
536560741;6;9;2024;14:50;1;60;60471;2;1;2;1;rd934;;
536560742;14;4;2024;16:14;1;43;43157;2;3;1;3;D98;;
536560743;18;12;2024;18:15;5;91;91286;2;1;2;6;HENRI BARBUSSE (PLACE);;
536560744;26;1;2024;15:35;1;84;84082;1;1;1;7;Route de Flassan;;
536560745;14;12;2024;15:42;1;87;87085;2;1;1;7;LECLERC (AVENUE DU GENERAL);;
536560746;12;4;2024;14:45;1;42;42187;2;2;7;6;Rue Alexandre Roche;;
536560747;30;8;2024;16:00;1;45;45130;2;2;1;3;D951 PR 110 + 245;;
536560748;14;4;2024;19:40;2;38;38185;2;3;1;3;RUE DE BRETAGNE;;
536560749;6;9;2024;08:15;1;07;07300;1;1;1;6;D107;;
536560750;26;1;2024;20:10;3;03;03108;1;1;2;7;D998;;
536560751;19;12;2024;05:05;5;83;83137;2;3;1;3;PRUNEAU (AVE GENERAL);;
536560752;14;4;2024;00:15;5;38;38151;2;1;1;6;Cours Jean Jaurès;;
536560753;14;4;2024;16:35;1;35;35115;2;1;1;7;GUE MAHEU (RUE DU);;
536560754;26;1;2024;13:45;1;70;70031;1;1;3;1;RD 93 PK1+130;;
536560755;6;9;2024;13:40;1;21;21682;1;1;1;3;D960;;
536560756;19;12;2024;17:25;5;83;83069;2;4;8;3;ERMITAGE (CHEMIN DE);;
536560757;13;4;2024;17:45;1;34;34108;2;1;7;6;81ème R.I. (RUE DU);;
536560758;27;1;2024;07:45;2;70;70121;2;1;8;6;27 Rue des Vieilles Vies;;
536560759;5;9;2024;18:30;1;85;85026;1;1;2;6;la chapeliere;;
536560760;14;4;2024;06:50;1;31;31555;2;1;1;6;AV DE LARDENNE;;
536560761;19;12;2024;16:15;1;82;82121;2;2;1;3;DE SAINT PIERRE (CHEMIN);;
536560762;14;4;2024;18:45;1;30;30007;2;1;1;7;Avenue Jean Philippe Rameau;;
536560763;4;6;2024;19:47;1;27;27105;1;2;1;1;route de neubourg;;
536560764;19;12;2024;10:00;1;81;81065;2;1;1;6;SIDOBRE RD 622 (AV. DU);;
536560765;26;1;2024;18:15;2;58;58095;2;1;1;5;107 Route de Moulins;;
536560766;19;12;2024;09:25;1;77;77379;2;9;2;3;VOULZIE (AVENUE DE LA);;
536560767;13;4;2024;17:30;1;27;27681;2;1;1;6;JAURES (BOULEVARD JAURES);;
536560768;29;8;2024;16:55;1;27;27284;2;1;8;3;Rue du Faubourg de Neaufles;;
536560769;18;12;2024;19:15;5;77;77373;2;3;2;3;RUE DES TILLEULS;;
536560770;27;1;2024;12:30;1;14;14179;1;2;1;3;Route de l'Hôtellerie;;
536560771;13;4;2024;17:00;1;27;27562;2;9;1;2;PRES (RUE DES);;
536560772;5;9;2024;06:25;4;27;27286;1;1;2;7;RD29;;
536560773;19;12;2024;17:00;5;77;77279;2;4;5;3;VIGNE (CHEMIN DE LA);;
536560775;19;12;2024;07:00;5;77;77284;2;1;2;3;ALLENDE (AV.SALVADOR);;
536560776;27;1;2024;15:25;1;64;64477;1;1;1;1;2514 Bankako errepidea;;
536560777;14;4;2024;18:30;1;25;25056;2;5;1;3;BLUM BOULEVARD LEON (sup 90);;
536560778;5;9;2024;22:40;3;37;37139;1;1;1;2;D6;;
536560779;13;4;2024;10:14;1;18;18033;2;1;1;7;2 Rue de Gionne;;
536560780;26;1;2024;00:10;3;64;64558;1;1;5;6;2609 Route de Saint Pierre d'Irube - D137;;
536560781;18;12;2024;11:55;1;76;76447;2;3;1;3;PRESIDENT WILSON;;
536560782;27;1;2024;14:45;1;10;10051;1;1;1;7;rue de l hotel de ville;;
536560783;5;9;2024;13:42;1;68;68375;2;3;1;1;6 Rue de Reiningue;;
536560784;14;4;2024;12:10;1;17;17415;1;1;1;4;ROCADE SUD;;
536560785;14;4;2024;18:15;1;14;14715;2;1;1;2;179 Route d'Aguesseau;;
536560786;26;1;2024;17:14;1;07;07334;2;9;1;3;D104a;;
536560787;19;12;2024;18:30;5;73;73222;2;3;2;6;Route de Plaimpalais;;