Num_Acc;jour;mois;an;hrmn;lum;dep;com;agg;int;atm;col;adr;lat;long
536560788;6;9;2024;17:14;1;06;06152;1;3;1;3;Route des Macarons;;
536560789;6;9;2024;15:45;1;68;68278;1;1;1;6;A35 PK 103.300;;
536560790;19;12;2024;21:05;5;69;69266;2;3;2;1;Rue Jules Kumer;;
536560791;12;4;2024;12:15;1;13;13208;2;9;1;2;MENDES FRANCE (AVENUE);;
536560792;27;1;2024;15:00;1;07;07132;2;3;1;3;Route d?Aubenas;;
536560793;13;4;2024;18:00;1;13;13216;2;1;1;6;JEAN LABRO (BOULEVARD);;
536560794;5;9;2024;20:45;5;987;98738;1;1;1;2;PK8  rt1 C/MER;;
536560795;19;12;2024;10:25;1;69;69264;2;6;1;6;Boulevard Burdeau;;
536560796;19;1;2024;12:40;1;17;17394;2;3;1;3;Rue de la Fontaine;;
536560797;13;4;2024;14:20;1;13;13028;1;1;1;3;BODIN (AVENUE EMILE);;
536560798;6;9;2024;08:14;1;45;45232;1;1;1;2;A71 PR 105 + 469;;
536560799;19;12;2024;18:40;3;69;69276;1;1;2;3;Avenue Albert Ramboz;;
536560800;25;1;2024;18:15;3;87;87014;1;3;1;3;La Croix du Breuil;;
536560801;14;4;2024;06:45;2;07;07072;1;3;1;7;RD 104;;
536560802;6;9;2024;17:15;1;45;45155;1;1;1;3;59 Mingotty;;
536560803;26;1;2024;18:10;3;26;26088;1;1;1;6;A49;;
536560804;19;12;2024;15:00;1;69;69259;2;1;2;6;Boulevard Ambroise Croizat;;
536560805;12;4;2024;19:20;2;06;06029;2;1;1;2;Boulevard du Midi Louise Moreau;;
536560806;5;9;2024;23:50;5;34;34344;1;6;1;1;Avenue du Grand Travers;;
536560807;14;4;2024;10:00;1;06;06029;2;1;1;3;1 Boulevard Carnot;;
536560808;22;1;2024;21:15;3;38;38193;2;2;1;3;25 Rue des Sayes;;
536560809;19;12;2024;07:13;5;69;69259;2;2;2;3;Rue Gambetta;;
536560810;6;9;2024;07:55;1;34;34022;2;1;1;6;97 Rue du Colombier;;
536560811;14;4;2024;11:50;1;06;06155;2;2;1;3;Rue Sicard;;
536560812;27;1;2024;05:00;3;40;40210;1;9;5;6;A63 bretelle sortie aire de repos ONNESSE ET LAHARIE EST;;
536560813;19;12;2024;22:19;5;67;67482;2;1;1;6;MARECHAL LEFEBVRE (RUE DU);;
536560814;27;1;2024;16:20;1;13;13069;2;1;1;3;422 Chemin des Hirondelles;;
536560815;5;9;2024;12:50;1;83;83127;1;6;1;3;D2;;
536560816;12;4;2024;07:58;1;02;02168;2;3;1;3;1bis Quai Gambetta;;
536560817;1;9;2024;12:30;1;83;83023;2;9;1;6;16 ROUTE DU PRE DE PAQUES;;
536560818;26;1;2024;18:50;5;69;69244;2;2;2;3;Place des Trois Renards;;
536560819;19;12;2024;08:41;1;67;67482;2;1;2;4;ILL (RUE DE L );;
536560820;18;12;2024;18:00;5;67;67482;2;1;1;6;GARE (PLACE DE LA);;
536560821;6;9;2024;12:29;1;05;05118;2;1;1;2;Lotissement les Narcisses;;
536560822;14;4;2024;13:45;1;75;75118;2;1;1;4;BD PERIPHERIQUE INTERIEUR;;
536560823;19;12;2024;05:00;5;66;66136;2;9;1;6;POUDRIERE (CHEMIN DE LA);;
536560824;26;1;2024;18:15;2;63;63193;1;1;1;4;A712;;
536560825;2;9;2024;20:15;2;13;13109;1;1;1;3;2002 Route Cézanne;;
536560826;12;4;2024;21:40;2;75;75113;2;1;1;2;BOULEVARD PERIPHERIQUE INTERIEUR;;
536560827;26;1;2024;10:24;1;34;34129;1;1;1;2;PK 016.280 A709;;
536560828;2;9;2024;13:20;1;32;32207;1;1;1;7;Portetini;;
536560829;14;4;2024;14:48;1;75;75108;2;1;1;3;RUE DE ROME;;
536560830;26;1;2024;10:30;1;28;28367;1;1;3;7;A10 PK071+700;;
536560831;18;12;2024;08:00;1;66;66136;2;3;1;3;Avenue Julien Panchot;;
536560832;14;4;2024;07:15;2;75;75114;2;1;1;6;BD PERIPHERIQUE EXTERIEUR;;
536560833;25;8;2024;07:40;1;19;19146;1;3;1;3;Avenue des Resistants;;
536560834;19;12;2024;16:25;1;64;64130;2;1;1;2;RD811;;
536560836;14;4;2024;10:30;1;75;75119;2;1;1;3;AVENUE DE LA PORTE DE LA VILLETTE;;
536560837;14;4;2024;19:20;1;75;75115;2;2;1;6;BOULEVARD DE GRENELLE;;
536560838;4;9;2024;21:20;5;85;85092;2;3;1;3;Rue de la République;;
536560839;14;12;2024;08:45;2;62;62540;1;1;2;3;D301;;
536560840;27;1;2024;10:10;1;974;97408;2;1;1;2;Rue Jean Robert;;
536560841;14;4;2024;14:26;1;75;75112;2;1;1;6;RUE JOSEPH KESSEL;;
536560842;19;12;2024;16:40;5;62;62041;2;1;1;6;D266;;
536560843;4;9;2024;17:30;1;27;27412;1;6;1;3;D313;;
536560844;26;1;2024;11:00;1;77;77315;2;3;2;6;2 Rue du Docteur Roux;;
536560845;19;12;2024;08:40;1;62;62041;2;4;3;6;D266;;
536560846;14;4;2024;19:45;1;75;75120;2;3;1;3;RUE D AVRON;;
536560847;4;9;2024;23:39;5;13;13214;1;1;2;7;A507 sens Marseille - Aubagne;;
536560848;27;1;2024;11:15;1;2B;2B140;1;1;1;6;D5;;
536560849;12;12;2024;14:58;1;61;61169;2;1;1;6;36 Rue Richard Lenoir;;
536560850;14;4;2024;11:00;1;75;75118;2;2;1;3;BOULEVARD ORNANO;;
536560851;27;1;2024;09:45;1;13;13081;2;1;7;3;Boulevard Gustave Courbet;;
536560852;5;9;2024;14:17;1;13;13214;1;1;1;7;A507 sens Aubagne- Marseille;;
536560853;19;12;2024;08:05;2;61;61001;2;6;2;3;D112;;
536560854;14;4;2024;16:45;1;75;75110;2;2;1;6;BOULEVARD DE MAGENTA;;
536560855;26;1;2024;16:15;1;13;13014;1;1;1;1;D21B;;
536560856;16;12;2024;07:50;2;60;60159;1;1;1;6;Avenue de la Faisanderie;;
536560857;5;9;2024;07:30;1;13;13215;1;1;1;4;A7-Sens Marseille vers Lyon;;
536560858;13;4;2024;23:35;5;75;75110;2;3;1;3;BOULEVARD DE MAGENTA;;
536560859;18;12;2024;09:30;1;59;59599;2;9;1;6;Avenue de la Marne;;
536560860;26;1;2024;15:20;1;13;13100;1;1;1;3;D30;;
536560861;4;9;2024;07:20;1;13;13071;1;1;2;2;A55 - Sens Marseille vers Martigues;;
536560862;13;4;2024;16:50;1;75;75110;2;3;1;2;RUE D ALSACE;;
536560863;5;9;2024;19:30;2;69;69290;1;1;1;2;Autoroute 43;;
536560864;19;12;2024;23:10;5;59;59650;2;1;1;1;VALLON (RUE);;
536560865;27;1;2024;06:27;3;03;03201;1;1;5;7;chez gaillard;;
536560866;14;4;2024;08:18;1;75;75107;1;2;1;3;QUAI VOLTAIRE;;
536560867;25;11;2024;12:15;1;59;59350;2;2;2;3;Rue Eugène Jacquet;;
536560868;5;9;2024;09:00;1;67;67482;1;1;1;4;M351;;
536560869;14;4;2024;05:35;5;75;75107;2;1;1;6;QUAI VOLTAIRE;;
536560870;27;1;2024;10:55;1;86;86024;2;1;1;7;Rue de la Croix;;
536560872;19;12;2024;23:50;5;56;56260;2;6;8;3;Giratoire de la France Libre;;
536560873;26;1;2024;14:30;1;72;72154;2;6;1;3;Rue des Éturcies;;
536560874;13;4;2024;13:50;1;75;75107;2;1;1;6;PONT ALEXANDRE III;;
536560875;2;9;2024;05:30;3;62;62766;1;1;1;2;A16;;
536560876;5;9;2024;21:30;5;91;91479;1;1;1;3;TUNNEL ORLY Y (PARAY VP) PK 2.6-3.6;;
536560877;26;1;2024;15:45;1;13;13211;2;1;1;2;A50-Sens Marseille vers Aubagne;;
536560878;14;4;2024;00:10;5;75;75102;2;2;1;2;PLACE DE L OPERA;;
536560879;5;9;2024;14:00;1;91;91228;1;1;2;3;RN 104;;
536560880;19;1;2024;14:40;1;69;69256;1;1;1;2;Rocade Est;;
536560881;13;4;2024;19:30;1;75;75102;2;1;1;6;BOULEVARD POISSONNIERE;;
536560883;5;9;2024;08:00;1;91;91136;1;1;3;2;AUTOROUTE A126;;
536560885;5;9;2024;08:10;2;94;94021;1;1;3;3;A6A;;
536560886;14;4;2024;18:20;1;94;94078;2;3;1;2;Rue de Paris / Rue Thimonnier;;
536560887;26;1;2024;12:10;1;92;92036;1;1;1;2;RN315 W;;
536560888;5;9;2024;10:30;1;92;92047;1;1;2;2;A13;;
536560889;14;4;2024;14:00;1;94;94065;2;1;1;6;Avenue Lucien Grelinger;;
536560890;26;1;2024;09:10;1;78;78672;1;1;8;4;A13;;
536560891;5;9;2024;04:30;3;78;78238;1;1;3;2;A13;;
536560892;14;4;2024;01:40;3;94;94073;2;1;1;6;Avenue du Luxembourg;;
536560893;26;1;2024;07:50;2;92;92036;1;1;1;3;RN315 Y;;
536560894;5;9;2024;17:45;1;95;95582;1;1;2;6;D170;;
536560895;14;4;2024;12:55;1;94;94028;2;1;1;2;Avenue Victor Hugo;;
536560896;25;1;2024;16:15;1;92;92019;1;1;1;3;RN385;;
536560897;25;1;2024;14:30;1;92;92050;1;1;1;6;A14;;
536560898;14;4;2024;18:22;1;93;93059;2;2;1;1;Avenue Émile Zola / Rue Toussaint Louverture;;
536560899;5;9;2024;09:30;1;93;93027;1;1;3;5;AUTOROUTE A86;;
536560900;14;4;2024;18:20;1;93;93050;2;2;1;1;Rue de l'Amiral Courbet / Rue Ledru Rollin;;
536560901;25;1;2024;21:15;3;95;95277;1;6;1;4;D970;;
536560902;14;4;2024;15:26;1;92;92050;2;1;1;6;REPUBLIQUE AVENUE DE LA;;
536560903;26;1;2024;12:00;1;94;94081;1;1;1;2;A86;;
536560904;14;4;2024;14:29;1;92;92020;2;1;1;2;VANVES BOULEVARD N° IMPAIRS;;
536560905;5;9;2024;08:00;1;93;93001;1;1;3;5;AUTOROUTE A86;;
536560906;25;1;2024;21:20;3;94;94069;1;1;2;2;A4;;
536560907;14;4;2024;01:25;5;92;92071;2;1;1;6;CAMBERWELL (AVENUE DE);;
536560908;14;4;2024;20:35;3;51;51001;1;1;1;6;D81;;
536560909;5;9;2024;08:50;1;93;93007;1;1;3;2;AUTOROUTE A1;;
536560910;25;1;2024;01:05;3;77;77175;1;1;2;4;RN104;;
536560911;9;4;2024;19:45;2;71;71075;2;4;1;1;Rue Principale;;
536560912;25;1;2024;11:15;1;988;98818;2;1;1;6;N°1 RUE ROGER GERVOLINO;;
536560913;4;9;2024;07:30;1;92;92036;1;1;1;3;AUTOROUTE A15;;
536560914;25;1;2024;07:00;1;976;97611;2;1;1;6;passamanty-Vahibé ( route );;
536560915;12;4;2024;18:05;1;40;40296;2;2;1;1;Avenue des Chais;;
536560916;25;1;2024;14:55;1;972;97213;1;6;1;7;ROUTE NATIONALE 1;;
536560917;14;4;2024;18:00;1;57;57177;2;9;7;3;270 Rue Sai la Princ Alix Napoléon;;
536560918;30;8;2024;09:52;1;93;93053;1;1;1;3;AUTOROUTE A3;;
536560919;23;1;2024;18:20;5;972;97209;2;2;1;5;GENERAL DE GAULLE (BLD DU);;
536560920;14;4;2024;17:50;1;83;83086;2;1;1;4;709 Route de Frejus;;
536560921;14;4;2024;14:35;1;83;83148;1;1;1;6;3740 Route du Thoronet Rd 84;;
536560922;25;1;2024;21:00;5;69;69149;2;3;1;1;Rue Stéphane Déchant;;
536560923;5;9;2024;10:30;1;77;77018;1;1;2;2;A4;;
536560924;14;4;2024;11:15;1;11;11203;1;1;1;6;D611;;
536560925;24;1;2024;16:04;1;2B;2B033;2;1;1;2;VEZZANI - RUE CESAR;;
536560926;11;4;2024;14:40;1;57;57620;1;1;1;3;A4;;
536560927;5;9;2024;09:45;1;94;94069;1;1;2;5;A4;;
536560928;25;1;2024;22:20;5;95;95598;2;2;8;3;D109P;;
536560929;14;4;2024;14:45;1;86;86202;1;1;1;1;D83;;
536560930;4;9;2024;08:30;1;94;94017;1;1;1;3;A4;;
536560931;15;4;2024;02:30;3;71;71081;1;1;1;6;A6;;
536560932;25;1;2024;13:50;1;95;95598;2;2;8;1;D144;;
536560933;5;9;2024;07:37;1;988;98818;2;3;1;6;N°38 RUE TARAGNAT/RUE SYLVAIN GARGON;;
536560934;24;1;2024;20:05;3;91;91021;1;1;8;6;RN20;;
536560935;15;4;2024;12:30;1;54;54581;1;4;7;3;D132;;
536560936;4;9;2024;11:26;1;988;98818;2;1;1;3;ROUTE DE L'ANSE VATA;;
536560937;24;1;2024;20:30;5;91;91347;2;1;2;2;MONTLHERY (ROUTE DE);;
536560938;15;4;2024;15:25;1;41;41172;1;2;8;3;D924;;
536560939;4;9;2024;07:50;1;974;97416;1;9;1;3;ENTRE DEUX (CHEMIN) CD26;;
536560940;25;1;2024;14:30;1;91;91228;2;9;1;2;BD DE L YERRES;;
536560941;14;4;2024;16:50;1;57;57235;2;1;1;7;27 Rue de Metz;;
536560942;14;4;2024;19:00;1;51;51191;1;2;1;3;D982;;
536560943;3;9;2024;21:50;5;974;97411;2;2;1;3;LAGRANGE (RUE LEO);;
536560944;25;1;2024;19:10;5;89;89387;2;3;1;3;VAUBAN (AVENUE);;
536560945;3;9;2024;21:30;5;972;97209;2;9;1;2;DIDIER (ROUTE DE);;
536560946;23;1;2024;14:07;1;87;87113;1;1;1;1;ANGUERNAUD;;
536560947;15;4;2024;15:25;1;80;80024;1;1;2;1;D12;;
536560948;4;9;2024;08:31;1;2B;2B037;1;6;1;3;TOUTES RUES;;
536560949;23;1;2024;13:16;1;87;87085;2;3;1;3;COMTE (RUE AUGUSTE);;
536560950;14;4;2024;10:25;1;69;69012;1;1;1;4;Route de Monsols;;
536560951;11;4;2024;13:30;1;32;32132;2;6;1;1;Rue des Glycines;;
536560952;20;1;2024;15:26;1;87;87085;2;2;1;6;GOUJAUD (QUAI LOUIS);;
536560953;4;9;2024;08:35;1;2A;2A004;2;1;1;2;15 Avenue Marechal Juin;;
536560954;13;4;2024;02:10;3;71;71073;1;1;1;2;D906;;
536560955;24;1;2024;05:00;5;83;83123;2;1;1;2;BUGE (CHEMIN DE LA) N° IMPAIRS;;
536560957;3;9;2024;14:36;1;87;87050;1;1;3;6;RD947;;
536560958;25;1;2024;06:30;5;82;82033;2;1;2;2;Route de Toulouse;;
536560959;14;4;2024;10:30;1;46;46128;1;1;1;7;départementale 840;;
536560960;24;1;2024;18:22;5;82;82033;2;1;1;7;Rue de l’Usine;;
536560961;14;4;2024;22:10;3;46;46214;1;1;1;6;Route des Landes;;
536560962;4;9;2024;16:55;1;85;85191;2;2;1;1;RD248;;
536560963;13;4;2024;10:10;1;47;47251;1;1;1;7;route de caubeyres;;
536560964;25;1;2024;12:00;1;78;78029;2;6;1;3;AVENUE DE L'UNION;;
536560965;14;4;2024;12:55;1;47;47273;1;1;1;1;lamouroux;;
536560966;4;9;2024;19:00;1;84;84007;1;4;3;6;C.De GAULLE (Rocade);;
536560967;12;4;2024;10:45;1;29;29189;2;9;1;6;rue Jean Fournier;;
536560968;4;9;2024;17:00;1;84;84007;2;1;3;6;SAINT ROCH (BOULEVARD);;
536560969;15;4;2024;05:45;2;68;68135;1;3;1;3;route departemental 105;;
536560970;14;4;2024;19:50;1;22;22251;1;1;2;7;Couépeur (Pordic);;
536560971;4;9;2024;10:00;1;30;30351;2;3;1;3;AUGUSTE RENOIR (RUE);;
536560972;13;4;2024;20:00;2;44;44025;1;1;1;3;2 La Rabinais;;
536560973;11;4;2024;13:08;1;44;44187;1;1;1;1;la riverais;;
536560974;4;9;2024;07:45;1;80;80261;2;1;1;3;RUE DU FOND LAGACHE;;
536560975;29;7;2024;17:35;1;21;21210;1;1;1;6;Autoroute A38;;
536560976;15;4;2024;16:05;1;44;44131;2;1;1;6;14 Rue des Bougrenets;;
536560977;4;9;2024;17:30;1;78;78168;2;1;1;2;Route nationale 10;;
536560978;30;7;2024;11:25;1;01;01204;1;1;1;6;Autoroute A40 - PK 114.700;;
536560979;14;4;2024;23:50;3;35;35223;1;1;1;2;RN24  PR31;;
536560980;25;1;2024;11:35;1;77;77053;2;1;1;6;RUE DU GENERAL LECLERC;;
536560981;29;8;2024;12:00;1;78;78621;1;1;1;6;CASTIGLIONE DEL LAGO (RUE);;
536560982;14;4;2024;16:50;1;29;29135;2;1;1;6;Rue du Général de Penfentenyo;;
536560983;5;9;2024;22:00;5;77;77373;2;1;1;6;AV DU DUC DE DANTZIG;;
536560984;29;7;2024;16:20;1;42;42242;2;1;1;1;42 Route du 3 Juillet 1867;;
536560985;25;1;2024;20:05;5;77;77132;2;1;2;1;Avenue Robert Schuman;;
536560986;4;9;2024;03:35;5;74;74012;2;1;2;7;VALLEES (ROUTE DES);;
536560988;14;4;2024;14:40;1;31;31471;2;3;1;3;avenue de la brèche romaine. (Lez);;
536560989;25;1;2024;08:15;1;77;77464;2;1;8;6;CLAYE  (RUE DE  );;
536560990;14;4;2024;17:55;2;31;31280;1;1;1;7;D25;;
536560991;4;9;2024;08:50;1;72;72181;2;2;7;6;MAC JEAN (AV) N° IMP 107 ET plus;;
536560992;26;7;2024;17:55;1;62;62280;2;4;1;1;chemin de servain;;
536560993;14;4;2024;17:20;1;02;02636;1;1;1;7;D13;;
536560994;24;1;2024;18:25;2;76;76351;2;3;1;6;FRANCOIS 1ER (BD);;
536560995;3;9;2024;10:01;1;72;72095;2;1;1;6;SAINT GERMAIN (BD);;
536560996;15;4;2024;08:00;1;02;02153;1;4;1;1;D558;;
536560997;2;9;2024;18:05;1;72;72181;1;9;1;2;RUAUDIN (RUE) N° PAIRS 264 ET >;;
536560998;24;1;2024;18:45;5;72;72181;2;3;2;3;MALTE (RUE DE);;
536560999;12;4;2024;17:30;1;84;84020;1;1;1;7;RD 943;;
536561000;12;4;2024;13:00;1;15;15138;1;1;1;6;RD 3;;
536561001;30;7;2024;14:10;1;41;41181;1;1;1;1;A85;;
536561002;24;1;2024;16:30;1;72;72095;2;9;2;3;SAINT MICHEL (BD);;
536561003;13;4;2024;20:20;1;15;15033;1;1;1;6;RD 57;;
536561004;4;9;2024;15:30;1;71;71270;2;4;8;3;PARC (ALLEE DU);;
536561005;30;7;2024;16:35;1;65;65388;1;1;1;3;D929;;
536561006;24;1;2024;15:40;1;71;71475;2;1;1;6;LYON (ROUTE DE );;
536561007;14;4;2024;20:47;3;26;26229;1;1;1;7;route departementale 5;;
536561008;4;9;2024;20:00;5;69;69275;2;2;2;3;Avenue Edouard Herriot;;
536561009;13;4;2024;18:00;1;26;26146;1;3;1;3;D541;;
536561010;24;1;2024;07:35;2;71;71076;2;9;1;2;LARDY (AVENUE PIERRE);;
536561011;29;7;2024;15:25;1;71;71310;1;1;1;4;RN 70;;
536561012;3;9;2024;20:20;5;67;67447;2;1;1;6;ADELSHOFFEN (RUE D );;
536561013;14;4;2024;17:00;1;26;26183;1;1;1;1;Route du Diois;;
536561014;30;7;2024;11:10;1;71;71377;1;1;1;7;D182;;
536561015;24;1;2024;16:20;1;69;69259;2;3;1;3;Rue Honoré de Balzac;;
536561016;13;4;2024;13:50;1;14;14174;2;1;1;7;6 Rue Saint-Pierre;;
536561017;4;9;2024;17:25;1;64;64129;2;1;1;2;JEAN MERMOZ;;
536561018;5;1;2024;10:55;1;68;68166;2;1;1;1;Rue des Chalets;;
536561019;15;4;2024;11:35;1;07;07155;1;1;1;1;route d'ailhon D235;;
536561020;4;9;2024;11:35;1;64;64445;2;1;3;6;MICHELET;;
536561021;14;4;2024;02:40;3;40;40135;1;1;1;7;D651;;
536561022;30;7;2024;15:50;1;55;55573;2;3;7;3;intersection entre la D964 et la D10;;
536561023;5;1;2024;12:30;1;68;68166;2;6;1;2;Rue Claude Debussy;;
536561024;14;4;2024;18:40;1;28;28407;1;1;1;6;La Cave;;
536561025;3;9;2024;13:20;1;64;64445;2;1;2;3;ALSACE LORRAINE D';;
536561026;28;7;2024;18:50;1;42;42154;1;1;1;6;Route de Balbigny;;
536561027;25;1;2024;19:30;5;67;67482;2;3;8;3;PREMIERE ARMEE (RUE DE LA);;
536561028;15;4;2024;16:00;1;87;87073;1;1;1;7;Le Mas Buisson;;
536561029;2;9;2024;17:35;1;64;64125;2;1;1;1;BAYONNE (AVENUE DE);;
536561030;29;7;2024;17:30;1;86;86161;1;1;1;6;Rue Duguesclin;;
536561031;15;4;2024;15:05;1;87;87199;1;1;1;1;Maison neuve;;
536561032;25;1;2024;18:30;2;67;67482;2;3;1;3;PALERME (RUE DE);;
536561033;15;4;2024;12:50;1;48;48061;2;1;1;6;45 Avenue du 8 Mai 1945;;
536561034;3;9;2024;07:20;1;64;64024;2;1;2;2;ALLEES MARINES (AVENUE DES);;
536561035;25;1;2024;08:45;1;67;67482;2;1;2;3;DANUBE (PONT DU);;
536561036;30;7;2024;08:00;1;86;86082;1;2;1;3;D158;;
536561037;30;8;2024;17:59;1;60;60057;2;1;1;6;Rue de Clermont;;
536561038;9;4;2024;06:25;2;10;10084;1;1;1;3;A26;;
536561039;25;1;2024;17:00;1;66;66136;2;1;1;6;Avenue de la SALANQUE;;
536561040;11;5;2024;11:00;1;34;34139;1;1;1;1;D15;;
536561041;4;9;2024;17:52;1;59;59426;2;1;1;6;Rue de Tourcoing;;
536561042;4;9;2024;15:30;1;57;57463;2;1;1;6;EUROPE (BOULEVARD DE L' );;
536561043;25;1;2024;15:30;1;66;66136;2;1;1;3;Cours Lazare ESCARGUEL;;
536561045;4;9;2024;07:45;1;56;56260;2;9;1;3;Place de la Libération;;
536561046;29;7;2024;16:20;1;34;34252;1;3;1;1;D922;;
536561047;14;4;2024;02:20;5;987;98715;2;1;1;6;route RDO;;
536561048;24;1;2024;18:25;5;66;66136;2;3;1;5;Avenue Maréchal JUIN;;
536561049;29;7;2024;23:50;4;68;68258;2;6;1;6;9 Rue de Lorraine;;
536561050;4;9;2024;18:44;1;54;54321;2;2;1;6;Avenue Bogdan Politanski;;
536561051;30;7;2024;02:00;3;25;25514;1;1;1;6;D9;;
536561052;3;9;2024;18:10;1;51;51454;2;1;2;3;CHANZY (RUE);;
536561053;14;4;2024;18:05;1;38;38401;1;1;1;4;A43;;
536561054;30;7;2024;20:20;1;25;25578;2;1;1;6;Rue de l'Hôtel de Ville;;
536561055;14;4;2024;00:35;3;38;38053;1;1;1;6;A43;;
536561056;25;1;2024;13:20;1;64;64102;2;1;1;4;SAINT BERNARD (CHEMIN DE);;
536561057;3;9;2024;10:20;1;51;51454;2;1;1;3;VASNIER (BOULEVARD HENRI) COTE IMPAIR;;
536561058;25;1;2024;00:20;5;64;64024;2;6;1;7;CADRAN (ALLEE);;
536561059;12;4;2024;17:25;2;987;98712;1;6;1;6;Rond point hotel LE TAHITI;;
536561060;3;9;2024;17:55;1;50;50147;2;1;1;3;DIVISION LECLERC;;
536561061;29;7;2024;21:00;1;29;29031;1;4;1;3;Lieu Dit Keranna;;
536561062;28;7;2024;15:25;1;29;29155;1;1;1;7;Kermein;;
536561063;24;1;2024;07:20;5;64;64102;2;1;1;3;PONT SAINT FREDERIC;;
536561064;3;9;2024;18:22;1;49;49353;1;1;1;3;REPUBLIQUE AVENUE;;
536561065;14;4;2024;21:20;4;973;97308;1;1;1;1;RN2 PK 162;;
536561066;3;9;2024;09:30;1;49;49007;2;1;1;6;MARIANNE BOULEVARD;;
536561067;25;1;2024;20:40;5;62;62570;2;6;2;3;Avenue de Flöha;;
536561068;14;4;2024;17:50;1;77;77476;1;1;1;7;D401;;
536561069;4;9;2024;10:20;1;45;45234;2;1;1;2;136 Boulevard de Châteaudun;;
536561070;30;7;2024;19:35;1;03;03052;1;3;1;3;Rue du Cheroux;;
536561071;24;1;2024;20:20;5;62;62523;2;1;1;3;Rue Emile Basly;;
536561072;14;4;2024;17:00;1;91;91184;1;1;1;5;D449;;
536561073;29;7;2024;09:15;1;15;15127;1;1;1;6;RN 122;;
536561074;26;8;2024;19:50;1;42;42218;2;1;1;3;Rue Jean Huss;;
536561075;25;1;2024;09:10;1;59;59350;2;1;8;6;Boulevard Louis XIV;;
536561076;24;1;2024;20:30;5;59;59183;2;1;1;6;MER - AVENUE;;
536561077;4;9;2024;20:30;2;35;35278;2;1;8;6;ROUTE DE SAINT-MALO;;
536561078;14;4;2024;22:15;5;83;83115;2;3;1;3;Av du Croiseur Leger le Malin;;
536561079;26;7;2024;07:34;1;70;70509;1;3;1;2;D67;;
536561080;24;1;2024;17:20;2;59;59178;2;1;1;6;CARNOT (PLACE);;
536561081;4;9;2024;16:10;1;35;35238;2;1;1;6;BULGARIE (BD DE);;
536561082;23;1;2024;08:25;1;59;59165;2;1;1;6;ROBESPIERRE (RUE MAXIMILIEN);;
536561083;29;7;2024;21:30;2;54;54416;1;1;1;7;RD48;;
536561084;14;4;2024;18:10;1;71;71513;2;2;1;3;Rue du Treuil;;
536561085;24;1;2024;21:03;5;56;56121;2;6;1;3;GAULLE ( AVE DU GENERAL DE );;
536561086;13;4;2024;18:15;1;73;73262;1;3;1;1;D1212;;
536561087;4;9;2024;21:40;5;13;13206;2;2;2;3;PIERRE PUGET (COURS);;
536561088;24;1;2024;17:40;2;54;54578;2;3;1;6;Rue des 3 Epis;;
536561089;14;4;2024;09:55;1;42;42005;2;1;7;3;Chemin de Pre Grand;;
536561090;28;7;2024;12:35;1;06;06079;2;1;1;4;1256 Avenue de Fréjus;;
536561091;4;9;2024;15:25;1;13;13202;2;9;3;6;JOLIETTE (PLACE DE LA);;
536561092;24;1;2024;18:10;5;54;54328;2;3;2;3;route de mirecourt;;
536561093;14;4;2024;17:30;1;07;07077;1;1;1;1;D224;;
536561094;29;7;2024;16:17;1;14;14431;1;1;1;7;Route du Long Moté;;
536561095;1;9;2024;11:15;1;13;13005;2;1;1;3;RN 96 (ROUTE NATIONALE );;
536561096;25;1;2024;18:55;5;51;51454;2;1;2;6;MARS (RUE);;
536561097;28;7;2024;11:30;1;05;05068;2;1;1;7;D211;;
536561098;15;4;2024;16:35;1;87;87062;1;3;1;1;route de limoges,;;
536561099;3;9;2024;18:40;1;11;11069;2;2;1;5;73 Avenue du Général Leclerc;;
536561100;24;1;2024;16:20;1;49;49328;2;3;1;3;FRICOTELLE (RUE);;
536561101;23;7;2024;13:00;1;64;64160;1;9;1;6;ZI ERROBI;;
536561102;4;4;2024;12:25;1;17;17476;1;2;1;3;D154;;
536561103;3;9;2024;13:24;1;10;10387;2;1;8;1;Rue Etienne Pedron;;
536561104;29;7;2024;22:24;3;64;64502;1;1;1;1;2785 Chemin de Halage;;
536561105;25;1;2024;17:20;1;47;47323;2;3;1;3;PRUNE (RUE DE LA);;
536561106;14;4;2024;11:05;1;85;85119;2;1;1;7;RD37;;
536561107;3;9;2024;07:43;1;10;10321;2;1;1;6;Rue Jules Cuisin;;
536561108;25;1;2024;21:00;5;47;47031;2;6;1;3;LACAPELETTE;;
536561109;14;4;2024;18:35;1;35;35052;1;3;1;3;Chemin de Rennes;;
536561110;4;9;2024;14:30;1;05;05061;1;3;2;3;Route de Grenoble;;
536561111;25;1;2024;09:15;1;47;47001;2;2;1;1;LIBERTE (BOULEVARD DE LA);;
536561112;30;7;2024;15:30;1;07;07288;1;1;7;6;RD 104;;
536561113;14;4;2024;16:00;1;76;76727;1;3;1;3;Route d'Aizier;;
536561114;4;9;2024;09:28;1;75;75116;2;1;1;3;BOULEVARD PERIPHERIQUE INTERIEUR OUEST;;
536561115;25;1;2024;12:30;1;45;45234;2;2;1;3;D14 PR 8 + 558;;
536561116;13;4;2024;14:45;1;59;59323;1;1;1;6;D129;;
536561117;29;7;2024;09:36;1;04;04172;1;3;1;3;Intersection D952/D56;;
536561118;3;9;2024;17:30;1;75;75114;2;1;1;6;AVENUE PAUL APPELL;;
536561119;24;1;2024;07:55;1;38;38053;2;1;1;2;Boulevard F. et I. Joliot Curie;;