Num_Acc;jour;mois;an;hrmn;lum;dep;com;agg;int;atm;col;adr;lat;long
536561120;14;4;2024;07:50;1;13;13005;1;1;1;2;A50-Sens Aubagne vers Marseille;;
536561121;30;7;2024;18:00;1;85;85172;1;3;7;1;RD 59;;
536561122;25;1;2024;17:25;1;35;35051;2;1;1;6;CHALOTAIS (RUE DE LA);;
536561123;4;9;2024;09:55;1;75;75106;2;7;1;6;RUE DE RENNES;;
536561124;29;7;2024;18:35;1;85;85031;1;1;1;4;RD79;;
536561125;14;4;2024;00:30;3;13;13056;1;1;1;2;A55-Sens Martigues vers Marseille;;
536561126;25;1;2024;12:20;1;35;35206;1;1;1;6;PORTE DE BREQUIGNY;;
536561127;3;9;2024;15:45;1;75;75106;2;1;1;6;QUAI MALAQUAIS;;
536561128;25;1;2024;06:00;3;35;35238;1;1;8;7;TESGUES (LIEU-DIT);;
536561129;25;1;2024;08:00;1;34;34172;2;1;1;6;VANIERES (AVENUE DE);;
536561130;4;9;2024;18:15;1;75;75119;2;1;1;6;AVENUE JEAN JAURES;;
536561131;29;7;2024;07:25;2;27;27340;1;3;1;4;Route Departementale 313;;
536561132;12;4;2024;17:00;1;13;13214;1;1;1;5;A7-Sens Marseille vers Lyon;;
536561133;4;9;2024;09:15;1;75;75117;2;1;1;7;BOULEVARD GOUVION SAINT CYR;;
536561134;29;7;2024;22:00;3;28;28331;1;1;1;1;La Touche;;
536561135;20;1;2024;18:00;5;33;33039;2;2;1;2;Rue Alexis Labro;;
536561136;13;4;2024;01:55;3;69;69199;1;1;1;2;Autoroute 7;;
536561137;2;9;2024;21:45;5;75;75116;2;1;1;3;RUE CLAUDE TERRASSE;;
536561138;14;7;2024;23:45;4;28;28099;1;4;1;1;D923;;
536561139;13;4;2024;16:20;1;67;67482;1;1;1;2;M351;;
536561140;2;9;2024;10:50;1;75;75115;2;1;1;3;RUE DE LA CONVENTION;;
536561141;14;4;2024;20:10;3;91;91521;1;1;1;7;RN 104;;
536561142;29;7;2024;12:30;1;48;48045;1;1;1;6;N88;;
536561143;22;1;2024;20:25;5;30;30189;2;1;1;7;Avenue Georges Dayan;;
536561144;14;4;2024;17:35;1;93;93027;1;1;1;6;A86;;
536561145;4;9;2024;15:30;1;75;75111;2;1;1;6;RUE PELEE;;
536561146;14;4;2024;17:00;1;95;95582;1;1;1;6;A15;;
536561147;25;1;2024;07:50;2;29;29019;2;6;2;3;rond-point des Grèbes;;
536561148;30;7;2024;08:45;1;13;13091;1;3;1;2;D7n PK 45+500;;
536561149;4;9;2024;14:00;1;75;75111;2;2;1;6;AVENUE DE LA REPUBLIQUE;;
536561150;25;1;2024;07:55;2;29;29019;2;9;2;1;rue de la Villeneuve;;
536561151;14;4;2024;10:10;1;95;95241;1;1;1;5;N104;;
536561152;4;9;2024;19:15;1;75;75110;2;1;1;1;RUE LA FAYETTE;;
536561153;14;4;2024;02:15;3;93;93027;1;1;1;6;A86;;
536561154;24;1;2024;10:00;1;29;29019;2;1;1;1;boulevard Montaigne;;
536561155;4;9;2024;10:00;1;75;75110;2;2;1;6;RUE CAIL;;
536561156;13;4;2024;14:15;1;93;93066;1;1;1;3;A86;;
536561157;4;9;2024;11:10;1;75;75108;2;3;1;3;AVENUE DES CHAMPS ELYSEES;;
536561158;14;4;2024;05:35;5;94;94004;1;1;1;2;N19;;
536561159;4;9;2024;09:10;1;75;75107;2;1;1;7;QUAI D ORSAY;;
536561160;20;1;2024;16:25;1;19;19031;2;2;9;6;THIBAUD (RUE JACQUES);;
536561161;17;1;2024;22:25;5;19;19031;2;1;2;6;COMTE (RUE ERNEST);;
536561162;4;9;2024;06:25;2;75;75113;2;1;1;1;BOULEVARD DE L HOPITAL;;
536561163;13;4;2024;16:15;1;77;77083;1;1;1;3;A4;;
536561164;17;1;2024;13:20;1;19;19031;2;3;2;3;POMPIDOU (AVENUE GEORGES);;
536561165;30;7;2024;07:58;1;45;45317;1;1;1;2;A10 PR 122 + 538;;
536561166;4;9;2024;07:54;1;94;94017;2;9;1;3;Avenue du Général Galliéni;;
536561167;12;4;2024;17:00;1;94;94028;1;1;1;2;A86;;
536561168;29;7;2024;23:05;3;38;38509;1;1;1;6;A43;;
536561169;4;9;2024;13:20;1;94;94041;2;7;1;2;Place de la République;;
536561170;13;4;2024;04:35;5;974;97416;2;1;1;3;BANK (BOULEVARD);;
536561171;25;1;2024;10:32;1;13;13210;2;2;1;3;RABATAU (BOULEVARD);;
536561172;2;9;2024;16:10;1;94;94028;2;1;1;2;Av du Mal de Lattre de Tassigny;;
536561173;13;4;2024;18:00;1;69;69383;2;2;1;2;Cours Gambetta;;
536561174;27;7;2024;12:30;1;13;13067;1;1;1;3;Autoroute A7, pk 215, sens nord/sud;;
536561175;13;4;2024;01:45;5;69;69382;2;1;1;1;Pont Galliéni;;
536561176;29;7;2024;19:34;1;45;45265;1;1;1;7;A6 PR 98 + 242;;
536561177;4;9;2024;21:00;5;94;94046;2;2;1;3;Rue de Colmar;;
536561178;25;1;2024;10:00;1;13;13208;2;1;1;2;PARADIS (RUE);;
536561179;3;9;2024;19:06;1;94;94071;2;1;8;6;Avenue Charles de Gaulle;;
536561181;12;4;2024;15:30;1;69;69034;2;3;1;3;Route de Strasbourg;;
536561182;4;9;2024;19:25;1;93;93064;2;2;8;6;Rue du 4e Zouave / Boulevard de la Boissière;;
536561183;13;4;2024;17:30;1;2B;2B033;1;1;1;6;GIRAUD - BD GENERAL;;
536561184;25;1;2024;15:00;1;12;12013;2;3;1;3;CERONS LIEU-DIT;;
536561185;28;7;2024;22:30;5;971;97111;1;1;1;2;N2 - Section FERRY - LA COQUE;;
536561186;4;9;2024;13:40;1;92;92064;2;1;1;6;GOUNOD;;
536561187;12;4;2024;18:30;1;2B;2B033;2;1;1;3;AV DE LA LIBERATION;;
536561188;30;7;2024;08:55;1;45;45063;1;1;1;1;D948 PR 52 + 800;;
536561189;24;1;2024;09:00;1;11;11069;2;9;1;3;1105 Route de Montreal;;
536561190;4;9;2024;09:00;1;92;92050;2;1;1;5;BOULEVARD DE LA DEFENSE;;
536561191;25;1;2024;11:15;1;06;06027;2;1;1;6;130 Avenue de Nice;;
536561192;30;7;2024;17:00;1;77;77382;2;2;1;1;2 Rue de Condé;;
536561193;4;9;2024;12:30;1;92;92036;2;1;1;3;GENEAL DE GAULLE (AVENUE) (1/41);;
536561194;29;7;2024;14:30;1;34;34103;1;1;1;7;D174;;
536561195;16;1;2024;12:55;1;04;04112;2;1;1;2;VOLX (AV.DE);;
536561196;25;1;2024;12:23;1;03;03185;2;9;1;3;Rue de Pasquis;;
536561197;3;9;2024;19:30;2;92;92025;2;9;8;4;GENERAL LECLERC (PLACE DU);;
536561198;30;7;2024;13:45;1;34;34240;2;2;1;6;Avenue de la Ciboulette;;
536561199;25;1;2024;17:35;5;01;01451;2;8;1;6;CHAMBIERE (CHEMIN DE LA) PAIR;;
536561200;2;9;2024;18:45;1;92;92025;2;1;1;1;VALMY (BD DE);;
536561201;24;1;2024;17:40;2;75;75119;2;1;1;3;BD PERIPHERIQUE EXTERIEUR;;
536561202;29;7;2024;13:55;1;83;83023;1;1;1;5;Dn7;;
536561203;4;9;2024;12:25;1;92;92012;2;2;1;3;CHATEAU (RUE DU) 127/FIN - 133/FIN;;
536561204;24;1;2024;21:30;5;75;75115;2;1;1;1;BD PERIPHERIQUE EXTERIEUR;;
536561205;20;7;2024;19:45;1;13;13086;2;1;1;1;32 Avenue des Allies;;
536561206;29;7;2024;00:30;5;21;21038;2;1;1;6;Rue de Moissey;;
536561207;25;1;2024;08:50;1;75;75113;2;3;1;6;AVENUE DE CHOISY;;
536561208;5;9;2024;20:20;2;22;22190;2;1;1;6;Place de la Mairie;;
536561209;24;1;2024;22:35;3;75;75118;2;1;1;6;RUE LOUIS PASTEUR VALERY RADOT;;
536561210;29;7;2024;21:30;3;68;68269;1;3;1;3;Ribeauvillé;;
536561211;4;9;2024;14:18;1;68;68162;1;1;1;1;D415;;
536561212;25;1;2024;08:35;1;75;75117;2;3;2;6;BOULEVARD MALESHERBES;;
536561213;29;7;2024;17:30;1;55;55366;1;1;1;7;D994;;
536561214;4;9;2024;12:55;1;41;41046;1;1;1;6;A71;;
536561215;30;7;2024;09:45;1;81;81140;2;1;1;6;1 avenue pierre fabre;;
536561216;24;1;2024;16:15;1;75;75116;2;3;1;5;AVENUE DE LA PORTE DE SAINT CLOUD;;
536561217;5;9;2024;05:20;3;12;12131;1;1;2;1;D888;;
536561218;25;1;2024;10:30;1;75;75115;2;3;1;6;BOULEVARD DE VAUGIRARD;;
536561219;29;7;2024;00:10;3;61;61080;1;6;1;3;D250;;
536561220;24;1;2024;21:48;5;75;75115;2;2;8;3;RUE DE VOUILLE;;
536561221;30;7;2024;13:03;1;14;14066;2;1;1;6;832 Promenade des Français;;
536561222;24;1;2024;13:40;1;75;75114;2;3;1;7;RUE FROIDEVAUX;;
536561223;3;9;2024;23:00;3;35;35206;1;1;1;5;Route Nationale 137, Point kilométrique 042+100;;
536561224;21;7;2024;17:55;1;56;56023;1;1;1;6;Route de Saint-Guerin;;
536561225;29;7;2024;17:45;1;22;22171;2;1;1;6;Rue de Mirette;;
536561226;5;9;2024;09:30;1;60;60176;2;1;3;6;Rue Saint-lazare;;
536561227;25;1;2024;09:01;1;75;75111;2;3;1;3;BOULEVARD RICHARD LENOIR;;
536561228;28;7;2024;14:50;1;22;22210;2;1;1;6;Rue Pierre Loti;;
536561229;4;9;2024;17:12;1;65;65447;2;1;1;3;11 Avenue de Tarbes;;
536561230;24;1;2024;15:45;1;75;75110;2;3;1;3;BOULEVARD DE BONNE NOUVELLE;;
536561231;30;7;2024;09:55;1;76;76684;1;1;1;1;D39;;
536561232;3;9;2024;08:00;1;77;77406;1;1;1;7;D204;;
536561233;25;1;2024;14:50;1;75;75109;2;3;1;6;RUE JOUBERT;;
536561234;27;7;2024;18:30;1;13;13070;1;1;1;2;A50;;
536561235;2;9;2024;17:03;1;19;19138;1;4;1;7;Avenue de Versailles;;
536561236;25;1;2024;09:10;1;75;75108;2;2;1;3;RUE DE MONCEAU;;
536561237;25;7;2024;11:30;1;69;69266;2;1;1;2;Boulevard Périphérique Laurent Bonnevay;;
536561238;11;7;2024;15:30;1;56;56198;2;3;2;6;7 Rue du Lac;;
536561240;25;1;2024;08:50;1;75;75108;2;2;8;6;RUE DE LISBONNE;;
536561241;29;7;2024;11:20;1;94;94021;1;1;1;3;A6A;;
536561242;4;9;2024;12:08;1;31;31032;2;6;2;3;rond point de sainte germaine;;
536561243;24;1;2024;16:30;1;94;94004;2;9;1;3;Avenue du Général Leclerc / Avenue Charles de Gaulle;;
536561244;29;7;2024;06:40;1;91;91553;1;1;1;6;RN 104;;
536561245;29;7;2024;08:20;1;93;93005;1;1;1;3;AUTOROUTE A104;;
536561246;4;9;2024;22:19;5;11;11397;2;4;2;3;22 Rue d'Anjou;;
536561247;18;7;2024;08:30;1;44;44143;2;1;1;1;54 Rue Aristide Briand;;
536561248;5;9;2024;11:45;1;71;71093;1;1;2;6;940 Route de Pierre;;
536561249;25;1;2024;20:00;5;93;93031;2;9;1;2;Route de Saint-Lieu;;
536561250;14;2;2024;00:20;5;974;97411;1;9;1;2;LANCASTEL (BOULEVARD);;
536561251;5;9;2024;07:45;1;12;12204;1;1;2;6;D991;;
536561252;5;9;2024;15:40;1;46;46034;1;1;1;6;D840;;
536561253;24;1;2024;14:50;1;93;93030;2;2;1;3;Rue de la Haye / Avenue du 8 mai 1945;;
536561254;21;3;2024;16:15;1;18;18279;2;2;1;3;48 Rue des Ponts;;
536561256;25;1;2024;09:10;1;92;92063;2;1;1;6;EGLISE (PLACE DE L');;
536561257;4;9;2024;14:45;1;29;29163;2;3;1;6;Rue Georges Brassens;;
536561258;28;7;2024;17:50;1;92;92078;2;2;1;3;VERDUN (AVENUE) (IMPAIRS 75 AV J JAURES);;
536561259;25;1;2024;17:30;5;92;92050;2;1;2;2;JOLIOT CURIE F. ET IRENE AVENUE  N°PAIRS;;
536561260;22;8;2024;15:55;1;01;01019;1;1;1;6;Route d?Hauteville;;
536561261;27;5;2024;05:30;2;57;57521;2;1;1;1;Rue de Gaubiving;;
536561262;25;1;2024;16:29;1;92;92020;2;1;2;1;MALAKOFF RUE DE;;
536561263;28;8;2024;04:20;2;01;01246;1;2;1;3;Route de Polliat;;
536561264;28;7;2024;18:05;5;988;98818;2;1;1;6;N°134 PROMENADE ROGER LAROQUE;;
536561265;24;1;2024;18:55;2;92;92020;2;3;1;1;PARIS AVENUE DE N°84 A FIN;;
536561266;27;7;2024;15:05;1;987;98735;2;1;2;7;POMARE (BVD BLOC FARE UTE);;
536561267;24;1;2024;15:45;1;92;92026;2;6;1;3;SAINT DENIS BD (120 A 174 / 199 A 315);;
536561268;28;7;2024;12:50;1;69;69152;2;1;1;6;Boulevard de l'Europe;;
536561269;30;8;2024;11:30;1;14;14299;1;2;1;3;214 Route de Saint-Benoît-d'Hébertot;;
536561270;4;9;2024;20:02;2;14;14312;2;9;2;6;1 Rue du Centre;;
536561271;25;1;2024;17:15;2;92;92025;2;2;2;6;CHARLES DE GAULLE (BD);;
536561272;28;7;2024;19:20;1;2A;2A004;2;1;1;2;8bis Avenue Beverini Vico;;
536561273;5;9;2024;06:30;2;16;16002;1;1;5;7;N10;;
536561274;25;1;2024;13:30;1;92;92024;2;1;1;6;CHANCE MILLY (RUE);;
536561275;28;7;2024;22:56;5;2A;2A004;2;3;1;3;#117 bis Cours Jean Nicoli#;;
536561276;5;9;2024;08:30;2;07;07188;2;1;2;6;Route d'Annonay;;
536561277;24;1;2024;19:10;5;92;92012;2;3;1;2;SEINE (RUE DE);;
536561278;4;9;2024;19:00;1;07;07009;2;1;2;1;route d'annonay;;
536561279;28;7;2024;00:22;5;95;95424;2;2;1;3;D392;;
536561281;31;8;2024;10:35;1;40;40001;2;1;1;3;16 avenue de verdun;;
536561282;27;7;2024;12:05;1;86;86066;1;1;2;7;D161;;
536561283;23;2;2024;19:40;5;33;33447;2;1;2;6;Rue de la République;;
536561284;4;9;2024;18:50;2;30;30009;1;1;3;7;D999;;
536561285;28;7;2024;10:15;1;83;83144;2;6;1;3;Rond point de l'Université;;
536561286;5;9;2024;06:30;2;88;88176;1;1;1;1;ROUTE DE SAINT-LOUP;;
536561287;26;1;2024;06:30;3;71;71481;1;1;8;2;autoroute A6 PK 401.300 sens LYON-Paris;;
536561288;27;7;2024;19:15;1;83;83050;2;1;1;4;GRASSE(AVENUE DE);;
536561289;28;7;2024;22:00;3;76;76391;1;1;1;6;Rue de Rouen;;
536561290;28;7;2024;16:05;1;76;76540;2;1;1;6;Impasse de la Poudriere;;
536561291;4;9;2024;15:30;1;987;98738;2;1;1;1;PK 17.300 sur la RT1;;
536561292;23;1;2024;09:30;1;28;28330;1;1;1;1;d927;;
536561293;23;7;2024;16:50;1;73;73065;2;1;1;6;BOISSE (AVENUE DE LA);;
536561294;3;9;2024;11:00;1;987;98738;2;1;7;1;Rte du Lot. Punavai Nui - Voie Y;;
536561295;20;1;2024;11:10;1;11;11164;1;1;1;3;D607;;
536561296;28;7;2024;22:30;5;71;71153;2;1;1;3;JAURES (RUE JEAN);;
536561297;22;1;2024;21:00;3;971;97132;1;9;2;6;Sapotille;;
536561298;5;9;2024;08:40;1;13;13001;1;1;5;2;Autoroute A51, point kilométrique 23+700, sens GAP/AIX-EN-PROVENCE;;
536561299;23;1;2024;18:00;5;01;01357;2;1;2;6;199 Route des Carpates;;
536561300;27;7;2024;18:40;1;68;68376;2;1;2;6;MINES (RUE DES);;
536561301;25;1;2024;11:25;1;83;83031;1;1;1;3;route thoronet d17;;
536561302;4;9;2024;19:30;5;973;97309;2;2;1;3;Route de Montjoly;;
536561303;28;7;2024;18:30;1;63;63113;2;6;1;3;JOUHAUX (BD LEON);;
536561304;24;5;2024;15:00;1;89;89297;1;1;1;7;D958;;
536561305;25;1;2024;08:45;1;51;51111;1;1;2;6;D980;;
536561306;29;7;2024;00:25;5;62;62765;2;1;1;3;D209;;
536561308;24;5;2024;16:10;1;63;63343;1;2;1;3;D 58 PK 33 +000 / rue des Vieux chênes;;
536561309;26;1;2024;05:00;3;56;56034;1;1;2;2;Lieu dit Kergroix;;
536561310;4;9;2024;21:30;3;2A;2A041;2;1;1;6;D60;;
536561311;29;7;2024;01:30;3;62;62427;2;1;1;7;Boulevard de Herne;;
536561312;25;5;2024;16:25;1;61;61052;2;1;1;7;18 Chemin de la Fonte;;
536561314;27;7;2024;16:55;1;62;62548;2;1;7;7;RUE DU CANAL;;
536561315;5;9;2024;12:00;1;34;34289;1;3;1;3;D18;;
536561316;28;7;2024;20:40;1;59;59367;2;1;1;1;CAVROIS (RUE);;
536561317;25;5;2024;07:10;1;55;55551;1;1;1;7;D901;;
536561318;25;1;2024;07:40;2;82;82049;1;1;2;5;Route du Port;;
536561319;4;9;2024;15:00;1;67;67101;2;9;1;6;31 Rue de la Loi;;
536561320;28;7;2024;19:55;1;47;47031;2;1;1;6;Avenue de Bigorre;;
536561321;25;5;2024;11:00;1;42;42092;1;1;1;3;La Gilière;;
536561322;4;9;2024;12:10;1;67;67154;1;1;1;7;RD 468;;
536561323;24;5;2024;13:43;1;68;68082;2;1;3;6;D2;;
536561324;26;1;2024;07:40;2;71;71038;1;1;2;5;D980;;
536561325;28;7;2024;09:40;1;37;37122;2;2;1;3;CHINON (BOULEVARD DE);;
536561326;4;9;2024;17:30;1;31;31451;2;2;1;3;17 Boulevard de la République;;
536561327;25;1;2024;12:30;1;12;12102;1;1;1;1;route de la capelle viaur;;
536561328;27;7;2024;18:00;1;35;35238;2;1;1;2;VOLGA (DE LA);;
536561329;24;5;2024;16:20;1;68;68340;2;1;1;7;Rue de Seppois;;
536561330;26;1;2024;08:30;1;42;42029;1;1;1;7;Route de Rozier En Donzy;;
536561331;28;7;2024;21:40;5;34;34172;2;1;1;6;BOUISSON-BERTRAND (AVENUE);;
536561332;4;9;2024;15:37;1;17;17283;1;1;1;4;D137;;
536561333;25;5;2024;04:15;3;39;39476;2;1;1;6;14 Rue de Dijon;;
536561334;24;1;2024;08:15;1;42;42059;2;1;1;7;Rue de la Fraternité;;
536561335;22;5;2024;07:35;1;25;25151;1;1;3;6;D50;;
536561337;25;1;2024;17:50;2;31;31232;2;6;1;1;Avenue du Président Kennedy;;
536561338;5;9;2024;08:00;1;56;56178;2;2;1;3;1 Rue des Ajoncs;;
536561339;28;7;2024;04:15;3;29;29039;1;1;1;6;Chemin de la haie;;
536561340;28;7;2024;03:30;5;19;19272;2;1;1;6;Chameyrat (Rue);;
536561341;25;5;2024;12:00;1;35;35299;1;3;1;3;La Coudre;;
536561342;26;1;2024;06:55;2;01;01040;1;3;1;2;Route de Pont-de-vaux;;
536561343;25;5;2024;07:15;1;31;31396;1;1;1;6;D91;;
536561345;28;7;2024;10:00;1;14;14059;2;1;1;7;28 Avenue du Littoral;;
536561346;17;8;2024;19:30;1;13;13106;1;1;1;2;A51-Sens Aix en Provence vers Marseille;;
536561347;24;5;2024;19:47;1;38;38034;1;1;1;6;D519;;
536561348;25;1;2024;16:50;2;10;10019;1;1;8;3;route départementale 80;;
536561349;28;7;2024;19:00;1;13;13117;1;1;1;1;ROGNAC ( ROUTE DE );;
536561350;4;9;2024;14:10;1;13;13028;1;1;1;6;A50;;
536561351;24;5;2024;22:35;3;02;02558;1;1;1;7;Hameau de Lalouzy;;
536561352;18;1;2024;08:15;2;40;40002;2;1;1;5;Rue du Moulin;;
536561353;4;9;2024;08:30;1;78;78043;1;1;1;5;A13W;;
536561354;17;7;2024;20:10;1;13;13043;2;3;1;3;COTE BLEUE (AV DE LA );;
536561355;25;5;2024;08:15;1;02;02322;1;2;1;3;D13;;
536561356;15;1;2024;17:25;1;27;27009;1;2;1;3;route de maurepas;;
536561357;24;5;2024;16:40;1;72;72089;1;1;1;6;Rue Ernest Souty;;
536561358;26;7;2024;12:05;1;07;07019;2;1;1;3;DELATTRE DE TASSIGNY(AVENUE);;
536561359;23;1;2024;21:34;5;17;17347;2;2;2;6;Allee d?Aussy;;
536561360;25;5;2024;11:35;1;06;06041;1;1;1;1;D603;;
536561361;27;7;2024;21:35;5;75;75112;2;1;8;2;BD PERIPHERIQUE INTERIEUR;;
536561362;24;5;2024;23:35;5;06;06079;2;1;1;3;Zone des Tourrades (Zone tertiaire);;
536561363;27;7;2024;15:30;1;75;75120;2;1;3;6;BD PERIPHERIQUE INTERIEUR;;
536561364;25;1;2024;15:35;1;17;17020;1;3;1;3;D152;;
536561365;28;7;2024;19:30;1;75;75116;2;1;1;6;RUE DE REMUSAT;;
536561366;24;5;2024;17:45;1;50;50029;1;1;1;2;D36;;
536561367;24;5;2024;16:15;1;60;60291;1;1;1;1;D91;;
536561368;2;1;2024;11:40;1;08;08096;1;1;3;1;RD764;;
536561369;28;7;2024;11:45;1;75;75116;2;1;1;4;ROUTE DES TRIBUNES;;
536561370;25;5;2024;09:30;1;64;64469;2;1;1;6;16 Rue de Pau;;
536561371;24;1;2024;22:30;3;08;08336;1;1;1;6;D8043;;
536561372;28;7;2024;06:15;1;75;75115;2;2;1;3;AVENUE DE LA PORTE BRANCION;;
536561373;24;5;2024;16:40;1;36;36018;2;1;1;3;Rue Albert Chichery;;
536561374;26;1;2024;11:08;1;88;88468;2;1;2;1;26 Rue Charles de Gaulle;;
536561375;28;7;2024;03:52;5;75;75113;2;4;1;2;AVENUE DE LA PORTE D ITALIE;;
536561376;21;5;2024;16:40;1;53;53012;1;1;1;1;12 La Brancherie;;
536561377;16;1;2024;07:45;2;67;67388;2;2;1;6;Rue de Gumbrechtshoffen;;
536561378;28;7;2024;13:00;1;75;75109;2;2;1;6;RUE SAINT LAZARE;;
536561379;24;5;2024;21:36;3;40;40005;1;4;1;6;Le Moulin;;
536561380;25;1;2024;14:30;1;49;49123;1;1;8;3;D960;;
536561381;24;5;2024;18:55;1;27;27656;1;1;1;7;27 Route de la Vallée de la Masse;;
536561382;27;7;2024;15:00;1;75;75107;2;3;2;6;AVENUE DE LA BOURDONNAIS;;
536561383;24;5;2024;19:45;1;28;28362;1;1;1;7;D923;;
536561384;28;7;2024;20:00;1;94;94076;2;1;1;2;55-57 Avenue de Stalingrad;;
536561385;24;5;2024;19:15;1;37;37050;2;1;1;6;18 Rue Charles Coulomb;;
536561386;28;7;2024;04:20;5;94;94041;2;1;1;6;Rue François Mitterrand;;
536561387;24;5;2024;21:52;5;30;30259;2;3;1;3;Route d?Uzes;;
536561388;28;7;2024;20:00;1;93;93070;2;3;1;2;Boulevard Victor Hugo / Rue Louis Blanc;;
536561389;24;5;2024;17:45;1;52;52060;1;1;2;7;RD460 PK36;;
536561390;27;7;2024;20:45;1;93;93045;2;2;2;3;Avenue Faidherbe / Rue du Progrès;;
536561391;25;5;2024;19:15;1;31;31044;2;6;1;3;Chemin de Nollet;;
536561392;28;7;2024;15:55;1;93;93010;2;5;1;1;Avenue Henri Varagnat / Avenue Léon Jouhaux;;
536561393;25;5;2024;20:00;1;06;06155;1;1;1;3;A8 PR 170 + 961;;
536561394;19;7;2024;15:20;1;93;93007;2;3;1;2;"""PIERRE SEMARD (RUE """"COTE PAIRS"""")""";;
536561395;25;5;2024;09:25;1;06;06027;1;1;1;7;autoroute A8 PK 183.650 Nord;;
536561396;12;5;2024;09:00;1;988;98815;1;1;1;7;Tribu de Hnawayatche;;
536561397;27;7;2024;17:15;1;92;92020;2;6;2;6;BROSSOLETTE RUE PIERRE N°3 A 13;;
536561398;24;5;2024;18:30;1;84;84028;1;1;1;7;Route de St Roman de Malegarde;;
536561399;27;7;2024;22:22;3;92;92036;2;3;8;3;COUTURE D'AUXERRE (RUE DE LA) (1/25);;
536561400;24;5;2024;08:30;1;13;13027;2;1;1;3;D571;;
536561401;28;7;2024;21:15;3;11;11367;1;1;1;6;D629;;
536561402;25;5;2024;16:19;1;57;57155;2;9;1;1;Rue Saint Jean;;
536561403;28;7;2024;18:00;1;86;86140;1;4;1;6;D749;;
536561404;25;5;2024;17:45;1;73;73249;2;1;1;6;Che du Prieuré;;
536561405;22;7;2024;14:45;1;31;31253;2;1;1;2;Route de Saint-clar;;
536561406;24;5;2024;16:00;1;81;81271;2;2;1;1;Avenue pasteur;;
536561407;28;7;2024;03:00;3;81;81078;1;1;1;6;D14;;
536561408;24;5;2024;18:30;1;69;69089;2;1;1;1;Chemin des Ifs;;
536561409;28;7;2024;20:20;2;71;71550;1;1;1;6;Autoroute A6 PK 365+900 SENS LYON PARIS;;
536561410;24;5;2024;13:55;1;19;19082;2;1;1;6;Route de la Couze;;
536561411;29;7;2024;04:20;3;83;83048;2;1;1;6;1559 avenue saint raphael;;
536561413;27;7;2024;02:26;3;01;01401;1;1;1;2;D89;;
536561414;28;7;2024;20:35;5;974;97413;2;1;1;7;52 Chemin Pierre Deguigne;;
536561415;24;5;2024;14:50;1;60;60346;2;1;1;6;13 Rue Michel Blere;;
536561416;29;7;2024;13:50;1;30;30282;2;1;1;2;D237;;
536561417;24;5;2024;17:55;1;62;62014;2;2;1;3;D186E1;;
536561418;28;7;2024;07:20;1;83;83130;2;9;1;1;Avenue des Sénès;;
536561419;28;7;2024;17:45;1;83;83073;2;6;1;3;DN7 - Rond point de l'Europe;;
536561420;24;5;2024;18:00;1;13;13212;1;1;1;3;A507 sens Marseille - Aubagne;;
536561421;28;7;2024;19:10;2;57;57603;2;3;7;2;Rue Jean Moulin;;
536561422;20;5;2024;18:40;1;59;59501;1;1;1;3;AUTOROUTE A 21;;
536561423;29;7;2024;09:20;1;56;56031;1;2;1;3;Kernoul;;
536561424;21;5;2024;18:11;1;59;59203;1;1;1;2;AUTOROUTE A 21;;
536561425;27;7;2024;16:00;1;56;56251;1;1;1;2;Lieu Dit Noyance;;
536561426;28;7;2024;19:15;1;67;67072;1;1;1;7;Route de Montbronn;;
536561427;24;5;2024;17:25;1;92;92050;1;1;1;4;A86;;
536561429;28;7;2024;12:07;1;2B;2B150;1;1;1;7;T30;;
536561430;24;5;2024;19:10;1;93;93010;1;1;1;5;A86;;
536561431;27;7;2024;12:00;1;69;69130;1;4;1;1;Route du Val d'Azergues;;
536561432;24;5;2024;09:00;1;93;93053;1;1;1;2;A3;;
536561433;28;7;2024;20:10;1;32;32107;1;1;1;6;Route d?Agen;;
536561434;28;7;2024;18:45;1;41;41095;1;1;1;7;Chemin rural n°13;;
536561435;23;5;2024;23:15;4;94;94018;1;1;1;6;A4;;
536561436;27;7;2024;10:02;1;34;34239;2;2;1;3;Avenue de Montpellier;;
536561437;13;1;2024;16:28;1;84;84031;2;6;1;3;MONTEUX CHEMIN DE;;
536561438;28;7;2024;20:30;1;34;34284;1;1;1;7;D907;;
536561439;13;3;2024;15:16;1;29;29232;2;1;1;6;Boulevard de Creac'h Gwen;;
536561441;10;2;2024;14:10;1;57;57474;2;6;2;3;311 Rue de Metz;;
536561442;29;7;2024;09:05;1;25;25372;1;9;1;2;D663;;
536561443;23;5;2024;15:45;1;976;97611;2;1;1;2;tsoundzou-Mangadzia  Tsoundzou 2 (rue );;
536561444;28;7;2024;06:35;3;25;25328;1;1;1;6;N83;;
536561445;23;5;2024;16:50;2;974;97411;2;1;1;2;LANCASTEL (BOULEVARD);;
536561446;22;7;2024;16:40;1;25;25036;1;1;1;3;Rue de Beure;;
536561447;23;5;2024;16:15;1;974;97409;2;1;1;2;LAGOURGUE(CHEMIN);;
536561448;28;7;2024;19:10;1;38;38504;1;1;1;7;D30;;
536561449;22;5;2024;11:40;1;974;97409;2;1;1;3;PENTE SASSY (chemin de la);;