Num_Acc;jour;mois;an;hrmn;lum;dep;com;agg;int;atm;col;adr;lat;long
536562447;19;12;2024;22:45;5;75;75109;2;1;1;6;RUE LE PELETIER;;
536562448;8;2;2024;09:15;1;44;44109;2;6;8;3;Boulevard Cardiff;;
536562449;19;12;2024;19:05;5;75;75107;2;1;1;6;PONT D IENA;;
536562450;8;2;2024;15:55;1;44;44109;2;1;1;7;128 Boulevard Jules Verne;;
536562451;19;12;2024;12:00;1;94;94068;2;2;1;6;Avenue Émile Zola;;
536562452;8;2;2024;12:55;1;44;44109;2;6;2;3;133 Route de Vannes;;
536562453;19;12;2024;19:30;5;94;94058;2;1;2;6;Avenue Pierre Brossolette;;
536562454;8;2;2024;15:15;1;44;44143;2;6;8;7;Rue de la Pierre Anne;;
536562455;19;12;2024;21:16;5;94;94043;2;1;2;6;Avenue de Fontainebleau;;
536562456;7;2;2024;11:10;1;44;44109;2;6;8;3;1 Place Raymond Poincaré;;
536562457;19;12;2024;10:20;1;94;94037;2;1;2;3;Avenue Paul Vaillant-couturier;;
536562458;6;2;2024;11:25;1;44;44109;2;2;8;3;37 Rue Félix Faure;;
536562459;18;12;2024;17:20;5;94;94034;2;1;2;3;Avenue de la Cerisaie;;
536562460;4;2;2024;18:39;5;44;44109;2;6;8;3;Quai Malakoff;;
536562461;18;12;2024;19:15;5;94;94028;2;1;2;6;Avenue Jean-baptiste Champeval;;
536562462;6;3;2024;10:55;1;976;97611;2;1;1;3;kaweni-Grande Traverse (rue de la);;
536562463;17;12;2024;17:00;1;94;94028;2;9;1;1;Av du Mal de Lattre de Tassigny;;
536562464;19;12;2024;14:20;1;93;93059;2;9;2;3;JACQUES PREVERT (AVENUE);;
536562465;6;3;2024;07:55;1;974;97416;2;1;1;6;STEPHANE(CHEMIN);;
536562466;19;12;2024;16:15;1;93;93055;2;1;2;2;FLORIAN;;
536562467;6;3;2024;14:30;1;69;69383;1;1;1;6;Rue Général Mouton-Duvernet;;
536562468;19;12;2024;18:34;5;93;93051;2;3;2;6;REPUBLIQUE;;
536562469;6;3;2024;09:55;1;69;69388;2;1;1;6;108 Rue Marius Berliet;;
536562470;19;12;2024;18:10;5;93;93029;2;3;1;6;JULIAN GRIMAU;;
536562471;6;3;2024;06:45;2;972;97213;2;2;1;6;FERNAND GUILLON (BOULEVARD);;
536562472;19;12;2024;12:35;1;93;93010;2;2;1;6;THOMAS (AV. ALBERT);;
536562473;13;12;2024;11:20;1;92;92062;2;1;1;6;LAFARGUES (RUE PAUL);;
536562474;6;3;2024;19:00;2;69;69382;2;3;1;3;Rue des Archers;;
536562475;6;3;2024;15:00;1;69;69034;2;1;1;6;Quai Clemenceau;;
536562476;19;12;2024;17:20;5;92;92051;2;6;1;3;CHATEAU (BOULEVARD DU);;
536562477;19;12;2024;08:30;5;92;92050;2;2;2;7;VOLANT RUE;;
536562478;6;3;2024;18:46;5;2B;2B120;2;1;1;2;11 - RT;;
536562479;19;12;2024;05:15;5;92;92050;2;1;2;6;LENINE VLADIMIR ILITCH AVENUE;;
536562480;4;2;2024;01:30;5;971;97107;2;1;1;6;PAUL LACAVE ( AVENUE );;
536562481;17;12;2024;09:30;1;92;92050;2;2;1;1;JOLIOT CURIE F. ET IRENE AVENUE  N°PAIRS;;
536562482;6;3;2024;13:15;1;971;97105;2;1;1;2;BOLOGNE (ROUTE DE);;
536562483;19;12;2024;19:30;5;92;92040;2;1;1;6;JEAN-PIERRE TIMBAUD;;
536562484;5;3;2024;18:08;1;91;91021;2;1;1;6;ERNEST GIRAULT (BOULEVARD);;
536562485;19;12;2024;19:30;5;92;92024;2;3;8;3;GENERAL LECLERC (RUE DU) DE (59 ET PLUS);;
536562486;6;3;2024;11:30;1;91;91161;2;9;1;2;CARLET (AVENUE DE);;
536562487;19;12;2024;18:20;5;92;92009;2;6;2;3;EUROPE (AVENUE);;
536562488;19;12;2024;19:27;5;92;92002;2;9;1;6;ARISTIDE BRIAND (AVENUE);;
536562489;6;3;2024;08:26;1;91;91514;2;1;2;6;RTE DE BOUSSY ST ANTOINE;;
536562490;18;12;2024;11:35;1;63;63302;1;1;8;1;route départementale 978;;
536562491;6;3;2024;19:40;5;91;91589;1;9;8;6;GRAND VAUX (RUE DE);;
536562492;6;3;2024;08:16;1;91;91027;2;1;8;3;INDUSTRIE (QUAI DE L');;
536562493;18;12;2024;09:25;1;01;01105;1;1;1;4;Route de Lyon;;
536562494;19;12;2024;15:01;2;25;25305;1;1;6;6;N57;;
536562495;19;12;2024;08:45;1;05;05079;2;1;9;7;Route de Grenoble;;
536562496;18;2;2024;02:00;5;91;91479;2;2;1;3;GENERAL DE GAULLE (AVENUE DU);;
536562497;6;3;2024;04:27;5;91;91228;2;1;3;6;MENNECY (ROUTE DE);;
536562498;18;12;2024;13:45;1;972;97221;1;1;1;2;rn5;;
536562499;19;12;2024;16:15;1;35;35085;2;1;1;6;35 Avenue du General de Gaulle;;
536562500;6;3;2024;11:15;1;84;84031;1;2;1;3;ROUTE DE BEDOIN;;
536562501;16;12;2024;07:25;2;35;35125;1;1;2;1;D178;;
536562502;25;2;2024;20:53;5;84;84007;2;2;1;1;C.De GAULLE (Rocade);;
536562503;20;12;2024;12:50;1;71;71204;1;1;1;2;Fragnes-La Loyère;;
536562504;5;3;2024;17:09;1;83;83129;1;1;1;6;BARELLES (CHEMIN DES) N° PAIRS;;
536562505;18;12;2024;19:10;5;59;59462;2;1;8;2;166 Rue du Marechal Foch;;
536562506;6;3;2024;21:55;5;82;82033;2;1;1;6;Route de Toulouse;;
536562507;20;12;2024;16:40;1;974;97413;2;2;1;1;81 Chemin Thenor Georges;;
536562508;18;12;2024;10:47;1;23;23065;1;1;1;7;D951;;
536562509;6;3;2024;18:25;2;81;81004;2;9;1;2;ROCADE RN88 SUD;;
536562510;19;12;2024;17:05;2;47;47010;2;1;1;1;D655;;
536562511;5;3;2024;07:00;3;77;77326;1;3;8;3;D.346;;
536562512;19;12;2024;13:40;1;35;35197;1;1;2;1;Le Champ de la Rue;;
536562513;5;3;2024;12:40;1;76;76351;2;1;2;6;VAL AUX CORNEILLES (AVENUE DU)°;;
536562514;20;12;2024;13:40;1;95;95026;1;1;1;6;D909;;
536562515;6;3;2024;18:50;5;69;69256;2;1;1;6;14 Avenue Marcel Cachin;;
536562516;20;12;2024;08:15;1;95;95352;1;1;7;3;D316;;
536562517;20;12;2024;09:30;1;19;19107;1;1;1;1;Route De Brive;;
536562518;6;3;2024;19:00;5;69;69290;2;2;1;3;Route de Lyon;;
536562519;19;12;2024;17:15;2;19;19208;1;9;2;7;D16;;
536562520;13;4;2024;23:30;5;2A;2A004;2;1;1;3;#bd charles bonaparte#;;
536562521;19;12;2024;17:15;2;56;56001;2;1;1;6;Rue de la Voie Romaine;;
536562522;13;4;2024;23:50;5;2A;2A004;2;3;1;3;#7 Avenue Napoleon III#;;
536562523;16;12;2024;19:55;5;80;80253;2;1;8;7;7 Route Nationale - Hameau de Haute Visée;;
536562524;13;4;2024;14:40;1;2A;2A004;1;1;1;3;T21;;
536562525;13;4;2024;10:00;1;2A;2A004;1;9;1;1;T40;;
536562526;20;12;2024;17:35;3;89;89265;1;2;1;5;Lieu Dit Ru Bouilly;;
536562527;13;4;2024;12:20;1;95;95019;2;9;1;6;ALBERT LEFEBVRE (RUE);;
536562529;12;4;2024;11:55;1;95;95582;1;9;1;6;HORIONNE (RUE DE LA);;
536562531;13;4;2024;12:15;1;95;95428;2;2;1;6;ALOUETTES (RUE DES);;
536562532;13;4;2024;00:01;5;91;91552;1;1;1;3;RTE NATIONALE 20;;
536562534;12;4;2024;18:35;1;91;91657;2;1;1;6;AV HENRI BARBUSSE;;
536562535;20;12;2024;10:20;1;29;29097;1;1;1;1;D69;;
536562536;12;4;2024;12:20;1;91;91589;2;2;1;3;BD ARISTIDE BRIAND;;
536562537;20;12;2024;08:45;1;29;29264;1;1;2;1;D712;;
536562538;12;4;2024;18:33;1;91;91109;1;1;1;1;COCHET (RUE DU)        RD201;;
536562539;19;12;2024;14:15;1;03;03090;1;1;2;3;La Petite prugne;;
536562540;20;12;2024;10:20;1;15;15061;1;1;4;6;RD 3;;
536562541;13;4;2024;19:55;2;83;83137;2;3;1;7;JOFFRE (BD MARECHAL);;
536562542;19;12;2024;22:00;3;01;01237;1;1;2;1;D984d;;
536562543;8;4;2024;15:20;1;83;83118;2;3;1;6;BOULEVARD DU PONANT;;
536562544;19;12;2024;20:51;3;01;01125;1;1;2;6;D936;;
536562545;19;12;2024;16:55;3;70;70384;1;1;9;1;D33;;
536562546;13;4;2024;09:25;1;80;80021;2;3;1;3;Rue Robert Pierre;;
536562547;20;12;2024;08:14;2;72;72275;2;1;1;6;grande rue;;
536562548;19;12;2024;19:45;3;50;50349;1;1;4;1;D20;;
536562549;13;4;2024;17:58;1;77;77294;2;1;1;3;GUSTAVE DUBOIS (RUE);;
536562550;20;12;2024;08:20;2;50;50410;2;1;1;6;27 Rue de Rennes;;
536562551;13;4;2024;04:00;3;77;77462;1;1;1;2;ROUTE NATIONALE 2;;
536562552;18;12;2024;18:55;3;90;90020;1;1;2;7;D130;;
536562553;13;4;2024;20:53;3;77;77372;1;1;1;3;D934;;
536562554;19;12;2024;10:45;1;43;43268;2;1;8;6;Chemin de la Galoche;;
536562555;19;12;2024;14:30;1;43;43026;1;1;2;6;D 906;;
536562556;12;4;2024;13:50;1;77;77458;2;6;1;6;RUE PAUL ROLLIN;;
536562557;12;4;2024;10:10;1;77;77431;2;1;1;6;RUE DE LA GARE;;
536562558;20;12;2024;11:37;1;10;10254;1;9;1;3;Rue de la Mairie;;
536562559;20;12;2024;12:25;1;53;53267;1;1;1;6;Vaiges;;
536562560;13;4;2024;20:55;2;76;76108;2;2;1;3;Rue de la Republique;;
536562561;20;12;2024;08:00;3;85;85008;1;6;1;3;RD80;;
536562562;12;4;2024;16:50;1;73;73065;2;1;1;2;BOISSE (AVENUE DE LA);;
536562563;13;4;2024;15:50;1;72;72181;2;9;1;3;CHANTREL PAUL (BD);;
536562564;20;12;2024;17:45;3;37;37028;1;1;2;1;Le Buchet;;
536562565;13;4;2024;12:20;1;71;71540;1;1;1;3;HUIT MAI (AVENUE DU);;
536562566;19;12;2024;23:35;3;48;48140;1;1;4;6;D809;;
536562567;13;4;2024;19:50;1;69;69092;2;2;7;3;Route de Tarare;;
536562568;19;12;2024;21:25;3;08;08498;1;1;1;1;D3;;
536562569;13;4;2024;14:45;1;69;69264;2;1;1;6;431 Avenue de l'Europe;;
536562570;19;12;2024;07:42;4;68;68375;2;1;2;6;18 Rue de Mulhouse;;
536562571;13;4;2024;15:30;1;69;69290;1;1;1;7;11 Rue Paul Langevin;;
536562572;10;4;2024;09:10;1;68;68066;2;3;1;3;STANISLAS (RUE);;
536562573;20;12;2024;14:15;1;65;65127;1;1;1;5;PK167+400;;
536562574;13;4;2024;21:52;5;64;64445;2;3;1;7;CASTETNAU;;
536562575;13;4;2024;15:15;1;64;64122;2;1;1;2;RD 810;;
536562576;20;12;2024;16:55;2;13;13051;1;1;6;5;D113;;
536562577;19;12;2024;08:20;1;69;69244;2;1;2;3;Avenue Charles de Gaulle;;
536562578;13;4;2024;22:00;5;64;64024;2;1;1;3;BAHINOS (ROND POINT DE);;
536562579;22;11;2024;17:43;3;73;73128;1;1;2;2;A41, PR 102.600, sens ANNECY-CHAMBÉRY;;
536562580;13;4;2024;20:25;2;63;63113;2;6;7;3;FLAUBERT (BD GUSTAVE);;
536562581;20;12;2024;14:45;1;971;97103;2;1;1;1;Rue henri sidambaron;;
536562582;13;4;2024;15:45;1;62;62274;2;1;2;6;chemin de halage;;
536562583;20;12;2024;02:00;3;13;13110;1;1;6;2;Autoroute A8 PK 39+050 direction AIX-EN-PROVENCE;;
536562584;13;4;2024;10:10;1;59;59599;2;1;1;6;Boulevard d'Halluin;;
536562585;19;12;2024;17:20;2;971;97102;1;1;1;6;Rue Emile Lafontaine;;
536562586;13;4;2024;19:00;1;54;54395;2;1;1;6;place Henri Mengin;;
536562587;20;12;2024;17:35;4;45;45108;1;1;1;5;D940 PR 3 + 750;;
536562588;13;4;2024;08:25;2;54;54323;2;2;1;3;Rue Mercy;;
536562589;20;12;2024;13:20;1;77;77010;1;1;1;3;route departementale 619;;
536562590;13;4;2024;13:40;1;51;51454;2;3;1;6;LIBERGIER (RUE);;
536562591;20;12;2024;02:45;3;21;21292;2;1;1;7;D25;;
536562592;14;12;2024;09:00;1;08;08190;2;1;5;6;10 D949;;
536562593;13;4;2024;12:10;1;51;51454;2;2;1;3;JAURES (AVENUE JEAN) DU N° 74 A FIN (PAI;;
536562594;12;4;2024;18:00;1;51;51454;2;1;1;3;ALBERT 1ER (BOULEVARD);;
536562595;17;12;2024;11:18;1;74;74094;1;1;1;5;D903;;
536562596;3;9;2024;20:14;2;92;92036;1;1;1;2;RN315 W;;
536562597;20;12;2024;08:50;1;01;01275;1;6;1;6;chemin du gué;;
536562598;13;4;2024;04:52;3;51;51168;1;1;1;2;Route Départementale 977;;
536562599;20;12;2024;08:40;1;23;23067;1;1;1;7;D28;;
536562600;4;9;2024;14:22;1;93;93010;1;1;1;5;AUTOROUTE A3;;
536562601;12;4;2024;17:20;1;47;47001;2;1;1;2;LACOUR (BD EDOUARD);;
536562603;13;4;2024;06:55;1;45;45302;1;1;1;6;D2701 PR 0 + 1;;
536562605;3;9;2024;23:55;5;93;93066;1;1;1;2;AUTOROUTE A1;;
536562606;13;4;2024;08:55;1;44;44184;2;2;1;3;97 Avenue de la République;;
536562608;8;4;2024;09:20;1;42;42218;2;1;1;3;Boulevard Maréchal Franchet d'Esperey;;
536562609;3;9;2024;16:55;1;93;93066;1;1;1;2;AUTOROUTE A1;;
536562610;19;12;2024;15:15;1;49;49269;1;1;1;2;D160;;
536562611;3;9;2024;15:40;1;95;95252;1;1;1;7;A15;;
536562612;20;12;2024;07:50;3;29;29156;1;3;3;2;La Croix Neuve;;
536562613;13;4;2024;11:45;1;35;35238;2;5;1;3;ROOSEVELT (BD FRANKLIN);;
536562614;20;12;2024;08:00;2;35;35360;2;6;1;6;50 Rue du College;;
536562615;3;9;2024;07:45;2;95;95572;1;1;2;6;A15;;
536562616;19;12;2024;19:45;3;27;27031;1;1;1;1;Route de Sacquenville;;
536562617;13;4;2024;14:00;1;34;34172;2;9;1;2;CHATEAU D'O (ROND-POINT DU);;
536562618;3;9;2024;08:30;1;93;93007;1;1;2;2;AUTOROUTE A1;;
536562619;19;12;2024;17:10;5;27;27180;2;1;1;3;65 Rue de l?Abbaye du Beau Bec;;
536562620;12;4;2024;22:55;5;34;34172;2;2;1;6;JUSTICE DE CASTELNAU (AVENUE DE LA);;
536562621;2;9;2024;18:30;1;93;93066;1;1;1;7;AUTOROUTE A86;;
536562622;13;4;2024;22:09;5;31;31555;2;1;1;1;CHE DE CAYRAS;;
536562623;20;12;2024;16:30;2;80;80625;2;1;8;1;D935;;
536562624;4;9;2024;16:40;1;77;77294;1;1;1;2;A104;;
536562625;13;4;2024;15:15;1;29;29232;2;9;1;3;Rue du Poher;;
536562626;16;12;2024;21:30;5;62;62711;2;1;1;3;D191;;
536562627;12;4;2024;19:25;1;22;22113;2;6;1;3;VIARMES (QUAI DE);;
536562628;27;8;2024;15:00;1;44;44109;2;3;1;2;124 Rue Paul Bellamy;;
536562629;18;12;2024;18:36;3;13;13210;1;1;1;2;A50-Sens Marseille vers Aubagne;;
536562630;13;4;2024;01:40;3;19;19031;2;1;1;6;SALAN (BOULEVARD DU);;
536562631;18;12;2024;14:45;1;13;13213;1;1;1;3;A507 sens Marseille - Aubagne;;
536562632;13;4;2024;10:45;1;19;19031;2;1;1;2;SOURIE (RUE ARMAND);;
536562633;31;5;2024;14:58;1;91;91689;1;1;2;3;AUTOROUTE A6A;;
536562634;18;12;2024;17:30;3;13;13071;1;1;1;5;A5502G-sens Martigues vers A7-Marseille;;
536562635;13;4;2024;11:40;1;14;14366;2;1;1;2;Route de Paris;;
536562636;13;4;2024;06:25;5;13;13205;2;1;1;1;CAMAS (RUE DU);;
536562638;30;5;2024;18:10;1;91;91174;2;1;8;2;HENRI DUNANT (BOULEVARD);;
536562639;13;4;2024;03:00;5;13;13210;2;1;1;2;CAPELETTE (AVENUE DE LA);;
536562642;30;5;2024;18:10;1;91;91363;1;1;1;3;RN 104;;
536562643;13;4;2024;03:37;5;13;13206;2;2;1;3;BRETEUIL (RUE);;
536562644;13;4;2024;22:20;5;13;13098;2;7;1;7;JEAN FRANCOIS CHAMPOLLION PLACE;;
536562645;8;12;2024;18:09;3;62;62498;1;1;1;4;A211;;
536562646;19;12;2024;21:34;3;91;91339;1;1;1;6;RN 104;;
536562647;13;4;2024;20:00;1;13;13005;2;1;1;1;PAIX (AVENUE DE LA );;
536562648;30;5;2024;15:55;1;91;91286;1;1;1;5;AUTOROUTE A6;;
536562649;13;4;2024;09:15;1;13;13001;2;1;1;1;MONNET JEAN (AV);;
536562650;19;12;2024;17:26;3;92;92002;1;1;1;4;AUTOROUTE A6;;
536562651;14;4;2024;00:20;3;10;10343;2;1;1;7;Rue Louis Maillet;;
536562652;19;12;2024;08:55;1;91;91235;1;1;1;2;RN 104;;
536562653;13;4;2024;16:40;1;10;10081;2;1;7;6;Avenue de Neckarbischofsheim;;
536562654;29;5;2024;22:23;3;91;91103;1;1;2;7;RN 104;;
536562655;19;12;2024;06:50;3;91;91689;1;1;1;2;AUTOROUTE A6A;;
536562656;28;5;2024;15:38;1;91;91546;2;1;2;7;Rue de Bandeville;;
536562657;13;4;2024;12:22;1;10;10387;2;2;1;3;Rue de la Cite;;
536562658;19;12;2024;01:15;3;91;91377;1;1;2;6;AUTOROUTE A10;;
536562659;13;4;2024;06:15;3;07;07008;1;1;1;3;D2 ( ROUTE DEPARTEMENTALE );;
536562660;18;12;2024;16:56;2;94;94034;1;1;1;4;A86;;
536562661;28;5;2024;08:20;1;91;91228;1;1;8;4;AUTOROUTE A6;;
536562662;13;4;2024;18:48;1;06;06069;2;1;1;3;19 Route de Draguignan;;
536562663;21;8;2024;16:00;1;44;44162;2;1;1;6;Boulevard Salvador Allende;;
536562664;18;12;2024;17:50;3;91;91573;1;1;1;4;RN 104;;
536562665;13;4;2024;18:35;1;04;04112;1;1;1;1;MORT D'IMBERT (MTE. DE LA);;
536562666;26;5;2024;01:56;3;91;91377;1;1;1;2;AUTOROUTE A10;;
536562667;18;12;2024;17:30;3;92;92048;1;1;1;3;N118;;
536562668;12;4;2024;08:20;1;02;02691;2;1;1;3;29 Boulevard Victor Hugo;;
536562669;18;12;2024;18:20;3;78;78423;1;1;1;2;N12W;;
536562670;25;5;2024;03:14;3;91;91471;1;1;1;7;RN 118;;
536562671;18;12;2024;08:51;1;92;92012;1;1;1;2;A13;;
536562672;13;4;2024;01:40;5;75;75112;2;1;1;5;PONT DE BERCY;;
536562673;18;12;2024;18:20;3;95;95527;1;1;1;2;N104;;
536562674;13;4;2024;20:50;5;75;75105;2;3;1;6;BOULEVARD SAINT MARCEL;;
536562675;18;12;2024;15:00;1;93;93066;1;1;1;2;AUTOROUTE A1;;
536562676;24;5;2024;17:40;1;91;91534;1;1;1;3;RN 118;;
536562677;26;1;2024;20:55;3;988;98805;1;1;1;1;VE2 - zone en travaux;;
536562678;13;4;2024;12:30;1;75;75105;2;2;1;6;RUE MONGE;;
536562679;18;12;2024;17:20;3;95;95219;1;1;1;1;A115;;
536562680;25;1;2024;10:30;1;06;06018;1;1;1;7;Route des Colles;;
536562681;18;12;2024;13:45;1;93;93008;1;1;1;3;AUTOROUTE A86;;
536562682;13;4;2024;13:50;1;75;75117;2;3;1;1;RUE DE TOCQUEVILLE;;
536562683;2;1;2024;16:50;1;987;98738;1;1;1;1;Route NINA PEATA;;
536562684;19;12;2024;07:00;3;94;94044;1;1;2;2;N406;;
536562685;24;5;2024;15:10;1;91;91136;1;1;1;4;AUTOROUTE A10;;
536562686;11;4;2024;09:15;1;75;75106;2;2;1;3;BOULEVARD DU MONTPARNASSE;;
536562687;19;12;2024;01:16;4;94;94042;1;1;2;6;A4;;
536562688;26;1;2024;00:49;3;971;97116;1;1;1;6;Boulevard Toussaint Louverture;;
536562689;24;5;2024;12:40;1;91;91174;2;1;1;6;BD JEAN JAURES;;
536562690;26;1;2024;01:15;3;977;97701;2;1;1;7;RT 209;;
536562691;13;4;2024;19:55;1;75;75107;2;3;1;6;AVENUE DE SUFFREN;;
536562692;18;12;2024;17:45;3;77;77468;1;1;1;6;A4.Y;;
536562693;26;1;2024;12:00;1;2A;2A247;2;1;1;6;Chemin de Covasina;;
536562694;18;12;2024;04:00;3;77;77495;1;9;1;7;A5;;
536562695;23;5;2024;18:30;1;91;91226;2;2;1;3;Boulevard de la Gare;;
536562696;13;4;2024;07:30;1;75;75114;2;3;1;2;AVENUE DE LA PORTE DE MONTROUGE;;
536562697;26;1;2024;07:20;1;34;34033;2;1;1;6;D610;;
536562698;17;12;2024;23:00;3;94;94079;1;1;1;6;A4;;
536562699;23;5;2024;08:30;1;91;91235;1;1;1;2;RN 104;;
536562700;13;4;2024;10:00;1;75;75110;2;2;1;3;RUE LOUIS BLANC;;
536562701;26;1;2024;09:35;1;26;26271;1;2;1;5;Route du Dauphiné;;
536562702;23;5;2024;07:38;1;91;91339;1;1;8;6;RN 104;;
536562703;11;8;2024;04:00;5;62;62617;2;2;1;3;D937;;
536562704;26;1;2024;12:50;1;69;69009;2;1;1;2;Route de Lucenay;;
536562705;12;4;2024;15:15;1;75;75109;2;7;1;6;BOULEVARD DE CLICHY;;
536562706;26;1;2024;00:05;3;69;69154;1;1;1;6;560 Route de Gaminon;;
536562707;9;8;2024;19:40;1;62;62737;2;6;1;1;D937;;
536562708;22;5;2024;20:13;2;91;91553;1;1;1;5;RN 104;;
536562709;6;8;2024;19:30;1;62;62737;2;1;1;3;D937;;
536562710;13;4;2024;03:20;5;75;75108;2;2;1;2;BOULEVARD MALESHERBES;;
536562711;25;1;2024;17:00;1;69;69171;2;3;1;1;15 Quai de la Brévenne;;
536562712;25;1;2024;16:00;1;31;31248;1;1;1;2;D4;;
536562713;30;7;2024;09:40;1;59;59569;2;3;1;3;DOUAI (RUE DE);;
536562714;13;4;2024;19:59;2;75;75102;2;2;1;6;RUE SAINT MARC;;
536562715;25;1;2024;16:36;2;85;85302;1;1;2;5;RD 160;;
536562716;24;7;2024;10:30;1;59;59178;2;1;1;6;HAYEZ (BOULEVARD PAUL);;
536562717;22;5;2024;15:23;1;91;91689;1;1;2;4;AUTOROUTE A6;;
536562718;13;4;2024;16:40;1;75;75102;2;3;1;3;BOULEVARD DES CAPUCINES;;
536562719;26;1;2024;13:10;1;76;76464;1;1;1;6;Rue des Andelys;;
536562720;19;7;2024;20:45;1;59;59327;2;1;1;2;GAULLE (AVENUE DU GENERAL DE);;
536562721;26;1;2024;16:50;1;62;62148;2;1;1;6;D919;;
536562722;3;5;2024;00:40;3;76;76005;2;1;1;7;Route de Paris;;
536562723;13;4;2024;13:40;1;75;75103;2;3;1;3;PLACE DE LA REPUBLIQUE;;
536562724;22;5;2024;07:17;1;91;91521;1;1;1;4;AUTOROUTE A6;;
536562725;26;1;2024;14:20;1;62;62810;1;3;1;1;D917;;
536562726;19;9;2024;11:30;1;76;76108;1;1;1;6;D1043;;
536562727;22;9;2024;03:30;4;76;76451;2;1;1;6;Allée du Fond du Val;;
536562728;13;4;2024;12:45;1;75;75101;2;3;1;3;QUAI FRANCOIS MITTERRAND;;
536562729;26;1;2024;06:45;5;59;59524;2;1;2;6;Rue Gambetta;;
536562730;29;3;2024;19:40;2;76;76540;2;3;1;6;Quai de Paris;;
536562731;21;5;2024;18:00;1;91;91179;1;1;1;4;AUTOROUTE A6;;
536562732;25;1;2024;08:00;1;13;13015;1;1;1;3;A51-Sens Aix en Provence vers Marseille;;
536562733;13;4;2024;13:55;1;94;94081;2;2;7;3;Boulevard de Stalingrad / Rue Germaine Tailleferre;;
536562734;25;3;2024;15:34;1;76;76540;2;3;1;3;Boulevard de l'Yser;;
536562735;25;1;2024;10:05;1;13;13212;2;1;1;4;A507 sens Marseille - Aubagne;;
536562736;25;2;2024;21:55;5;76;76322;2;1;2;7;182 Boulevard Maurice Ravel;;
536562737;20;5;2024;20:10;1;91;91534;1;1;2;6;RN 118;;
536562738;12;4;2024;21:35;5;94;94081;2;2;1;3;Avenue du Colonel Fabien / Rue Paul Armangot;;
536562739;25;1;2024;08:08;1;67;67482;2;1;1;2;M351;;
536562740;12;4;2024;18:15;1;94;94076;2;1;1;6;Rue Georges Lebigot;;
536562741;5;8;2024;01:35;3;84;84080;1;9;1;2;CD 942 DE CARPENTRAS A RTE SARRIANS;;
536562742;20;5;2024;17:30;1;91;91377;1;1;2;2;AUTOROUTE A10;;
536562744;19;10;2024;09:03;1;74;74012;2;1;1;6;ARAVIS (RUE DES);;
536562745;13;4;2024;20:15;1;94;94034;2;6;1;3;Chemin des Otages / Chemin des Otages;;
536562746;25;1;2024;07:54;2;59;59090;1;1;1;4;AUTOROUTE A22;;
536562747;26;9;2024;07:40;1;976;97611;2;1;1;3;tsoundzou-Baraka (rue);;
536562748;13;4;2024;20:45;1;94;94021;2;4;1;2;Boulevard Jean Mermoz / Avenue Georges Guynemer;;
536562749;13;9;2024;19:40;1;91;91692;1;1;1;3;CD35;;
536562750;25;1;2024;08:05;1;91;91339;1;1;2;5;RN 104;;
536562751;20;5;2024;12:10;1;91;91434;1;1;1;5;AUTOROUTE A6;;
536562752;24;1;2024;18:35;3;78;78043;1;1;1;6;A12 Y;;
536562753;18;5;2024;12:30;1;91;91136;1;1;1;2;RD188 PROVINCE / A10 PROVINCE;;
536562754;12;4;2024;16:30;1;94;94028;2;3;1;3;Rue Juliette Savar / Rue Henri Matisse;;
536562755;24;1;2024;07:15;5;92;92036;1;1;2;2;A86;;
536562756;18;5;2024;07:40;1;91;91340;1;1;7;2;AUTOROUTE A6;;
536562757;13;4;2024;20:30;2;94;94077;2;3;1;3;Avenue le Foll / Rue Albert Larme;;
536562758;24;1;2024;05:55;3;92;92036;1;1;1;3;A86;;
536562759;25;1;2024;08:45;1;95;95678;1;9;2;3;N184;;
536562760;16;5;2024;20:20;1;91;91689;1;1;1;3;AUTOROUTE A6A;;
536562761;13;4;2024;19:25;1;94;94022;2;2;1;3;Avenue Victor Hugo / Rue d'Alsace-lorraine;;
536562762;13;4;2024;04:05;5;94;94022;2;1;1;1;Rue Demanieux;;
536562763;15;5;2024;14:45;1;91;91377;1;1;1;3;AUTOROUTE A10;;
536562764;25;1;2024;06:30;3;93;93007;1;1;2;4;AUTOROUTE A1;;
536562765;13;4;2024;14:37;1;93;93048;2;2;1;3;Rue de Paris / Rue d’Alembert;;
536562766;25;1;2024;07:45;1;93;93078;1;1;1;3;AUTOROUTE A104;;
536562767;14;5;2024;15:00;1;91;91549;1;1;2;4;RN 104;;
536562768;13;4;2024;02:10;5;93;93046;2;2;1;3;Avenue du Maréchal Leclerc / Allée Joseph Noize;;
536562769;25;1;2024;18:15;3;77;77373;1;1;2;2;RN104;;
536562770;25;1;2024;09:00;1;94;94015;1;1;2;3;A4;;
536562771;13;4;2024;14:05;1;93;93057;2;3;1;3;Allée de Monthyon / Allée de l'Emancipation;;
536562772;14;5;2024;12:20;1;91;91228;1;1;1;4;AUTOROUTE A6;;
536562773;25;1;2024;08:00;2;94;94018;1;1;2;2;A4;;
536562774;13;4;2024;17:17;1;92;92051;2;3;1;3;VICTOR HUGO (BOULEVARD, N° 9 A 49 ET 16;;
536562775;6;6;2024;18:16;1;91;91161;1;1;1;2;AUTOROUTE A6;;
536562776;24;1;2024;22:45;3;77;77175;1;1;2;6;N104;;