Num_Acc;jour;mois;an;hrmn;lum;dep;com;agg;int;atm;col;adr;lat;long
536562777;13;4;2024;15:13;1;92;92051;2;2;1;2;ROULE (AVENUE DU, N° 29 A 91 ET 30 A 86);;
536562778;24;1;2024;18:30;3;94;94073;1;1;1;3;A86;;
536562779;6;6;2024;15:40;1;91;91174;2;1;1;6;RUE DE NAGIS;;
536562780;13;4;2024;13:56;1;92;92051;2;2;1;6;INKERMANN (BOULEVARD D');;
536562781;24;1;2024;15:10;1;94;94042;1;1;1;2;A4;;
536562782;13;4;2024;15:20;1;92;92040;2;2;1;3;STALINGRAD (QUAI DE);;
536562783;6;6;2024;11:48;1;91;91228;2;1;1;6;BD CHAMPS ELYSEES;;
536562784;23;1;2024;06:50;1;974;97407;2;1;1;5;MASCAREIGNES(BOULEVARD);;
536562785;12;4;2024;07:45;1;92;92035;2;2;1;3;Verdun 1916 ( avenue de );;
536562786;22;1;2024;18:25;1;974;97407;2;2;1;6;COMMUNE DE PARIS (AVENUE);;
536562787;12;4;2024;11:13;1;92;92026;2;9;1;6;DEFENSE (PLACE DE LA);;
536562788;5;6;2024;01:00;5;91;91521;2;1;1;3;LIBERATION (AVENUE DE LA) N°28 A 84;;
536562789;24;1;2024;09:25;1;973;97302;2;1;1;3;URANUS (CITE);;
536562790;13;4;2024;12:06;1;24;24066;1;1;1;7;Route des Forges;;
536562791;24;1;2024;21:05;5;69;69387;2;2;1;3;Quai Claude Bernard;;
536562792;13;4;2024;21:00;3;83;83058;1;1;1;7;D557;;
536562793;24;1;2024;16:20;2;69;69381;2;1;1;1;Pont de Lattre de Tassigny;;
536562794;1;6;2024;14:15;1;91;91687;1;1;2;2;AUTOROUTE A6;;
536562795;14;4;2024;10:25;1;52;52422;1;9;1;6;D107;;
536562796;24;1;2024;12:00;1;69;69384;2;3;1;6;Rue de Belfort;;
536562797;12;4;2024;16:00;1;31;31454;1;1;1;6;Intersection Avenue de Toulouse et chemin de la fontagneres;;
536562798;1;6;2024;03:15;3;91;91521;1;1;2;6;RN 104;;
536562799;24;1;2024;17:50;5;2B;2B120;1;1;1;3;TOUTES RUES;;
536562800;24;1;2024;14:05;1;95;95428;2;1;1;6;D124;;
536562801;13;4;2024;18:33;1;57;57232;2;3;1;3;1 rue de saint - avold;;
536562802;14;4;2024;05:40;3;81;81147;1;1;1;6;RD 71 PK 002+5000;;
536562803;16;8;2024;06:10;2;44;44190;2;6;1;3;120 Rue du Général De Gaulle;;
536562804;25;1;2024;00:40;3;95;95218;2;2;2;3;N184;;
536562805;13;4;2024;17:30;1;68;68009;2;1;1;3;Rue de Baltzenheim;;
536562806;28;5;2024;09:45;1;19;19072;1;1;1;6;autoroute A20,PR 266.700, Sens 2;;
536562807;23;1;2024;22:15;5;95;95127;2;9;2;5;GOLF (ROND POINT DU);;
536562808;14;4;2024;03:40;5;26;26325;2;1;1;6;16 Avenue de Lyon;;
536562809;24;1;2024;08:15;2;95;95176;2;1;1;1;VERDUN (RUE DE);;
536562810;23;1;2024;13:47;1;91;91339;2;1;2;6;JUBILE (RUE DU);;
536562811;3;9;2024;14:55;1;988;98818;2;1;8;4;RUE FERNAND FOREST;;
536562812;14;4;2024;03:46;5;62;62689;2;2;1;3;D3;;
536562813;24;1;2024;11:00;1;91;91691;2;1;1;2;PAULIN TALABOT(PONT);;
536562814;24;1;2024;15:45;1;91;91434;2;1;8;6;JEAN MOULIN (AVENUE);;
536562815;14;4;2024;11:30;1;19;19140;1;1;1;7;Route de Laborie;;
536562816;3;9;2024;06:56;1;987;98736;2;1;1;1;TIHONI TEFAATAU (RUE)-PIRAE;;
536562817;23;1;2024;16:55;1;91;91027;2;1;1;3;RTE NATIONALE 7;;
536562818;13;4;2024;16:30;1;59;59135;1;1;1;2;Route d'Oxelaere;;
536562819;30;8;2024;12:14;1;973;97302;2;1;1;3;BADUEL (ROUTE DE);;
536562820;14;4;2024;11:15;1;76;76577;1;1;1;2;D149;;
536562821;11;1;2024;13:05;1;89;89387;2;3;1;1;BELLOCIER (RUE);;
536562822;10;8;2024;05:45;2;2B;2B037;1;1;1;2;TOUTES RUES;;
536562823;20;1;2024;11:22;1;87;87085;2;3;1;3;DUTREIX (RUE ARMAND);;
536562825;23;1;2024;08:20;1;84;84007;2;3;1;3;SAINT RUF (Avenue);;
536562826;14;4;2024;01:05;5;80;80679;2;1;1;6;Rue de la Liberation;;
536562827;2;9;2024;16:40;1;971;97113;1;3;1;3;RN4 - SECTION RIVIERA;;
536562829;22;1;2024;19:15;5;83;83129;2;1;1;3;ARTISANAT (RUE DE L');;
536562830;31;8;2024;21:50;3;971;97107;2;1;1;7;DUMANOIR ( ALLEE );;
536562831;23;1;2024;15:00;1;83;83069;1;1;1;7;PIERREFEU (ROUTE DE) RD 12;;
536562832;14;4;2024;18:40;1;71;71390;1;2;1;3;D102;;
536562833;1;9;2024;04:40;5;971;97105;2;1;2;6;GASTON FEUILLARD(AVENUE);;
536562834;24;1;2024;14:17;1;80;80021;2;1;1;3;Rue Haleine Ridoux;;
536562835;3;9;2024;11:40;1;95;95306;2;1;8;6;D48;;
536562836;13;4;2024;23:00;5;89;89345;2;2;1;5;Avenue de l’Europe;;
536562837;13;4;2024;15:50;1;63;63008;1;1;1;7;Lieu dit Bras de fer;;
536562838;3;9;2024;08:30;1;91;91377;2;1;8;3;AV DE LA REPUBLIQUE;;
536562839;24;1;2024;07:35;2;76;76351;2;2;1;3;IRENE JOLIOT CURIE (RUE);;
536562840;12;4;2024;18:30;1;61;61151;1;2;1;2;D3;;
536562841;3;9;2024;09:20;1;91;91228;2;6;8;4;RTE NATIONALE 7;;
536562842;23;1;2024;15:00;1;76;76351;2;3;1;7;REAUMUR (AVENUE);;
536562844;14;4;2024;14:48;1;42;42252;1;1;1;6;D1089;;
536562845;24;1;2024;12:10;1;69;69013;2;1;1;2;Avenue de Joux;;
536562846;2;9;2024;19:05;1;87;87085;2;2;1;3;BETOULLE (PLACE LEON);;
536562847;14;4;2024;17:40;1;46;46290;1;1;1;7;D39;;
536562848;23;1;2024;11:15;1;67;67482;2;1;8;6;SAINTE MARIE AUX MINES (RUE DE);;
536562849;2;9;2024;17:00;1;86;86066;1;1;1;1;D161;;
536562850;13;4;2024;10:30;1;68;68221;2;3;1;7;Rue du 1er Septembre;;
536562851;23;1;2024;19:25;5;64;64260;2;3;1;3;BEHOBIE (RUE DE);;
536562852;3;9;2024;07:00;1;84;84007;2;3;1;3;LYON (ROUTE DE );;
536562853;13;4;2024;17:54;1;25;25173;1;4;7;3;RD 464;;
536562854;19;1;2024;16:20;1;64;64445;2;2;1;3;LILAS DES;;
536562855;19;1;2024;11:00;1;64;64335;2;3;1;6;SULLY;;
536562856;3;9;2024;19:40;1;83;83137;2;1;1;7;JOFFRE (BD MARECHAL);;
536562857;23;1;2024;19:00;5;64;64122;2;6;1;7;CASCAIS (BD DE);;
536562858;13;4;2024;18:30;1;25;25283;2;4;1;6;Rue du Chalet;;
536562859;23;1;2024;15:10;1;64;64102;2;1;1;1;Pont du Génie;;
536562860;29;8;2024;13:45;1;83;83061;2;1;1;2;AVENUE LOUIS CASTILLON;;
536562861;12;4;2024;09:30;1;29;29262;1;2;1;1;La croix rouge;;
536562862;24;1;2024;17:42;2;63;63113;2;9;1;6;DUMAS (BD J.BAPTISTE);;
536562863;13;4;2024;17:25;1;29;29209;1;1;1;7;Kerarédeau;;
536562864;13;4;2024;15:05;1;31;31552;1;1;1;7;D96;;
536562865;24;1;2024;18:40;5;59;59299;2;3;1;6;Avenue Charles De Gaulle;;
536562866;3;9;2024;20:00;1;80;80021;2;1;1;2;Place Alphonse Fiquet;;
536562867;13;4;2024;16:00;1;31;31443;1;1;1;6;D632;;
536562868;24;1;2024;16:42;1;54;54431;2;1;8;1;Avenue de Champagne;;
536562870;13;4;2024;16:05;1;38;38466;1;2;1;3;RD 1090;;
536562871;2;9;2024;12:30;1;77;77407;1;1;1;6;FONTAINEBLEAU(AVENUE DE);;
536562872;22;1;2024;08:15;2;52;52448;2;2;1;3;MONTANTS (RUE DES);;
536562873;14;4;2024;00:40;3;01;01246;2;1;1;7;Route de Vaudrenand;;
536562874;13;4;2024;10:30;1;14;14582;1;1;1;6;Route de Fervaques;;
536562875;24;1;2024;18:30;4;51;51454;2;6;1;3;ARNOULD (BOULEVARD CHARLES);;
536562876;14;4;2024;17:55;1;14;14752;2;1;1;3;19 Boulevard du 13 Juin 1944;;
536562877;24;1;2024;15:06;1;51;51230;2;2;1;6;DUNANT (RUE HENRY);;
536562878;3;9;2024;19:15;1;77;77449;2;1;1;6;BD LA MERIDIENNE;;
536562879;23;1;2024;17:30;2;49;49015;1;1;2;4;D775;;
536562880;13;4;2024;23:55;3;83;83135;1;1;1;6;D 554 PK 28.700, route de Varages;;
536562881;19;6;2024;19:15;1;73;73065;2;1;1;1;MONTJAY (CHEMIN DE);;
536562882;13;4;2024;19:45;1;60;60286;1;3;7;2;D124;;
536562883;24;1;2024;08:25;1;41;41018;2;3;2;3;VENDOME (AVENUE DE);;
536562884;13;4;2024;16:35;1;60;60233;2;9;1;6;Place du Vieux Marche;;
536562885;24;1;2024;17:20;5;38;38185;2;9;1;6;AVENUE MARÉCHAL RANDON;;
536562886;2;9;2024;15:45;2;73;73065;2;1;1;6;DUCS DE SAVOIE (AVENUE DES);;
536562887;8;4;2024;16:11;1;64;64100;2;1;3;6;1356 Route Départementale 3;;
536562888;23;1;2024;18:35;5;38;38185;2;1;1;6;RUE JEAN BART;;
536562889;14;4;2024;07:00;1;43;43223;1;1;1;7;D 23;;
536562890;24;1;2024;01:05;5;37;37261;2;1;2;3;BERT (QUAI PAUL);;
536562891;3;9;2024;10:27;1;71;71153;2;2;1;3;HOCHE;;
536562892;14;4;2024;11:10;1;07;07010;2;1;1;2;55 Avenue de l'Europe;;
536562893;24;1;2024;15:00;1;35;35051;2;6;8;6;MORAND (RUE DU CHENE);;
536562894;13;4;2024;19:40;2;21;21030;1;1;1;6;D104a;;
536562895;24;1;2024;14:00;1;35;35238;2;3;8;3;FOUGERES (ROUTE DE);;
536562896;14;4;2024;00:00;3;40;40001;2;1;1;6;Place du Commerce;;
536562897;2;9;2024;15:57;1;71;71445;1;1;1;5;RD673;;
536562898;19;1;2024;19:15;5;34;34301;2;1;1;3;HUGO VICTOR (AVENUE);;
536562899;14;4;2024;17:20;1;24;24520;2;6;1;3;45 Avenue de la Gare;;
536562900;9;4;2024;06:15;2;24;24082;1;1;8;6;route de gourdon;;
536562901;24;1;2024;19:30;5;34;34301;2;4;1;1;BLANC CAMILLE (BOULEVARD);;
536562902;2;9;2024;17:40;1;69;69091;2;1;1;3;Allée Jacques Duclos;;
536562903;13;4;2024;22:45;3;04;04149;1;1;1;6;D4096;;
536562904;24;1;2024;03:55;5;34;34172;2;4;1;3;CHOLET (RUE DE);;
536562905;12;4;2024;16:52;1;85;85047;2;2;1;3;Avenue biochaud;;
536562906;3;9;2024;12:25;1;67;67482;2;3;1;3;TOREAU (RUE);;
536562907;13;4;2024;16:30;1;17;17347;2;1;1;7;Route de Saintes;;
536562909;14;4;2024;00:04;3;17;17205;2;1;1;7;Route de l'Isle de Ludène (Chemin);;
536562910;2;9;2024;08:40;1;67;67482;2;1;1;3;KASTNER (ALLEE);;
536562911;14;4;2024;13:45;1;89;89441;1;1;1;7;A6;;
536562912;3;9;2024;13:15;1;64;64445;2;1;2;6;LOUIS SALLENAVE;;
536562913;12;1;2024;18:30;5;36;36070;2;1;1;6;Rue Camille Toussaints;;
536562915;3;9;2024;11:50;1;64;64335;2;1;2;7;PAU DE;;
536562916;24;1;2024;18:25;5;31;31555;2;2;1;3;AV DE FRONTON;;
536562917;14;4;2024;03:00;3;34;34166;1;1;1;5;A9 PK 154+800;;
536562918;3;9;2024;17:05;1;63;63113;2;3;1;6;FRANCE (RUE ANATOLE);;
536562919;23;1;2024;18:45;5;29;29019;2;6;2;3;avenue Victor Le Gorgeu;;
536562920;13;4;2024;15:10;1;13;13011;1;1;1;1;D5;;
536562921;15;1;2024;23:10;3;22;22187;2;1;1;6;ARRIVEE (ROND POINT DE L');;
536562922;14;4;2024;13:30;1;38;38118;1;1;1;2;A48;;
536562923;3;9;2024;10:00;1;63;63113;2;2;1;2;Mallet / Liondards;;
536562924;23;1;2024;09:00;1;15;15014;2;1;1;6;Avenue du 4 septembre;;
536562925;13;4;2024;14:30;1;973;97312;1;1;1;7;route nationale 1 pk 104.250;;
536562926;2;9;2024;12:30;1;62;62498;2;1;1;6;Rue Robert Schuman;;
536562927;3;4;2024;14:15;1;77;77475;1;1;1;2;D603;;
536562928;24;1;2024;19:20;5;13;13211;2;1;1;3;JEAN LOMBARD (AVENUE);;
536562929;2;9;2024;12:00;1;62;62498;2;9;1;6;Avenue Raoul Briquet;;
536562930;14;4;2024;17:10;1;2A;2A041;2;9;1;1;RT 40;;
536562931;24;1;2024;10:55;1;13;13211;2;1;1;1;MIRELLE LAUZE (BOULEVARD);;
536562932;13;4;2024;18:00;1;66;66180;2;1;1;7;Chemin de Leucate;;
536562933;23;1;2024;21:00;5;13;13212;2;1;1;1;COMTESSE (BOULEVARD DE LA);;
536562934;13;4;2024;20:45;3;84;84054;2;3;1;1;Cours Fernande Peyre;;
536562935;3;9;2024;23:45;4;62;62035;2;5;8;3;Rue du Capitaine Coussette;;
536562936;9;1;2024;19:40;5;12;12202;2;4;1;3;AMANS RODAT (AVENUE);;
536562937;14;4;2024;18:10;1;13;13081;2;1;1;1;Rue des Figuiers;;
536562938;23;1;2024;15:07;1;10;10081;2;1;2;2;Avenue Jean Moulin;;
536562939;2;9;2024;12:00;1;62;62753;2;3;1;2;Rue Paulhan;;
536562940;14;4;2024;17:45;1;13;13096;1;3;1;2;Intersection RD570 - RD85;;
536562941;23;1;2024;10:00;1;10;10060;2;1;1;2;Avenue Marechal Leclerc;;
536562942;14;4;2024;13:25;1;89;89384;1;1;1;7;A6;;
536562943;29;8;2024;09:15;1;59;59606;2;6;1;6;FROISSART (BOULEVARD);;
536562944;14;4;2024;15:15;1;21;21017;1;1;1;6;D25;;
536562945;23;1;2024;05:40;3;09;09225;1;1;1;6;ROUTE NATIONALE 20 (VOIE RAPIDE);;
536562946;13;4;2024;16:14;1;68;68296;2;3;1;1;31 Route du Vin;;
536562947;23;1;2024;19:50;5;75;75120;2;1;1;4;PORTE DE BAGNOLET;;
536562948;30;8;2024;22:20;5;59;59574;2;2;1;3;VINCI (RUE LEONARD);;
536562949;13;4;2024;17:25;1;88;88073;1;2;1;3;D28;;
536562950;24;1;2024;19:10;5;75;75117;2;3;1;7;BOULEVARD GOUVION SAINT CYR;;
536562951;14;4;2024;18:00;1;54;54460;1;1;1;7;RD10;;
536562952;24;1;2024;13:50;1;75;75117;2;1;1;2;BOULEVARD BESSIERES;;
536562953;12;4;2024;19:35;1;54;54043;1;1;1;7;D331;;
536562954;2;9;2024;16:45;1;56;56260;2;9;1;3;Boulevard de la Résistance;;
536562955;23;1;2024;19:00;5;75;75116;2;3;1;6;BOULEVARD LANNES;;
536562956;14;4;2024;03:30;3;26;26004;1;1;1;7;chemin des 4 vents;;
536562957;2;9;2024;12:05;1;54;54526;2;5;1;1;Boulevard Tolstoi;;
536562958;24;1;2024;11:30;1;75;75115;2;2;1;2;RUE DE LA CROIX NIVERT;;
536562959;12;4;2024;19:05;2;26;26235;2;6;1;6;Avenue Jean Perrin;;
536562960;13;4;2024;17:05;1;65;65123;1;1;1;6;D918;;
536562961;24;1;2024;08:30;1;75;75115;2;1;2;6;AVENUE DE SUFFREN;;
536562962;14;4;2024;10:15;1;85;85019;2;6;1;3;RD6;;
536562963;2;9;2024;07:50;1;54;54395;2;1;1;6;boulevard du millénaire;;
536562964;24;1;2024;16:38;1;75;75111;2;3;1;1;AVENUE LEDRU ROLLIN;;
536562965;13;4;2024;19:45;1;56;56178;2;1;1;6;101 Rue Nationale;;
536562966;13;4;2024;17:45;1;27;27070;1;1;1;6;D1;;
536562967;24;1;2024;12:30;1;75;75111;2;1;1;6;AVENUE LEDRU ROLLIN;;
536562968;3;9;2024;17:14;1;54;54382;1;1;8;3;RN52;;
536562969;13;4;2024;04:57;3;27;27020;2;1;1;6;D55;;
536562970;24;1;2024;14:45;1;75;75110;2;1;1;3;BOULEVARD SAINT MARTIN;;
536562971;2;9;2024;13:16;1;54;54521;2;1;8;6;Rue Saint Georges;;
536562972;13;4;2024;17:30;1;59;59634;1;2;1;2;Route du Bourbourg;;
536562973;24;1;2024;10:30;1;75;75108;2;2;1;1;AVENUE HOCHE;;
536562974;3;9;2024;15:15;1;51;51454;2;1;2;6;RUE CHARLES GUGGIARI;;
536562975;13;4;2024;16:45;1;13;13070;1;1;1;4;A50-Sens Aubagne vers Marseille;;
536562976;24;1;2024;10:03;1;75;75108;2;3;1;3;BOULEVARD HAUSSMANN;;
536562977;9;4;2024;19:29;1;13;13215;1;1;1;2;A7-Sens Lyon vers Marseille;;
536562978;3;9;2024;09:25;1;51;51454;2;6;1;2;DONATINI (PLACE JEAN);;
536562979;24;1;2024;06:45;5;75;75107;2;3;1;3;QUAI D ORSAY;;
536562980;2;9;2024;15:12;1;51;51454;2;1;1;7;MARTIN PELLER (RUE);;
536562981;12;4;2024;17:20;1;13;13214;1;1;1;4;A507 sens Marseille - Aubagne;;
536562982;24;1;2024;09:15;1;75;75101;2;2;2;7;QUAI FRANCOIS MITTERRAND;;
536562983;23;1;2024;15:45;1;94;94080;2;1;2;6;Rue Diderot;;
536562984;2;9;2024;15:46;1;51;51454;2;1;1;2;COURCELLES (RUE DE) DU 223 A FIN ET 102;;
536562985;12;4;2024;11:35;1;13;13215;1;1;1;2;A7-Sens Lyon vers Marseille;;
536562986;2;9;2024;15:15;1;49;49323;2;1;3;6;A87N;;
536562987;24;1;2024;15:40;1;94;94068;2;1;1;6;Boulevard du Général Giraud;;
536562989;24;1;2024;20:50;5;94;94003;2;1;1;6;9 Avenue du President Nelson Mandela;;
536562990;3;9;2024;11:15;1;47;47323;1;1;2;4;ROMAS;;
536562991;13;4;2024;20:45;3;92;92002;1;1;1;3;RN 385 Extèrieure;;
536562992;23;1;2024;22:12;5;94;94038;2;1;2;3;Avenue de la Division Leclerc;;
536562993;3;9;2024;16:45;1;45;45284;2;1;8;3;169 Avenue Louis-Joseph Soulas;;
536562994;13;4;2024;14:10;1;91;91136;1;1;1;4;AUTOROUTE A126;;
536562995;24;1;2024;01:40;5;93;93070;2;1;1;2;Pont de Saint-Ouen;;
536562996;3;9;2024;10:15;1;44;44109;2;6;1;3;Place Victor Mangin;;
536562997;12;4;2024;18:35;1;91;91103;1;1;1;4;RN 104;;
536562998;24;1;2024;08:30;1;93;93066;2;3;9;6;Rue du Languedoc / Avenue du Franc Moisin;;
536562999;13;4;2024;03:30;3;78;78242;1;1;1;2;A12 Y;;
536563000;22;8;2024;17:45;1;40;40192;2;1;1;4;CANENX (AV DE) R.D. 53;;
536563001;13;4;2024;15:50;1;93;93007;1;1;1;2;A3;;
536563002;24;1;2024;07:40;5;93;93066;2;2;2;6;Boulevard Félix Faure / Rue Alber Walter;;
536563003;3;9;2024;07:47;2;37;37195;2;6;9;2;PRIEURE (AVENUE DU);;
536563004;13;4;2024;14:00;1;93;93064;1;1;1;5;A86;;
536563005;24;1;2024;10:55;1;93;93055;2;3;1;6;Rue Etienne Marcel / Rue de la Liberté;;
536563006;3;9;2024;06:56;2;37;37122;1;1;2;6;RD 37;;
536563007;13;4;2024;06:35;3;95;95527;1;1;1;2;A3;;
536563008;3;9;2024;19:58;1;36;36159;2;1;1;6;Route de Varennes;;
536563009;24;1;2024;08:30;2;93;93048;2;3;2;6;Avenue du Colonel Fabien / Rue Charles Deleslcuze;;
536563010;13;4;2024;21:50;3;94;94028;1;1;1;6;A86;;
536563011;12;4;2024;22:35;3;77;77363;1;1;1;2;A104;;
536563012;23;1;2024;19:00;2;93;93063;2;2;1;6;Route de Montreuil / Avenue du Docteur Fernand Lamaze;;
536563013;3;9;2024;14:50;1;34;34172;2;2;1;3;CAUSSE (RUE PIERRE);;
536563014;12;4;2024;20:10;2;94;94028;1;1;1;7;A86;;
536563015;3;9;2024;12:35;1;31;31483;2;1;1;2;SOMMER RAYMOND (BOULEVARD);;
536563016;26;7;2024;19:27;5;971;97120;2;1;1;6;HANNE (BOULEVARD);;
536563017;24;1;2024;17:00;2;93;93007;2;6;1;3;Avenue Albert Einstein / Rond point Pablo Néruda;;
536563018;24;5;2024;15:15;1;14;14578;2;2;1;3;67 Rue des Brioleurs;;
536563019;24;1;2024;10:30;1;93;93001;2;1;1;6;Rue de l'Abeille;;
536563020;12;4;2024;18:15;1;77;77083;1;1;1;4;A4.W;;
536563021;3;9;2024;07:45;1;29;29232;1;1;8;3;Route de Pluguffan;;
536563022;28;7;2024;01:00;5;2A;2A004;2;1;2;5;#111 Cours Napoléon#;;
536563023;23;5;2024;15:00;1;14;14676;1;1;1;2;Rue des Alliés;;
536563024;24;1;2024;08:25;1;92;92078;1;2;1;3;LONGUE BERTRANE (RUE);;
536563025;3;9;2024;08:42;1;27;27229;1;1;1;3;BUFFARDIERE (BOULEVARD DE LA);;
536563026;11;2;2024;17:30;1;34;34301;2;3;1;3;LATTRE DE TASSIGNY MARECHAL (QUAI DU);;
536563027;26;7;2024;21:30;5;91;91514;2;6;3;2;RUE MERE MARIE PIA;;
536563028;24;1;2024;13:10;1;92;92075;2;1;1;6;LATTRE DE TASSIGNY (PLACE DU MAL);;
536563029;23;5;2024;18:00;1;05;05098;2;1;2;6;D40;;
536563030;7;4;2024;04:24;5;987;98735;2;1;1;6;PRINCE HINOI (AVENUE);;
536563031;3;9;2024;11:00;1;25;25056;2;9;1;6;VESOUL RUE DE (sup 52);;
536563032;27;7;2024;14:45;1;91;91174;2;1;2;2;BD JEAN JAURES;;
536563033;24;1;2024;09:30;1;92;92076;1;9;1;2;JARDY;;
536563034;12;4;2024;05:50;5;974;97411;1;1;2;3;VINH-SAN (BLD 1 DU PRINCE);;
536563035;3;9;2024;17:15;1;22;22278;2;1;1;2;8 MAI 1945 (PL DU);;
536563036;24;7;2024;17:10;1;86;86194;2;9;9;2;Promenade des Cours;;
536563037;24;1;2024;14:20;1;92;92063;2;1;1;2;HOPITAL STELL (BOULEVARD DE L');;
536563038;24;5;2024;12:15;1;45;45258;1;1;1;1;D948 PR 5 + 46;;
536563039;13;4;2024;00:02;5;974;97407;2;9;1;2;RUE SULLY PRUD'HOMME;;
536563040;24;5;2024;09:40;1;64;64218;1;1;1;7;D428;;
536563041;27;7;2024;13:15;1;85;85191;2;6;8;6;Rue du puy charpentreau;;
536563042;2;9;2024;10:00;1;19;19031;2;2;1;2;ROOSEVELT (AVENUE DU PRESIDENT);;
536563043;23;1;2024;18:15;5;92;92050;2;1;1;3;NATIONAL BOULEVARD;;
536563044;27;7;2024;22:30;5;84;84087;2;1;1;6;CARISTIE (RUE);;
536563045;23;1;2024;18:45;5;60;60587;2;1;1;2;48 Rue de Paris;;
536563046;12;4;2024;18:18;1;973;97302;2;1;1;3;MADELEINE (ROUTE DE LA);;
536563047;3;9;2024;03:00;5;17;17200;2;1;2;7;ROSE   AVENUE DU FIEF;;
536563049;24;1;2024;17:30;1;65;65130;1;3;1;3;D935;;
536563051;27;7;2024;18:15;1;84;84007;2;3;1;1;MORIERES (Route de );;
536563052;23;5;2024;07:18;1;43;43087;1;1;5;1;D501;;
536563053;12;4;2024;16:00;1;973;97302;1;1;1;5;ROUTE NATIONALE 1;;
536563054;24;1;2024;11:00;1;26;26231;1;1;1;1;Route de Génissieux;;
536563055;24;5;2024;11:20;1;28;28387;2;1;1;6;Rue de l?Etang;;
536563056;27;7;2024;10:30;1;83;83137;2;1;1;6;BAZEILLES (BD / ROND POINT DE);;
536563057;3;9;2024;20:30;5;13;13056;2;6;1;3;TURCAN FRANCIS;;
536563058;24;1;2024;19:45;3;86;86042;1;1;1;1;D58;;
536563059;24;5;2024;08:45;2;17;17266;1;2;1;3;D739e;;
536563060;26;7;2024;22:15;5;83;83069;2;3;1;3;AEROPORT (AVENUE DE L');;
536563061;25;1;2024;14:30;1;41;41282;1;1;1;7;d75;;
536563062;4;9;2024;00:54;5;13;13214;2;1;1;2;PLOMBIERES (BOULEVARD DES);;
536563063;17;5;2024;17:12;1;37;37124;1;1;3;1;D976;;
536563064;27;7;2024;13:45;1;83;83069;2;6;1;6;VICTORIA (AVENUE);;
536563065;23;1;2024;07:50;2;31;31418;1;1;8;3;71 Route de Flourens;;
536563066;2;9;2024;19:00;1;10;10387;2;1;1;3;Avenue Edouard Herriot;;
536563067;23;5;2024;07:55;1;37;37203;2;1;1;2;35 Rue Saint-Georges;;
536563069;24;1;2024;16:05;1;974;97405;1;1;2;3;Déviation de Grand Bois (Pont);;
536563071;24;1;2024;22:15;3;66;66050;1;1;1;7;Carrer de Las Escales;;
536563072;22;5;2024;19:15;5;987;98738;2;1;1;3;RDO;;
536563073;25;1;2024;16:40;2;51;51237;2;1;8;6;Rue Jean Jaures;;
536563074;2;9;2024;18:51;1;10;10362;2;1;1;3;Avenue du General Gallieni;;
536563075;27;7;2024;10:30;1;78;78168;2;6;2;6;ARPENTS (BOULEVARD DES);;
536563076;17;1;2024;06:55;3;51;51237;1;1;9;6;Esternay;;
536563077;21;5;2024;23:18;3;57;57644;1;1;1;2;Autoroute A4 PK 373;;
536563078;24;1;2024;19:00;5;2B;2B123;2;6;1;6;Avenue du 9 Septembre;;
536563079;26;7;2024;18:15;1;77;77216;1;1;1;6;D 40d;;
536563080;21;1;2024;17:00;1;2B;2B123;1;1;1;6;D344;;
536563081;23;5;2024;10:30;1;976;97617;1;1;1;1;CCD 3 mirereni direction vahibé;;
536563083;2;9;2024;16:30;1;10;10387;2;6;8;7;Boulevard Georges Pompidou;;
536563085;26;7;2024;11:05;1;71;71153;2;2;1;1;MARECHAL JOFFRE;;
536563086;24;1;2024;19:53;4;61;61214;2;1;1;6;55 Rue Louis Pasteur;;
536563087;24;5;2024;12:00;1;77;77153;1;1;1;1;D13;;
536563088;27;7;2024;14:20;1;67;67447;2;1;1;6;GENERAL DE GAULLE (ROUTE DU);;
536563089;22;5;2024;17:20;1;77;77168;1;9;1;7;Impasse du Gros Charme;;
536563090;26;7;2024;18:20;1;66;66136;2;3;1;3;AERODROME AVENUE DE L'(CD117);;
536563091;3;9;2024;18:30;1;06;06029;2;9;1;5;74 Rue Georges Clemenceau;;
536563092;22;5;2024;11:55;1;77;77211;1;1;1;3;RD 201;;
536563093;23;1;2024;18:15;5;22;22183;2;3;8;3;Rue Jéhan Crès;;
536563094;27;7;2024;11:40;1;64;64249;2;3;1;2;GENERAL DE GAULLE(AVENUE DU);;
536563095;3;9;2024;18:15;1;75;75120;2;1;1;3;PORTE DES LILAS;;
536563096;25;1;2024;06:38;3;25;25262;1;1;2;1;D461;;
536563097;27;7;2024;00:40;5;64;64483;2;3;1;3;HUGO VICTOR (BOULEVARD);;
536563098;23;5;2024;12:30;1;2B;2B257;1;1;1;2;intesection D 81 / D62;;
536563099;24;1;2024;18:20;2;44;44023;2;1;8;6;32 Rue  Louis Guihot;;
536563100;22;7;2024;19:30;1;61;61006;2;1;1;7;Voie Communale;;
536563101;3;9;2024;16:00;1;75;75115;2;1;1;5;PORTE DE SEVRES;;
536563102;24;1;2024;15:50;1;26;26108;1;1;1;2;D538;;
536563103;24;5;2024;14:45;1;30;30130;1;1;3;1;Route départementale 906;;
536563104;28;7;2024;00:38;5;59;59512;2;9;1;6;Rue de Leers;;
536563105;3;9;2024;15:25;1;75;75120;2;1;1;3;ECHANGEUR BAGNOLET;;
536563106;23;5;2024;13:45;1;54;54196;1;1;1;7;RN57;;
536563107;26;7;2024;17:40;1;59;59636;2;1;1;6;CHATEAUX AVENUE DES;;