Num_Acc;jour;mois;an;hrmn;lum;dep;com;agg;int;atm;col;adr;lat;long
536563449;23;7;2024;17:30;1;81;81105;2;6;1;3;Avenue du Pont de Saint Pierre;;
536563450;22;5;2024;16:20;1;24;24126;1;1;1;1;N21;;
536563452;22;5;2024;13:15;1;31;31476;1;1;1;3;A64;;
536563453;28;7;2024;11:25;1;44;44066;1;2;1;1;Route de la Chapelle sur Erdre;;
536563454;21;5;2024;10:01;1;88;88022;1;1;1;3;"autoroute A31 - PK 178+400 - sens ""DIJON-NANCY""";;
536563455;22;5;2024;18:05;2;971;97103;2;1;1;3;Route de Blachon;;
536563456;27;7;2024;21:39;2;29;29022;2;1;1;5;route de Kerloch;;
536563457;22;5;2024;10:40;1;987;98735;2;1;1;7;Taravao RT321 au Pk 0.700;;
536563458;23;7;2024;17:30;1;13;13085;1;1;1;7;A50-Sens Toulon vers Aubagne;;
536563459;22;5;2024;19:00;4;973;97311;2;1;1;6;Rue Buissons Ardents;;
536563460;23;7;2024;19:50;1;13;13202;2;1;1;4;A55-Sens Martigues vers Marseille;;
536563461;17;5;2024;15:00;1;37;37230;1;3;1;2;D31;;
536563464;22;5;2024;20:30;2;91;91179;2;2;2;1;Chemin de la Justice;;
536563465;27;7;2024;16:30;1;91;91521;1;1;2;7;RN 449;;
536563466;21;5;2024;18:30;1;06;06066;2;1;1;3;982 Route du pont charles Albert;;
536563467;27;7;2024;15:20;1;91;91174;1;1;1;7;RN 104;;
536563468;27;7;2024;15:45;1;94;94065;1;1;1;6;A86;;
536563469;20;5;2024;15:48;1;69;69157;1;4;2;1;Route de Saint-Clément;;
536563470;27;7;2024;06:38;2;91;91553;1;1;3;6;RN 104;;
536563471;22;5;2024;18:30;1;69;69297;2;1;1;1;Route Neuve;;
536563472;27;7;2024;01:15;3;91;91136;1;1;2;7;AUTOROUTE A10;;
536563473;22;5;2024;15:30;1;69;69040;2;1;1;6;47 Avenue de Lanessan;;
536563474;26;7;2024;22:40;3;91;91174;1;1;3;3;RN 104;;
536563475;22;5;2024;17:30;1;14;14047;2;7;1;6;1 Place aux Pommes;;
536563476;27;7;2024;11:55;1;92;92063;1;1;2;3;A86;;
536563477;22;5;2024;07:35;1;27;27412;1;1;1;1;RD 79;;
536563478;27;7;2024;19:20;1;95;95572;1;1;1;2;N184;;
536563479;22;5;2024;12:50;1;27;27165;2;1;1;3;Route de Louviers;;
536563480;22;5;2024;10:27;1;13;13071;1;1;1;7;A7-Sens Marseille vers Lyon;;
536563481;27;7;2024;07:35;1;93;93064;1;1;2;3;AUTOROUTE A86;;
536563482;27;7;2024;10:10;1;92;92078;1;1;3;6;AUTOROUTE A86;;
536563483;26;7;2024;18:10;1;95;95527;1;1;3;7;A1;;
536563484;29;3;2024;00:08;4;54;54197;1;1;1;3;Autoroute A 33;;
536563485;26;7;2024;06:10;5;95;95018;1;1;3;2;A15;;
536563486;22;5;2024;18:20;1;94;94065;1;1;2;3;A106;;
536563487;27;7;2024;19:10;1;94;94069;1;1;3;3;A4;;
536563488;22;5;2024;08:20;1;92;92019;1;1;1;3;AUTOROUTE A86;;
536563489;27;7;2024;17:35;1;94;94069;1;1;3;5;A4;;
536563490;21;5;2024;23:44;3;92;92002;1;1;2;6;AUTOROUTE A86;;
536563491;21;5;2024;22:20;3;78;78043;1;1;2;6;A12 Y;;
536563492;27;7;2024;17:15;1;93;93051;1;1;3;2;A4;;
536563493;21;5;2024;18:20;1;92;92072;1;1;1;7;N118;;
536563494;22;5;2024;09:10;1;93;93066;1;1;1;6;A86;;
536563495;27;7;2024;16:45;1;77;77373;1;1;2;2;RN104;;
536563496;21;5;2024;06:00;1;95;95572;1;1;8;5;N184;;
536563497;27;7;2024;16:00;1;77;77373;1;1;3;6;RN104;;
536563498;20;5;2024;20:45;1;95;95277;1;1;2;2;A3;;
536563499;27;7;2024;14:10;1;75;75112;1;1;3;2;A4;;
536563500;21;5;2024;03:30;3;94;94081;1;1;2;7;A86;;
536563501;27;7;2024;04:18;3;77;77121;1;1;3;2;A4;;
536563502;1;3;2024;08:50;1;45;45187;2;1;1;6;24bis place du mail;;
536563503;12;2;2024;18:30;5;18;18033;2;9;1;3;137 Chemin de Villeneuve;;
536563504;12;3;2024;17:15;1;32;32013;2;3;8;3;PIERRE MENDES FRANCE;;
536563505;3;1;2024;18:25;5;17;17299;2;1;2;6;RESISTANCE BOULEVARD DE LA;;
536563506;27;7;2024;02:40;5;974;97411;2;1;1;7;KARTING (DU);;
536563507;21;5;2024;17:25;1;974;97411;1;3;1;3;ROUTIERS (CHEMIN DES);;
536563508;26;7;2024;19:50;5;973;97302;2;1;3;3;MADELEINE (ROUTE DE LA);;
536563509;20;5;2024;17:20;1;974;97411;2;1;1;1;MONTAGNE (ROUTE DE LA);;
536563510;26;7;2024;11:55;1;69;69387;2;2;1;6;Rue Raulin;;
536563511;21;5;2024;13:35;1;974;97407;2;3;1;3;MONDON (AVENUE);;
536563512;26;7;2024;16:00;1;972;97213;1;6;1;4;ROUTE NATIONALE 1;;
536563513;21;5;2024;11:35;1;973;97302;2;1;1;6;NOVAPARC (RESIDENCE) RTE DE RABAN;;
536563514;20;5;2024;23:30;5;973;97302;2;1;1;7;FELIX EBOUE(ROCADE);;
536563515;25;7;2024;11:24;1;972;97213;1;3;1;3;ROUTE DEPARTEMENTALE 15;;
536563516;21;5;2024;16:40;1;69;69387;2;3;1;3;Rue de la Thibaudière;;
536563517;25;7;2024;21:15;5;2B;2B033;2;9;1;2;CAP - ROUTE DU CAP;;
536563518;26;7;2024;15:40;1;971;97101;1;3;1;2;CHAUVEL;;
536563519;21;5;2024;15:40;1;69;69383;2;3;1;1;Avenue Lacassagne;;
536563520;25;7;2024;19:10;3;971;97113;1;1;1;1;SECTION PLIANE;;
536563521;21;5;2024;08:50;1;69;69386;2;2;1;3;Avenue Maréchal de Saxe;;
536563522;24;7;2024;21:20;5;971;97113;1;4;1;1;SECTION LEROUX;;
536563523;21;5;2024;08:15;1;69;69386;2;2;1;3;Rue Barrême;;
536563524;26;7;2024;09:30;1;91;91433;1;1;2;6;R.D. 20;;
536563525;9;7;2024;12:15;1;88;88160;2;1;1;6;JEUXEY (RTE DE);;
536563526;20;5;2024;04:28;5;972;97213;1;1;1;2;AUTOROUTE A1;;
536563527;21;5;2024;09:41;1;2B;2B037;2;1;1;6;TOUTES RUES;;
536563528;25;7;2024;16:58;1;87;87050;2;1;1;4;LIMOGES (AVENUE DE);;
536563529;25;7;2024;16:56;1;87;87085;1;1;1;2;AUTOROUTE A20;;
536563530;21;5;2024;16:00;1;971;97113;2;1;1;5;RN4 - SECTION RIVIERA;;
536563531;25;7;2024;12:00;1;87;87085;2;1;1;2;BEAUBLANC (BOULEVARD DE);;
536563532;20;5;2024;08:40;1;971;97113;1;3;1;3;BAS DU FORT;;
536563533;18;5;2024;04:25;5;971;97101;1;1;1;7;ROUTE DE BOISVINS;;
536563534;25;7;2024;19:20;1;83;83126;2;2;1;5;QUATRE SEPTEMBRE (BD DU);;
536563535;18;5;2024;17:40;1;85;85194;2;2;1;6;Rue du palais;;
536563536;26;7;2024;15:30;1;81;81163;2;2;1;3;MERMOZ (JEAN);;
536563537;20;5;2024;11:40;1;84;84007;2;3;1;6;BRAQUE ( RUE GEORGE;;
536563538;21;5;2024;14:40;1;80;80021;2;1;1;7;Avenue du Languedoc;;
536563539;26;7;2024;13:50;1;80;80021;2;1;1;3;Boulevard de Beauvillé;;
536563540;18;5;2024;05:30;2;76;76351;1;1;1;6;RD 6382;;
536563541;25;7;2024;23:25;5;80;80021;2;1;1;6;Place du Don;;
536563542;25;7;2024;10:20;1;80;80021;2;1;1;2;D8;;
536563543;19;5;2024;20:20;1;76;76447;2;1;1;6;JACQUES PREVERT;;
536563544;18;5;2024;06:00;2;76;76351;2;2;1;7;COLBERT (QUAI);;
536563545;24;7;2024;14:15;1;80;80021;2;2;1;3;TERRAL (RUE);;
536563546;21;5;2024;18:50;1;67;67482;2;1;1;6;VIENNE (ROUTE DE);;
536563548;21;5;2024;17:25;1;66;66136;1;1;2;3;Avenue de la Salanque;;
536563549;26;7;2024;13:30;1;77;77251;1;1;2;3;RD 306;;
536563550;21;5;2024;16:30;1;66;66136;2;3;1;3;SAINT-ASSISCLE (BOULEVARD DE);;
536563551;25;7;2024;19:15;1;76;76351;2;3;3;6;Rue Aristide Briand;;
536563552;21;5;2024;09:10;1;66;66136;2;1;1;2;Avenue de Prades;;
536563553;25;7;2024;15:15;1;72;72181;2;6;1;3;EDISON THOMAS (RUE);;
536563554;21;5;2024;19:03;1;64;64024;2;1;1;3;HAUSQUETTE (RUE DE);;
536563555;26;7;2024;13:00;1;69;69013;2;3;1;3;Route Nationale 6;;
536563556;26;7;2024;21:55;2;69;69259;2;1;1;6;Rue du Professeur Roux;;
536563557;19;5;2024;19:30;1;62;62570;2;1;1;6;D33;;
536563558;12;5;2024;23:25;4;62;62239;2;1;1;6;Boulevard de l’Europe;;
536563559;26;7;2024;19:15;1;69;69276;1;2;1;3;Allée du Rhône;;
536563560;20;5;2024;17:05;1;62;62126;2;6;1;3;D941;;
536563561;26;7;2024;09:05;1;68;68066;2;2;1;3;SANDHERR (RUE CHARLES);;
536563562;26;7;2024;17:00;1;64;64445;2;1;1;2;NORMAN PRINCE;;
536563563;20;5;2024;14:11;1;60;60175;2;6;1;3;Boulevard Salvador Allende;;
536563564;25;7;2024;20:26;1;64;64122;2;1;1;7;IMPERATRICE (AVENUE DE L');;
536563565;19;5;2024;02:03;3;56;56098;2;1;1;6;Avenue Gabriel Péri;;
536563566;24;7;2024;12:27;1;64;64122;2;1;1;7;JARDINS (RUE DES);;
536563567;19;5;2024;06:15;2;56;56162;1;1;1;6;Rue du Moulin du Ter;;
536563568;25;7;2024;22:42;5;64;64024;2;6;1;7;BUTTE AUX CAILLES (ROND POINT DE LA);;
536563569;20;5;2024;04:10;5;54;54300;2;1;5;6;Rue Lucien Galtier;;
536563570;24;7;2024;11:20;1;64;64024;2;1;1;7;MARAIS (ROND POINT DES);;
536563571;26;7;2024;20:00;1;59;59299;2;1;1;1;SAILLY (RUE DE);;
536563572;26;7;2024;20:30;1;59;59431;1;1;1;1;TOUQUET (RUE DU);;
536563573;26;7;2024;15:00;1;56;56260;2;1;1;6;Avenue de la Marne;;
536563574;26;7;2024;23:40;5;54;54482;2;2;2;3;Rue de la Haie le Comte;;
536563575;26;7;2024;16:45;1;54;54357;2;2;1;6;Rue de la République;;
536563576;7;10;2024;11:33;1;10;10387;2;1;1;7;Rue Thenard;;
536563577;7;10;2024;11:35;1;03;03023;2;3;3;3;Route de Gannat;;
536563578;8;10;2024;10:18;1;75;75119;2;2;1;6;RUE MANIN;;
536563579;7;10;2024;14:10;1;75;75120;2;1;1;3;BD PERIPHERIQUE EXTERIEUR;;
536563580;8;10;2024;14:00;1;75;75105;2;1;1;6;QUAI DE MONTEBELLO;;
536563581;8;10;2024;21:00;5;75;75118;2;2;8;3;RUE DOUDEAUVILLE;;
536563582;8;10;2024;07:55;1;75;75118;2;2;1;3;BOULEVARD NEY;;
536563583;8;10;2024;16:50;1;75;75117;2;3;1;2;AVENUE DE CLICHY;;
536563584;7;10;2024;17:15;1;75;75117;2;2;2;4;RUE GUERSANT;;
536563585;8;10;2024;17:54;1;75;75116;2;3;3;6;AVENUE VICTOR HUGO;;
536563586;8;10;2024;16:10;1;75;75113;2;4;1;6;BOULEVARD DE L HOPITAL;;
536563587;8;10;2024;21:01;5;75;75111;2;2;8;3;AVENUE LEDRU ROLLIN;;
536563588;7;10;2024;12:45;1;75;75111;2;2;8;1;RUE SAINT MAUR;;
536563589;8;10;2024;19:30;5;75;75108;2;4;9;3;BOULEVARD MALESHERBES;;
536563590;8;10;2024;14:20;1;75;75108;2;2;1;3;COURS LA REINE;;
536563591;7;10;2024;13:45;1;75;75108;2;3;1;6;AVENUE DE FRIEDLAND;;
536563592;8;10;2024;12:00;1;75;75107;2;3;1;6;RUE DE SEVRES;;
536563593;8;10;2024;14:10;1;94;94076;2;2;1;3;Avenue de Paris;;
536563594;8;10;2024;17:35;1;94;94041;2;2;1;3;Rue Jean-Marie Poulmarch;;
536563595;8;10;2024;11:50;1;94;94034;2;1;1;2;Avenue de la Division Leclerc;;
536563596;8;10;2024;09:30;1;93;93072;2;1;1;2;STALINGRAD (AVENUE DE) DES N° 126 A 156;;
536563597;8;10;2024;16:50;1;93;93066;2;1;1;6;DIX NEUF MARS 1962;;
536563598;8;10;2024;07:48;1;93;93055;2;1;1;6;JEAN LOLIVE (AVENUE)(137/FIN ET 134/FIN);;
536563599;8;10;2024;12:25;1;93;93051;2;1;2;3;GABRIEL PERI (AVENUE);;
536563600;8;10;2024;15:30;1;93;93050;2;1;1;5;MARTYRS DE LA DEPORTATION (RUE);;
536563601;8;10;2024;01:00;5;93;93046;2;1;2;3;MARECHAL LECLERC AVENUE;;
536563602;7;10;2024;13:00;1;93;93006;2;1;2;1;CAPSULERIE RUE DE LA;;
536563603;8;10;2024;12:26;1;93;93027;2;1;1;3;RASPAIL (RUE);;
536563604;7;10;2024;17:50;1;92;92077;2;1;2;2;VERSAILLES (RUE DE);;
536563605;8;10;2024;06:35;5;92;92050;2;2;2;3;HOCHE AVENUE;;
536563606;7;10;2024;08:35;1;92;92020;2;6;8;7;VERDUN AVENUE DE;;
536563607;8;10;2024;21:15;5;92;92040;2;1;1;1;GALLIENI (BOULEVARD);;
536563608;8;10;2024;20:15;5;92;92036;2;6;2;3;VILLEBOIS MAREUIL (RUE);;
536563609;7;10;2024;16:05;1;92;92025;2;3;2;3;GABRIEL PERI (RUE);;
536563610;8;10;2024;22:45;5;92;92060;2;4;1;6;MALABRY (RUE DE) N°18 A 46;;
536563611;8;10;2024;15:15;1;92;92002;2;4;1;3;ADOLPHE PAJEAUD (RUE);;
536563612;9;10;2024;00:45;3;71;71371;2;1;8;7;2 Route de Rez de Veau;;
536563613;9;10;2024;10:40;1;15;15066;1;1;2;7;RD 17;;
536563614;8;10;2024;10:30;1;47;47015;2;3;1;7;Avenue d?Agen;;
536563615;9;10;2024;07:30;1;54;54156;1;1;2;6;D913;;
536563616;8;10;2024;06:45;5;01;01244;2;1;3;6;Chemin des Verchères;;
536563617;8;10;2024;12:40;1;69;69273;2;9;1;1;Rue des Corbèges;;
536563618;8;10;2024;19:25;2;40;40036;2;1;2;7;Chemin du Brana;;
536563619;4;10;2024;09:45;1;49;49092;1;2;1;3;La Bouie (Valanjou);;
536563620;8;10;2024;14:59;1;83;83031;1;1;1;1;D558 pk 0.370;;
536563621;8;10;2024;13:25;1;25;25524;1;1;3;6;autoroute A36 , PK 068.100;;
536563622;8;10;2024;15:40;1;06;06140;2;1;1;6;471 Chemin du Village;;
536563623;8;10;2024;14:15;1;87;87003;1;1;1;3;A20 PK 132+560;;
536563624;6;10;2024;19:45;5;51;51171;1;3;2;3;D944;;
536563625;8;10;2024;12:30;1;2B;2B343;1;1;1;2;Diceppo;;
536563626;8;10;2024;12:15;1;82;82187;1;1;1;6;Route de l’Aveyron;;
536563627;8;10;2024;15:15;1;82;82134;1;6;1;3;Chemin de Mondarre;;
536563628;8;10;2024;17:00;1;81;81002;1;6;1;3;N112;;
536563629;7;10;2024;07:15;1;71;71345;2;2;2;3;D15;;
536563630;8;10;2024;21:25;5;63;63271;2;2;1;3;intersection d85 - d64;;
536563631;7;10;2024;20:00;3;49;49180;1;1;1;6;lieu dit la bonde;;
536563632;8;10;2024;15:15;1;42;42092;1;2;1;4;Rue de Verdun;;
536563633;8;10;2024;16:00;1;47;47252;2;2;1;3;Av Rene Bouchon;;
536563634;7;10;2024;08:35;1;86;86075;1;1;2;3;D18;;
536563635;7;10;2024;13:45;1;86;86211;1;2;2;3;Lieu-dit La Cosse;;
536563636;8;10;2024;22:00;5;34;34332;2;1;1;6;Boulevard de la Liberte;;
536563637;9;10;2024;17:45;1;68;68004;1;1;1;4;D432;;
536563638;8;10;2024;23:05;4;29;29075;2;6;9;6;rue Commandant Challe;;
536563639;9;10;2024;08:50;2;29;29075;1;3;1;6;rue du Commandant Charcot;;
536563640;9;10;2024;15:00;1;31;31115;1;1;1;1;Quartier Pitoulet;;
536563641;6;10;2024;22:00;3;38;38422;2;3;2;3;Route de Gieres;;
536563642;8;10;2024;15:50;1;26;26063;2;3;1;3;Avenue du Pont Neuf;;
536563643;7;10;2024;15:15;1;66;66178;2;9;1;3;Route Departementale 115;;
536563644;7;10;2024;06:56;1;54;54501;1;1;2;7;D147;;
536563645;6;10;2024;17:28;1;40;40119;2;1;1;1;Chemin de Busquet;;
536563646;4;10;2024;18:46;2;40;40053;1;2;7;3;D379;;
536563647;8;10;2024;15:05;1;24;24133;1;1;8;6;Route du Périgord-Limousin;;
536563648;9;10;2024;07:10;2;04;04008;1;1;1;1;N202;;
536563649;7;10;2024;12:52;1;28;28379;1;1;1;1;Route de Coltainville;;
536563650;8;10;2024;19:00;3;988;98805;2;1;1;6;Route de Koé;;
536563651;9;10;2024;19:40;5;13;13051;2;3;1;1;Boulevard Victor Hugo;;
536563652;28;9;2024;10:20;1;01;01027;1;1;2;4;A42 - PK 018+600;;
536563653;7;10;2024;05:25;3;34;34240;1;1;1;6;pk 94 A9;;
536563654;9;10;2024;09:08;1;77;77006;1;1;3;6;Autoroute A6 PK 053+800;;
536563655;8;10;2024;20:30;3;77;77071;1;1;2;6;A6;;
536563656;8;10;2024;09:20;1;45;45155;2;1;1;1;11 Chemin de la Saulaie;;
536563657;8;10;2024;09:40;1;83;83068;1;1;2;6;Route du Littoral;;
536563658;9;10;2024;10:10;1;68;68130;1;1;1;7;D468;;
536563659;8;10;2024;18:02;1;57;57582;2;1;1;1;D 54;;
536563660;9;10;2024;17:30;1;42;42304;2;6;1;6;Rue des Parottes;;
536563661;4;10;2024;15:35;1;01;01262;1;1;1;6;D4;;
536563662;8;10;2024;16:30;1;69;69140;2;1;1;7;Chemin des Pierres Folles;;
536563663;8;10;2024;18:10;1;69;69052;2;3;2;3;Route de Saint-antoine;;
536563664;8;10;2024;16:00;1;69;69021;1;3;7;1;Route de la Giraudière;;
536563665;8;10;2024;14:30;1;81;81112;1;3;1;3;D988;;
536563666;9;10;2024;18:10;1;14;14762;2;3;2;3;79 Avenue Guy de Maupassant;;
536563667;9;10;2024;16:50;1;14;14352;1;1;2;1;45 Impasse de la Quérantillière;;
536563668;9;10;2024;06:30;3;27;27644;1;1;3;6;RD 181;;
536563669;9;10;2024;13:40;1;59;59249;2;1;3;1;Rue du Maire Coppeaux;;
536563670;8;10;2024;07:20;1;13;13212;1;1;1;2;A507 sens Marseille - Aubagne;;
536563671;7;10;2024;21:00;3;83;83047;1;1;1;6;A570;;
536563672;5;10;2024;02:05;3;69;69142;1;1;1;4;Route de Métropole 7;;
536563673;7;10;2024;11:37;1;57;57582;1;9;2;6;Autoroute A31;;
536563674;8;10;2024;18:35;2;91;91228;1;1;2;7;AUTOROUTE A6;;
536563675;8;10;2024;16:50;1;91;91617;1;1;1;3;RN 104;;
536563676;8;10;2024;05:55;3;91;91103;1;1;2;6;RN 104;;
536563677;8;10;2024;14:33;1;78;78646;1;1;1;5;RN12;;
536563678;7;10;2024;23:49;3;92;92072;1;1;1;6;N118;;
536563679;8;10;2024;18:08;1;95;95488;1;1;2;2;A15;;
536563680;8;10;2024;16:50;1;93;93006;1;1;2;6;AUTOROUTE A3;;
536563681;8;10;2024;16:15;1;93;93008;1;1;1;2;AUTOROUTE A86;;
536563682;8;10;2024;13:30;1;93;93010;1;1;1;2;AUTOROUTE A3;;
536563683;8;10;2024;10:50;1;93;93027;1;1;1;3;AUTOROUTE A1;;
536563684;7;10;2024;17:20;1;95;95018;1;1;3;2;A15;;
536563685;7;10;2024;18:32;1;95;95572;1;1;3;3;N184;;
536563686;7;10;2024;19:30;2;93;93063;1;1;3;6;AUTOROUTE A3;;
536563687;6;10;2024;19:00;2;93;93078;1;1;2;6;AUTOROUTE A104;;
536563688;6;10;2024;19:00;1;95;95252;1;1;2;6;A15;;
536563689;6;10;2024;16:55;1;95;95582;1;1;1;6;D170;;
536563690;6;10;2024;08:35;1;95;95277;1;1;1;6;A1;;
536563691;8;10;2024;17:25;1;77;77258;1;1;1;2;A4.Y;;
536563692;8;10;2024;06:40;3;77;77083;1;1;1;3;A4.W;;
536563693;7;10;2024;08:44;1;94;94004;1;1;1;5;N19;;
536563694;24;7;2024;17:51;1;06;06088;2;3;1;1;boulevard Gambetta;;
536563695;17;7;2024;17:30;1;22;22113;1;1;1;7;TREGUIER (ROUTE DE);;
536563696;28;6;2024;22:00;2;14;14494;1;1;1;3;Route Départementale 49;;
536563697;27;6;2024;15:50;1;14;14473;1;3;1;6;1070 Route de Lisieux;;
536563699;5;10;2024;09:10;3;44;44131;2;1;1;7;37 Boulevard de l'Océan;;
536563700;3;8;2024;08:15;1;57;57019;2;1;1;2;VIEIL AMNEVILLE (RUE DU);;
536563701;26;6;2024;18:00;1;29;29150;2;6;1;2;Route de Clohars;;
536563702;5;10;2024;17:00;1;988;98818;2;3;1;3;ROUTE DE L'ANSE VATA/RUE LACAVE-LAPLAGNE;;
536563703;7;10;2024;18:00;2;974;97411;2;1;1;6;GRIMAUD (EMILE);;
536563704;7;10;2024;16:32;1;973;97302;2;1;1;7;MANDELA  (BOULEVARD);;
536563705;7;10;2024;17:10;1;973;97302;2;1;1;3;ZEPHIR (ROCADE);;
536563706;7;10;2024;14:10;1;973;97302;2;1;1;7;RABAN (ROUTE DE);;
536563707;7;10;2024;08:00;2;973;97302;2;1;1;6;JASMIN(LOTISSEMENT);;
536563708;4;10;2024;20:30;5;973;97302;2;3;1;1;BADUEL (ROUTE DE);;
536563709;7;10;2024;08:15;1;973;97302;2;1;1;3;BADUEL (ROUTE DE);;
536563710;7;10;2024;07:08;2;69;69383;2;2;1;3;Rue Mazenod;;
536563711;7;10;2024;10:45;1;2B;2B120;1;1;1;2;11 - RT;;
536563712;5;10;2024;18:11;5;971;97101;1;1;1;2;N1 - CHAUVEL;;
536563713;7;10;2024;17:03;1;91;91549;2;1;8;6;PRESIDENT SALVADOR ALLENDE (AVENUE DU);;
536563714;7;10;2024;08:30;1;91;91161;2;1;1;6;RUE DES   MARES   JULIENNES;;
536563715;7;10;2024;11:00;1;91;91114;2;2;8;6;RUE DE LA REPUBLIQUE;;
536563716;7;10;2024;08:37;1;91;91109;2;1;8;6;CHARLES DE GAULLE (RUE);;
536563717;5;10;2024;18:28;1;87;87085;2;1;1;6;BAUDIN ( AVENUE) (VC);;
536563718;4;10;2024;16:21;1;87;87085;2;3;1;3;PERRIN (RUE FRANCOIS);;
536563719;4;10;2024;09:57;1;87;87085;2;1;1;3;THOMAS (AVENUE ALBERT);;
536563720;7;10;2024;19:35;5;83;83126;2;1;2;6;ROSTAND (BD JEAN);;
536563721;7;10;2024;21:55;5;81;81004;2;1;2;1;22 AOUT 1944 (PT DU);;
536563722;7;10;2024;14:08;1;78;78029;2;1;1;6;ACACIAS (RUE DES);;
536563723;6;10;2024;23:20;5;77;77186;1;6;8;3;D607;;
536563724;7;10;2024;10:00;1;76;76305;1;3;1;1;CHATAIGNIERS(COTE DES);;
536563725;7;10;2024;17:55;1;74;74010;2;1;8;3;TRESUM (AVENUE DE);;
536563726;7;10;2024;19:02;1;71;71306;2;1;1;7;ROUGET DE L'ISLE (RUE);;
536563727;7;10;2024;11:35;1;69;69264;2;1;1;6;Rue de Stalingrad;;
536563728;6;10;2024;09:15;1;69;69029;2;1;2;1;299 Route de Genas;;
536563729;6;10;2024;04:20;3;69;69290;1;1;1;3;Route de Grenoble;;
536563730;7;10;2024;15:45;1;64;64129;2;2;2;3;BAYONNE DE;;
536563731;4;10;2024;20:40;5;62;62724;2;1;1;1;D46E2;;
536563732;3;10;2024;18:20;1;62;62041;2;2;1;6;Rue Saint Aubert;;
536563733;7;10;2024;23:40;5;60;60057;2;6;2;1;Avenue Jean Rostand;;
536563734;7;10;2024;10:10;1;59;59009;2;3;1;3;TOURNAI BOULEVARD DE;;
536563735;4;10;2024;16:05;1;56;56121;2;1;1;6;Rue Paul Guieysse;;
536563736;5;10;2024;23:30;3;56;56121;2;1;1;6;Rue Poissonnière;;
536563737;5;10;2024;15:25;1;55;55029;2;1;1;1;Avenue du 8 Mai 1945;;
536563738;7;10;2024;09:00;1;54;54304;2;1;1;1;Rue Raymond Poincaré;;
536563739;6;10;2024;18:45;1;54;54395;2;2;2;3;Rue Albert Lebrun;;
536563740;6;10;2024;10:44;1;54;54578;2;3;1;3;Boulevard Valonnière;;
536563741;5;10;2024;05:15;3;50;50129;1;6;1;7;FLAMANDS (ROND POINT);;
536563742;7;10;2024;07:55;4;37;37261;2;3;2;6;HALLEBARDIER (RUE DU);;
536563743;7;10;2024;12:30;1;35;35238;2;1;2;2;CHARDONNET (AVENUE);;
536563744;7;10;2024;07:30;3;35;35051;1;1;2;6;SAINT-SULPICE (RD 97);;
536563745;7;10;2024;15:15;1;34;34172;2;2;1;3;CAPITAINE CROIX DU;;
536563746;7;10;2024;11:45;1;31;31483;2;1;1;7;CAZAUX (ROUTE DE LA SERRE DE);;
536563747;5;10;2024;20:15;3;23;23096;2;1;1;6;POITOU (AVENUE DU);;
536563748;7;10;2024;17:45;1;22;22278;2;2;1;3;KLEBER;;
536563749;7;10;2024;07:40;2;22;22278;2;3;2;3;GOUEDIC (DE);;
536563750;5;10;2024;12:00;1;15;15014;2;1;1;6;Rue de l’Hotel de Ville;;
536563751;2;10;2024;07:12;5;13;13211;2;1;1;3;JEAN LOMBARD (AVENUE);;
536563752;7;10;2024;10:20;1;06;06029;2;6;2;3;46 Boulevard du Riou;;
536563753;7;10;2024;08:00;1;06;06029;2;1;2;1;23 Avenue Docteur Raymond Picaud;;
536563754;3;10;2024;12:51;1;04;04112;2;1;1;2;LIBERATION (AV. DE LA);;
536563755;6;10;2024;20:05;5;75;75112;2;1;1;7;BD PERIPHERIQUE EXTERIEUR;;
536563756;5;10;2024;20:45;5;75;75117;2;1;1;3;BD PERIPHERIQUE INTERIEUR;;
536563757;7;10;2024;16:30;1;75;75118;2;3;8;3;RUE DE LA CHAPELLE;;
536563758;7;10;2024;13:27;1;75;75118;2;1;8;5;ECHANGEUR AUBERVILLIERS;;
536563759;7;10;2024;15:15;1;75;75116;2;3;2;6;AVENUE DU GENERAL SARRAIL;;
536563760;7;10;2024;12:40;1;75;75115;2;2;1;3;RUE DE LOURMEL;;
536563761;6;10;2024;04:05;5;75;75115;2;2;1;3;RUE LECOURBE;;
536563762;7;10;2024;10:30;1;75;75114;2;4;8;6;RUE D ALESIA;;
536563763;7;10;2024;08:05;2;75;75110;2;2;1;3;BOULEVARD DE STRASBOURG;;
536563764;7;10;2024;18:40;1;75;75108;2;1;2;3;RUE PIERRE CHARRON;;
536563765;7;10;2024;19:15;5;94;94044;2;1;3;6;Avenue de la Sablière;;
536563766;7;10;2024;13:40;1;94;94078;2;1;3;6;Rue Henri Janin;;
536563767;7;10;2024;19:45;5;94;94003;2;1;2;1;Avenue des Aqueducs;;
536563768;7;10;2024;17:00;1;94;94073;2;3;3;6;Avenue du Général de Gaulle;;
536563769;6;10;2024;17:45;1;94;94022;2;3;2;3;Avenue de la République;;
536563770;25;6;2024;12:00;2;91;91477;2;1;7;3;ALFRED DE MUSSET (RUE);;
536563771;24;6;2024;17:35;1;91;91691;2;1;1;6;ELISABETH(RUE);;
536563772;25;6;2024;23:50;3;85;85194;2;1;1;6;RD32B;;
536563773;25;6;2024;20:30;1;84;84087;1;1;1;1;ROUTE DE ROQUEMAURE;;
536563774;25;6;2024;07:53;1;84;84035;2;1;1;6;COTY (AVENUE RENE);;
536563775;25;6;2024;09:25;1;84;84007;2;1;1;2;PIERRE SEMARD (avenue);;