Num_Acc;jour;mois;an;hrmn;lum;dep;com;agg;int;atm;col;adr;lat;long
536563776;22;6;2024;15:15;1;83;83144;2;1;1;2;LUMIERE (AVE DES FRERES);;
536563777;25;6;2024;07:31;1;82;82033;1;1;7;6;Chemin du Moulin de Gandalou;;
536563778;25;6;2024;11:00;1;81;81060;2;1;1;3;RODEZ  (AVENUE DE);;
536563779;16;6;2024;14:15;1;80;80021;2;1;1;7;Rue de Vignacourt;;
536563781;25;6;2024;07:45;1;78;78383;2;1;1;3;GATINE (AVENUE DE);;
536563782;25;6;2024;20:00;1;77;77373;2;3;1;3;AV CHARLES ROUXEL;;
536563783;25;6;2024;17:50;1;77;77307;2;1;1;2;AV DE L EUROPE;;
536563784;25;6;2024;17:50;1;76;76540;2;2;1;3;Boulevard de l'Europe;;
536563785;24;6;2024;11:15;1;76;76351;2;2;1;3;LENINGRAD (BD DE);;
536563786;23;6;2024;17:30;1;76;76351;2;2;1;3;LOUIS BLANC;;
536563787;25;6;2024;16:35;1;74;74013;1;9;1;4;RD 1005;;
536563788;24;6;2024;18:00;1;74;74281;1;1;1;3;RIPAILLE (AVENUE DE);;
536563790;24;6;2024;17:05;1;69;69290;2;3;1;3;Avenue Urbain Le Verrier;;
536563791;24;6;2024;15:50;1;69;69290;2;1;1;5;Avenue Jean Jaurès;;
536563792;24;6;2024;12:00;1;69;69276;2;3;1;6;Route des Bitumes;;
536563793;24;6;2024;09:22;1;69;69290;2;2;1;3;Rue Juliette Récamier;;
536563794;24;6;2024;21:30;1;68;68066;2;1;1;3;LOGELBACH ( RUE DU);;
536563795;24;6;2024;19:00;1;67;67482;2;3;1;5;PREMIERE ARMEE (RUE DE LA);;
536563796;24;6;2024;15:15;1;66;66136;2;1;1;6;Boulevard Félix Mercader;;
536563797;26;6;2024;01:28;5;64;64445;2;1;1;7;MONTPENSIER;;
536563798;24;6;2024;17:58;1;64;64125;2;1;1;7;ATHERBEA (AVENUE);;
536563799;24;6;2024;17:40;1;64;64102;2;2;1;7;LEGION TCHEQUE (AVENUE DE LA);;
536563800;24;6;2024;16:36;1;64;64102;2;1;1;6;HENRI DE NAVARRE (AVENUE);;
536563801;25;6;2024;17:25;1;63;63113;2;1;1;3;PLANCHETTES (RUE DES);;
536563802;25;6;2024;07:33;1;63;63113;2;1;7;2;MERMOZ (AVENUE JEAN);;
536563803;24;6;2024;17:50;1;59;59368;2;1;1;4;SAINT MAUR AVENUE;;
536563804;25;6;2024;01:39;5;57;57463;2;1;1;6;ALSACE (BOULEVARD D');;
536563805;24;6;2024;17:10;1;56;56162;2;7;1;3;Place de l’Église;;
536563806;25;6;2024;19:52;1;54;54528;2;1;1;1;Avenue du General Bigeard;;
536563807;25;6;2024;11:40;1;54;54329;2;3;1;6;Rue Georges de Villebois Mareuil;;
536563808;25;6;2024;14:20;1;54;54263;2;1;1;2;D137;;
536563809;25;6;2024;11:55;1;51;51108;2;1;1;1;JAURES (RUE JEAN) (SUPERIEUR AU N° 38-69;;
536563810;25;6;2024;19:28;1;47;47001;2;1;1;1;CALE ABADIE (RUE);;
536563811;25;6;2024;14:41;1;45;45147;2;2;1;3;48 Avenue d'Oradour-Sur-Glane;;
536563812;25;6;2024;15:45;1;43;43157;2;9;1;3;13 Avenue Charles Dupuy;;
536563813;25;6;2024;19:35;1;42;42183;2;1;3;6;Rue de la Libération;;
536563814;24;6;2024;14:18;1;41;41018;2;1;1;2;VERDUN (AVENUE DE);;
536563815;31;5;2024;17:10;1;38;38053;2;2;1;3;D1006;;
536563816;24;6;2024;17:29;1;37;37122;2;4;1;7;CHINON (BOULEVARD DE);;
536563817;25;6;2024;18:20;1;35;35051;1;6;1;2;ALLIES (BOULEVARD DES);;
536563818;24;6;2024;10:20;1;35;35115;2;1;1;6;SAINT GERMAIN (BOULEVARD DE);;
536563819;13;11;2024;11:30;1;974;97411;1;9;1;6;BRIDET;;
536563820;25;6;2024;22:00;5;34;34172;2;3;1;3;POMPIGNANE (AVENUE DE LA);;
536563821;25;6;2024;09:05;1;34;34003;2;1;1;3;GENTILSHOMMES (H16 A L17;;
536563822;13;11;2024;07:50;1;974;97411;2;1;1;4;PROVIDENCE (BOULEVARD DE LA);;
536563823;12;11;2024;09:20;1;973;97302;2;1;1;3;BADUEL (ROUTE DE);;
536563825;13;11;2024;20:05;5;69;69383;2;1;1;6;Rue du Dauphiné;;
536563827;13;11;2024;13:45;1;69;69388;2;1;1;6;Boulevard des Etats-Unis;;
536563829;13;11;2024;07:15;2;69;69387;2;1;1;3;Avenue Debourg;;
536563830;13;11;2024;20:13;5;2A;2A004;2;2;1;3;NAPOLEON COURS AVANT BEVERINI;;
536563832;13;11;2024;13:00;1;95;95680;2;1;8;6;D10;;
536563833;13;11;2024;05:30;5;95;95555;2;1;1;6;MASSENET (RUE);;
536563834;25;6;2024;10:15;1;30;30007;2;1;1;7;Avenue Carnot;;
536563835;12;11;2024;17:35;5;91;91097;2;1;7;6;AV DU GAL CHARLES DE GAULLE;;
536563836;25;6;2024;19:55;1;26;26362;2;1;1;1;Route de Malissard;;
536563837;13;11;2024;18:55;5;30;30351;2;6;1;6;GENERAL LECLERC (AVENUE DU);;
536563838;25;6;2024;18:55;1;25;25056;2;4;7;3;BELFORT RUE DE (inf144);;
536563839;13;11;2024;12:15;1;30;30011;1;6;1;2;DEUXIEME D.B (AVENUE DE LA);;
536563840;25;6;2024;21:00;2;17;17306;2;2;1;3;TREILLE (DE LA);;
536563841;13;11;2024;09:30;1;30;30351;2;3;1;1;MONT VENTOUX (AVENUE DU);;
536563842;23;6;2024;09:54;1;15;15012;2;1;1;3;RD 320;;
536563843;25;6;2024;20:45;1;13;13203;2;1;1;3;FÉLIX PYAT (RUE);;
536563844;25;6;2024;18:40;1;13;13203;1;2;1;3;CAMILLE PELLETAN (AVENUE);;
536563845;12;11;2024;11:00;1;77;77487;2;1;1;3;MARECHAL JUIN  (DU);;
536563846;24;6;2024;10:40;1;04;04112;2;1;1;2;HAUTE PROVENCE (BD. DE);;
536563847;12;11;2024;08:45;1;77;77447;1;1;1;2;C.D 82;;
536563848;25;6;2024;15:03;1;01;01289;1;2;1;3;DOMBES (AVENUE DE LA);;
536563849;13;11;2024;11:50;1;76;76103;2;3;7;6;Rue des Hautes Haies;;
536563850;25;6;2024;16:00;1;75;75115;2;1;1;2;BD PERIPHERIQUE EXTERIEUR;;
536563851;13;11;2024;12:00;1;76;76540;2;2;1;1;Rue Saint Sever;;
536563852;25;6;2024;09:30;1;75;75120;2;1;1;3;BD PERIPHERIQUE EXTERIEUR;;
536563853;24;6;2024;18:15;1;75;75117;2;1;1;7;BD PERIPHERIQUE INTERIEUR;;
536563854;9;11;2024;14:20;1;76;76447;1;1;1;7;PAUL DOUMER;;
536563855;24;6;2024;22:35;5;75;75120;2;2;1;3;AVENUE DE LA PORTE DE MONTREUIL;;
536563856;11;11;2024;06:00;5;76;76351;2;3;2;6;PIERRE MENDES FRANCE;;
536563857;25;6;2024;08:10;1;75;75119;2;2;1;1;BOULEVARD MACDONALD;;
536563858;12;11;2024;18:10;5;71;71270;2;9;1;1;PARE (RUE AMBROISE);;
536563859;24;6;2024;17:00;1;75;75117;2;2;1;7;BOULEVARD DE REIMS;;
536563860;13;11;2024;16:10;1;69;69256;2;3;1;3;Avenue Gabriel Péri;;
536563861;25;6;2024;13:50;1;75;75116;2;7;1;3;AVENUE DE VERSAILLES;;
536563862;25;6;2024;14:45;1;75;75115;2;1;1;2;BOULEVARD LEFEBVRE;;
536563863;12;11;2024;08:25;2;69;69290;2;1;8;4;Route de Grenoble;;
536563864;25;6;2024;13:51;1;75;75115;2;1;1;6;RUE DU COLONEL PIERRE AVIA;;
536563865;13;11;2024;08:15;1;66;66136;2;1;2;2;Quai François Batllo;;
536563866;25;6;2024;17:00;1;75;75114;2;3;1;3;BOULEVARD JOURDAN;;
536563867;25;6;2024;18:00;1;75;75112;2;4;1;6;BOULEVARD PONIATOWSKI;;
536563868;3;11;2024;00:45;5;65;65440;2;2;1;3;ORMEAU (CHEMIN DE L');;
536563869;25;6;2024;17:40;1;75;75111;2;3;1;6;RUE DE LA ROQUETTE;;
536563870;13;11;2024;09:10;1;63;63113;2;2;1;6;rue des Liondards / av Léon Blum;;
536563871;25;6;2024;16:00;1;75;75111;2;4;1;3;BOULEVARD RICHARD LENOIR;;
536563872;13;11;2024;18:30;5;62;62119;2;1;1;6;D943;;
536563873;25;6;2024;18:00;1;75;75110;2;7;1;1;PLACE DE LA REPUBLIQUE;;
536563874;10;11;2024;22:45;3;62;62847;2;8;1;1;D72E3;;
536563875;25;6;2024;20:00;1;75;75108;2;5;1;3;RUE DE COURCELLES;;
536563876;8;11;2024;16:30;1;62;62041;2;9;1;6;Rue Saint Maurice;;
536563877;25;6;2024;02:00;5;75;75107;2;2;1;2;QUAI VOLTAIRE;;
536563878;10;11;2024;00:30;5;60;60159;2;6;1;6;Avenue Napoléon;;
536563879;25;6;2024;17:25;1;75;75101;2;3;1;2;QUAI DU LOUVRE;;
536563880;25;6;2024;10:50;1;75;75101;2;3;7;7;RUE DE RIVOLI;;
536563881;13;11;2024;13:55;1;57;57463;2;3;1;3;PONT ROUGE (RUE DU );;
536563882;25;6;2024;06:30;2;75;75102;2;4;1;1;RUE LOUIS LE GRAND;;
536563883;12;11;2024;14:30;1;54;54547;2;1;1;6;parking CHU;;
536563884;25;6;2024;11:35;1;94;94043;2;1;1;6;Avenue de Fontainebleau;;
536563885;12;11;2024;17:15;1;50;50002;2;1;1;6;GOUVILLE (place de);;
536563886;25;6;2024;12:00;1;94;94021;2;1;1;7;Boulevard Circulaire Min Est;;
536563887;13;11;2024;04:00;4;49;49007;2;6;1;7;DOYENNE BOULEVARD ET PASSAGE;;
536563888;24;6;2024;08:20;2;94;94073;2;3;1;3;Rue du Docteur Marie;;
536563889;12;11;2024;18:00;2;49;49007;2;1;1;2;CHAUMIN BOULEVARD;;
536563890;24;6;2024;08:15;1;94;94011;2;3;1;4;Avenue Rhin et Danube / Avenue des Lys;;
536563891;24;6;2024;13:55;1;94;94017;2;3;1;2;Avenue du Général de Gaulle / Rue Eugéne Varlin;;
536563892;9;11;2024;15:54;1;39;39300;2;2;1;6;26 Avenue Camille Prost;;
536563893;25;6;2024;09:25;1;94;94004;2;1;1;1;Avenue Charles de Gaulle;;
536563894;13;11;2024;08:45;1;38;38544;2;1;8;7;Chemin de la Rente;;
536563895;24;6;2024;14:15;1;93;93073;2;2;1;1;Avenue Louis Dequet / Avenue des Chênes;;
536563896;24;6;2024;13:50;1;93;93070;2;1;1;6;Avenue Gabriel Péri;;
536563897;13;11;2024;17:45;3;38;38151;1;1;1;4;ÉCHANGEUR DU RONDEAU;;
536563898;25;6;2024;15:20;1;93;93066;2;3;1;3;Rue Paul Éluard / Rue Ambroise Croizat;;
536563899;13;11;2024;17:55;2;38;38185;2;1;1;6;RUE DES ALLIÉS;;
536563900;25;6;2024;16:15;1;93;93032;2;3;1;3;Rue Vaillant Couturier / Rue Emile Fontaine;;
536563901;13;11;2024;15:25;1;38;38185;2;2;8;3;MALLIFAUD (RUE);;
536563902;24;6;2024;15:45;1;93;93047;2;2;1;3;Rue Henri Barbusse / Rue Paul Bert;;
536563903;13;11;2024;18:10;2;34;34301;2;2;8;3;VERDUN (BOULEVARD DE);;
536563904;25;6;2024;17:30;1;93;93005;2;9;1;3;Rue Paul Cézanne;;
536563905;13;11;2024;14:20;1;34;34301;2;3;1;3;BLANC CAMILLE (BOULEVARD);;
536563906;25;6;2024;08:30;1;92;92063;2;3;1;3;MAISTRASSE (AVENUE ALEXANDRE);;
536563907;25;6;2024;18:20;1;92;92040;2;9;1;6;VICTOR CRESSON (AVENUE) DU 02 AU 40;;
536563908;13;11;2024;12:55;1;34;34129;2;9;1;3;BRET (ROND POINT PAUL LOUIS);;
536563909;21;6;2024;23:00;4;92;92025;2;3;1;3;GABRIEL PERI (RUE);;
536563910;12;11;2024;17:05;2;28;28085;2;1;1;6;MAUNOURY (RUE DU DOCTEUR);;
536563911;25;6;2024;20:05;1;92;92024;2;1;1;3;HENRI BARBUSSE (RUE) DE (1 A 73)   (2 A;;
536563912;13;11;2024;15:10;1;19;19031;2;1;1;3;DES TROIS PROVINCES (RUE);;
536563913;26;6;2024;13:59;1;60;60308;1;1;1;1;D1017;;
536563914;8;11;2024;16:18;1;18;18279;2;1;1;3;Rue Edouard Branly;;
536563915;25;6;2024;18:40;1;60;60539;2;1;1;3;Rue Jean Carette;;
536563917;26;6;2024;11:30;1;14;14162;1;1;1;6;D562;;
536563919;13;11;2024;18:45;3;13;13001;1;2;1;3;BELLEC MAURICE (RTE DU COLONEL);;
536563920;15;6;2024;18:25;3;974;97405;1;1;2;1;Rue Maxime Payet;;
536563921;13;11;2024;08:00;1;06;06069;2;1;1;2;13 Av Mal de Lattre de Tassigny;;
536563922;25;6;2024;19:20;3;972;97232;1;1;1;6;Route Nationale 6;;
536563923;25;6;2024;13:30;1;27;27507;1;1;1;1;départementale 53;;
536563924;13;11;2024;07:14;5;75;75113;2;2;1;6;RUE DE TOLBIAC;;
536563925;13;11;2024;20:20;5;75;75119;2;1;1;1;BOULEVARD DE LA VILLETTE;;
536563926;25;6;2024;17:40;1;35;35337;1;3;1;3;lieu dit la landelle tinteniac;;
536563927;5;6;2024;03:00;3;01;01354;1;6;1;7;d35;;
536563928;13;11;2024;16:00;1;75;75117;2;7;1;6;AVENUE PAUL ADAM;;
536563929;26;6;2024;19:05;1;60;60176;2;2;1;2;Rue Nationale;;
536563930;13;11;2024;09:25;1;75;75117;2;3;1;3;RUE THEODULE RIBOT;;
536563931;26;6;2024;06:00;2;50;50616;1;1;1;7;N175;;
536563932;13;11;2024;08:38;1;75;75111;2;2;8;6;RUE SEDAINE;;
536563933;25;6;2024;23:05;3;30;30287;1;1;2;7;Départementale 980;;
536563934;13;11;2024;21:55;5;75;75110;2;3;1;6;BOULEVARD SAINT DENIS;;
536563935;26;6;2024;10:09;1;21;21650;1;1;1;1;D35;;
536563936;13;11;2024;17:00;2;75;75110;2;3;1;6;RUE DU FAUBOURG SAINT MARTIN;;
536563937;26;6;2024;07:12;1;30;30034;2;6;1;3;D38-D6113;;
536563938;13;11;2024;16:29;1;75;75109;2;3;1;3;BOULEVARD DES ITALIENS;;
536563939;25;6;2024;09:15;1;76;76070;2;1;1;6;267 Route de Dieppe;;
536563940;13;11;2024;10:12;1;75;75109;2;2;1;6;RUE TRONCHET;;
536563941;25;6;2024;16:50;1;2A;2A008;1;1;3;3;Bisinao;;
536563942;13;11;2024;18:10;5;75;75103;2;4;1;6;BOULEVARD BEAUMARCHAIS;;
536563943;26;6;2024;07:30;1;2A;2A130;2;1;1;6;4285 boulevard marie-jeanne bozzi;;
536563944;12;11;2024;21:30;5;75;75102;2;2;1;7;RUE GRENETA;;
536563945;26;6;2024;13:15;1;82;82089;1;2;1;3;D813;;
536563946;12;11;2024;20:08;5;94;94044;2;1;1;6;Rue des Perdrix;;
536563947;25;6;2024;19:40;1;81;81069;1;1;1;7;RD600;;
536563948;12;11;2024;19:10;5;94;94068;2;1;1;6;Avenue Henri Martin;;
536563949;26;6;2024;09:45;1;63;63096;2;2;1;6;rue Martagere / rue de la Côte;;
536563950;11;11;2024;00:50;5;94;94028;2;1;1;3;Rue Gustave Eiffel;;
536563951;25;6;2024;17:00;1;55;55215;1;1;9;7;D182;;
536563952;12;11;2024;18:15;5;94;94059;2;6;1;3;avenue maurice berteaux;;
536563953;25;6;2024;18:20;1;47;47138;1;3;1;3;RD656;;
536563954;13;11;2024;09:40;1;93;93050;2;1;1;3;MARECHAL FOCH (AVENUE) COTE PAIR;;
536563955;26;6;2024;12:35;1;68;68307;1;4;3;7;D466;;
536563956;13;11;2024;13:30;1;93;93064;2;1;1;6;QUATRIEME ZOUAVES (RUE DU);;
536563957;26;6;2024;09:45;1;22;22251;2;3;1;2;Rue de la Croix Rouge;;
536563958;12;11;2024;20:45;5;93;93073;2;1;1;3;SAVOIE RUE DE;;
536563959;25;6;2024;19:15;2;22;22222;1;1;1;1;D21;;
536563961;12;11;2024;19:15;5;93;93079;2;2;1;2;DIVISION LECLERC (AV);;
536563962;25;6;2024;15:55;1;25;25367;2;1;1;6;21 Rue du 17 Novembre;;
536563963;13;11;2024;08:30;1;93;93008;2;3;1;3;BARBUSSE (AVENUE HENRI) A30;;
536563964;13;11;2024;17:12;2;93;93001;2;2;1;6;BORDIER (RUE)  => 10/11;;
536563965;25;6;2024;20:10;1;29;29178;2;3;1;1;Rue Docteur Amédée le Meur;;
536563966;13;11;2024;09:07;1;92;92076;2;1;1;1;RAYMOND POINCARE;;
536563967;25;6;2024;20:08;1;02;02361;2;1;1;6;Place d'Armes;;
536563968;13;11;2024;12:35;1;92;92050;2;1;1;6;SADI CARNOT RUE;;
536563969;23;6;2024;18:00;1;03;03074;1;2;1;3;D779;;
536563970;12;11;2024;23:30;5;92;92050;2;2;1;3;JOLIOT CURIE F. ET IRENE AVENUE  N°PAIRS;;
536563971;26;6;2024;04:50;2;15;15190;1;1;1;6;RD 62;;
536563972;12;11;2024;07:41;2;92;92050;2;1;1;2;VIEUX PONT RUE DU;;
536563973;25;6;2024;20:40;1;70;70152;2;1;1;1;Rue du Tacot;;
536563974;25;6;2024;20:40;1;72;72180;1;1;1;7;lieu dit les veaux guillaume;;
536563975;11;11;2024;14:45;1;92;92050;2;1;1;1;PASCAL RUE;;
536563976;26;6;2024;17:30;1;06;06144;1;1;2;6;Route de la Tinée;;
536563977;13;11;2024;15:05;1;92;92036;2;1;1;2;LOUIS CALMEL (RUE) (60/106);;
536563978;3;11;2024;19:26;5;92;92071;2;1;1;2;GENERAL LECLERC (AVENUE DU);;
536563979;26;6;2024;10:00;1;14;14061;1;2;1;3;D109;;
536563980;19;11;2024;04:10;5;92;92007;2;9;1;3;BARBUSSE (AVENUE HENRI) N° 1 A 43 ET 2 A;;
536563981;25;6;2024;08:15;1;14;14193;1;1;1;6;Route de la Cannerie;;
536563982;13;11;2024;13:00;1;92;92007;2;1;1;4;VERDUN (RUE DE) N° PAIRS;;
536563983;25;6;2024;20:20;1;05;05010;1;1;2;3;RD 1075;;
536563984;13;11;2024;15:45;1;37;37072;1;1;1;1;D8;;
536563985;26;6;2024;13:25;1;50;50217;1;1;7;1;Le Gué Botterel;;
536563986;13;11;2024;10:45;1;971;97114;1;5;1;5;La Rose;;
536563987;28;10;2024;15:05;1;974;97415;1;1;1;1;Chemin Summer 2;;
536563988;25;6;2024;18:00;1;60;60518;1;2;1;3;D151;;
536563989;5;11;2024;08:00;1;974;97422;2;1;1;3;Rue d?Espagne;;
536563990;25;6;2024;08:27;1;64;64160;2;6;7;3;Roind point D410 / Avenue du Professeur grancher;;
536563992;30;10;2024;20:30;3;35;35206;1;1;1;2;RN 137 direction NANTES PK 041.000;;
536563993;25;6;2024;10:15;1;53;53107;2;1;1;6;Route de Brecé;;
536563994;13;11;2024;08:10;2;06;06033;2;1;1;6;1 Rue de l'Eusière;;
536563995;25;6;2024;15:45;1;53;53103;1;1;1;1;route les suhards;;
536563996;13;11;2024;15:05;1;26;26002;1;1;1;1;Route Nationale 7;;
536563997;13;11;2024;09:15;1;30;30174;2;1;1;7;Parking Intermarché;;
536563998;25;6;2024;07:50;2;40;40310;1;2;7;1;Route d?Azur;;
536563999;26;6;2024;05:15;2;30;30259;2;1;1;7;544 Route d?Uzes;;
536564000;12;11;2024;08:30;1;44;44071;2;1;1;2;Rue de la basse lande;;
536564001;25;6;2024;10:15;1;17;17415;1;1;1;7;Autoroute A10 - PK441.060;;
536564002;9;11;2024;11:10;1;57;57106;1;1;1;7;D63;;
536564004;25;6;2024;13:37;1;971;97128;1;1;1;3;Boulevard de la Criee;;
536564005;13;11;2024;15:45;1;80;80688;1;1;1;6;D940;;
536564006;24;6;2024;11:30;1;971;97128;1;1;1;3;Fonds Thezan;;
536564007;13;11;2024;15:35;1;82;82125;1;1;1;2;Route de Toulouse;;
536564008;26;6;2024;12:15;1;77;77382;1;1;1;6;D85;;
536564009;13;11;2024;14:35;1;65;65218;1;1;1;6;D929;;
536564010;24;6;2024;17:45;1;66;66164;2;9;1;3;Avenue Jacques de Vaucanson;;
536564011;19;6;2024;01:00;3;66;66227;2;1;1;6;chemin las serres;;
536564012;10;11;2024;16:15;1;61;61043;2;2;1;3;D955;;
536564013;26;6;2024;12:15;1;48;48004;1;1;1;7;les Rochettes Basses;;
536564015;15;6;2024;19:40;1;34;34127;1;3;1;3;Route de Mudaison;;
536564016;14;11;2024;16:20;1;25;25245;1;1;7;6;Fontain;;
536564017;25;6;2024;17:00;1;84;84034;1;1;1;5;Départementale 900;;
536564018;24;6;2024;18:30;1;83;83133;1;1;2;7;déparmentale 37;;
536564019;14;11;2024;11:00;1;29;29201;1;1;1;1;D28;;
536564020;22;6;2024;11:25;1;04;04156;1;1;1;6;D12;;
536564021;14;11;2024;10:20;1;15;15258;2;1;1;6;RD 54;;
536564022;26;6;2024;16:50;1;13;13097;1;9;1;2;D24;;
536564023;14;10;2024;10:00;1;26;26112;1;3;1;3;route des Alpes;;
536564024;26;6;2024;16:20;1;69;69204;2;1;1;6;16 Rue des Sources;;
536564025;14;11;2024;07:00;2;58;58095;2;1;1;3;Route de Moulins;;
536564026;25;6;2024;20:45;1;69;69116;1;1;1;1;814 Route du Mont Verdun;;
536564027;11;11;2024;10:45;1;72;72132;1;1;9;6;lieu dit la croix verrier;;
536564028;24;6;2024;07:55;2;49;49023;1;2;1;1;La Croix qui Chante (Calvaire);;
536564029;13;11;2024;22:05;3;10;10345;1;2;1;3;D396;;
536564030;25;6;2024;16:25;1;27;27191;2;1;1;2;65 Rue de Louviers (La Croix-Saint-Leufroy);;
536564031;10;11;2024;17:00;1;16;16241;1;1;1;6;D115;;
536564032;22;6;2024;07:40;1;27;27439;1;1;2;2;N154;;
536564033;8;11;2024;18:30;3;27;27679;1;1;1;1;D55;;
536564034;26;6;2024;08:15;1;59;59053;2;1;1;3;Rue Eugène Mascart;;
536564035;11;11;2024;10:34;1;27;27017;1;1;1;2;D6154;;
536564036;25;6;2024;14:45;1;59;59075;1;1;1;1;RD 45;;
536564037;14;11;2024;06:30;2;52;52221;1;1;1;6;D15;;
536564038;24;6;2024;17:40;1;13;13202;1;1;1;3;TVPCD-Sens Les Ports vers Saint Victor;;
536564039;24;6;2024;19:15;1;13;13071;1;1;2;3;A51-Sens Aix en Provence vers Marseille;;
536564041;14;11;2024;06:22;3;45;45331;1;1;1;1;Route de Tigy;;
536564042;20;6;2024;15:15;1;13;13071;1;1;1;3;A7-Sens Lyon vers Marseille;;
536564043;13;11;2024;17:30;3;78;78451;2;4;1;3;D191;;
536564044;25;6;2024;13:00;1;83;83069;1;1;1;7;RN98;;
536564045;13;11;2024;18:05;3;30;30156;1;1;1;7;D6086;;
536564046;25;6;2024;08:40;1;83;83062;1;1;1;3;A57;;
536564047;13;11;2024;04:15;3;34;34154;1;1;1;1;D 172 E1;;
536564048;24;6;2024;08:00;1;67;67218;1;1;1;2;Nationale 353;;
536564049;12;11;2024;16:30;1;83;83143;1;1;1;1;D562;;
536564051;14;11;2024;07:30;3;56;56185;1;3;1;3;Moustoir Flamm;;
536564052;23;6;2024;21:20;1;59;59636;1;1;1;2;ROUTE METROPOLITAINE 652;;
536564053;13;11;2024;17:45;3;89;89289;1;1;1;6;D955;;
536564054;25;6;2024;15:50;1;91;91689;1;1;1;4;AUTOROUTE A6B;;
536564055;13;11;2024;17:15;2;68;68217;1;1;1;4;D1066;;
536564056;13;11;2024;16:20;1;68;68318;2;1;1;1;4 Rue de Westhalten;;
536564057;25;6;2024;08:00;1;91;91645;1;1;1;3;RN 385 Extèrieure;;
536564058;25;6;2024;07:50;1;94;94038;1;1;1;4;A6A;;
536564059;13;11;2024;17:35;5;38;38562;2;1;1;6;Route d?Uriage;;
536564060;24;6;2024;21:42;3;77;77251;1;1;1;2;AUTOROUTE A5A;;
536564061;14;11;2024;15:28;1;50;50298;1;1;1;2;D29;;
536564062;25;6;2024;17:30;1;92;92072;1;1;1;2;N118;;
536564063;25;6;2024;16:11;1;78;78043;1;1;1;6;A12 Y;;
536564064;30;10;2024;15:45;1;22;22076;1;2;8;1;27 Saint Jean;;
536564065;24;6;2024;17:05;1;78;78571;1;1;1;2;A13;;
536564066;10;11;2024;02:10;3;83;83047;1;1;1;6;A570;;
536564067;24;6;2024;19:07;1;92;92048;1;1;1;6;N118;;
536564068;13;11;2024;08:25;1;91;91692;1;1;1;3;RN 118;;
536564069;25;6;2024;19:00;1;93;93027;1;1;1;3;A1;;
536564070;12;11;2024;07:05;3;92;92036;1;1;8;3;A86;;
536564071;24;6;2024;20:25;1;93;93006;1;1;1;7;A3;;
536564072;24;6;2024;17:00;1;95;95277;1;1;1;3;A3;;
536564073;12;11;2024;20:15;3;95;95678;1;1;1;5;N184;;
536564074;24;6;2024;13:55;1;93;93008;1;1;1;2;A86;;
536564075;12;11;2024;08:45;1;93;93008;1;1;1;3;AUTOROUTE A86;;
536564076;25;6;2024;21:10;1;94;94028;1;1;1;3;A86;;
536564077;13;11;2024;00:25;3;77;77058;1;1;1;5;A4;;
536564078;25;6;2024;19:00;1;94;94017;1;1;1;5;A4;;
536564079;12;4;2024;08:15;1;972;97213;1;6;1;3;ROUTE DEPARTEMENTALE 14;;
536564080;25;6;2024;18:17;1;94;94042;1;1;1;4;A4;;
536564081;9;4;2024;18:15;5;972;97213;1;1;1;5;ROUTE DEPARTEMENTALE 13;;
536564082;25;6;2024;14:00;1;77;77363;1;1;1;4;A104;;
536564083;9;4;2024;12:10;1;972;97213;1;1;1;3;ROUTE DEPARTEMENTALE 3;;
536564084;6;9;2024;15:30;1;74;74265;1;1;1;7;Route de la Diamanterie;;
536564085;25;6;2024;10:15;1;77;77337;1;1;1;6;A4;;
536564086;20;1;2024;14:29;1;82;82030;1;1;1;6;Route de Belleperche;;
536564087;10;8;2024;18:35;2;74;74105;2;6;1;3;Avenue du lac;;
536564088;17;6;2024;08:30;1;44;44109;2;1;1;6;36 Boulevard Eugène Orieux;;
536564089;18;8;2024;16:00;1;74;74184;1;1;2;7;Route de frangy;;
536564090;17;6;2024;20:50;2;44;44109;2;1;1;3;191 Rue Paul Bellamy;;
536564091;1;9;2024;16:00;1;74;74056;2;1;1;6;Place du Mont Blanc;;
536564092;24;6;2024;10:29;1;87;87065;2;3;1;3;LIMOUSIN ( AVE);;
536564093;30;8;2024;07:08;1;74;74094;2;3;1;3;644 Route de la chandouze;;
536564094;9;3;2024;19:20;5;65;65002;2;1;4;6;N21;;
536564095;27;8;2024;05:45;5;74;74288;2;2;1;3;Route de saint-julien-en-genevois;;
536564096;25;6;2024;07:30;1;988;98818;2;3;1;3;ROUTE DU PORT DESPOINTES;;
536564097;31;8;2024;21:30;4;74;74026;2;1;1;6;Route de paris;;
536564098;24;6;2024;08:30;1;987;98736;2;1;1;3;PAUL BERNIERE (RUE);;
536564099;2;9;2024;17:00;1;74;74299;2;1;1;1;44 Route d'annecy;;
536564100;24;6;2024;20:00;3;974;97411;2;3;1;6;JAURES (BLD 2 JEAN);;
536564101;27;8;2024;04:00;3;74;74001;1;1;1;7;Route de Richebourg;;
536564102;21;8;2024;17:55;1;74;74067;2;2;1;5;Route des creuses (Seynod);;
536564103;31;8;2024;10:10;1;74;74112;2;2;1;3;AVENUE DU CENTRE;;
536564104;26;8;2024;14:50;1;74;74021;1;1;1;6;1497 Route nationale;;