Num_Acc;jour;mois;an;hrmn;lum;dep;com;agg;int;atm;col;adr;lat;long
536564433;4;3;2024;15:15;1;67;67482;2;9;8;6;HOLZMATT (CHEMIN DE LA);;
536564434;12;4;2024;02:36;5;91;91479;1;1;1;1;RTE DE FONTAINEBLEAU;;
536564435;16;12;2024;18:20;5;30;30007;2;1;1;2;SERRES (AVE OLIVIER DE);;
536564436;5;3;2024;17:25;1;66;66136;2;2;1;6;Avenue Julien PANCHOT;;
536564437;22;1;2024;18:30;5;83;83069;2;6;1;3;COSTEBELLE (MONTEE DE);;
536564438;5;3;2024;09:00;1;66;66136;2;6;1;3;Rond-point des BALEARES;;
536564439;12;4;2024;12:30;1;91;91228;2;1;1;4;RN7;;
536564440;16;12;2024;07:20;2;30;30007;2;3;1;3;Avenue Monge;;
536564441;23;1;2024;20:30;5;78;78015;2;1;1;6;RAMEAU (RUE JEAN PHILIPPE);;
536564443;11;12;2024;17:30;5;29;29232;2;8;1;6;Rue du Chateau;;
536564444;10;4;2024;18:05;1;91;91174;2;3;1;3;BD HENRI DUNANT;;
536564445;5;3;2024;18:45;1;65;65226;1;1;2;6;5 Rue du Gabizos;;
536564446;22;1;2024;16:35;1;77;77445;2;1;2;6;D150;;
536564447;12;4;2024;14:30;1;87;87050;1;1;1;6;RD947;;
536564448;17;12;2024;09:25;1;29;29232;2;1;1;4;Route de Douarnenez;;
536564449;5;3;2024;07:45;2;64;64024;2;1;2;6;BARTHES (RUE DES);;
536564450;23;1;2024;17:55;2;76;76231;2;6;1;6;Rue du Neubourg;;
536564451;12;4;2024;05:00;5;84;84092;2;2;1;3;CROIX VERTE (av de la));;
536564452;5;3;2024;11:00;1;63;63113;2;1;2;6;SABLON (COURS);;
536564453;16;12;2024;18:40;3;29;29019;1;9;1;2;D112;;
536564454;23;1;2024;08:30;1;76;76486;2;1;1;6;Rue d'Elbeuf;;
536564455;11;4;2024;23:00;5;83;83137;2;3;1;3;MOULINS (AVE DES DE 328 A FIN;;
536564456;24;2;2024;19:15;5;62;62498;2;1;2;3;Route de Béthune;;
536564457;17;12;2024;00:40;5;27;27681;2;2;1;6;BIZY ( RUE DE);;
536564458;19;3;2024;15:10;1;80;80021;2;1;1;7;Rue André Chénier;;
536564459;5;3;2024;07:50;2;61;61001;2;3;1;2;D112;;
536564460;17;12;2024;08:25;2;27;27375;2;3;1;3;POSTEL (BOULEVARD DU DOCTEUR);;
536564461;11;4;2024;18:28;1;77;77251;1;1;1;6;ALL DU TRAIT D'UNION;;
536564462;4;3;2024;22:50;5;60;60057;2;7;2;6;Rue de Clermont;;
536564463;18;12;2024;17:35;5;27;27229;2;3;1;7;EULER (RUE);;
536564464;9;4;2024;19:45;1;77;77288;2;1;9;1;PATTON  (AVENUE GENERAL);;
536564465;22;1;2024;17:05;1;76;76414;2;1;1;4;Rue de l'Ancien Port;;
536564466;5;3;2024;13:06;1;56;56260;2;3;1;3;Avenue du 4 Août 1944;;
536564467;18;12;2024;08:15;2;27;27229;2;1;1;6;ROCHETTE (RUE DE LA);;
536564468;18;12;2024;08:15;2;27;27229;2;9;1;6;BRIAND (AVENUE ARISTIDE);;
536564469;12;4;2024;22:28;5;77;77438;2;4;1;3;SABLONS  (RUE DES  );;
536564470;5;3;2024;10:00;1;56;56121;2;2;1;6;DU COUEDIC (RUE);;
536564471;23;1;2024;17:40;1;64;64445;2;1;1;3;UNIVERSITE DE L';;
536564472;12;4;2024;10:40;1;77;77243;2;9;1;6;LAMARTINE  (RUE   );;
536564473;5;3;2024;16:25;1;54;54382;1;1;1;3;D618;;
536564474;17;12;2024;16:08;1;27;27229;2;3;1;3;MOISLAINS (RUE DES);;
536564475;23;1;2024;20:55;5;64;64102;2;3;1;3;VAINSOT (RUE);;
536564476;17;12;2024;08:45;1;27;27299;2;1;1;6;BRIAND (AVENUE ARISTIDE);;
536564477;12;4;2024;09:20;1;77;77014;2;1;1;6;GENERAL DE GAULLE (AVENUE DU);;
536564478;5;3;2024;22:10;5;51;51454;2;2;1;3;BARBATRE (RUE DU);;
536564479;23;1;2024;18:11;5;61;61001;2;2;2;3;D26;;
536564480;12;4;2024;18:10;1;76;76540;2;3;1;2;Quai de Boisguilbert;;
536564481;5;3;2024;09:55;1;51;51454;2;6;1;2;CHAMPAGNE   (  AVENUE DE);;
536564482;18;12;2024;19:10;5;26;26198;2;1;1;1;Boulevard du Président René Coty;;
536564483;12;4;2024;17:30;1;76;76216;2;1;1;6;Rue Fontenelle;;
536564484;23;1;2024;06:30;5;59;59512;2;9;1;6;Boulevard de Fourmies;;
536564485;17;12;2024;17:50;1;26;26198;1;1;1;3;Boulevard Charles Andre;;
536564486;4;3;2024;17:35;2;47;47323;1;3;3;3;LAGARDE (HAUTE);;
536564487;23;1;2024;10:45;1;59;59560;2;7;1;3;Rue Roger Bouvry;;
536564488;12;4;2024;19:35;2;74;74010;2;6;1;3;ROBERT SCHUMAN;;
536564489;18;12;2024;22:05;5;25;25056;2;2;1;3;DROZ   AVENUE EDOUARD;;
536564490;5;3;2024;18:20;1;47;47001;2;3;1;2;MIDI (AVENUE DU);;
536564491;23;1;2024;08:15;1;59;59378;2;1;1;6;Avenue du Maréchal De Lattre De Tassigny;;
536564492;12;4;2024;13:31;1;73;73065;2;2;1;3;GAMBETTA LEON (BOULEVARD);;
536564493;5;3;2024;16:20;1;47;47201;2;6;1;3;MARNE (AV. DE LA);;
536564494;13;12;2024;17:35;2;22;22106;2;1;1;2;RN12;;
536564495;22;1;2024;07:30;5;57;57672;2;1;3;6;GUISE (AVENUE DE) - IMPAIR;;
536564496;5;3;2024;03:40;3;35;35206;1;1;8;6;RN136;;
536564497;18;12;2024;13:03;1;16;16015;2;1;1;3;NAVARRE (AVENUE DE);;
536564498;12;4;2024;18:20;1;69;69266;2;1;1;3;154 Cours Emile Zola;;
536564499;20;1;2024;23:18;5;56;56121;2;6;1;7;FAOUEDIC ( AVE DU );;
536564500;5;3;2024;16:00;1;34;34172;2;1;1;6;RIMBAUD (RUE PAUL);;
536564501;18;12;2024;19:30;5;14;14715;2;4;2;6;2 Rue de l’Ancien Parc aux Huitres;;
536564502;12;4;2024;14:20;1;69;69266;2;3;1;1;Cours Tolstoï;;
536564503;16;12;2024;23:20;3;13;13117;2;9;1;7;ROUTE NATIONALE 113-L'ANJOLY;;
536564505;22;1;2024;07:55;2;54;54578;2;3;2;2;Boulevard du Docteur Cattenoz;;
536564506;11;4;2024;17:10;1;69;69259;2;1;1;2;221 Avenue Francis de Pressensé;;
536564507;17;12;2024;03:20;3;13;13077;1;3;1;3;D 50;;
536564508;4;3;2024;17:25;1;32;32013;2;7;2;7;LIBERATION (PLACE DE LA);;
536564509;22;1;2024;07:45;2;54;54526;2;1;2;5;rue de la Fraternité;;
536564510;11;4;2024;14:20;1;69;69271;2;3;1;3;Rue des Roberdières;;
536564511;5;3;2024;17:27;1;31;31555;2;1;1;6;BD DE LA GARE;;
536564512;18;12;2024;14:00;1;13;13203;2;1;1;2;BD FERDINAND DE LESSEPS;;
536564513;23;1;2024;20:02;5;51;51454;2;1;1;6;EPERNAY (AVENUE D') COTE PAIR;;
536564514;5;3;2024;08:30;1;29;29232;1;6;1;2;Boulevard President Allende;;
536564515;18;12;2024;13:25;1;13;13216;2;2;1;3;GRAWITZ (Bd);;
536564516;11;4;2024;12:20;1;69;69259;2;2;1;3;Avenue Marcel Cachin;;
536564517;4;3;2024;09:55;1;29;29019;2;6;3;6;rue de Guilers;;
536564518;17;12;2024;14:00;1;13;13214;2;1;8;3;GAY LUSSAC (BOULEVARD);;
536564519;22;1;2024;15:00;1;51;51454;2;2;2;1;JAURES (AVENUE JEAN ) DU N° 61 A FIN;;
536564520;11;4;2024;10:05;1;69;69259;2;3;1;2;Boulevard Ambroise Croizat;;
536564521;16;12;2024;16:20;1;13;13215;2;6;1;1;DE FORESTA (ROND-POINT);;
536564522;12;4;2024;12:40;1;69;69091;2;1;1;7;Route de Mornant;;
536564523;5;3;2024;10:45;1;26;26252;1;1;1;4;Av du President Salvador Allende;;
536564524;23;1;2024;02:27;4;48;48095;2;1;8;6;CHAPITRE (ROUTE DU);;
536564525;13;4;2024;00:55;5;66;66136;2;1;1;6;Avenue Henri Bergson;;
536564526;5;3;2024;12:57;1;25;25204;2;3;2;3;Chaussée   (de la);;
536564527;23;1;2024;13:50;1;37;37261;2;6;1;3;DANEMARK (AVENUE DU);;
536564528;16;12;2024;23:30;5;13;13206;2;2;1;7;PAUL PEYTRAL (BOULEVARD);;
536564529;5;3;2024;11:45;1;25;25031;2;1;8;2;COURBET (RUE GUSTAVE);;
536564530;23;1;2024;07:55;5;37;37261;2;1;1;6;MOZART (AVENUE);;
536564531;12;4;2024;10:30;1;66;66136;2;6;1;6;FLANDRES/DUNKERQUE (CARREFOUR);;
536564532;17;12;2024;19:40;5;13;13028;2;1;1;6;CYRNOS (AVENUE);;
536564533;5;3;2024;18:48;5;25;25056;2;1;1;4;CLERC RUE FRANCIS (inf 29);;
536564534;23;1;2024;19:15;5;35;35238;2;1;2;3;CLEMENCEAU (BD GEORGES);;
536564535;11;4;2024;18:22;1;64;64024;2;3;1;3;CLAIRIERE (ALLEE DE LA);;
536564536;18;12;2024;00:10;5;13;13001;2;2;1;3;MAURIAT HENRI (AV);;
536564537;23;1;2024;18:20;5;35;35238;2;6;8;6;CANADA (AVENUE DU);;
536564538;5;3;2024;14:26;1;25;25056;2;2;1;3;BLUM  BOULEVARD LEON (inf 51);;
536564539;7;4;2024;22:55;5;64;64102;2;1;1;6;SOULT (AVENUE MARECHAL);;
536564541;23;1;2024;08:15;2;35;35238;2;1;8;6;ANJOU (D');;
536564542;12;4;2024;14:20;1;63;63300;2;1;1;6;RD2029;;
536564543;23;1;2024;13:30;1;34;34172;2;1;1;4;TOULOUSE (AVENUE DE;;
536564544;5;3;2024;13:10;1;22;22360;2;6;1;3;REPUBLIQUE (RUE DE LA);;
536564545;18;12;2024;07:50;5;10;10325;2;6;1;6;PASTEUR (RUE);;
536564547;4;3;2024;16:45;1;17;17415;2;3;2;3;KENNEDY AVENUE JOHN FITZGERALD;;
536564548;12;4;2024;18:57;1;63;63113;2;2;1;3;CHAMBRETTES (RUE DES) / av Leon Blum;;
536564549;16;12;2024;08:00;5;10;10387;2;1;2;6;ALEXANDRE DU SOMMERARD (RUE);;
536564550;23;1;2024;11:20;1;33;33032;2;9;1;6;Sur parking venant de rue Camille Juillan;;
536564551;5;3;2024;08:00;1;17;17299;2;1;1;2;HUIT MAI 1945 AVENUE DU;;
536564552;12;4;2024;08:45;1;63;63113;2;2;1;3;ROUVIER (RUE);;
536564554;17;12;2024;16:30;2;06;06004;2;5;1;6;19 Avenue de Guy Maupassant;;
536564555;5;3;2024;19:35;5;13;13209;2;3;1;3;JOSEPH AIGUIER (CHEMIN);;
536564557;12;4;2024;19:50;1;62;62774;2;1;1;1;D940;;
536564558;17;12;2024;17:36;5;03;03321;2;1;1;6;LYON (ROUTE DE );;
536564559;12;4;2024;20:15;1;62;62041;2;1;1;6;Rue Raoul François;;
536564560;5;3;2024;16:20;1;13;13202;2;1;1;2;ROGER SALENGRO (AVENUE);;
536564561;23;1;2024;08:45;1;28;28218;2;9;1;6;TOURAINE;;
536564562;15;12;2024;02:20;5;02;02738;2;1;1;6;35 Rue Arthur Rimbaud;;
536564563;9;4;2024;14:15;1;59;59636;2;6;1;6;YPRES RUE D;;
536564564;23;1;2024;21:35;5;27;27229;2;1;1;3;CITES UNIES (BOULEVARD DES);;
536564565;4;3;2024;18:50;5;10;10387;2;1;1;7;HENRI BARBUSSE (RUE);;
536564566;17;12;2024;14:20;1;01;01053;1;6;1;2;COUPES BLANCHES (CHEMIN DES) COTE SEILLO;;
536564567;12;4;2024;15:10;1;59;59328;2;3;1;3;DUNKERQUE AVENUE DE;;
536564568;17;12;2024;13:40;1;75;75116;2;3;8;6;AVENUE MOZART;;
536564569;4;3;2024;07:45;2;10;10387;2;2;1;3;Rue aux Moines;;
536564570;17;1;2024;06:40;5;19;19031;2;3;2;6;ALVITRE (AVENUE ABBE);;
536564571;12;4;2024;17:20;1;58;58194;2;6;1;3;MADEMOISELLE BOURGEOIS;;
536564572;18;12;2024;09:00;2;75;75116;2;3;1;2;AVENUE DE NEW YORK;;
536564573;22;1;2024;16:50;2;17;17415;2;1;8;3;LECLERC COURS DU MARECHAL;;
536564574;6;3;2024;01:50;5;06;06088;2;2;1;1;Boulevard de l'Ariane;;
536564575;12;4;2024;01:40;5;51;51454;2;2;1;1;POMMERY (BOULEVARD);;
536564576;18;12;2024;18:45;5;75;75112;2;1;1;6;RUE DU FAUBOURG SAINT ANTOINE;;
536564577;5;3;2024;13:30;1;75;75117;2;1;1;7;BD PERIPHERIQUE EXTERIEUR;;
536564578;23;1;2024;16:34;1;17;17306;1;1;2;3;EXPRESS (VOIE);;
536564579;12;4;2024;23:27;5;49;49015;2;1;1;7;COPERNIC RUE;;
536564580;17;12;2024;20:15;5;75;75110;2;3;1;3;BOULEVARD DE BONNE NOUVELLE;;
536564581;4;3;2024;12:55;1;75;75118;2;1;1;2;BD PERIPHERIQUE INTERIEUR;;
536564582;18;1;2024;16:00;1;17;17306;2;1;1;6;BOUCHET LOUIS (AVENUE);;
536564583;17;12;2024;15:20;1;94;94067;2;1;8;6;Avenue du Général de Gaulle;;
536564584;4;3;2024;10:25;1;75;75114;2;1;1;6;PORTE DE CHATILLON;;
536564585;11;4;2024;13:55;1;43;43157;2;9;1;5;Boulevard Saint Louis;;
536564586;23;1;2024;14:42;1;17;17291;1;1;2;3;N11;;
536564587;17;12;2024;08:05;2;94;94033;2;1;2;6;Avenue Charles Garcia;;
536564588;18;12;2024;17:10;3;94;94060;2;1;2;6;Avenue Georges Pompidou;;
536564589;22;1;2024;21:30;5;13;13210;2;3;1;3;RABATAU (BOULEVARD);;
536564590;4;3;2024;12:37;1;75;75115;2;2;1;3;RUE PEGOUD;;
536564591;12;4;2024;21:35;5;38;38185;2;2;1;3;BOULEVARD ÉDOUARD REY;;
536564592;18;12;2024;09:45;1;94;94017;2;1;1;3;Rue Louis Talamoni;;
536564593;23;1;2024;08:20;1;13;13001;2;1;1;7;ANCIENNE ROUTE DES ALPES (RTE);;
536564594;12;4;2024;21:16;5;37;37261;2;1;1;7;PONT CHER (AVENUE DE);;
536564595;5;3;2024;12:45;1;75;75119;2;7;1;2;PLACE AUGUSTE BARON;;
536564596;22;1;2024;18:36;5;13;13001;1;1;2;1;RD9;;
536564597;17;12;2024;14:50;1;94;94002;2;2;1;6;Rue Emile Zola / Rue Joffrin;;
536564598;12;4;2024;18:10;1;37;37214;2;6;1;3;DE GAULLE (BD CHARLES);;
536564599;5;3;2024;09:20;1;75;75119;2;1;1;3;RUE D AUBERVILLIERS;;
536564600;23;1;2024;20:28;5;11;11262;2;3;1;6;Avenue Karl Marx;;
536564601;12;4;2024;13:15;1;37;37261;2;1;1;3;MELIES (RUE GEORGES);;
536564602;5;3;2024;13:30;1;75;75118;2;3;1;6;RUE DAMREMONT;;
536564603;23;1;2024;08:30;1;11;11262;2;1;1;1;Rue Joseph Anglade;;
536564604;18;12;2024;20:25;5;93;93078;2;6;8;3;REVE (AVENUE DU);;
536564606;4;3;2024;13:35;1;75;75114;2;2;1;7;BOULEVARD ROMAIN ROLLAND;;
536564607;18;12;2024;17:40;5;93;93059;2;1;1;6;LEDRU ROLLIN (AVENUE);;
536564608;13;4;2024;00:10;5;35;35238;2;1;1;1;LORIENT (DE);;
536564609;22;1;2024;11:30;1;10;10297;2;1;1;2;Rue Marc Verdier;;
536564611;5;3;2024;12:55;1;75;75108;2;3;8;2;AVENUE DE MARIGNY;;
536564612;18;12;2024;14:33;1;93;93059;2;1;1;3;JEAN MERMOZ (N°59 AU 185);;
536564613;23;1;2024;13:50;1;06;06069;2;1;1;1;Route de Draguignan;;
536564615;18;12;2024;16:30;1;93;93066;2;1;1;3;WILSON (AVENUE DU PRESIDENT);;
536564616;5;3;2024;19:30;5;75;75107;2;3;2;6;QUAI D ORSAY;;
536564617;18;12;2024;18:05;5;93;93055;2;1;8;1;JEAN JAURES (AVENUE) (76/128);;
536564618;22;1;2024;17:55;5;01;01053;2;2;2;3;MONTHOLON (RUE) IMPAIR;;
536564619;5;3;2024;10:00;1;75;75102;2;2;1;6;RUE ETIENNE MARCEL;;
536564621;18;12;2024;18:55;5;93;93051;2;1;1;3;REIMS;;
536564622;23;1;2024;08:55;1;75;75117;2;1;1;2;PORTE DE CLICHY;;
536564624;5;3;2024;20:30;5;94;94078;2;1;2;6;93 Av du Pdt J Fitzgerald Kennedy;;
536564625;18;12;2024;11:20;1;93;93047;2;1;8;6;LAVOIR (RUE DU);;
536564626;23;1;2024;13:00;1;75;75119;2;1;1;6;AVENUE MATHURIN MOREAU;;
536564628;5;3;2024;08:30;1;94;94068;2;3;8;3;Boulevard de Créteil / Zone d'Activité;;
536564629;18;12;2024;12:25;1;92;92062;2;3;1;3;WALLACE (BD RICHARD) DU 17 AU 91 ET DU 3;;
536564630;23;1;2024;21:15;5;75;75118;2;2;1;3;RUE CAULAINCOURT;;
536564631;11;4;2024;18:08;1;27;27229;2;1;1;4;GAMBETTA (BOULEVARD);;
536564632;18;12;2024;18:45;3;92;92020;2;1;1;3;FONTENAY RUE DE AUTRES N°;;
536564633;4;3;2024;14:30;1;94;94068;2;3;1;3;Boulevard de Champigny / Rue Boileau;;
536564634;23;1;2024;08:00;2;75;75117;2;4;1;7;BOULEVARD GOUVION SAINT CYR;;
536564635;18;12;2024;11:15;1;92;92044;2;1;1;7;MARIUS AUFAN(RUE) 69+ ET 80+;;
536564636;12;4;2024;10:30;1;19;19031;2;6;1;2;TEINCHURIER (AVENUE DU);;
536564637;18;12;2024;18:50;5;92;92040;2;2;1;6;VICTOR CRESSON (AVENUE) DU 29 AU 77;;
536564638;11;4;2024;21:10;2;19;19031;2;9;1;7;BRUNE (BOULEVARD);;
536564639;22;1;2024;16:50;1;75;75116;2;2;1;3;AVENUE DE L HIPPODROME;;
536564640;18;12;2024;00:10;5;92;92036;2;4;8;6;MARCEL ROYER (RUE);;
536564641;18;12;2024;20:00;5;92;92026;2;2;1;3;VERDUN (DE 01 A 61);;
536564642;23;1;2024;13:00;1;75;75114;2;2;1;3;RUE JULIA BARTET;;
536564643;18;12;2024;14:15;1;92;92026;2;1;1;2;BEZONS (DE 23 A FIN);;
536564644;23;1;2024;21:30;5;75;75108;2;7;2;7;AVENUE DES CHAMPS ELYSEES;;
536564645;11;4;2024;15:50;1;15;15014;1;9;1;3;RD 120;;
536564646;23;1;2024;11:45;1;75;75108;2;2;2;3;BOULEVARD HAUSSMANN;;
536564647;18;12;2024;20:10;5;92;92024;2;2;2;3;JEAN JAURES (BD) DE (120 A 138);;
536564648;11;4;2024;12:45;1;15;15012;2;1;1;2;Avenue du Général Leclerc;;
536564649;18;12;2024;19:25;5;92;92012;2;1;1;3;PIERRE LEFAUCHEUX (AVENUE);;
536564650;23;1;2024;21:10;5;94;94016;2;3;1;6;Rue du Moulin de Cachan / Rue du Parc de Cachan;;
536564651;18;12;2024;23:15;4;37;37216;2;1;2;6;2 Rue Louis Perrotin;;
536564652;12;4;2024;23:30;5;13;13204;2;9;1;6;FRANCOISE DUPARC (BOULEVARD);;
536564653;23;1;2024;15:40;1;94;94011;2;9;2;3;Rue Pierre Sémard / Carrefour de la Ballastière;;
536564654;18;12;2024;17:10;2;38;38378;2;3;1;6;Rue Maréchal Leclerc;;
536564655;22;1;2024;17:00;1;94;94017;2;1;1;3;Avenue du Général de Gaulle;;
536564656;12;4;2024;18:40;1;13;13209;1;1;1;1;COL DE LA GINESTE D559;;
536564657;23;1;2024;08:15;1;93;93073;2;1;1;6;Rue Pierre Brossolette;;
536564658;19;12;2024;12:10;1;52;52058;1;1;3;1;D200;;
536564659;23;1;2024;07:05;5;93;93046;2;4;1;6;Avenue Gambetta / Avenue Astride Briand;;
536564660;12;4;2024;06:35;2;13;13209;2;9;1;3;MICHELET (BOULEVARD);;
536564661;23;1;2024;20:34;5;93;93039;2;2;1;3;Rue Mechin / Avenue Jean Jaurès;;
536564662;19;12;2024;11:55;1;26;26169;1;1;1;3;Autoroute A7 - PK 125.000;;
536564663;11;4;2024;20:10;5;13;13213;2;2;1;3;ROSE (AVENUE DE LA);;
536564664;22;1;2024;21:00;5;93;93066;2;1;1;2;Avenue du Président Wilson;;
536564665;12;12;2024;05:35;5;01;01285;2;2;1;3;D933;;
536564666;23;1;2024;09:00;1;93;93048;2;3;1;6;Boulevard Aristide Briand / Avenue Paul Signac;;
536564667;23;1;2024;02:50;5;93;93007;2;1;1;6;Avenue Jacques Duclos;;
536564668;12;4;2024;15:00;1;13;13047;1;1;1;4;RN 569;;
536564669;23;1;2024;09:05;1;93;93001;2;2;1;6;Avenue de la République / Rue Henri Barbusse;;
536564670;11;4;2024;02:00;5;13;13004;2;3;6;3;BD GEORGES CLEMENCEAU;;
536564671;23;1;2024;05:56;5;93;93001;2;5;1;3;Avenue du Président Roosevelt / Boulevard Anatole France / Rue du Moutier;;
536564672;12;4;2024;17:15;1;10;10387;2;2;1;3;Mail Saint - Dominique;;
536564673;12;4;2024;07:20;1;06;06069;2;1;1;2;Route de Pégomas;;
536564674;12;4;2024;12:35;1;75;75115;2;1;1;2;BD Périphérique Exterieur;;
536564675;22;1;2024;10:25;1;93;93001;2;1;2;5;Rue de la Haie Coq;;
536564676;12;4;2024;07:00;2;75;75116;2;1;1;7;BD Périphérique Exterieur;;
536564677;23;1;2024;11:20;1;92;92063;2;6;2;3;HUGO (AVENUE VICTOR);;
536564678;12;4;2024;09:55;1;75;75112;2;1;1;3;BD PERIPHERIQUE EXTERIEUR;;
536564679;23;1;2024;15:08;1;92;92050;2;3;1;2;PAQUERETTES RUE DES;;
536564680;23;1;2024;08:03;1;92;92050;2;1;1;6;PROVINCES FRANCAISES BD DES;;
536564681;9;4;2024;23:20;5;75;75114;2;1;1;5;BD PERIPHERIQUE EXTERIEUR;;
536564682;23;1;2024;08:30;1;92;92048;2;1;1;3;ROBERT JULIEN LANEN (RUE) N° 1 A 15;;
536564683;7;4;2024;00:10;5;75;75119;2;1;1;6;ECHANGEUR VILLETTE;;
536564684;23;1;2024;10:35;1;92;92044;2;1;8;2;MAURICE RAVEL (RUE);;
536564685;22;1;2024;16:45;1;92;92044;2;1;1;6;P.V.COUTURIER(RUE)65A79 ET50A58;;
536564686;12;4;2024;12:00;1;75;75120;2;2;1;6;RUE DES VIGNOLES;;
536564687;23;1;2024;11:41;1;92;92023;1;1;2;3;MARIE FICHET (RUE);;
536564688;12;4;2024;10:50;1;75;75119;2;3;1;6;AVENUE JEAN JAURES;;
536564689;23;1;2024;18:35;3;95;95487;1;1;1;6;D301;;
536564690;12;4;2024;17:30;1;75;75118;2;2;1;6;RUE DES POISSONNIERS;;
536564691;12;4;2024;18:00;1;75;75116;2;7;1;2;AVENUE DE VERSAILLES;;
536564692;23;1;2024;20:55;3;26;26166;1;1;1;4;Autoroute A7 PK 094.200;;
536564693;12;4;2024;19:00;1;75;75115;2;3;1;2;BOULEVARD VICTOR;;
536564694;24;1;2024;11:15;1;86;86028;1;1;1;7;D139;;
536564695;12;4;2024;16:45;1;75;75115;2;2;1;6;RUE BRANCION;;
536564696;23;1;2024;08:00;5;58;58102;2;1;8;3;rue de beauséjour;;
536564697;22;1;2024;17:50;2;85;85215;1;9;8;3;RD 137;;
536564698;12;4;2024;15:00;1;75;75115;2;4;1;3;RUE BARGUE;;
536564699;23;1;2024;10:00;1;47;47165;2;1;1;7;Rue Edouard Giresse;;
536564700;24;1;2024;06:20;3;59;59229;1;1;8;3;D42;;
536564701;12;4;2024;16:40;1;75;75114;2;4;1;6;AVENUE DU MAINE;;
536564702;24;1;2024;16:00;1;56;56185;1;1;1;3;Kersalic;;
536564703;24;1;2024;11:15;1;65;65025;2;1;1;2;8 Rue du Général Leclerc;;
536564704;12;4;2024;15:16;1;75;75114;2;7;1;6;AVENUE JEAN MOULIN;;
536564705;12;4;2024;11:15;1;75;75113;2;7;1;6;RUE VULPIAN;;
536564706;23;1;2024;08:40;1;65;65025;2;2;1;3;Avenue Robert Coll;;
536564707;12;4;2024;21:25;5;75;75110;2;2;1;6;RUE DE LA GRANGE AUX BELLES;;
536564708;12;4;2024;14:53;1;75;75109;2;2;1;6;RUE SAINT LAZARE;;
536564710;12;4;2024;16:58;1;75;75102;2;2;1;7;BOULEVARD DE SEBASTOPOL;;
536564711;23;1;2024;18:45;5;63;63058;2;1;1;6;Lieu-dit les raymonds;;
536564712;23;1;2024;20:00;2;42;42323;2;2;1;3;Rue du Stade;;
536564713;12;4;2024;16:55;1;94;94081;2;2;7;3;Avenue Rouget de Lisle / Avenue de la Commune de Paris;;
536564714;12;4;2024;14:50;1;94;94081;2;2;7;3;Rue Berthie Albrecht / Rue Edith Cavell;;
536564715;23;1;2024;14:00;1;42;42021;1;1;1;1;Route de Margerie;;
536564716;11;4;2024;12:45;1;94;94068;2;1;1;6;Rue du Pont de Créteil;;
536564717;24;1;2024;08:00;2;41;41233;2;1;2;1;43 Rue du Bourg Neuf;;
536564718;8;4;2024;13:30;1;94;94058;2;1;1;6;Rue Jean d'Estienne d'Orves;;
536564719;23;1;2024;15:10;1;29;29004;1;1;2;6;Saint Lucas;;
536564720;12;4;2024;18:50;1;94;94046;2;3;1;6;Rue Paul Bert / Quai Fernand Saguet;;
536564721;23;1;2024;13:15;1;01;01449;1;1;1;6;D93;;
536564722;12;4;2024;18:45;1;94;94016;2;3;1;3;Avenue de la Division Leclerc / Avenue Vatier;;
536564723;24;1;2024;12:25;1;26;26124;1;1;1;2;RN-7, PK montant 58;;
536564724;12;4;2024;21:20;5;94;94073;2;3;1;3;Avenue du Luxembourg;;
536564725;23;1;2024;23:25;5;58;58095;2;1;1;3;Quai de Loire;;
536564726;11;4;2024;05:30;5;94;94033;2;6;1;3;Rue Carnot;;
536564727;21;1;2024;15:58;1;72;72290;1;1;2;6;lieu dit tete de loup;;
536564728;11;4;2024;07:00;2;94;94055;2;1;1;2;Avenue du Général de Gaulle;;
536564729;12;4;2024;10:00;1;93;93050;2;3;1;6;Avenue du 8 Mai 1945 / Rue d’Artois;;
536564730;24;1;2024;18:40;3;14;14504;1;1;1;2;418 Route de Lisieux;;
536564731;24;1;2024;12:09;1;64;64155;1;1;1;7;D933;;
536564732;12;4;2024;10:30;1;93;93048;2;2;1;3;Rue de Paris / Rue d’Alembert;;
536564733;23;1;2024;18:30;5;16;16005;2;7;2;7;2 Rue de Saint-fraigne;;
536564734;12;4;2024;08:54;1;93;93046;2;2;1;6;Boulevard Gutenberg / Avenue Vauban;;
536564735;23;1;2024;18:37;3;04;04123;1;3;1;6;Intersection RD24 / La grande Bastide;;
536564736;12;4;2024;00:10;5;93;93032;2;3;1;3;Avenue Jean Jaurès / Rue Clemenceau;;
536564737;24;1;2024;18:40;3;85;85157;1;1;8;6;RD 7;;
536564738;12;4;2024;06:30;4;93;93071;2;1;1;2;Chemin de Savigny;;
536564739;24;1;2024;12:15;1;87;87057;1;3;1;3;le Beauvert;;
536564740;12;4;2024;13:52;1;92;92036;2;6;1;3;VERDUN (AVENUE) (IMPAIRS 1 A 25);;
536564741;12;4;2024;11:13;2;92;92062;2;1;1;6;PLACE DES DEGRES;;
536564743;20;5;2024;16:25;1;51;51172;2;2;1;3;CHANZY (RUE);;
536564744;11;4;2024;22:30;5;92;92025;2;3;1;3;CHARLES DE GAULLE (BD);;
536564745;23;1;2024;10:50;1;68;68375;1;4;1;2;D430;;
536564746;2;9;2024;07:30;1;93;93051;1;1;1;2;A4;;
536564747;12;4;2024;15:45;1;92;92024;2;1;1;4;MARTRE (RUE) DE (59 A 109)   (58 A 120);;