Num_Acc;jour;mois;an;hrmn;lum;dep;com;agg;int;atm;col;adr;lat;long
536564748;24;1;2024;06:45;2;978;97801;2;1;1;1;rn 7 la savane;;
536564749;21;5;2024;14:30;1;44;44184;2;3;1;3;23 Rue P. Augustin de Beaumarchais;;
536564750;16;1;2024;18:44;3;91;91179;1;1;1;4;RN 337;;
536564751;8;4;2024;12:20;1;92;92004;2;1;1;3;GRESILLONS ( AVENUE DES  );;
536564752;24;1;2024;12:40;1;40;40134;1;1;1;6;A63;;
536564753;12;4;2024;22:25;5;92;92002;2;1;1;6;LEON JOUHAUX (AVENUE);;
536564754;15;8;2024;16:15;1;44;44109;2;6;1;3;Rond-Point de Vannes;;
536564755;23;1;2024;18:13;3;51;51437;1;1;1;3;A4 PK 121+600 sens METZ/PARIS;;
536564756;12;4;2024;15:35;1;60;60374;2;3;1;3;Route de Coivrel;;
536564757;15;8;2024;17:05;1;44;44109;2;1;1;6;6 Place du Sanitat;;
536564758;24;1;2024;14:45;1;73;73039;1;1;1;2;A43;;
536564759;4;4;2024;17:59;1;51;51141;2;4;1;3;40 Rue du Colonel Caillot;;
536564760;14;8;2024;16:30;1;44;44109;2;1;1;7;Boulevard Albert Einstein;;
536564761;22;5;2024;00:10;5;44;44109;2;8;1;3;45 Boulevard de Doulon;;
536564762;23;1;2024;15:00;1;987;98731;2;1;1;6;Village d'HATIHEU;;
536564763;12;4;2024;11:15;1;42;42332;2;3;7;6;Route de la Mirandole;;
536564764;14;8;2024;15:10;1;44;44143;2;1;1;6;74 Rue de la Commune de 1871;;
536564765;20;4;2024;10:45;1;39;39300;2;1;1;6;4 Place Perraud;;
536564766;12;4;2024;23:08;3;77;77505;1;1;1;2;A4;;
536564767;22;1;2024;11:48;1;37;37014;1;3;2;3;Route de Langeais;;
536564768;21;5;2024;06:43;2;38;38053;2;6;1;3;BARBUSSE;;
536564769;13;4;2024;15:45;1;83;83148;2;2;1;3;Chemin de la Verrerie Neuve;;
536564770;12;4;2024;10:15;1;42;42097;1;1;1;5;A72;;
536564771;19;1;2024;07:00;2;2B;2B093;1;1;1;3;D151;;
536564772;12;4;2024;21:50;3;83;83048;2;1;1;7;allée du train des pignes;;
536564773;11;8;2024;13:00;1;44;44109;2;6;1;3;Route de la Chapelle sur Erdre;;
536564774;20;5;2024;10:40;1;37;37261;2;1;1;3;EIFFEL (AVENUE GUSTAVE);;
536564775;23;1;2024;18:00;2;66;66065;1;1;1;6;Chemin de la Mer;;
536564776;12;4;2024;21:25;3;35;35363;1;1;1;3;N137;;
536564777;10;8;2024;13:30;1;44;44109;2;1;1;7;Place de la Duchesse Anne;;
536564778;21;5;2024;17:20;1;35;35238;2;1;1;6;CLEMENCEAU (BD GEORGES);;
536564779;21;1;2024;14:40;1;83;83068;1;1;1;3;Route de la Garde Freinet;;
536564780;9;8;2024;00:25;5;44;44109;2;1;1;7;Rue Louis Blanc;;
536564781;21;5;2024;15:30;1;35;35238;2;1;2;6;CANADA (AVENUE DU);;
536564782;12;4;2024;18:20;1;62;62042;2;1;1;1;Rue du Chaufour;;
536564783;7;8;2024;09:05;1;44;44109;2;6;1;3;45 Rue du Château de l'Eraudière;;
536564784;13;4;2024;19:00;2;56;56094;1;1;1;7;Lieu Dit Locjean;;
536564785;21;5;2024;10:00;1;35;35238;2;6;8;3;CHATEAU (AVENUE FRANCOIS);;
536564786;20;1;2024;19:45;3;69;69167;1;1;8;6;Route du Cruizon;;
536564787;13;4;2024;05:30;3;76;76405;1;1;1;1;N27;;
536564788;13;4;2024;02:50;3;2B;2B096;1;1;1;6;RT 20 PK 79;;
536564789;20;5;2024;01:10;5;34;34172;2;1;1;7;TOULOUSE (AVENUE DE;;
536564790;22;6;2024;08:35;1;84;84007;2;2;1;5;PIERRE SEMARD (avenue);;
536564791;23;1;2024;16:00;1;35;35240;2;6;1;3;Avenue des Acquets;;
536564793;13;4;2024;10:30;1;32;32107;2;1;1;7;Avenue des Pyrénées;;
536564794;22;6;2024;03:50;5;84;84007;2;1;1;3;QUAI SAINT LAZARE (Bd du);;
536564795;22;1;2024;00:05;3;69;69389;1;1;1;2;Route de Métropole 6;;
536564796;13;4;2024;19:25;1;71;71132;1;2;1;3;la valteuse;;
536564798;21;6;2024;13:15;1;84;84007;2;1;1;1;République (rue de la );;
536564799;12;4;2024;19:20;1;89;89309;1;1;1;6;route departementale 82;;
536564800;21;5;2024;09:30;1;29;29051;2;1;1;7;Avenue de Coray;;
536564801;23;1;2024;15:28;1;92;92002;1;1;1;5;AUTOROUTE A10;;
536564802;13;4;2024;14:30;1;89;89345;1;1;1;7;D905;;
536564803;21;5;2024;09:50;1;29;29039;2;1;1;6;Rue Chateaubriand;;
536564804;7;8;2024;19:10;1;44;44109;2;3;1;3;Rue Dos d'Äne;;
536564805;23;1;2024;09:25;1;92;92048;1;1;1;3;N118;;
536564806;12;4;2024;22:25;3;63;63211;1;1;1;6;lieu dit espinasse;;
536564807;20;5;2024;09:35;1;27;27562;2;9;1;6;ROUEN (ROUTE DE );;
536564808;23;1;2024;09:45;1;78;78545;1;1;8;4;A12 Y;;
536564809;6;8;2024;06:30;2;44;44109;2;2;1;3;42 Rue de Strasbourg;;
536564810;21;5;2024;18:05;1;25;25388;2;9;1;3;LUDWIGSBURG (ROND POINT DE);;
536564811;12;4;2024;08:50;1;76;76711;2;1;1;3;Route d?Eu;;
536564812;23;1;2024;09:30;1;92;92036;1;1;1;3;AUTOROUTE A15;;
536564813;21;5;2024;10:40;1;13;13019;1;1;1;1;ROUTE D’APT;;
536564814;3;8;2024;14:06;1;44;44109;2;1;1;6;95 rue Gambetta;;
536564815;12;4;2024;22:57;3;12;12077;1;1;1;7;D7;;
536564816;22;1;2024;17:25;1;93;93066;1;1;1;2;A1;;
536564817;28;5;2024;15:50;1;42;42095;2;1;1;6;Impasse des Artisans;;
536564818;21;5;2024;14:07;1;13;13203;2;3;1;1;FÉLIX PYAT (RUE);;
536564819;23;1;2024;19:00;3;93;93051;1;1;2;2;A4;;
536564820;13;4;2024;15:37;1;86;86085;1;1;1;6;D7;;
536564821;21;5;2024;12:00;1;13;13208;2;1;1;3;MICHELET (BOULEVARD);;
536564822;25;5;2024;00:45;5;42;42044;2;3;1;3;Avenue André Citroën;;
536564823;23;1;2024;13:50;1;94;94069;1;1;8;3;A4;;
536564824;20;5;2024;19:30;1;13;13207;2;1;1;3;CHARLES LIVON (BOULEVARD);;
536564825;3;8;2024;11:00;1;44;44114;2;1;1;2;2 Allée de Tilleuls;;
536564826;23;1;2024;09:25;1;94;94073;1;1;8;3;A86;;
536564827;12;4;2024;18:06;1;86;86016;1;1;1;1;D18;;
536564828;21;5;2024;15:30;1;13;13028;2;1;1;2;FONTSAINTE (AVENUE DE);;
536564829;30;7;2024;07:45;2;44;44162;2;6;1;3;1 Rue de la Johardière;;
536564830;22;1;2024;00:01;5;971;97120;2;9;1;6;CHANZY (BOULEVARD);;
536564831;21;5;2024;09:15;1;13;13001;2;1;7;3;VAIR GUILLAUME DU (RUE);;
536564832;12;4;2024;16:55;1;22;22377;2;3;1;3;2 Rue de Kervalo;;
536564833;30;7;2024;22:20;5;44;44109;2;2;1;3;Pont de Pirmil;;
536564835;22;1;2024;20:20;5;974;97416;1;1;1;3;DELISLES (ROUTE HUBERT) CD3;;
536564836;27;7;2024;14:45;1;44;44109;2;1;1;2;16 Boulevard Président René Coty;;
536564837;21;5;2024;12:00;1;06;06088;2;1;1;6;61 Boulevard Henri Sappia;;
536564838;22;1;2024;20:35;5;974;97416;2;1;1;5;REPUBLIQUE(RUE DE LA);;
536564839;12;4;2024;22:30;3;25;25321;1;1;1;3;Rue du Col;;
536564840;21;5;2024;09:40;1;06;06069;2;1;1;3;62 Route de la Marigarde;;
536564841;22;1;2024;05:45;1;974;97416;1;4;1;6;CALVAIRE(CHEMIN);;
536564842;1;9;2024;07:38;1;94;94044;1;1;1;5;N406;;
536564843;22;1;2024;11:30;1;974;97409;2;1;1;3;Lefaguyes (chemin);;
536564844;21;5;2024;20:15;1;01;01451;1;6;8;7;STRASBOURG (ROUTE DE);;
536564845;13;4;2024;16:59;1;44;44087;2;1;1;1;Boulevard de l’atlantique;;
536564846;11;4;2024;18:10;1;67;67230;1;1;1;5;RHIN (ROUTE DU);;
536564847;21;1;2024;19:05;3;973;97302;2;1;1;6;BOULEVARD DES CITES;;
536564848;2;9;2024;19:20;5;974;97416;2;3;1;6;RAIMBAULT (RUE DU PERE);;
536564849;12;4;2024;17:40;1;29;29276;2;2;1;3;Route de Cléder;;
536564850;22;1;2024;18:50;2;69;69388;2;2;1;3;Boulevard des Etats-Unis;;
536564851;21;5;2024;10:50;1;75;75116;2;1;1;2;BD PERIPHERIQUE INTERIEUR;;
536564852;12;4;2024;19:40;1;29;29007;1;1;1;7;D769;;
536564853;1;9;2024;20:55;3;974;97411;1;9;1;6;LITTORAL (ROUTE 1 DU);;
536564854;21;1;2024;21:00;5;972;97209;2;1;1;6;Bretelle sortie A1;;
536564855;13;4;2024;08:30;1;31;31027;1;1;1;2;D622;;
536564856;22;1;2024;11:15;1;971;97120;2;1;1;7;Amitié des peuples;;
536564857;31;8;2024;15:55;1;974;97411;2;1;1;3;GAULLE (DU GENERAL DE);;
536564858;21;5;2024;07:15;1;75;75119;2;1;1;4;BD PERIPHERIQUE EXTERIEUR;;
536564859;17;2;2024;19:00;3;38;38463;2;2;1;7;D32;;
536564860;1;9;2024;02:55;5;971;97113;1;1;1;3;SECTION LABROUSSE;;
536564861;20;1;2024;02:30;5;971;97101;1;9;1;4;MORNE BERNUS;;
536564862;13;4;2024;10:51;1;38;38183;1;1;1;6;Route de la Ville;;
536564863;21;5;2024;05:40;2;75;75118;2;1;1;2;BD PERIPHERIQUE INTERIEUR;;
536564864;31;8;2024;19:30;5;971;97113;1;1;1;2;GRAND BAIE ( RN4);;
536564865;22;1;2024;22:17;5;95;95598;2;9;1;3;D109P;;
536564866;21;5;2024;16:30;1;75;75112;2;3;2;6;AVENUE DAUMESNIL;;
536564867;13;4;2024;10:45;1;02;02222;1;1;1;1;D35;;
536564868;22;1;2024;16:30;1;91;91434;2;1;7;6;DOCTEUR ROUX (PAIRS DU 16 AU 126)  (AVEN;;
536564869;31;8;2024;06:00;1;971;97113;1;1;1;6;RN4 - SECTION RIVIERA;;
536564870;21;5;2024;13:10;5;75;75119;2;1;1;6;SOUTERRAIN PANTIN VILLETTE;;
536564871;13;4;2024;10:05;1;03;03155;2;1;1;6;3 Rue du Docteur Vinatier;;
536564872;22;1;2024;10:20;1;91;91286;2;1;1;6;SABLONS (AVENUE DES);;
536564873;21;5;2024;12:55;1;75;75119;2;1;1;6;AVENUE DE FLANDRE;;
536564874;21;1;2024;16:13;1;91;91433;1;1;8;7;RN 20;;
536564875;21;5;2024;10:40;1;75;75117;2;1;8;2;BOULEVARD PERSHING;;
536564876;13;4;2024;10:00;1;15;15261;1;2;7;3;RD 922;;
536564877;2;9;2024;11:35;1;91;91477;2;9;1;2;SAND (RUE GEORGES);;
536564878;17;1;2024;16:20;1;85;85194;2;1;1;6;68 Avenue d'aquitaine;;
536564879;21;5;2024;11:55;1;75;75116;2;7;1;1;AVENUE DU PRESIDENT WILSON;;
536564880;22;1;2024;09:00;1;85;85191;2;6;2;3;RD 760;;
536564881;31;8;2024;11:57;1;87;87085;2;3;1;3;RHIN ET DANUBE (RUE);;
536564882;13;4;2024;17:00;1;26;26108;1;9;7;2;Route des Blaches;;
536564883;21;5;2024;15:35;1;75;75115;2;1;1;6;RUE MODIGLIANI;;
536564884;22;1;2024;15:30;1;84;84087;2;1;2;6;CHAMPLAIN (CHEMIN DE);;
536564885;22;8;2024;21:35;5;87;87085;2;1;1;3;BLANC LOUIS (BOULEVARD);;
536564886;20;5;2024;14:30;1;75;75114;2;2;1;3;RUE JULIA BARTET;;
536564887;21;1;2024;08:50;1;84;84007;2;1;1;1;DOCTEUR PONS (Route touristique);;
536564888;2;9;2024;12:00;1;84;84007;2;3;1;6;CROIX DES OISEAUX (AVENUE DE LA);;
536564889;26;7;2024;20:35;2;51;51454;2;1;2;1;BUIRETTE (RUE);;
536564890;13;4;2024;12:00;1;54;54536;2;2;1;3;Rue Loris Batignani;;
536564891;21;5;2024;17:00;1;75;75113;2;3;1;3;RUE DE LA POTERNE DES PEUPLIERS;;
536564892;20;1;2024;16:40;1;30;30011;1;6;1;4;6580 (RD);;
536564893;2;9;2024;10:45;1;84;84092;2;1;1;6;ANTOINE PINAY (ALLEE);;
536564894;24;7;2024;22:15;5;50;50129;2;1;1;1;SALINE (BOULEVARD DE LA);;
536564895;12;4;2024;20:10;2;45;45127;2;2;1;3;12 Rue de la Capioterie;;
536564896;21;5;2024;09:10;1;75;75112;2;1;1;6;RUE DE BERCY;;
536564897;1;9;2024;13:10;1;84;84007;2;9;1;2;CHARLES DE GAULLE;;
536564898;18;1;2024;18:00;5;83;83126;2;2;1;3;DONICARDE (CHEMIN DE);;
536564900;2;9;2024;13:00;1;83;83126;2;1;1;6;MERLE (BD TOUSSAINT);;
536564901;24;7;2024;16:35;1;50;50129;2;2;1;3;CHAUDIERES (RUE DES);;
536564902;22;1;2024;08:45;1;83;83126;2;1;1;6;LAMARQUE (AV JEAN ALBERT);;
536564903;13;4;2024;16:30;1;16;16223;1;1;1;6;D108;;
536564904;21;5;2024;12:00;1;75;75111;2;3;1;3;BOULEVARD BEAUMARCHAIS;;
536564905;2;9;2024;08:05;1;82;82033;1;1;1;3;Route de Toulouse;;
536564906;21;5;2024;09:15;1;75;75110;2;3;1;2;PLACE FRANZ LISZT;;
536564907;26;7;2024;06:30;1;47;47001;2;4;1;1;LIBERTE (BOULEVARD DE LA);;
536564908;12;4;2024;13:10;1;07;07101;1;2;1;3;Route de Fons-Julienne;;
536564909;1;9;2024;23:15;5;78;78621;2;1;1;3;VERLAINE (SQUARE PAUL);;
536564910;25;7;2024;05:55;2;44;44162;2;1;1;6;3 Boulevard Charles De Gaulle;;
536564911;21;5;2024;20:05;1;75;75109;2;2;1;6;RUE LAFFITTE;;
536564912;12;4;2024;13:00;1;07;07120;1;1;1;2;chemin du grand james;;
536564913;2;9;2024;08:20;1;77;77372;2;9;7;3;PARIS  (RUE DE  );;
536564914;21;5;2024;15:42;1;75;75108;2;1;1;3;AVENUE DES CHAMPS ELYSEES;;
536564915;23;7;2024;13:20;1;40;40281;2;1;1;5;SAILHÈS (CH. DE);;
536564916;22;1;2024;16:00;1;77;77258;2;6;1;1;GABRIEL (RUE);;
536564917;21;5;2024;00:25;5;75;75108;2;3;3;2;AVENUE DE FRIEDLAND;;
536564918;26;7;2024;10:40;1;38;38185;2;2;1;6;JEAN JAURES (COURS);;
536564919;21;1;2024;09:10;1;76;76005;2;1;2;6;Rue François Mitterrand;;
536564920;1;9;2024;17:50;1;77;77186;1;2;1;1;RD 409 panneau ONF à LIBERATION;;
536564921;12;4;2024;17:40;1;21;21056;1;3;7;3;D28A;;
536564922;21;5;2024;08:30;1;75;75107;2;1;1;4;QUAI VOLTAIRE;;
536564924;22;1;2024;11:35;1;76;76351;2;1;1;7;REPUBLIQUE (COURS DE LA);;
536564925;7;8;2024;22:25;5;76;76351;2;2;1;3;Cours de la République;;
536564926;12;4;2024;08:55;1;40;40117;1;2;1;3;D824;;
536564927;21;5;2024;00:03;5;75;75102;2;3;3;3;BOULEVARD MONTMARTRE;;
536564928;26;7;2024;14:15;1;32;32013;1;1;1;3;TOULOUSE (ROUTE DE);;
536564929;22;1;2024;07:50;5;76;76351;2;2;2;3;JULES LECESNE (RUE);;
536564930;29;8;2024;13:30;1;76;76351;2;3;1;7;Rue d'Etretat;;
536564931;21;5;2024;14:30;1;94;94003;2;1;1;7;Avenue Aristide Briand;;
536564932;26;7;2024;12:05;1;31;31555;2;1;1;7;AV DE FRONTON;;
536564933;12;4;2024;17:25;1;04;04094;1;3;1;3;route départementale 952;;
536564934;20;1;2024;19:30;5;76;76351;2;4;1;3;LEON HALLAURE;;
536564935;30;8;2024;19:45;1;76;76552;2;3;1;3;TILLEULS;;
536564936;20;5;2024;07:10;1;94;94076;2;1;1;6;Av du President Salvador Allende;;
536564937;26;7;2024;08:15;1;29;29254;1;1;1;6;Allée Saint François;;
536564938;12;4;2024;15:50;1;30;30228;1;1;1;3;RD 136;;
536564939;19;1;2024;21:50;5;76;76351;2;2;1;7;Avenue Paul Bert;;
536564940;21;5;2024;13:05;1;94;94073;2;5;1;3;Avenue du Luxembourg / Rue d'Italie;;
536564941;13;4;2024;06:50;2;48;48190;1;1;1;6;départementale 989;;
536564942;2;9;2024;20:55;5;74;74012;2;1;1;7;GIFFRE (AVENUE DU);;
536564943;19;1;2024;09:00;1;76;76351;2;3;1;6;JEAN JAURES (AVENUE);;
536564944;26;7;2024;10:00;1;27;27451;1;1;1;5;FOCH (AVENUE DU MARECHAL);;
536564945;2;9;2024;11:45;1;72;72003;2;1;1;6;GAULLE CHARLES DE (AV);;
536564946;12;4;2024;17:10;1;13;13118;1;3;1;3;D10;;
536564947;22;1;2024;20:05;5;74;74012;2;6;1;6;ETREMBIERES (RUE D');;
536564948;1;9;2024;08:15;1;72;72181;2;1;1;6;PETITE-VITESSE (BD DE LA);;
536564949;26;7;2024;20:00;2;26;26252;1;9;1;2;Rue Marcel Champion;;
536564950;13;5;2024;17:15;1;94;94017;2;3;1;4;Voie Sonia Delaunay / Avenue des Grands Godets;;
536564951;13;4;2024;17:59;1;01;01049;1;1;1;6;A42 sens LYON/GENÈVE PK 013+350 sens LYON/GENÈVE;;
536564952;21;5;2024;11:10;1;93;93070;2;1;1;6;Rue Albert Dhalenne;;
536564953;26;7;2024;16:50;1;17;17380;1;1;1;1;GRANDE COTE (AVENUE DE LA);;
536564954;21;1;2024;16:05;1;72;72181;2;6;1;3;SAVORGNAN DE BRAZZA (AV) N° IMP;;
536564955;2;9;2024;10:25;1;69;69013;2;1;1;5;Route Départementale 686;;
536564956;10;4;2024;15:20;1;91;91679;1;1;1;1;départementale 938;;
536564957;30;8;2024;20:50;2;67;67043;2;1;1;6;ROBERT KIEFFER (RUE);;
536564958;21;5;2024;18:00;1;93;93064;2;1;2;3;Rue Lachambaudie;;
536564959;12;4;2024;16:45;1;49;49223;1;9;1;7;A87 - PK: 1+300 - BRETELLE SORTIE 23;;
536564960;21;1;2024;12:40;1;72;72181;2;1;8;2;DURAND GEORGES (AV) N° PAIRS 166 A 310;;
536564961;23;7;2024;18:00;1;14;14225;2;1;1;2;113 Rue du Général de Gaulle;;
536564962;2;9;2024;04:05;5;67;67482;2;3;1;7;DOUBS (RUE DU);;
536564963;21;5;2024;14:10;1;93;93051;2;1;1;3;Avenue Médéric;;
536564964;22;1;2024;19:15;3;69;69266;2;1;2;6;Boulevard Laurent Bonnevay;;
536564965;11;4;2024;11:05;1;972;97230;1;1;1;3;Tartane;;
536564966;22;7;2024;18:40;1;14;14341;1;6;1;2;N814;;
536564967;21;5;2024;13:00;1;93;93074;1;1;1;7;D933;;
536564969;6;4;2024;14:50;1;37;37072;1;1;1;6;zone du blanc carroi;;
536564970;22;1;2024;18:00;5;69;69286;2;6;3;3;Route de Strasbourg;;
536564971;21;5;2024;09:24;1;93;93074;2;1;1;2;Boulevard Jacques Amyot;;
536564972;26;7;2024;01:26;5;13;13117;1;6;1;3;CHEMIN DEPARTEMENTAL CD 20;;
536564973;1;9;2024;19:45;1;64;64445;2;3;1;6;MONTPENSIER;;
536564974;13;4;2024;13:00;1;45;45085;2;1;1;1;Parking SUPER U;;
536564975;21;5;2024;17:45;1;93;93006;2;1;2;6;Avenue du Général de Gaulle;;
536564976;22;1;2024;17:30;1;69;69275;2;3;2;6;Rue de la Fraternité;;
536564977;27;7;2024;00:20;5;13;13208;2;1;1;2;MADRAGUE DE MONTREDON (AVE DE LA);;
536564978;2;9;2024;16:30;1;64;64024;2;1;1;3;MARCEL DASSAULT (AVENUE);;
536564979;22;1;2024;19:00;5;69;69091;2;2;2;6;Avenue Youri Gagarine;;
536564980;12;4;2024;17:45;1;77;77034;1;3;7;6;D215;;
536564981;21;5;2024;11:45;1;93;93047;2;7;1;6;Place Jean Mermoz / Rue du Général Leclerc;;
536564982;26;7;2024;22:00;5;13;13206;2;2;1;3;PIERRE PUGET (COURS);;
536564983;9;4;2024;20:10;5;2A;2A041;2;1;1;7;#Brancuccio#;;
536564984;1;9;2024;10:35;1;63;63212;1;3;1;3;ROCADE RD 446;;
536564985;21;1;2024;15:35;1;67;67218;2;3;1;3;PARC (RUE DU);;
536564986;23;7;2024;09:00;1;13;13208;2;1;1;1;HAMBOURG (BOULEVARD);;
536564987;21;5;2024;17:45;1;93;93001;2;1;8;1;Rue Danielle Casanova;;
536564988;2;9;2024;18:20;1;63;63113;2;1;1;3;GANTIERE (RUE DE LA);;
536564990;22;1;2024;08:20;1;63;63113;2;1;8;2;BERGOUGNAN (AVENUE RAYMOND);;
536564991;26;7;2024;18:40;1;13;13047;2;1;1;3;ANCIENS COMBATTANTS AVENUE DES;;
536564992;30;4;2024;02:00;5;92;92051;2;9;1;3;CHARLES DE GAULLE (AVENUE, N°27 A 129);;
536564993;2;9;2024;11:05;1;61;61006;2;1;1;6;40 Rue de la République;;
536564994;21;5;2024;20:15;1;92;92048;2;1;1;7;ROUTE DES BOIS BLANCS;;
536564995;22;1;2024;07:30;2;62;62498;2;3;2;5;D161E2;;
536564996;13;4;2024;14:45;1;30;30330;1;4;1;3;D982;;
536564998;2;9;2024;21:40;5;59;59512;2;1;1;1;LAGACHE (AVENUE JULIEN);;
536564999;12;4;2024;16:50;1;34;34199;1;1;1;7;Route de Nizas;;
536565000;22;1;2024;19:00;3;60;60057;1;4;2;3;Rue de Crevecoeur;;
536565001;21;5;2024;16:45;1;34;34202;1;1;1;4;D5;;
536565003;2;9;2024;18:35;1;59;59350;2;2;1;6;Boulevard de la Lorraine;;
536565004;22;1;2024;15:10;1;59;59599;2;1;1;6;Boulevard Gambetta;;
536565005;12;4;2024;17:50;1;83;83112;2;1;1;6;Avenue de la Mer;;
536565006;20;5;2024;17:20;1;2A;2A272;1;1;3;7;route de propriano;;
536565007;19;1;2024;08:25;1;59;59327;1;1;4;7;TOURBIERES (CHEMIN DES);;
536565008;25;7;2024;10:10;1;11;11069;1;1;1;2;ROCADE NORD - RD 6113;;
536565009;2;9;2024;08:40;1;59;59009;2;2;1;3;TOURNAI BOULEVARD DE;;
536565010;22;1;2024;11:33;1;54;54451;1;1;4;2;Rue de Boismont;;
536565011;13;4;2024;17:30;1;58;58214;1;1;1;1;D8;;
536565012;22;5;2024;15:50;1;30;30334;2;1;1;1;Chemin Charles-François Landry;;
536565013;23;7;2024;09:20;1;10;10387;2;2;2;3;ST DOMINIQUE (MAIL);;
536565014;2;9;2024;09:10;1;51;51454;2;1;1;6;VENISE (RUE);;
536565015;22;1;2024;18:55;5;53;53130;2;1;1;1;ATLANTIQUE ( AVENUE DE L' );;
536565016;13;4;2024;15:50;1;63;63470;1;1;1;7;RD90 egaules;;
536565017;26;7;2024;10:55;1;06;06088;1;1;1;6;75 Route d'Aspremont;;
536565018;31;8;2024;11:41;1;49;49323;2;1;3;7;A87;;
536565019;22;1;2024;08:37;1;51;51454;2;9;1;7;SAINT THIERRY (RUE) DU N°52 A 136 ET DU;;
536565020;22;5;2024;17:40;1;83;83054;2;2;1;3;Rue du Docteur Schweitzer;;
536565021;7;4;2024;10:50;1;38;38072;2;1;1;7;Montee de Bouillard;;
536565022;20;1;2024;04:06;3;49;49007;2;1;1;7;COUBERTIN BOULEVARD;;
536565023;1;9;2024;22:15;5;49;49007;2;1;1;3;PRE PIGEON;;
536565024;26;7;2024;16:40;1;06;06069;2;3;1;3;76 Boulevard Emmanuel Rouquier;;
536565025;21;5;2024;15:25;1;56;56231;1;1;3;6;La Grée;;
536565026;12;4;2024;06:30;1;38;38138;1;1;1;7;D517;;
536565027;19;1;2024;17:25;1;49;49007;2;1;1;7;THIERS;;
536565028;26;7;2024;09:45;1;06;06029;2;1;1;6;ALSACE ( BOULEVARD D');;
536565029;13;1;2024;16:15;2;42;42103;2;1;1;2;Rue Jean Jaurés;;
536565030;2;9;2024;05:00;5;42;42218;2;2;1;3;Rue des Alliés;;
536565032;26;7;2024;09:30;1;06;06123;2;1;1;3;Promenade Alain Gerbault;;
536565033;13;4;2024;10:50;1;69;69289;2;2;1;3;Route de Givors;;
536565034;22;1;2024;11:00;1;37;37122;2;6;3;2;JAURES (BOULEVARD JEAN);;
536565035;31;8;2024;12:30;1;39;39198;2;1;1;6;89 Avenue du General Eisenhower;;
536565036;23;7;2024;17:48;1;05;05061;2;1;1;6;LADOUCETTE ( COURS );;
536565037;22;1;2024;14:20;1;35;35238;2;1;1;6;VEYETTES (DES);;
536565038;13;4;2024;01:20;3;81;81271;1;3;1;2;D988;;
536565039;22;1;2024;18:30;5;34;34172;2;1;1;6;PONT JUVENAL (AVENUE DU);;
536565040;22;5;2024;15:10;1;32;32152;1;1;1;1;D124;;
536565041;25;7;2024;17:00;1;75;75112;2;1;1;4;BD PERIPHERIQUE EXTERIEUR;;
536565042;13;4;2024;17:25;1;16;16348;1;1;1;6;RN141;;
536565043;2;9;2024;14:00;1;37;37233;2;3;1;2;POMPIDOU (AVENUE GEORGES);;
536565045;21;5;2024;10:45;1;42;42138;1;1;1;7;Route de la Rate;;
536565046;26;7;2024;00:40;5;75;75115;2;1;1;3;BD PERIPHERIQUE EXTERIEUR;;
536565047;10;4;2024;14:45;1;56;56213;1;1;2;7;Pont Saint Caradec;;
536565048;1;9;2024;16:55;1;37;37261;2;1;1;7;CHEVALLIER (RUE AUGUSTE);;
536565049;25;7;2024;23:00;5;75;75120;2;1;1;6;BD PERIPHERIQUE EXTERIEUR;;
536565050;21;5;2024;17:30;1;46;46334;1;1;2;1;D704;;
536565051;2;9;2024;19:50;2;36;36202;1;1;1;6;Route de Gireugne;;
536565052;25;7;2024;17:05;1;75;75116;2;1;1;2;BD PERIPHERIQUE EXTERIEUR;;
536565053;22;1;2024;09:00;1;31;31555;1;1;1;4;18 MONTAUDRAN (PERIPH EST A61);;
536565054;10;4;2024;18:20;1;13;13070;1;1;1;5;A50-Sens Aubagne vers Marseille;;
536565055;21;5;2024;18:00;1;41;41237;1;2;1;1;D956;;
536565056;2;9;2024;16:00;1;35;35281;2;2;1;5;DODIN (AVENUE ROGER);;
536565057;22;1;2024;07:00;5;29;29232;2;1;1;2;Rue de Concarneau;;
536565059;19;5;2024;10:50;1;34;34239;1;2;1;2;D 619;;
536565060;2;9;2024;12:14;1;27;27229;2;1;1;6;BRIAND (AVENUE ARISTIDE);;
536565061;26;7;2024;19:40;2;75;75117;2;2;2;3;AVENUE DE WAGRAM;;
536565062;22;1;2024;05:56;4;27;27299;2;1;2;1;BRIAND (AVENUE ARISTIDE);;
536565064;19;5;2024;13:15;1;25;25258;1;1;1;1;D67;;
536565065;26;7;2024;06:24;2;75;75119;2;1;2;6;BD PERIPHERIQUE EXTERIEUR;;
536565066;12;4;2024;06:00;3;91;91589;1;1;1;6;AUTOROUTE A6;;
536565067;1;9;2024;14:50;1;19;19031;2;2;2;3;SEVERINE (RUE);;
536565068;22;5;2024;16:35;1;35;35010;2;1;1;1;33 Rue de Paris;;
536565069;26;7;2024;00:50;5;75;75117;2;1;3;2;BOULEVARD DE DOUAUMONT;;
536565070;12;4;2024;17:05;1;92;92047;1;1;1;3;A13;;
536565071;21;5;2024;19:40;1;29;29302;1;1;1;6;28 rue de Ti Jopic;;
536565072;31;8;2024;21:25;5;19;19031;2;2;1;1;SEMARD (AVENUE PIERRE);;
536565073;12;4;2024;12:15;1;78;78646;1;1;1;3;RN12;;