Num_Acc;jour;mois;an;hrmn;lum;dep;com;agg;int;atm;col;adr;lat;long
536565074;25;7;2024;14:15;1;75;75120;2;1;1;4;BD PERIPHERIQUE INTERIEUR;;
536565075;12;1;2024;17:48;1;13;13210;2;1;1;1;ADRIENNE RANC-SAKAKINI (rue);;
536565076;12;4;2024;06:40;2;78;78640;1;1;1;7;A86 EXT;;
536565078;2;9;2024;19:30;2;13;13071;2;1;1;2;CAPITAINE DE CORVETTE P.BRUTUS;;
536565079;24;7;2024;19:15;2;75;75113;2;1;1;6;RUE JEANNE D ARC;;
536565080;22;1;2024;18:00;2;13;13210;2;9;1;1;VERDILLON (RUE);;
536565081;21;5;2024;16:30;1;03;03109;1;1;3;7;D215;;
536565082;22;1;2024;18:15;5;13;13210;2;1;1;2;ELIE WIESEL (BD);;
536565083;2;9;2024;15:41;1;13;13214;2;1;1;3;MORETTI (BOULEVARD);;
536565084;26;7;2024;13:30;1;75;75120;2;3;1;3;RUE SERPOLLET;;
536565085;21;5;2024;14:50;1;70;70122;1;1;1;1;D67;;
536565086;11;4;2024;17:00;1;78;78640;1;1;1;5;A86 INT;;
536565087;2;9;2024;10:45;1;13;13204;2;3;1;3;Rue des orgues;;
536565088;21;5;2024;20:30;1;58;58215;2;1;1;1;Avenue de la Gare;;
536565089;26;7;2024;11:25;1;75;75110;2;2;1;6;PLACE DE LA BATAILLE DE STALINGRAD;;
536565090;22;1;2024;17:15;1;13;13215;2;1;1;5;BOURRELY (CHEMIN DES);;
536565091;12;4;2024;15:30;1;93;93010;1;1;1;5;A3;;
536565092;2;9;2024;10:20;1;13;13028;2;1;1;3;DULAC (AVENUE GUILLAUME);;
536565093;22;5;2024;02:00;5;06;06138;2;1;1;6;15 Boulevard de la Corniche d'Or;;
536565094;21;1;2024;09:55;1;13;13202;2;1;1;6;CARGO RHIN FIDELI (RUE);;
536565095;25;7;2024;22:50;5;75;75117;2;3;1;2;AVENUE DE CLICHY;;
536565096;12;4;2024;01:30;5;93;93066;1;1;1;2;A1;;
536565097;29;8;2024;17:00;1;13;13005;1;1;1;1;CIOTAT (ROUTE DE LA RN559);;
536565098;16;5;2024;12:30;1;14;14735;1;3;1;3;Chemin du Four à Chaux;;
536565099;21;1;2024;02:20;5;13;13004;2;2;1;3;RUE DOC SCHWEITZER;;
536565100;26;7;2024;10:30;1;75;75115;2;4;2;3;RUE DE L ARRIVEE;;
536565101;12;4;2024;13:55;1;94;94065;1;1;1;3;A86;;
536565102;2;9;2024;13:32;1;12;12145;2;6;1;2;BOMPAIRE FREDERIC (PLACE);;
536565103;17;5;2024;16:15;1;14;14676;1;1;1;2;Rue des Alliés;;
536565104;26;7;2024;19:25;1;75;75114;2;9;2;3;AVENUE DE LA PORTE DE CHATILLON;;
536565105;2;9;2024;12:50;1;75;75116;2;1;1;2;PORTE DAUPHINE;;
536565106;18;1;2024;16:45;1;13;13001;1;9;8;3;ANCIENNE ROUTE DES ALPES (RTE);;
536565107;10;4;2024;20:48;5;976;97611;2;1;1;3;passamanty-Vahibé ( route );;
536565108;17;5;2024;20:10;1;14;14355;1;1;1;7;Route de Fontaine-Henry;;
536565109;26;7;2024;18:00;1;75;75114;2;3;1;6;BOULEVARD BRUNE;;
536565110;2;9;2024;17:00;1;75;75106;2;4;1;6;BOULEVARD RASPAIL;;
536565111;21;5;2024;18:50;1;07;07010;2;1;1;6;4 Allee Nicolas Copernic;;
536565112;22;1;2024;19:20;5;06;06088;2;3;1;3;Rue Puget;;
536565113;1;9;2024;16:30;1;75;75105;2;1;1;6;BOULEVARD SAINT MICHEL;;
536565114;11;4;2024;08:05;1;974;97411;2;1;8;3;LORY LES BAS (RUE);;
536565115;26;7;2024;15:30;1;75;75110;2;3;1;6;RUE DE L AQUEDUC;;
536565116;22;1;2024;15:15;1;06;06069;2;1;1;6;Avenue Antoine de Saint Exupéry;;
536565117;21;5;2024;09:50;1;24;24259;1;1;1;1;les pichottes;;
536565118;11;4;2024;07:15;1;974;97411;2;1;1;2;LANCASTEL (BOULEVARD);;
536565119;2;9;2024;10:15;1;75;75119;2;7;1;2;PLACE DU MAQUIS DU VERCORS;;
536565120;22;1;2024;06:40;5;06;06069;2;1;1;7;Boulevard Emmanuel Rouquier;;
536565121;26;7;2024;16:10;1;94;94016;2;2;8;5;Avenue de Chateaubriand;;
536565122;11;5;2024;11:15;1;37;37270;1;3;1;3;D46;;
536565123;11;4;2024;08:30;1;974;97411;2;2;1;3;MARIE (RUE SAINTE);;
536565124;2;9;2024;09:10;1;75;75118;2;2;1;6;BOULEVARD NEY;;
536565125;21;1;2024;17:30;1;06;06123;2;1;1;5;MAICON PROMENADE;;
536565126;26;7;2024;06:00;1;94;94028;2;1;2;2;Chemin des Marais;;
536565127;21;5;2024;08:03;1;06;06088;1;1;1;2;A8 - PK 196+200 - chaussée nord;;
536565128;11;4;2024;17:50;1;973;97302;2;1;1;6;EUGENE GOBERT(RUE);;
536565129;1;9;2024;05:00;5;75;75116;2;1;1;6;ALLEE DU BORD DE L EAU;;
536565130;22;5;2024;13:20;1;27;27102;1;1;1;7;A13 PK 134+400;;
536565131;26;7;2024;15:50;1;94;94002;2;2;2;6;Rue Charles de Gaulle / Rue Véron;;
536565133;11;4;2024;14:40;1;973;97302;2;1;1;1;ZEPHIR (ROCADE);;
536565134;2;9;2024;13:30;1;75;75115;2;7;1;3;PLACE DE LA PORTE DE VERSAILLES;;
536565135;17;5;2024;17:40;1;77;77265;2;1;1;6;rue du 103 régiment d'infanterie;;
536565136;11;4;2024;07:56;1;973;97302;2;1;1;6;BADUEL (ROUTE DE);;
536565137;26;7;2024;14:40;1;93;93078;2;4;1;6;DELATTRE DE TASSIGNY (AVENUE);;
536565138;21;1;2024;12:36;1;75;75105;2;3;1;6;AVENUE DES GOBELINS;;
536565139;2;9;2024;00:10;5;75;75112;2;1;1;2;QUAI DE BERCY;;
536565140;21;5;2024;18:42;1;30;30211;2;1;1;3;329bis Route de Beaucaire;;
536565141;26;7;2024;08:15;1;93;93046;2;1;2;2;CONSUL GENERAL NORDLING AVENUE;;
536565142;22;1;2024;15:30;1;75;75116;2;7;1;2;PLACE DE VARSOVIE;;
536565143;26;7;2024;16:30;1;93;93048;2;1;2;3;Rue Parmentier;;
536565144;21;5;2024;22:40;3;71;71176;1;3;8;3;Route des Sables;;
536565145;2;9;2024;13:59;1;75;75110;2;7;1;3;RUE LA FAYETTE;;
536565146;22;1;2024;17:40;5;75;75115;2;3;1;7;RUE LECOURBE;;
536565147;26;7;2024;08:50;1;92;92064;2;1;2;7;CALVAIRE;;
536565148;21;5;2024;12:20;1;42;42304;2;1;1;6;Route de Montbrison;;
536565149;2;9;2024;14:50;1;94;94046;2;3;1;3;Avenue de la République;;
536565150;21;5;2024;14:00;1;14;14762;1;1;2;7;Route de Saint-Lô;;
536565151;22;1;2024;15:45;1;75;75115;2;3;1;3;RUE DE VAUGIRARD;;
536565152;26;7;2024;19:56;1;92;92063;2;1;3;7;CHATEAU (RUE DU);;
536565153;22;5;2024;12:20;1;22;22050;2;1;1;6;Rue de la Cochais;;
536565154;2;9;2024;22:00;5;94;94043;2;1;1;3;Avenue de Fontainebleau;;
536565155;22;1;2024;12:25;1;75;75112;2;3;8;6;RUE CROZATIER;;
536565156;26;7;2024;12:40;1;92;92062;2;3;1;3;DE DION BOUTON (QUAI) DU 29 AU 65;;
536565157;2;9;2024;16:45;1;94;94038;2;1;1;6;1 Rue Léon Blum;;
536565158;15;4;2024;18:39;1;60;60628;1;1;1;2;N31;;
536565159;22;7;2024;04:00;5;92;92036;1;2;1;3;SORTIE A 86;;
536565160;21;5;2024;09:35;1;13;13211;1;1;1;2;Sens Marseille vers Aubagne;;
536565161;2;9;2024;13:45;1;94;94054;2;9;1;1;Rue du Verger;;
536565162;26;7;2024;18:00;1;92;92023;2;6;2;3;JEAN JAURES (AVENUE) N°57 A 259 ET 64 A;;
536565163;2;9;2024;15:25;1;93;93059;2;9;1;2;JACQUES PREVERT (AVENUE);;
536565164;27;4;2024;14:30;1;69;69117;1;1;1;5;Autoroute 6;;
536565165;26;7;2024;20:00;2;92;92012;2;1;2;7;CHATEAU (RUE DU) 1/125 - 2/136;;
536565166;2;9;2024;11:25;1;93;93051;2;1;1;6;ARCADES (VOIE);;
536565167;26;7;2024;00:10;5;92;92036;2;1;1;2;AULAGNIER ( QUAI );;
536565168;17;5;2024;21:58;3;59;59109;1;1;2;2;AUTOROUTE A23;;
536565169;12;7;2024;10:42;1;78;78356;1;1;1;7;D91;;
536565170;2;9;2024;07:30;1;93;93031;2;6;1;3;Avenue Joffre / Avenue Galliéni;;
536565171;21;5;2024;17:50;1;92;92002;1;1;1;3;AUTOROUTE A10;;
536565172;27;7;2024;12:45;1;37;37176;1;3;2;3;D108;;
536565173;2;9;2024;16:45;1;93;93029;2;1;1;1;Avenue Henri Barbusse;;
536565174;21;5;2024;18:40;1;91;91179;1;1;1;3;AUTOROUTE A6;;
536565176;21;5;2024;09:35;1;94;94034;1;1;2;2;A6A;;
536565177;1;9;2024;14:00;1;93;93027;2;3;1;1;Rue Renoir / Rue Yako;;
536565178;27;7;2024;15:20;1;11;11197;1;1;1;6;route departementale 623;;
536565179;26;7;2024;13:45;1;974;97415;1;1;1;1;N1a;;
536565180;2;9;2024;10:10;1;92;92073;2;1;1;7;GALLIENI (QUAI);;
536565181;19;5;2024;21:00;1;92;92072;1;1;1;2;N118;;
536565182;26;7;2024;13:51;1;974;97415;1;1;1;6;Rue Mahatma Gandhi;;
536565183;21;5;2024;15:00;1;93;93008;1;1;1;2;A86;;
536565184;2;9;2024;14:25;1;92;92064;2;2;1;3;RENE WEILL;;
536565185;21;5;2024;10:00;1;93;93063;1;1;1;7;A3;;
536565186;26;7;2024;18:30;1;08;08232;1;1;8;1;D777;;
536565187;2;9;2024;13:30;1;92;92050;2;1;1;6;FAURE FELIX AVENUE;;
536565188;2;9;2024;06:40;2;92;92048;2;1;1;6;TRIVAUX (AVENUE DE) N° 9;;
536565189;21;5;2024;11:30;1;92;92036;1;1;1;2;AUTOROUTE A15;;
536565190;26;7;2024;14:00;1;87;87076;1;1;1;6;Jabreilles-les-Bordes - cirieix du colon;;
536565191;21;5;2024;07:20;1;93;93053;1;1;8;7;A3;;
536565192;2;9;2024;17:20;1;92;92040;2;1;1;3;VERDUN (AVENUE DE) DU 116 AU 150;;
536565193;21;5;2024;08:00;1;93;93053;1;1;8;2;A3;;
536565194;26;7;2024;15:43;1;24;24372;2;6;1;1;Boulevard Pierre Mallebay;;
536565195;2;9;2024;19:15;1;92;92012;2;1;1;3;POINT DU JOUR (QUAI DU);;
536565196;26;7;2024;19:20;2;24;24367;1;1;1;7;La Cabane;;
536565197;20;5;2024;16:00;1;95;95277;1;1;2;5;A3;;
536565198;2;9;2024;20:50;3;71;71090;2;1;1;6;Rue Joseph Colassot;;
536565199;27;7;2024;06:00;2;17;17010;1;1;8;2;D137;;
536565200;5;2;2024;12:20;1;50;50454;1;1;5;2;1 Le Moulin;;
536565201;27;7;2024;13:59;1;85;85209;1;1;1;6;RD38;;
536565202;3;9;2024;08:33;1;976;97617;1;9;1;5;D1;;
536565203;2;2;2024;07:30;2;50;50604;1;1;5;1;D65;;
536565204;26;7;2024;23:35;3;50;50137;1;1;1;6;PK 038.900, D999 VOIE DE LA LIBERTE;;
536565205;1;9;2024;19:30;1;11;11221;2;1;2;6;RD 118;;
536565206;27;2;2024;13:50;1;59;59560;2;3;1;3;INDUSTRIE RUE DE L;;
536565207;26;7;2024;05:12;2;57;57330;1;1;1;1;D656;;
536565208;1;9;2024;13:15;1;63;63084;1;1;2;7;D2089;;
536565209;1;9;2024;12:45;1;47;47175;1;1;1;7;D257;;
536565210;25;7;2024;10:00;1;89;89291;1;2;1;1;route départemantale 606;;
536565211;26;7;2024;16:15;1;19;19287;1;1;1;6;D 142;;
536565212;27;1;2024;18:30;2;50;50579;1;1;1;3;D50;;
536565213;28;8;2024;16:45;1;17;17407;2;2;1;3;D110;;
536565214;26;7;2024;20:11;1;56;56082;1;1;1;6;Bois de Digouet;;
536565216;20;5;2024;18:40;5;976;97611;2;1;1;3;cavani-Kavani sud ( rue );;
536565218;20;5;2024;17:25;1;974;97416;1;1;2;7;AUGUSTIN ARCHAMBAUD(RUE);;
536565219;2;9;2024;19:35;1;31;31044;2;1;1;6;8 Route de Castres;;
536565220;25;7;2024;00:40;3;81;81276;1;1;1;6;259 Route de Saint-Martin;;
536565221;19;5;2024;22:20;5;973;97302;2;1;2;3;14 ET 22 JUIN 1962;;
536565222;2;9;2024;15:25;1;69;69283;2;3;1;3;Route de Saint Priest;;
536565223;26;7;2024;16:30;1;89;89433;1;1;1;2;Vault-de-Lugny;;
536565224;20;5;2024;01:40;5;69;69386;2;1;2;2;Avenue de Grande-Bretagne;;
536565225;2;9;2024;18:25;1;51;51530;2;9;1;3;Rue du 11 Novembre;;
536565226;26;7;2024;18:40;1;63;63223;1;1;1;1;La Cassière;;
536565227;31;8;2024;18:10;1;19;19019;2;1;1;7;route des esclaviers;;
536565228;20;5;2024;14:40;1;69;69382;2;3;1;6;Rue Saint Bonaventure;;
536565229;26;7;2024;23:00;4;68;68215;1;1;1;7;Rue d?Alsace;;
536565230;2;9;2024;10:45;1;19;19222;1;1;1;6;pk 29 D29;;
536565231;20;5;2024;19:30;1;2B;2B033;1;9;2;3;CARDO - RT INFERIEURE DE;;
536565232;23;7;2024;09:25;1;29;29225;1;3;7;3;Route de Meot;;
536565233;20;5;2024;00:16;5;95;95268;2;1;1;3;D84;;
536565234;2;9;2024;18:50;1;76;76291;2;2;1;2;Rue de la Cave;;
536565235;14;8;2024;14:50;1;2B;2B058;1;1;1;7;D80;;
536565236;16;5;2024;18:35;1;91;91687;2;1;1;2;COMMANDANT BARRE (AVENUE DU);;
536565238;27;7;2024;10:45;1;02;02098;1;1;3;1;D969;;
536565239;3;9;2024;08:20;1;32;32213;2;1;8;6;Route de Samatan;;
536565240;2;9;2024;14:45;1;11;11347;1;4;1;7;D109;;
536565241;20;5;2024;18:30;1;78;78190;2;1;3;1;SAUT DE LOUP (RUE DU);;
536565242;27;7;2024;18:00;1;09;09173;1;1;1;2;D11;;
536565243;19;5;2024;05:35;2;77;77350;1;1;5;7;DEPARTEMENTALE 1004;;
536565244;2;9;2024;17:35;1;63;63236;1;1;1;3;D36;;
536565245;27;7;2024;03:30;3;09;09174;2;1;1;6;Chemin de la Peyrade;;
536565246;27;7;2024;02:48;3;45;45186;1;1;2;7;D318 PR 3 + 970;;
536565247;3;9;2024;19:10;1;63;63455;2;4;2;1;grande rue;;
536565248;20;5;2024;11:05;1;77;77058;2;6;1;6;CLOS SAINT GEORGES  (AVENUE DU);;
536565249;2;9;2024;17:30;1;76;76618;1;1;1;6;Rue des Buissons;;
536565250;26;7;2024;18:10;1;64;64059;1;1;7;2;D817;;
536565251;2;9;2024;15:30;1;61;61275;2;1;2;6;Rue du Pavé;;
536565252;20;5;2024;18:20;1;72;72181;2;2;1;2;CHURCHILL WINSTON (BD) N° IMP 41 ET >;;
536565253;27;7;2024;15:50;1;07;07103;1;1;1;5;D120 - PR 61+196;;
536565254;1;9;2024;04:25;3;49;49008;1;1;3;6;D219;;
536565255;20;5;2024;23:13;5;59;59421;2;2;1;3;FOCH (AVENUE DU MARECHAL);;
536565256;3;9;2024;06:40;2;49;49183;1;1;1;3;La Salette;;
536565257;27;7;2024;11:00;1;07;07181;1;1;1;3;route départementale 86;;
536565258;10;7;2024;20:30;1;40;40312;2;1;1;6;Avenue Julian Grimau;;
536565259;20;5;2024;18:35;1;59;59650;2;1;1;3;DEBUSSY (SQUARE CLAUDE);;
536565260;3;9;2024;14:30;1;01;01268;1;3;1;5;RD 992 pr 007+200;;
536565261;2;9;2024;19:15;1;29;29150;1;1;2;7;Rue de Kerandoze;;
536565262;27;7;2024;12:45;1;88;88468;2;1;1;1;1 Rue de la Mouline;;
536565263;11;5;2024;00:15;5;46;46042;2;9;2;6;SAND (RUE GEORGES);;
536565264;3;9;2024;10:55;1;29;29192;1;1;1;1;Kerigou;;
536565265;27;7;2024;00:30;5;78;78455;1;9;3;1;route departementale 307;;
536565266;20;5;2024;17:10;1;35;35238;2;1;1;6;PORTE DE LORIENT;;
536565267;21;8;2024;12:10;1;31;31495;1;4;1;3;D38;;
536565268;27;7;2024;15:50;1;67;67115;1;1;2;2;A35;;
536565270;2;9;2024;18:00;1;31;31341;1;3;1;3;Route de Larra;;
536565271;8;5;2024;01:35;5;29;29151;2;1;1;6;Place Daumesnil;;
536565272;2;9;2024;08:45;1;03;03106;1;1;1;3;697 Route de Montlucon;;
536565273;26;7;2024;10:45;1;66;66172;2;2;1;6;Rue de la Grangerie;;
536565274;16;5;2024;17:50;1;14;14701;2;1;1;2;Route de Varaville;;
536565275;2;9;2024;13:15;1;15;15265;2;1;1;3;RD 922;;
536565276;26;7;2024;15:00;1;976;97606;2;1;1;6;rue mamou chaka;;
536565277;2;9;2024;15:20;1;06;06038;1;1;1;3;Route d'Opio;;
536565278;20;5;2024;12:00;1;13;13210;2;1;1;3;CAPELETTE (AVENUE DE LA);;
536565279;26;7;2024;20:15;1;30;30034;1;1;1;2;Autoroute A54 / PK14;;
536565280;3;9;2024;08:15;1;64;64371;2;6;1;3;Place de la résistance;;
536565281;20;5;2024;14:15;1;06;06030;2;3;1;2;171 Avenue Michel Jourdan;;
536565282;27;7;2024;06:10;2;973;97305;1;1;1;2;PK 14 Route Nationale 1;;
536565284;27;7;2024;00:01;3;971;97129;1;1;1;6;Route Nationale 2;;
536565285;20;5;2024;12:00;1;06;06027;2;1;1;1;46 Avenue de Grasse;;
536565287;19;5;2024;22:40;5;05;05023;2;1;1;6;Avenue du Col de l’Izoard;;
536565288;2;9;2024;01:35;3;53;53007;1;1;1;6;La Coudrie;;
536565289;20;5;2024;18:30;1;01;01451;1;2;2;3;Route de Paris;;
536565290;27;7;2024;10:30;1;971;97118;1;1;1;5;Route de la Traversee;;
536565291;2;9;2024;20:30;2;24;24082;1;1;1;3;D704a;;
536565292;20;5;2024;17:15;1;01;01053;2;1;1;7;BIEVRE ( RUE DE);;
536565293;3;9;2024;15:00;1;27;27518;1;1;1;2;RD 87;;
536565294;26;7;2024;21:15;2;21;21515;2;3;1;7;43 Boulevard de la Motte;;
536565295;17;5;2024;15:50;1;75;75117;2;1;1;2;BD PERIPHERIQUE EXTERIEUR;;
536565296;27;7;2024;04:40;4;45;45315;1;1;2;6;D320 PR 6 + 847;;
536565297;20;5;2024;20:40;1;75;75114;2;2;8;6;PORTE D ORLEANS;;
536565298;3;9;2024;16:13;1;27;27302;1;1;1;6;Route de Brionne;;
536565299;26;7;2024;09:50;1;91;91100;1;1;2;6;D153;;
536565300;20;5;2024;14:00;1;75;75108;2;3;8;7;AVENUE PERCIER;;
536565301;27;7;2024;12:00;1;66;66008;1;1;1;7;D2;;
536565302;2;9;2024;19:25;2;30;30294;1;1;1;2;22 Route de Salindres;;
536565303;20;5;2024;18:00;1;94;94033;2;3;2;6;Avenue Charles Garcia / Rue Aimé et Eugénie Cotton;;
536565304;27;7;2024;13:21;1;83;83068;1;1;1;1;D558;;
536565305;20;5;2024;15:00;1;93;93078;2;5;1;6;Avenue du Général Leclerc / Avenue des Roses;;
536565306;26;7;2024;18:05;1;06;06157;1;1;1;7;6320 Route de Coursegoules;;
536565307;20;5;2024;06:23;2;93;93064;2;1;1;3;Rue Joseph et Etienne de Montgolfier;;
536565308;26;7;2024;10:50;1;68;68301;1;1;1;2;D201;;
536565309;2;9;2024;17:15;1;48;48147;1;1;1;1;N106, chaliac;;
536565310;27;7;2024;16:10;1;73;73290;1;1;1;7;D1006;;
536565311;3;9;2024;08:00;1;72;72047;1;1;1;6;autoroute A28;;
536565312;20;5;2024;19:00;1;93;93046;2;3;2;3;Boulevard Marx Dormoy / Chemin des Postes;;
536565313;31;8;2024;01:50;3;64;64157;2;1;1;6;26 Rue Porte de la Vallee;;
536565314;20;7;2024;03:10;3;73;73173;1;4;1;7;D81 intersection Albanne/Les Karellis;;
536565315;20;5;2024;10:18;1;93;93008;2;1;1;3;Avenue Paul Vaillant - Couturier;;
536565316;27;7;2024;18:15;1;42;42304;2;4;2;6;Sury-le-Comtal (Gare);;
536565317;2;9;2024;13:08;1;03;03021;1;9;1;4;PK 347+300;;
536565318;20;5;2024;16:05;1;93;93005;2;9;1;2;ROBERT BREMOND (RUE);;
536565319;27;7;2024;17:36;1;42;42147;2;7;1;6;8 Avenue Paul Cézanne;;
536565320;20;5;2024;12:15;1;92;92004;2;1;1;6;GRESILLONS ( AVENUE DES  );;
536565321;3;9;2024;15:00;1;973;97309;2;3;1;3;Chemin Germain;;
536565322;20;5;2024;16:00;1;92;92002;2;1;1;6;ARISTIDE BRIAND (AVENUE);;
536565323;13;8;2024;20:17;5;57;57606;1;1;1;6;A4, barrière de péage;;
536565324;26;7;2024;19:40;1;38;38349;2;1;7;4;32 Route des Alpes;;
536565325;20;5;2024;23:05;5;91;91086;2;6;1;5;D31;;
536565326;27;7;2024;10:42;1;38;38565;2;1;1;3;71 Quai des Chartreux;;
536565327;2;9;2024;23:30;3;34;34095;1;1;1;2;A9 PK 116+300;;
536565328;21;5;2024;11:30;1;86;86257;1;1;2;3;D73;;
536565329;27;7;2024;18:00;1;01;01249;2;1;1;7;Rue du Pont de l’Ile;;
536565330;21;5;2024;10:15;1;84;84045;1;1;1;7;Chemin du Jas;;
536565331;2;9;2024;07:20;5;73;73281;1;1;1;2;Autoroute A43, tunnel de l'épine, sens LYON-CHAMBÉRY;;
536565332;20;5;2024;16:45;1;68;68162;2;1;1;7;Rue du Riesling;;
536565333;2;9;2024;02:23;3;28;28408;1;1;1;6;A10;;
536565334;27;7;2024;12:30;1;69;69255;1;1;1;1;Rue de Malval;;
536565335;20;5;2024;07:09;1;972;97204;1;1;1;3;Morne aux Boeufs;;
536565336;1;9;2024;00:15;3;987;98744;1;9;6;1;UNAA;;
536565337;27;7;2024;14:10;1;81;81104;1;1;1;7;D87;;
536565338;20;5;2024;22:30;4;23;23247;2;1;1;6;8 Route de la Brionne;;
536565339;27;7;2024;07:50;1;09;09251;1;1;1;6;D507;;
536565340;2;9;2024;16:46;1;77;77471;1;1;1;1;D63;;
536565341;26;7;2024;09:35;1;31;31476;1;1;1;6;1400 Route de Lafitte;;
536565342;20;5;2024;21:30;2;52;52114;1;9;2;2;A31 Aire de val Marnay;;
536565343;3;9;2024;17:20;1;2A;2A247;2;3;1;3;#route de Bocca Del Oro#;;
536565344;20;5;2024;17:40;1;54;54151;1;1;1;3;D17;;
536565345;2;9;2024;14:30;1;66;66171;2;6;1;3;Avenue du Maréchal Leclerc (Pont);;
536565347;19;5;2024;16:40;1;14;14061;1;2;1;6;2 Impasse du Quesnay;;
536565348;27;8;2024;19:48;5;06;06021;2;1;1;6;4 boulevard du barbant;;
536565350;20;5;2024;10:15;1;41;41114;1;1;1;2;A10 P 128.000 vers Paris;;
536565351;2;9;2024;17:15;1;25;25047;2;3;1;2;Rue de la Prairie;;
536565352;1;9;2024;19:46;1;88;88321;2;1;1;1;Rue du Moulinot;;
536565353;20;5;2024;15:00;1;62;62043;1;1;1;1;D943;;
536565354;26;7;2024;19:30;1;27;27312;2;2;2;3;rue des osiers/rue de l'ancienne abbaye;;
536565355;3;9;2024;09:40;1;01;01032;2;1;1;3;62 Route de Lyon;;
536565356;20;5;2024;19:00;2;95;95056;1;1;3;2;D909;;
536565357;21;5;2024;13:50;1;51;51607;2;9;1;2;Rue de la Verdonnelle;;
536565358;3;9;2024;17:20;1;46;46102;2;3;1;6;GARE ROUTIÈRE;;
536565359;26;7;2024;14:40;1;83;83144;1;1;1;2;A57;;
536565360;20;5;2024;20:10;2;56;56035;1;1;2;6;le gueffro;;
536565361;24;8;2024;03:15;3;46;46055;1;1;1;7;Cavagnac;;
536565362;22;7;2024;17:00;1;42;42044;1;1;1;2;N88;;
536565363;20;5;2024;00:10;3;56;56197;1;1;2;6;rue de l'if;;
536565364;26;7;2024;20:55;2;92;92072;1;1;2;7;N118;;
536565365;1;9;2024;22:47;3;13;13210;1;1;1;2;A50-Sens Aubagne vers Marseille;;
536565366;21;5;2024;14:10;1;2B;2B043;1;1;1;3;Campinca;;
536565367;26;7;2024;18:20;1;92;92050;1;1;8;7;A86;;
536565368;2;9;2024;03:00;3;69;69259;1;1;1;6;Boulevard Périphérique Laurent Bonnevay;;
536565369;26;7;2024;07:35;1;92;92025;1;1;2;6;A86;;
536565370;21;5;2024;10:45;1;71;71248;2;3;1;3;Chemin des Carrieres;;
536565372;26;7;2024;19:15;1;95;95018;1;1;2;6;A15;;
536565373;21;5;2024;10:55;1;61;61214;2;1;1;6;Voie Communale;;
536565374;26;7;2024;20:30;2;94;94069;1;1;3;6;A4;;
536565375;31;8;2024;08:00;1;95;95582;1;1;8;3;A15;;
536565376;20;5;2024;19:00;1;49;49367;1;3;2;2;D 73;;
536565377;26;7;2024;13:40;1;77;77294;1;1;1;6;A104;;
536565378;31;8;2024;11:50;1;93;93027;1;1;1;5;AUTOROUTE A86;;
536565379;20;5;2024;19:05;1;42;42149;2;1;8;1;Rue de Ravatey;;
536565380;25;7;2024;08:30;1;974;97416;1;1;1;2;RN02;;
536565381;20;5;2024;09:35;1;34;34219;2;1;1;7;Les Vignes de la Coste;;
536565382;2;9;2024;08:57;1;94;94069;1;1;1;2;A4;;
536565383;20;5;2024;17:20;1;35;35188;2;3;2;7;Rue de Coulon;;
536565384;2;9;2024;06:05;3;93;93051;1;1;1;2;A4;;
536565385;25;7;2024;09:40;1;973;97302;2;3;1;3;MONT LUCAS 1 (CITE);;
536565386;20;5;2024;20:35;1;35;35169;2;1;9;6;61 Rue Pierre Porcher;;
536565387;13;4;2024;07:50;2;84;84133;2;1;1;6;Chemin du Plan;;
536565388;25;7;2024;20:50;1;69;69386;2;2;1;3;Rue de Créqui;;
536565389;20;5;2024;14:25;1;54;54040;1;1;1;7;D992;;
536565390;1;4;2024;17:15;1;84;84062;1;2;1;3;D901;;
536565391;25;7;2024;16:45;1;69;69388;2;2;1;3;Boulevard des Etats-Unis;;
536565392;21;5;2024;08:25;1;14;14191;2;1;1;7;4 Place du Marche;;
536565393;18;2;2024;22:00;5;84;84003;2;1;1;6;Avenue Eugène Baudouin;;
536565394;25;7;2024;12:00;1;972;97209;2;1;1;2;Bretelle sortie A1;;
536565396;24;1;2024;14:15;1;84;84003;2;3;1;2;Avenue Philippe de Girard;;
536565397;25;7;2024;20:35;1;69;69389;2;2;1;3;Avenue Joannès Masset;;
536565398;20;5;2024;20:30;1;07;07308;2;9;3;3;D221;;
536565399;25;7;2024;11:10;1;69;69385;2;2;1;1;67 Boulevard des Castors;;
536565400;21;5;2024;18:15;1;53;53126;1;1;1;2;D31 le petit val;;
536565401;30;8;2024;23:40;5;987;98735;2;1;2;7;GAL DE GAULLE (RUE BLOC BANQUE POLYNESIE;;
536565402;25;7;2024;16:35;1;971;97113;1;1;1;3;SECTION COCOYER;;
536565403;18;5;2024;22:50;5;37;37001;1;1;1;6;55 Route du Blanc;;
536565404;1;9;2024;18:15;1;69;69385;2;2;1;3;Avenue Barthélémy Buyer;;
536565405;20;5;2024;21:05;2;80;80754;1;1;1;6;PK 162+950 - Autoroute A29;;
536565406;24;7;2024;14:40;1;971;97105;2;1;1;3;SIDAMBAROM(AVENUE);;
536565407;1;9;2024;19:15;1;95;95183;2;3;1;3;FIEF A CAVAN (RUE DU);;
536565408;5;5;2024;05:45;2;88;88327;1;1;8;6;rn57;;