Num_Acc;jour;mois;an;hrmn;lum;dep;com;agg;int;atm;col;adr;lat;long
536565749;24;6;2024;09:05;1;11;11262;2;9;1;3;8 Avenue des Pyrenees;;
536565750;24;6;2024;14:25;1;07;07102;2;9;1;3;REPUBLIQUE (AV. DE LA) [DU N° AU N°];;
536565751;23;6;2024;15:15;1;06;06088;2;1;1;6;163 Boulevard René Cassin;;
536565752;23;6;2024;11:00;1;06;06027;2;6;1;3;Rond point des gendarmes d'ouvéa;;
536565753;23;6;2024;23:00;5;75;75112;2;1;1;2;BD PERIPHERIQUE INTERIEUR;;
536565754;22;6;2024;23:45;5;75;75119;2;3;1;6;AVENUE DE FLANDRE;;
536565755;24;6;2024;10:50;1;75;75106;2;4;1;3;BOULEVARD SAINT GERMAIN;;
536565756;23;6;2024;20:20;1;75;75118;2;2;1;3;RUE DES POISSONNIERS;;
536565757;23;6;2024;19:30;1;75;75117;2;2;1;3;RUE JOUFFROY D ABBANS;;
536565758;24;6;2024;14:45;1;75;75116;2;4;1;3;AVENUE EDOUARD VAILLANT;;
536565759;24;6;2024;08:00;1;75;75116;2;7;1;3;PLACE DE LA PORTE D AUTEUIL;;
536565760;24;6;2024;13:30;1;75;75115;2;2;1;6;QUAI ANDRE CITROEN;;
536565761;24;6;2024;07:30;1;75;75115;2;3;1;6;RUE SAINT CHARLES;;
536565762;23;6;2024;21:00;1;75;75114;2;3;1;2;AVENUE DU GENERAL LECLERC;;
536565763;24;6;2024;18:00;1;75;75109;2;2;1;6;RUE DE MAUBEUGE;;
536565764;24;6;2024;20:00;1;75;75108;2;2;1;3;AVENUE MARCEAU;;
536565765;23;6;2024;21:50;2;94;94068;2;2;1;3;Boulevard de Créteil / Avenue Gambetta;;
536565766;23;6;2024;23:04;5;94;94052;2;7;1;3;Avenue de Joinville / Boulevard de Strasbourg / Grande Rue Charles de Gaulle;;
536565767;22;6;2024;20:50;1;94;94068;2;3;1;2;Boulevard de Créteil / Rue Bourdignon;;
536565768;24;6;2024;12:40;1;95;95527;2;1;7;6;5 CONTINENTS (RUE DES);;
536565769;24;6;2024;17:30;1;93;93072;2;3;1;1;Boulevard Maxime Gorki / Avenue François Bégué;;
536565770;23;6;2024;22:35;5;93;93059;2;2;1;1;Rue Parmentier / Rue Jean Grignoux;;
536565771;24;6;2024;09:00;1;93;93066;2;1;1;3;Rue Francis de Pressensé;;
536565772;23;6;2024;07:30;1;93;93053;2;3;1;6;Avenue Galliéni / Avenue de Strasbourg;;
536565773;12;11;2024;13:25;1;42;42183;2;1;2;3;Rue Robespierre;;
536565774;12;11;2024;11:00;1;42;42183;2;1;2;6;Rue Gambetta;;
536565775;23;6;2024;14:25;1;93;93053;2;1;1;2;Boulevard Gabriel Péri;;
536565776;12;11;2024;06:20;5;37;37261;2;6;1;7;DANEMARK (AVENUE DU);;
536565777;24;6;2024;10:20;1;93;93071;2;1;1;6;Allée Condorcet;;
536565778;12;11;2024;05:55;3;35;35238;1;1;1;6;RN136;;
536565779;24;6;2024;17:40;1;93;93031;2;2;1;3;Avenue Joffre / Route d'Argenteuil;;
536565780;12;11;2024;16:50;1;35;35238;2;1;1;3;SAINT-MALO (RUE DE);;
536565781;23;6;2024;16:19;1;92;92050;2;3;1;3;HEBERT CELESTIN RUE;;
536565782;12;11;2024;11:00;1;35;35055;1;6;1;3;173 RD;;
536565783;23;6;2024;18:40;1;92;92007;2;1;7;7;DORMOY AVENUE MARX N°102 A FIN;;
536565784;12;11;2024;07:50;2;35;35278;1;1;1;2;RN136;;
536565785;18;6;2024;17:00;1;92;92036;2;9;1;3;LUCIEN LANTERNIER (AVENUE) (1/17);;
536565786;24;6;2024;16:30;1;92;92035;2;1;1;7;République ( boulevard de la );;
536565787;12;11;2024;07:50;1;35;35238;2;1;1;3;DE COUBERTIN (ALLEE PIERRE);;
536565788;12;11;2024;18:30;5;34;34172;2;1;2;3;JUSTICE DE CASTELNAU (AVENUE DE LA);;
536565789;24;6;2024;17:40;1;92;92023;2;2;1;3;GENERAL DE GAULLE (AVENUE DU);;
536565790;12;11;2024;13:38;1;34;34172;2;2;1;3;MARCHE GARE (AVENUE DU);;
536565792;24;6;2024;09:15;1;92;92012;2;1;1;6;CHATEAU (RUE DU) 1/125 - 2/136;;
536565794;24;6;2024;17:20;1;37;37271;2;1;1;7;81 Rue de la Galandiére;;
536565795;12;11;2024;08:58;1;32;32013;2;9;1;6;SAINTES (CHEMIN DE);;
536565796;21;6;2024;09:20;1;63;63026;1;1;8;3;D213, PK 11.900;;
536565797;12;11;2024;18:31;5;29;29232;2;7;2;4;Rue du Manoir;;
536565798;22;6;2024;23:17;3;08;08115;2;1;1;7;13 Grand Rue;;
536565799;12;11;2024;08:45;1;29;29232;2;3;1;6;Rue Emile Zola;;
536565800;18;6;2024;17:30;1;01;01362;1;3;1;3;ROUTE DU MORBIER;;
536565801;12;11;2024;07:15;3;29;29039;2;1;1;6;D70;;
536565802;24;6;2024;17:25;1;95;95205;1;1;1;3;D316;;
536565803;12;11;2024;09:17;1;26;26058;1;1;2;2;ROUTE DE PONT D ISERE-RN7;;
536565804;25;6;2024;07:35;1;22;22011;1;4;1;3;Lieu Dit Kerlouzaouen;;
536565805;12;11;2024;18:20;5;26;26281;2;6;2;6;Avenue Charles Jourdan;;
536565806;12;11;2024;19:10;5;22;22106;2;1;2;6;BREST (RUE DE);;
536565807;24;6;2024;19:20;1;42;42145;2;9;1;3;104 Impasse Hector Berlioz;;
536565808;22;6;2024;22:10;2;88;88478;1;1;1;2;A31 Pk 200+500;;
536565809;25;6;2024;10:19;1;974;97404;2;1;1;1;Route des Sables;;
536565810;12;11;2024;14:00;1;22;22360;1;1;1;2;RD700;;
536565811;23;6;2024;10:00;1;54;54138;1;1;1;7;D172;;
536565812;25;6;2024;20:30;3;974;97414;1;1;1;2;Route de Cilaos (Pont);;
536565813;7;11;2024;16:42;2;14;14118;2;2;8;3;141 Boulevard Leroy;;
536565814;12;11;2024;08:00;1;13;13039;1;1;8;3;ROUTE NATIONALE 569;;
536565815;22;6;2024;09:15;1;71;71420;1;2;3;3;Route de Cuisery;;
536565816;21;6;2024;21:30;1;56;56061;1;1;1;7;Roussimel;;
536565817;12;11;2024;19:35;5;13;13213;2;1;1;2;POILUS (AVENUE DES);;
536565818;24;6;2024;17:00;1;56;56029;1;2;1;3;Fontaine Maria;;
536565819;12;11;2024;16:00;1;13;13208;2;9;2;3;PRADO (AVENUE DU);;
536565820;12;11;2024;20:10;5;13;13005;2;1;2;1;RN 8;;
536565821;25;6;2024;09:00;1;56;56259;1;1;1;1;Route des Vénètes;;
536565822;12;11;2024;14:40;1;13;13070;2;3;2;7;VOLTAIRE (BOULEVARD);;
536565823;24;6;2024;16:10;1;76;76312;2;2;1;3;Rue du Croquet du Bosc;;
536565825;25;6;2024;08:15;1;80;80620;1;4;1;4;D1017;;
536565826;11;11;2024;17:40;5;06;06083;2;1;1;6;18 Avenue Carnot;;
536565828;12;11;2024;20:30;4;06;06004;1;3;1;3;2081 Route de Nice;;
536565829;25;6;2024;13:05;1;71;71013;1;2;1;3;Route de Fretterans;;
536565830;25;6;2024;11:20;1;61;61079;1;1;1;6;RD136;;
536565831;11;11;2024;18:10;5;75;75118;2;1;1;4;BD PERIPHERIQUE EXTERIEUR;;
536565832;25;6;2024;07:55;1;61;61314;1;1;1;1;D958;;
536565833;11;11;2024;20:05;5;75;75113;2;3;1;7;RUE THOMAS MANN;;
536565834;24;6;2024;09:58;1;42;42323;2;1;1;6;Avenue Irénée Laurent;;
536565835;10;11;2024;23:50;5;75;75117;2;1;1;7;BOD PERIPHERIQUE EXTERIEUR;;
536565836;25;6;2024;12:50;1;68;68062;1;3;1;3;D16;;
536565837;12;11;2024;22:10;5;75;75119;2;7;1;3;AVENUE DE LA PORTE DE LA VILLETTE;;
536565838;25;6;2024;12:30;1;22;22296;1;1;7;3;Le Gué Coq;;
536565839;12;11;2024;16:25;2;75;75119;2;1;1;2;AVENUE SIMON BOLIVAR;;
536565841;11;11;2024;18:50;5;75;75119;2;1;1;3;AVENUE DE FLANDRE;;
536565842;12;11;2024;12:10;1;75;75117;2;3;1;7;AVENUE DE VILLIERS;;
536565843;20;6;2024;23:00;5;29;29197;2;1;1;3;D784;;
536565844;25;6;2024;10:50;1;06;06079;2;1;1;7;806 Avenue du Maréchal Juin;;
536565845;12;11;2024;13:30;1;75;75114;2;2;1;3;AVENUE DE LA PORTE D ORLEANS;;
536565846;20;6;2024;10:10;1;45;45341;1;1;1;2;D136 PR 2 + 658;;
536565847;12;11;2024;15:29;1;75;75113;2;2;8;6;RUE NEUVE TOLBIAC;;
536565848;25;6;2024;17:48;1;64;64417;2;9;1;6;8 Chemin de la Montjoie;;
536565849;12;11;2024;10:30;1;75;75113;2;1;8;3;BOULEVARD VINCENT AURIOL;;
536565850;24;6;2024;17:10;1;18;18087;2;1;1;7;Place Berthe Fievet;;
536565851;12;11;2024;18:50;5;75;75109;2;1;1;6;RUE SAINT LAZARE;;
536565852;24;6;2024;18:00;1;07;07237;1;1;1;2;D120;;
536565853;12;11;2024;18:36;5;75;75109;2;2;1;3;BOULEVARD MONTMARTRE;;
536565854;24;6;2024;13:00;1;21;21020;1;1;1;1;D16k;;
536565855;12;11;2024;18:25;5;75;75107;2;3;1;7;RUE DES SAINTS PERES;;
536565856;24;6;2024;13:15;1;40;40110;2;1;1;1;7 Route de la Chalosse;;
536565857;24;6;2024;12:25;1;24;24077;1;1;1;1;N21;;
536565858;12;11;2024;08:20;1;75;75103;2;2;8;3;BOULEVARD DE SEBASTOPOL;;
536565859;12;11;2024;07:25;5;94;94044;2;1;2;6;Avenue du 8 Mai 1945;;
536565860;25;6;2024;14:35;1;48;48178;1;1;1;1;RN 106;;
536565861;12;11;2024;13:30;1;94;94038;2;3;1;3;Rue de Bicêtre;;
536565862;25;6;2024;15:50;1;48;48016;1;3;1;3;N88/N106;;
536565863;12;11;2024;10:20;1;94;94033;2;5;1;6;Avenue Victor Hugo;;
536565864;12;11;2024;05:20;3;94;94065;1;1;2;2;13 Avenue de Franche-comté;;
536565865;11;11;2024;09:30;1;93;93070;2;1;8;6;DOCTEUR BAUER(RUE DU) :N° 1 AU 73;;
536565866;24;6;2024;16:15;1;31;31169;1;1;1;5;D916;;
536565867;12;11;2024;16:00;1;93;93048;2;9;1;3;CHANZY (BOULEVARD);;
536565868;25;6;2024;13:35;1;14;14620;1;1;1;2;A132;;
536565869;25;6;2024;13:10;1;55;55117;1;1;1;6;Autoroute A4;;
536565870;12;11;2024;16:40;1;93;93046;2;2;1;1;VAUBAN AVENUE;;
536565871;24;6;2024;04:30;5;62;62369;1;9;1;6;A1;;
536565872;12;11;2024;08:19;1;93;93032;2;2;2;3;RONSARD   (AVENUE);;
536565873;25;6;2024;08:35;1;77;77196;1;1;1;6;N3, PK 12+000 direction CLAYE SOUILLY;;
536565874;24;6;2024;18:30;1;91;91099;1;1;1;6;Rue de Cheval Rue;;
536565875;12;11;2024;09:40;1;93;93005;2;1;2;4;JEAN MONET (CARREFOUR);;
536565876;25;6;2024;11:25;1;2A;2A215;1;3;1;3;Carrefour T40/D22;;
536565877;11;11;2024;21:10;5;93;93005;2;1;1;3;MAXIMILIEN ROBESPIERRE (RUE);;
536565878;12;11;2024;16:00;1;92;92073;2;1;8;3;BLUM (QUAI LEON);;
536565879;24;6;2024;14:00;1;11;11295;1;1;1;1;D611a;;
536565880;12;11;2024;09:40;1;92;92073;2;1;2;6;SELLIER (BOULEVARD HENRI);;
536565881;25;6;2024;06:50;1;11;11022;1;3;1;3;D610;;
536565882;11;11;2024;13:20;1;92;92020;2;1;1;4;MERMOZ RUE JEAN;;
536565883;24;6;2024;17:15;1;34;34327;1;9;1;3;M65;;
536565884;12;11;2024;10:25;1;92;92048;2;8;8;6;VILLACOUBLAY (AVENUE DE);;
536565885;12;11;2024;17:20;5;92;92026;2;1;1;3;VERDUN (DE 62 A FIN);;
536565886;23;6;2024;14:25;1;83;83071;1;1;1;3;1669 Route Departementale No.559;;
536565887;12;11;2024;09:00;1;92;92019;2;1;2;7;COULEE VERTE;;
536565888;24;6;2024;16:50;1;83;83119;2;3;1;3;Route des Plages;;
536565889;11;11;2024;18:01;5;92;92012;2;2;1;6;CHATEAU (RUE DU) 1/125 - 2/136;;
536565890;15;6;2024;17:30;1;83;83133;1;1;1;1;Chemin de Font de Sante;;
536565891;12;11;2024;08:36;1;92;92004;2;1;8;3;MENIL;;
536565892;25;6;2024;13:49;1;05;05053;1;1;1;1;D1075;;
536565893;12;11;2024;12:50;1;92;92002;2;9;8;6;GENERAL DE GAULLE (AVENUE DU);;
536565894;9;11;2024;18:58;3;08;08343;1;1;1;1;D8043;;
536565895;23;6;2024;21:30;2;13;13007;2;1;1;1;rue du clos;;
536565896;11;11;2024;15:00;1;09;09061;1;9;2;7;Ferme de Biscagne;;
536565897;25;6;2024;00:15;3;81;81099;1;1;1;7;Chemin des Taillades;;
536565898;13;11;2024;15:40;1;06;06161;2;1;1;1;1544 Boulevard Nationale 7;;
536565899;24;6;2024;19:15;1;31;31395;2;1;1;1;D19g;;
536565900;13;11;2024;12:35;1;62;62634;1;1;1;7;Rue Flament;;
536565901;12;11;2024;15:25;1;21;21634;1;1;1;6;A6;;
536565903;12;11;2024;10:30;1;44;44086;1;1;1;6;La Cibotiere;;
536565904;21;6;2024;20:10;1;22;22136;1;1;1;6;Guermeleuc;;
536565905;12;11;2024;21:15;3;34;34194;1;1;3;5;A75;;
536565906;13;11;2024;05:40;4;41;41245;2;1;1;6;Rue de l?Eglise;;
536565907;20;6;2024;18:48;1;35;35360;1;2;1;3;D178;;
536565909;13;11;2024;07:45;2;50;50159;1;1;1;3;Rue des Chevaliers;;
536565910;12;11;2024;18:45;5;62;62168;2;1;1;3;D156;;
536565911;22;6;2024;04:35;3;59;59260;1;1;1;6;AUTOROUTE A16;;
536565912;22;6;2024;17:40;1;59;59378;1;1;1;6;AUTOROUTE A22;;
536565913;12;11;2024;18:30;5;56;56013;2;1;2;6;Rue du Docteur Laennec;;
536565914;24;6;2024;13:00;1;91;91345;1;1;1;2;AUTOROUTE A6;;
536565915;24;6;2024;08:50;1;91;91553;1;1;1;4;RN 104;;
536565916;9;11;2024;18:05;3;82;82112;1;1;1;1;Route de Détours;;
536565917;12;10;2024;11:00;1;65;65258;2;6;1;3;Rue Alsace-Lorraine;;
536565918;24;6;2024;06:45;1;94;94043;1;1;1;4;A6B;;
536565919;12;11;2024;21:00;3;32;32213;2;1;8;6;Route de Samatan;;
536565920;24;6;2024;15:45;1;93;93007;1;1;1;2;A1;;
536565921;12;11;2024;14:40;1;61;61168;2;1;1;7;D916;;
536565922;13;11;2024;06:50;2;42;42011;2;6;1;3;Rue de l'Industrie;;
536565923;24;6;2024;18:55;1;94;94069;1;1;1;4;A4;;
536565924;9;11;2024;19:10;3;41;41185;1;1;1;1;2679 Route de Billy;;
536565925;24;6;2024;17:30;1;77;77169;1;1;1;3;RN104;;
536565927;24;6;2024;16:15;1;93;93051;1;1;1;2;A4;;
536565928;24;6;2024;02:32;3;94;94046;1;1;1;6;A86;;
536565929;12;11;2024;18:40;5;25;25454;2;1;2;6;27 Route Saint Martin;;
536565930;13;11;2024;07:55;2;44;44024;1;6;1;3;Rond-Point de Lorière;;
536565931;24;6;2024;02:20;3;94;94022;1;1;1;2;A86;;
536565932;3;11;2024;05:20;3;29;29278;1;1;8;6;Pont Min;;
536565934;23;6;2024;01:34;3;94;94028;1;1;1;2;A86;;
536565935;11;11;2024;21:13;5;70;70538;2;3;1;6;1 Grande Rue;;
536565936;12;6;2024;19:40;1;44;44109;2;1;1;7;Boulevard de la Prairie de Mauves;;
536565937;13;11;2024;07:50;1;26;26330;2;1;8;2;Route d'Anneyron;;
536565938;13;11;2024;16:50;1;58;58088;2;1;1;7;Rue des Hatées;;
536565939;20;4;2024;06:23;2;44;44109;2;2;1;6;2 Rue Yves Bodiguel;;
536565940;12;11;2024;16:15;1;06;06108;2;1;1;6;940 Boulevard du 8 Mai;;
536565941;4;2;2024;15:20;1;44;44109;2;1;1;6;Mail Haroun Tazieff;;
536565942;12;11;2024;12:15;1;14;14431;2;2;1;6;1 Route de Paris;;
536565943;30;1;2024;13:30;1;04;04070;1;1;1;1;chaffaut ( route du );;
536565944;13;11;2024;17:51;2;14;14623;1;1;1;1;40 Rue de Verrières;;
536565945;6;2;2024;05:00;2;974;97415;2;3;1;3;Avenue Paul Julius Benard;;
536565946;19;3;2024;10:30;1;14;14191;2;1;1;7;16 Rue du Docteur Tourmente;;
536565947;10;11;2024;20:00;5;14;14542;2;2;1;3;8 Route de Gruchy;;
536565948;11;11;2024;18:00;5;50;50215;2;1;1;7;80 Rue du Nord;;
536565949;18;3;2024;18:05;1;14;14341;2;6;1;7;N814;;
536565950;14;2;2024;19:00;3;14;14130;1;9;2;1;Route du Molay Litry;;
536565951;12;11;2024;12:05;1;10;10054;1;2;1;3;D54;;
536565952;12;11;2024;13:30;1;16;16167;2;1;2;7;Rue de la Société;;
536565953;15;1;2024;10:30;1;32;32279;1;1;1;6;Route de Crates;;
536565954;12;11;2024;12:15;1;07;07094;1;1;2;7;Route du Cros de Beliou;;
536565955;5;11;2024;17:00;2;04;04008;1;1;1;7;Nationale 202;;
536565956;12;11;2024;22:10;5;48;48080;2;1;1;1;avenue jules conturie;;
536565957;23;6;2024;11:00;1;976;97611;1;1;1;1;passamanty-Vahibé ( route );;
536565958;11;11;2024;15:23;1;13;13112;1;3;1;3;D20;;
536565959;23;6;2024;21:30;5;69;69387;2;2;1;3;Rue du Béguin;;
536565960;12;11;2024;16:30;1;69;69027;1;1;1;7;Avenue Marcel Merieux;;
536565961;23;6;2024;06:00;1;972;97213;1;1;1;2;AUTOROUTE A1;;
536565962;13;11;2024;14:00;1;973;97304;2;1;1;3;18 Avenue Leopold Cedar Senghor;;
536565963;22;6;2024;16:05;1;972;97209;2;1;1;6;GENERAL DE GAULLE (BLD DU);;
536565964;12;11;2024;19:55;5;77;77086;2;3;1;6;490 Rue Grande;;
536565965;23;6;2024;19:45;1;69;69202;2;1;1;6;1 Avenue Valioud;;
536565966;8;11;2024;06:14;3;78;78506;1;1;2;3;D177;;
536565967;23;6;2024;04:10;5;69;69034;1;1;1;3;Tunnel Bellevue;;
536565968;12;11;2024;16:39;1;13;13030;2;9;1;6;D8n;;
536565969;23;6;2024;11:50;1;971;97113;2;1;1;4;RN4 - SECTION RIVIERA;;
536565970;11;11;2024;18:45;5;31;31451;2;1;1;6;Chemin de l' Ourmette;;
536565971;23;6;2024;07:50;1;91;91691;2;1;1;6;BOILEAU (RUE);;
536565972;23;6;2024;19:15;1;91;91174;2;1;1;6;RUE GUSTAVE COURBET;;
536565973;12;11;2024;11:30;1;17;17421;2;8;1;3;Chemin Vert;;
536565974;12;11;2024;09:20;1;72;72264;2;1;1;6;Route du Mans;;
536565975;22;6;2024;18:15;1;84;84035;2;3;1;6;ROCH PAPE (ALLEE);;
536565976;12;11;2024;08:00;2;27;27447;1;2;2;3;RD 830;;
536565977;22;6;2024;08:15;1;83;83069;2;2;1;3;GODILLOT  ( AVENUE ALEXIS );;
536565978;13;11;2024;20:22;3;59;59134;2;2;1;3;Chemin du Prince;;
536565979;23;6;2024;11:00;1;83;83118;2;3;1;3;BOULEVARD DE LA PLAGE;;
536565980;23;6;2024;14:00;1;78;78190;2;1;1;6;PRAIRIE (BERGE DE LA);;
536565981;12;11;2024;19:10;5;59;59602;2;2;1;3;Route Nationale;;
536565982;12;11;2024;16:37;1;13;13085;1;1;2;3;A50-Sens Toulon vers Aubagne;;
536565983;23;6;2024;19:05;1;78;78299;2;3;1;3;VEXIN (ROUTE DU);;
536565984;12;11;2024;15:40;1;13;13212;1;1;2;7;A507 sens Aubagne- Marseille;;
536565985;23;6;2024;02:05;3;77;77186;1;6;1;6;CROIX DE MONTMORIN (CARREFOUR DE LA);;
536565986;12;5;2024;07:30;1;73;73065;1;1;1;6;Voie verte;;
536565988;17;6;2024;18:18;1;73;73008;2;1;1;1;CORSUET CHEMIN DE;;
536565989;12;11;2024;16:17;1;78;78073;1;1;8;4;N12Y;;
536565990;10;11;2024;21:30;3;78;78431;1;1;1;3;A13;;
536565991;23;6;2024;01:09;5;71;71270;2;6;1;1;Rue de Flacé;;
536565992;12;11;2024;02:50;3;92;92078;1;1;1;6;AUTOROUTE A86;;
536565993;23;6;2024;21:40;5;69;69286;2;4;1;3;95 Avenue de l'Europe;;
536565994;11;11;2024;17:25;2;95;95252;1;1;1;4;A15;;
536565995;23;6;2024;12:08;1;63;63113;2;3;1;6;CLEMENTEL (BD ETIENNE);;
536565996;6;9;2024;07:54;1;74;74298;2;3;1;3;LIVRON (ROUTE DE);;
536565997;21;8;2024;21:50;4;74;74276;1;1;1;6;Route departementale D 902;;
536565998;18;6;2024;22:19;2;62;62119;2;6;8;3;Rue de l'Horlogerie;;
536565999;5;8;2024;11:30;1;74;74197;1;5;1;2;D903;;
536566000;23;6;2024;11:50;1;60;60057;2;1;1;3;Avenue Montaigne;;
536566001;2;8;2024;21:41;5;74;74225;2;1;8;6;Rue du Bouchet;;
536566002;23;6;2024;11:20;1;59;59378;2;1;1;2;NATIONALE RUE;;
536566003;17;6;2024;21:50;3;74;74021;1;1;1;7;508 Route nationale;;
536566004;23;6;2024;20:16;1;54;54521;2;1;7;6;Rue des Cités des Sors;;
536566006;23;6;2024;03:25;3;50;50218;1;1;1;6;CRETE  (RUE DE LA);;
536566007;10;11;2024;16:51;1;973;97302;2;6;1;3;EBOUE (ROCADE FELIX);;
536566008;23;6;2024;16:50;1;49;49328;2;1;1;3;TOURS (ROUTE DE);;
536566009;11;11;2024;17:55;2;69;69383;2;3;1;1;Avenue Rockefeller;;
536566010;23;6;2024;16:30;1;45;45234;2;1;1;6;90 Quai du Châtelet;;
536566011;11;11;2024;14:15;1;69;69383;2;2;1;1;Rue de la Villette;;
536566012;23;6;2024;10:36;1;45;45075;2;1;1;6;21 Rue des Trois Fossés;;
536566013;11;11;2024;14:30;1;69;69388;2;8;1;3;Rue de l'Epargne;;
536566014;22;6;2024;16:30;1;44;44109;2;1;1;6;6 Rue des Pourpiers;;
536566015;11;11;2024;04:00;5;69;69385;2;1;1;3;Montée Saint Barthélémy;;
536566016;21;6;2024;17:15;1;42;42170;1;1;1;6;Chemin Bord de Loire;;
536566017;11;11;2024;02:30;3;971;97113;1;1;2;2;RN4 - SECTION RIVIERA;;
536566018;23;6;2024;10:00;1;37;37122;1;9;1;7;RD 37;;
536566019;11;11;2024;21:39;5;91;91286;2;1;1;5;NATIONALE 7 (ROUTE);;
536566020;23;6;2024;15:20;1;31;31555;2;3;1;1;DESBALS (RUE HENRI);;
536566021;11;11;2024;07:45;2;91;91174;2;3;1;6;AV CARNOT;;
536566022;23;6;2024;06:15;2;29;29232;1;1;2;6;ERGUE ARMEL BOULEVARD D';;
536566023;11;11;2024;19:35;3;84;84080;1;9;1;2;CD 942 DE CARPENTRAS A RTE SARRIANS;;
536566024;22;6;2024;19:05;1;29;29254;1;9;1;2;837 Route de l'Espérance;;
536566025;10;11;2024;20:20;5;78;78621;2;3;1;3;VAILLANT COUTURIER (AVENUE PAUL);;
536566026;22;6;2024;02:00;3;27;27554;1;1;2;3;ROUEN (AVENUE DE);;
536566027;11;11;2024;16:40;2;77;77379;2;1;1;6;DE LA FRIPERIE (RUE);;
536566028;21;6;2024;22:45;5;27;27681;2;3;1;1;LE TELLIER (RUE PIERRE);;
536566029;11;11;2024;13:40;1;77;77042;2;9;2;1;FERTE GAUCHER (RUE DE LA);;
536566030;22;6;2024;18:22;1;17;17300;2;1;1;3;JOFFRE   BOULEVARD (79 et 18);;
536566031;11;11;2024;18:00;5;76;76540;2;2;1;3;Quai Gaston Boulet;;
536566032;23;6;2024;15:15;1;13;13209;1;9;1;1;COL DE LA GINESTE D559;;
536566033;11;11;2024;02:50;3;72;72181;2;1;1;3;PORT (RUE DU);;
536566034;23;6;2024;14:20;1;13;13210;2;9;1;3;RABATAU (BOULEVARD);;
536566035;11;11;2024;18:50;5;71;71486;2;1;1;6;JEAN DAMICHEL (RUE);;
536566036;23;6;2024;11:30;1;13;13205;2;1;1;2;SAKAKINI (BOULEVARD);;
536566037;11;11;2024;18:30;5;69;69259;2;9;9;6;Boulevard Irène Joliot Curie;;
536566038;11;11;2024;08:50;1;67;67482;2;1;8;6;ROETHIG (RUE DU);;
536566039;11;11;2024;19:20;5;47;47031;2;1;1;6;LACAPELETTE;;
536566040;9;10;2024;12:35;1;42;42275;1;1;1;6;Route de l'Etrat;;
536566041;11;11;2024;13:05;1;37;37261;2;6;1;7;POMPIDOU (AVENUE GEORGES);;
536566043;11;11;2024;05:52;5;32;32013;2;3;1;3;PYRENEES (AVENUE DES);;
536566044;11;11;2024;23:11;5;29;29232;2;1;1;7;Route de Pont l'Abbe;;
536566045;11;11;2024;18:50;5;29;29232;2;1;1;3;Avenue de la Liberation;;
536566046;11;11;2024;17:32;1;29;29019;2;2;1;3;rue de la Porte;;
536566047;11;11;2024;18:20;3;25;25056;2;3;2;3;FAURE AVENUE EDGAR;;
536566048;11;11;2024;06:38;3;22;22360;1;1;1;6;RD 222;;
536566049;11;11;2024;20:30;5;13;13203;2;1;1;3;CAMILLE PELLETAN (AVENUE);;
536566050;11;11;2024;19:45;5;13;13207;2;1;1;3;Corniche John Fitzgérald Kennedy;;
536566051;11;11;2024;02:30;5;13;13214;2;3;1;3;REIMS (RUE DE);;
536566052;11;11;2024;03:41;4;75;75108;2;3;1;2;RUE ROYALE;;
536566053;11;11;2024;12:50;1;75;75106;2;2;1;3;BOULEVARD RASPAIL;;
536566054;11;11;2024;12:12;1;75;75119;2;2;1;6;RUE MANIN;;
536566055;11;11;2024;06:46;5;75;75119;2;3;1;2;AVENUE JEAN JAURES;;
536566056;11;11;2024;10:20;1;75;75108;2;7;1;3;PLACE DE L ALMA;;
536566057;11;11;2024;19:48;5;75;75115;2;2;1;3;AVENUE EMILE ZOLA;;
536566058;10;11;2024;20:40;3;75;75115;2;1;1;6;RUE DU LAOS;;
536566059;11;11;2024;17:15;5;75;75110;2;1;1;3;AVENUE CLAUDE VELLEFAUX;;
536566060;11;11;2024;19:43;5;75;75107;2;1;1;3;BOULEVARD DE LA TOUR MAUBOURG;;
536566061;11;11;2024;16:20;1;94;94046;2;3;1;3;Avenue du Général de Gaulle;;
536566062;11;11;2024;20:05;5;94;94077;2;9;1;6;Villa Republique;;
536566063;11;11;2024;20:30;5;94;94075;2;3;1;3;Rue de Mandres;;
536566064;11;11;2024;13:20;1;93;93059;2;1;1;3;LENINE (AVENUE) N°2A34 ET 1A43;;
536566065;10;11;2024;19:05;5;93;93051;2;1;1;1;JULES FERRY (NR PAIRS );;
536566066;11;11;2024;07:15;3;93;93050;2;1;1;6;PAUL VAILLANT COUTURIER (RUE);;
536566067;11;11;2024;07:10;3;93;93031;2;1;1;6;MARNE (AVENUE DE LA);;
536566068;11;11;2024;18:30;5;93;93001;2;6;1;2;SAINT DENIS (RUE DE);;
536566070;11;11;2024;18:00;5;71;71360;1;2;1;3;RD 17;;
536566071;12;11;2024;06:30;3;47;47075;1;1;1;5;N21;;
536566073;10;11;2024;22:40;3;24;24059;1;1;1;6;D709e1;;
536566074;11;11;2024;15:00;1;01;01381;1;3;1;6;Saint-Nizier-le-Désert;;
536566075;10;11;2024;21:20;3;86;86086;1;1;1;6;D75;;