Num_Acc;jour;mois;an;hrmn;lum;dep;com;agg;int;atm;col;adr;lat;long
536567037;25;7;2024;09:40;1;75;75110;2;2;1;6;RUE LA FAYETTE;;
536567038;2;9;2024;14:15;1;63;63250;1;1;7;1;D996;;
536567039;19;5;2024;22:15;2;29;29173;1;1;1;6;Route de Kerdrein;;
536567040;20;1;2024;01:30;3;974;97411;1;1;1;4;LITTORAL (ROUTE 1 DU);;
536567041;24;7;2024;10:12;1;75;75107;2;3;1;3;BOULEVARD DE LA TOUR MAUBOURG;;
536567042;20;5;2024;06:15;2;31;31356;1;1;1;6;Route de Grenade;;
536567043;19;1;2024;17:00;2;69;69382;2;1;1;6;22 Rue de la République;;
536567044;1;9;2024;04:40;3;42;42020;2;3;1;6;Route de Seyves;;
536567045;20;5;2024;00:15;3;38;38338;1;1;1;2;D1532;;
536567046;24;7;2024;06:40;1;94;94081;2;1;1;1;Rue de Choisy;;
536567047;20;1;2024;15:00;1;69;69149;2;1;1;3;171 Grande Rue;;
536567048;19;5;2024;00:15;3;38;38370;1;1;1;6;Route des Croix;;
536567049;19;1;2024;16:05;1;971;97101;1;1;1;7;LAURICISQUE;;
536567050;25;7;2024;19:05;1;94;94054;2;1;1;1;Avenue Adrien Raynal;;
536567051;25;4;2024;22:15;3;02;02369;1;1;1;1;D372;;
536567052;29;8;2024;06:55;1;34;34163;1;6;1;3;La Vabre;;
536567053;25;7;2024;17:15;1;93;93073;2;1;1;6;BARBUSSE (RUE HENRI);;
536567054;19;5;2024;02:30;3;05;05040;1;1;1;1;N94;;
536567055;20;5;2024;03:25;3;50;50403;1;1;1;7;zone conchylicole;;
536567056;19;1;2024;03:53;5;91;91552;1;1;1;2;RN20;;
536567057;1;9;2024;13:20;1;25;25271;1;1;1;7;D132;;
536567058;20;1;2024;22:30;5;91;91174;2;1;1;6;LA PECHERIE (RUE DE);;
536567059;25;7;2024;00:01;5;93;93066;2;3;1;3;Avenue du Président Wilson / Rue Henri Delaunay;;
536567060;19;5;2024;18:40;1;18;18221;1;1;1;7;Route de Rousson;;
536567061;31;8;2024;18:10;1;44;44032;1;2;1;3;les gautronnieres;;
536567062;25;7;2024;08:49;1;93;93046;2;2;1;1;Boulevard Robert Schuman / Avenue Lucie Aubrac;;
536567063;20;1;2024;22:20;5;91;91174;2;1;1;2;HENRI DUNANT (BOULEVARD);;
536567064;20;5;2024;19:15;1;07;07292;1;2;2;3;995 mont du vivarais;;
536567065;25;7;2024;17:00;1;93;93006;2;1;1;6;Rue Sadi Carnot;;
536567066;1;9;2024;09:37;1;29;29130;1;1;1;7;Lieu Dit Kerzongar Bihan;;
536567067;20;1;2024;17:05;1;85;85191;2;1;7;6;PALISSY ROND-POINT BERNARD;;
536567068;20;5;2024;19:15;1;07;07007;1;1;3;7;D533;;
536567069;20;1;2024;21:50;5;83;83137;1;1;1;6;GROIGNARD (AVE);;
536567070;25;7;2024;07:10;1;93;93032;2;1;1;2;MONTGUICHET  (CHEMIN DE);;
536567071;20;5;2024;15:10;1;53;53251;1;3;3;7;route de la maison neuve;;
536567072;20;1;2024;11:00;1;81;81163;2;1;9;7;5 Rue Alphonse Tournier;;
536567073;1;9;2024;11:30;1;38;38504;1;1;1;2;route de la croix blanche;;
536567074;20;1;2024;10:00;1;78;78642;2;1;4;6;BRETAGNE RUE DE;;
536567075;25;7;2024;13:45;1;93;93005;2;1;1;3;JEAN JAURES (AVENUE);;
536567076;19;5;2024;13:50;1;30;30210;1;1;1;1;Route de Saint-théodorit;;
536567077;20;1;2024;18:15;5;76;76217;2;3;1;1;AVENUE JEAN JAURES;;
536567078;24;7;2024;19:15;1;92;92078;2;1;1;3;BONGARDE (RUE);;
536567079;2;9;2024;19:05;1;84;84041;1;1;1;7;Route du Pont de Crillon;;
536567080;24;7;2024;21:00;1;92;92050;2;1;1;7;LECLERC GENERAL AVENUE DU;;
536567081;1;9;2024;15:20;1;85;85081;1;1;1;6;RD39;;
536567082;19;1;2024;12:50;1;74;74305;2;2;1;5;VOIRONS (RUE DES);;
536567083;25;7;2024;10:08;1;92;92026;2;2;1;3;DIEPPE;;
536567084;1;9;2024;13:15;1;70;70299;2;6;1;6;Rue du Val Fleuri;;
536567085;20;1;2024;05:20;5;72;72181;2;1;1;6;BOLLEE (AV) N° PAIRS 2 A 62;;
536567086;24;7;2024;17:13;1;92;92025;2;1;1;2;CHARLES DE GAULLE (BD);;
536567087;20;5;2024;08:15;1;31;31254;2;1;1;6;La Pyreneenne;;
536567088;31;8;2024;10:45;1;58;58031;2;1;1;3;D188;;
536567089;19;1;2024;14:26;1;72;72181;2;1;1;6;JAURES JEAN (AV) N° PAIRS 60 ET >;;
536567090;25;7;2024;16:35;1;34;34202;1;1;1;2;M5;;
536567091;31;8;2024;14:12;1;54;54518;1;1;1;7;RD 3;;
536567092;20;1;2024;18:30;5;69;69286;2;1;1;3;88 Route de Genève;;
536567093;8;5;2024;07:00;1;69;69206;1;1;1;2;Autoroute 6;;
536567094;20;1;2024;02:10;5;69;69275;2;1;1;6;Avenue Jean Jaurès;;
536567095;24;7;2024;21:00;2;35;35120;2;1;1;3;Rue de Rennes;;
536567096;1;9;2024;15:30;1;54;54400;1;1;1;7;RD 70;;
536567097;19;5;2024;22:20;3;971;97125;1;1;1;1;N5;;
536567098;20;1;2024;05:50;4;63;63113;2;1;9;6;MAYER (BD DANIEL);;
536567099;20;5;2024;01:30;3;971;97129;1;1;1;1;N2;;
536567100;22;7;2024;16:23;1;26;26177;1;2;1;3;Route de Clerieux;;
536567101;20;1;2024;04:40;5;59;59009;2;1;5;1;8 MAI 1945 RUE DU A PARTIR DU N° 60;;
536567102;30;8;2024;20:20;2;72;72087;1;2;1;3;D1;;
536567103;19;5;2024;18:10;1;77;77196;1;1;1;7;N3;;
536567104;9;1;2024;18:25;3;57;57606;2;1;8;6;MONTREAL (RUE DE);;
536567105;24;7;2024;19:30;1;40;40296;2;2;1;1;Avenue Charles de Gaulle;;
536567106;2;9;2024;08:05;1;14;14672;1;1;1;1;Route de Caumont;;
536567107;25;7;2024;07:07;1;972;97221;1;1;1;1;Départementale 7;;
536567108;20;1;2024;18:05;2;54;54323;2;3;1;3;Avenue Raymond Poincaré;;
536567109;19;5;2024;21:00;3;2B;2B335;1;9;1;5;T10;;
536567110;1;9;2024;15:45;1;05;05149;1;1;3;1;Route d'Ancelle;;
536567111;20;1;2024;11:35;1;45;45147;2;1;1;3;33 Rue de Verdun;;
536567112;26;7;2024;03:45;3;64;64184;1;9;8;6;D32;;
536567113;20;5;2024;17:20;1;83;83099;1;3;1;1;Dn7;;
536567114;20;1;2024;10:00;1;44;44184;2;1;7;6;Route des Bassins;;
536567115;20;5;2024;03:45;3;83;83066;2;1;1;6;Route de Rians;;
536567116;31;8;2024;14:00;1;50;50613;2;3;1;7;Rue Doncanville;;
536567117;10;7;2024;13:15;1;34;34247;1;5;1;3;CD127e8;;
536567118;19;5;2024;11:15;1;13;13092;2;6;1;3;D10;;
536567119;26;7;2024;13:20;1;83;83097;1;1;1;3;Route Départementale 6;;
536567120;1;9;2024;18:55;2;73;73270;1;1;3;1;D1006;;
536567121;18;5;2024;22:05;3;13;13030;1;1;1;1;D8n;;
536567122;26;7;2024;14:40;1;51;51030;2;1;1;7;Quai Sud du Canal;;
536567123;21;7;2024;01:55;3;56;56036;1;1;2;6;Lieu-Dit Kerblaye;;
536567124;2;9;2024;15:15;1;53;53029;1;1;8;1;Le Patis Bierné;;
536567125;19;5;2024;14:50;1;13;13094;2;4;1;3;route departementale 99;;
536567126;25;7;2024;10:45;1;65;65291;1;1;1;7;Route de Berbérust;;
536567127;19;5;2024;21:39;3;71;71086;1;1;1;1;Route de Tourny;;
536567128;2;9;2024;09:30;1;53;53136;1;1;1;1;L'Andeucherie (Chemin);;
536567129;25;7;2024;17:40;1;32;32132;1;1;1;1;D654 - PK30+005;;
536567130;25;7;2024;23:24;5;55;55551;1;6;1;7;70 Rue Raymond Poincaré;;
536567131;20;5;2024;05:20;3;08;08110;1;1;5;2;A304;;
536567132;29;8;2024;09:45;1;85;85090;1;2;1;2;RD755;;
536567133;26;7;2024;09:00;1;42;42019;2;2;7;6;66 Rue de Clermont;;
536567134;20;5;2024;15:15;1;88;88064;1;3;2;3;Bois-de-Champ;;
536567135;25;7;2024;13:30;1;47;47138;1;3;1;3;Estradet;;
536567136;1;9;2024;20:50;2;27;27246;2;3;1;6;Rue Augustin Leonard;;
536567137;21;7;2024;10:30;1;34;34150;1;1;2;1;N 112;;
536567138;20;5;2024;17:40;1;26;26220;2;2;1;3;Allée des Troubadours;;
536567139;1;9;2024;04:35;3;87;87061;1;2;1;1;N145;;
536567140;12;5;2024;20:50;2;01;01297;2;1;1;6;Rue du Mas Peguet;;
536567142;2;5;2024;08:55;1;81;81076;1;1;2;3;Route du Couchant;;
536567143;2;9;2024;07:10;1;13;13044;1;3;7;3;D69;;
536567144;25;7;2024;18:30;1;38;38503;1;2;1;3;RD 1090;;
536567145;25;7;2024;07:40;1;03;03297;1;1;1;6;D2144;;
536567146;19;5;2024;18:30;1;50;50041;1;2;1;3;D22;;
536567147;26;7;2024;10:50;1;15;15124;1;1;1;7;RD 3;;
536567148;1;9;2024;19:30;5;987;98715;2;3;1;7;Face à HAPPY MARKET à AUAE;;
536567149;24;7;2024;10:20;1;26;26115;1;1;1;1;D538;;
536567150;20;5;2024;07:00;1;80;80002;1;1;1;7;A1;;
536567151;26;7;2024;15:30;1;58;58145;1;9;1;7;D944;;
536567152;31;8;2024;13:10;1;51;51572;1;9;1;7;Autoroute A4  - PK 192 + 000;;
536567153;15;5;2024;21:25;3;13;13015;1;1;1;1;A51-Sens Marseille vers Aix en Provence;;
536567154;23;7;2024;00:15;3;14;14460;1;1;2;6;Route d'Ouilly;;
536567155;8;4;2024;22:18;3;13;13001;1;1;1;7;A51-Sens Marseille vers Aix en Provence;;
536567156;31;8;2024;14:45;1;988;98821;1;1;1;6;Katiramona (Rivière);;
536567157;25;7;2024;09:30;1;14;14020;1;1;1;2;le Fresne;;
536567158;19;5;2024;17:10;1;13;13215;1;1;1;2;A7-Sens Lyon vers Marseille;;
536567159;18;7;2024;18:25;1;45;45269;1;1;1;6;67ter Route de Blois;;
536567160;2;9;2024;14:50;1;77;77176;1;1;1;1;RD402 PK043+000;;
536567161;18;5;2024;19:25;1;83;83047;1;1;1;2;A570;;
536567162;23;7;2024;00:30;3;73;73122;1;3;1;6;D40 Route de praz long;;
536567163;25;2;2024;19:15;3;66;66114;1;1;1;6;El Pa de Sucre;;
536567164;26;7;2024;10:34;1;40;40046;2;1;1;5;route de la plage;;
536567165;18;5;2024;14:35;1;987;98735;2;9;1;7;MISSION (QUARTIER);;
536567166;25;7;2024;21:03;3;04;04138;1;1;1;6;route departementale 4100;;
536567167;2;9;2024;10:50;1;13;13052;1;1;1;1;CD5, route de saint rémy;;
536567168;18;5;2024;19:30;3;974;97416;2;1;1;2;OCEANITES (AVENUE DES);;
536567169;1;9;2024;09:20;1;70;70402;2;1;1;6;Rue du Stade;;
536567170;25;7;2024;17:00;1;85;85277;1;2;1;3;RD747;;
536567171;18;5;2024;08:30;1;973;97302;2;3;2;3;MERE THERESA (rue);;
536567172;25;7;2024;21:10;2;37;37250;1;1;1;6;Le Breuil;;
536567173;1;9;2024;07:45;2;67;67001;2;1;1;7;Route de Holtzheim;;
536567174;18;5;2024;01:40;5;973;97302;2;1;2;7;TROUBIRAN (CHEMIN DE);;
536567176;18;5;2024;20:40;1;69;69384;2;2;1;3;21 Grande Rue de la Croix-Rousse;;
536567177;24;7;2024;12:40;1;01;01128;1;1;1;2;D2;;
536567178;1;9;2024;18:50;1;88;88076;1;1;1;1;Rue des Forges;;
536567179;17;5;2024;19:56;1;2B;2B033;2;1;1;1;IMPERIALE - ROUTE;;
536567180;24;7;2024;17:30;1;06;06059;1;4;1;2;route départemental 6007 / intersection A500;;
536567181;31;8;2024;12:30;1;57;57445;1;1;1;2;D68a;;
536567182;25;7;2024;13:30;1;45;45270;1;1;1;6;D148 PR 6 + 818;;
536567183;18;5;2024;01:35;5;971;97101;1;1;1;6;PATRICK SAINT ELOI ( AVENUE );;
536567184;26;7;2024;18:05;1;77;77103;1;1;2;1;D408;;
536567185;25;8;2024;08:15;2;73;73054;1;1;5;1;D119 Route des Arcs;;
536567186;18;5;2024;02:28;3;95;95476;1;1;1;5;N14;;
536567187;25;7;2024;17:30;1;95;95028;1;1;1;5;D909;;
536567188;18;5;2024;13:04;1;91;91549;1;1;1;6;FOSSE AUX LEUX (RUE DE LA);;
536567189;2;9;2024;16:55;1;38;38487;1;3;1;3;D4;;
536567190;25;7;2024;21:20;3;95;95141;1;1;2;6;D983;;
536567191;25;7;2024;20:09;1;34;34058;1;1;1;7;D 68;;
536567192;18;5;2024;13:30;1;83;83062;1;1;1;7;ROUTE DE HYERES;;
536567193;2;9;2024;08:00;1;69;69299;1;2;1;3;Route Départementale 29;;
536567195;26;7;2024;18:25;1;83;83065;1;2;1;3;Route du Bourrian;;
536567196;18;5;2024;14:50;1;77;77284;2;1;1;2;VICTOIRE (AV.DE LA);;
536567197;26;7;2024;08:00;1;05;05122;1;1;1;6;Route de Briançon;;
536567199;18;5;2024;03:00;5;77;77058;2;1;1;6;EUROPE (AVENUE DE L' );;
536567200;26;7;2024;11:00;1;13;13042;1;6;7;3;Avenue du Garlaban;;
536567201;18;5;2024;04:30;5;72;72181;2;6;2;6;MESSIAEN OLIVIER (AV) PAIRS;;
536567202;2;9;2024;15:14;1;35;35240;1;3;1;2;N24;;
536567203;25;7;2024;12:10;1;13;13004;1;9;1;2;D570;;
536567204;18;5;2024;00:10;5;72;72181;2;1;1;6;BOEUFS LE PETIT HOUX (CHEMIN AUX);;
536567205;2;9;2024;10:45;1;60;60462;2;1;1;6;16 Rue de Paris;;
536567206;25;7;2024;18:30;1;21;21297;1;1;1;6;D25h;;
536567207;18;5;2024;15:25;1;69;69266;2;9;1;7;Rue Lucette et René Desgrand;;
536567208;25;7;2024;23:30;3;52;52037;1;1;1;7;D74 Bannes;;
536567209;31;8;2024;18:40;1;59;59321;1;1;1;1;D643;;
536567210;18;5;2024;04:00;5;69;69276;2;1;1;3;3 Chemin Sous le Fort;;
536567211;30;8;2024;18:00;1;59;59059;2;1;2;6;Route Nationale;;
536567212;26;7;2024;15:45;1;73;73179;2;2;1;3;Rue des Allobroges / Fontanil;;
536567214;31;8;2024;12:50;1;13;13215;1;1;1;2;A7-Sens Marseille vers Lyon;;
536567215;25;4;2024;19:58;1;64;64269;2;1;1;1;D938;;
536567216;23;7;2024;14:20;1;85;85035;1;1;1;1;D40a;;
536567217;30;8;2024;12:40;1;13;13215;1;1;1;2;A7-Sens Marseille vers Lyon;;
536567218;18;5;2024;18:59;1;64;64335;1;1;2;3;RD 817;;
536567219;24;7;2024;18:00;1;29;29181;2;2;1;3;route de la Laiterie;;
536567220;1;9;2024;04:33;5;69;69382;2;1;1;2;Route de Métropole 7;;
536567221;1;9;2024;06:45;2;69;69142;1;1;1;1;Route de Méropole 7;;
536567222;18;5;2024;10:16;1;63;63075;2;3;2;3;CLAUSSAT (AVENUE JOSEPH) / rue Jules Guesde;;
536567223;26;7;2024;07:05;2;22;22059;1;1;1;1;Mauguerand;;
536567224;26;7;2024;00:50;5;60;60313;1;3;3;6;Chemin de Granville;;
536567225;1;9;2024;06:20;3;91;91689;1;1;1;4;AUTOROUTE A6A;;
536567226;18;5;2024;16:25;1;59;59367;2;1;1;1;LECLERC (RUE DU GENERAL);;
536567227;18;5;2024;04:50;3;59;59646;2;1;2;7;VOLTAIRE (RUE);;
536567228;1;9;2024;07:20;2;91;91286;1;1;1;2;AUTOROUTE A6;;
536567229;26;7;2024;07:30;1;80;80467;1;1;1;2;Autoroute A1 pk 96+800 sens PARIS/LILLE;;
536567230;31;8;2024;20:25;1;92;92002;1;1;1;2;AUTOROUTE A10;;
536567231;18;5;2024;16:30;1;59;59350;2;1;1;3;Rue Saint-Gabriel;;
536567232;1;9;2024;04:00;3;93;93013;1;1;1;6;AUTOROUTE A1;;
536567233;26;7;2024;16:45;1;59;59312;1;1;8;7;D103;;
536567234;31;8;2024;20:00;1;93;93066;1;1;1;2;AUTOROUTE A1;;
536567235;18;5;2024;09:02;1;56;56260;2;2;1;3;Avenue du 4 Août 1944;;
536567236;25;7;2024;10:52;1;13;13211;1;1;1;2;A507 sens Marseille - Aubagne;;
536567237;18;5;2024;14:16;1;56;56121;2;6;1;2;Avenue Simone Veil;;
536567238;24;7;2024;19:05;1;13;13212;1;1;1;2;A507 sens Marseille - Aubagne;;
536567239;31;8;2024;19:20;1;93;93027;1;1;1;4;AUTOROUTE A86;;
536567240;24;7;2024;17:45;1;13;13212;1;1;1;7;A507 sens Marseille - Aubagne;;
536567241;17;5;2024;17:50;1;54;54547;2;1;1;3;Avenue du Général Leclerc;;
536567242;31;8;2024;17:00;1;93;93078;1;1;1;4;AUTOROUTE A104;;
536567243;18;5;2024;20:20;2;51;51454;2;1;1;2;JAURES (AVENUE JEAN) DU N° 74 A FIN (PAI;;
536567246;1;9;2024;11:14;1;77;77083;1;1;1;4;A4.W;;
536567247;18;5;2024;17:20;1;49;49007;2;6;1;6;PORTET BOULEVARD;;
536567248;25;7;2024;14:30;1;91;91661;1;1;1;3;AUTOROUTE A10;;
536567249;1;9;2024;02:24;3;77;77294;1;1;1;3;A104;;
536567250;25;7;2024;12:45;1;91;91161;1;1;1;2;AUTOROUTE A6;;
536567251;17;5;2024;16:58;1;47;47001;2;1;1;5;LECLERC (AV. DU GENERAL);;
536567252;30;8;2024;16:20;1;77;77121;1;1;1;4;A4;;
536567253;25;7;2024;03:30;3;91;91228;1;1;1;2;AUTOROUTE A6;;
536567254;24;7;2024;23:05;3;91;91174;1;1;1;2;RN 104;;
536567255;30;8;2024;03:45;3;77;77384;1;1;1;6;A105;;
536567256;19;5;2024;00:05;5;44;44109;2;1;1;3;9 Route de Carquefou;;
536567257;25;7;2024;21:05;2;95;95582;1;1;1;7;D170;;
536567258;8;4;2024;15:15;1;62;62765;2;1;1;6;Place du Maréchal Foch;;
536567259;18;5;2024;15:40;1;41;41018;2;1;2;6;SAUSSAYE (QUAI DE LA);;
536567260;10;5;2024;07:55;1;52;52235;1;1;1;1;SAINT DIZIER (ROUTE DE);;
536567261;25;7;2024;17:15;2;93;93066;1;1;1;4;AUTOROUTE A1;;
536567262;18;5;2024;07:50;1;37;37261;2;1;1;2;MARECHAL JUIN (BD);;
536567263;30;8;2024;16:20;1;92;92025;2;2;2;3;E.VAILLANT 114   89 A 93 (RUE);;
536567264;24;7;2024;15:35;1;93;93006;1;1;1;2;AUTOROUTE A3;;
536567265;17;5;2024;17:20;1;37;37214;2;1;3;6;MAISONS BLANCHES (QUAI DES);;
536567266;23;4;2024;15:30;1;74;74013;2;6;1;7;D133 ROUTE DE MARGENCEL;;
536567267;25;7;2024;17:30;1;94;94046;1;1;1;2;A86;;
536567268;18;5;2024;21:17;2;31;31555;2;1;1;3;RTE DE LAUNAGUET;;
536567269;24;7;2024;18:00;1;94;94028;1;1;1;7;A86;;
536567270;31;8;2024;21:15;5;974;97407;2;1;1;3;MARINS PECHEURS(RUE);;
536567271;18;5;2024;01:00;5;31;31555;1;1;2;7;VA007331 A620;;
536567272;17;7;2024;09:20;1;44;44109;2;2;8;3;Pont Haudaudine;;
536567273;31;8;2024;13:00;1;972;97209;2;1;1;6;BALATA (ROUTE DE);;
536567274;16;7;2024;13:00;1;44;44143;2;1;8;4;Route de Pornic;;
536567275;18;5;2024;00:50;3;31;31555;2;1;2;4;20 LESPINET  (PERIPH OUEST A620);;
536567276;31;8;2024;09:00;1;972;97209;2;1;1;4;SOLEIL LEVANT (BOULEVARD DU);;
536567277;12;7;2024;22:20;5;44;44109;2;1;8;7;Cr John Kennedy;;
536567278;24;7;2024;18:10;5;974;97411;2;1;1;6;PITEL (RUE);;
536567279;31;8;2024;16:45;1;971;97113;2;3;1;4;GENERAL DE GAULLE (AVENUE);;
536567280;24;7;2024;18:50;5;974;97411;1;9;1;7;MANES (RUE EDOUARD);;
536567281;23;7;2024;20:25;5;974;97411;1;1;1;6;DUFOURG LES HAUTS (CHEMIN);;
536567282;31;8;2024;09:35;1;971;97101;1;1;1;4;ROUTE DE BOISVINS;;
536567283;23;7;2024;12:10;1;974;97411;2;1;1;3;TOPAZES(ALLEE DES);;
536567284;31;8;2024;05:15;1;971;97120;2;9;1;6;GERTY ARCHIMEDE (RESIDENCE);;
536567285;24;7;2024;21:50;3;973;97302;2;1;3;6;TERRASSE DES CALIMBES (Lot);;
536567286;24;7;2024;06:50;1;69;69386;2;2;1;3;Rue Boileau;;
536567287;30;8;2024;16:45;1;971;97101;1;1;2;4;RN1-  HAUTEUR DE SORTIE LAURICISQUE;;
536567288;19;7;2024;00:10;3;972;97209;2;1;1;7;PETIT PAVOIS (RUE DU);;
536567289;24;7;2024;18:45;1;69;69381;2;9;1;3;Tunnel de la Croix Rousse;;
536567290;30;8;2024;15:00;1;971;97101;1;3;2;5;PATRICK SAINT ELOI ( AVENUE );;
536567291;23;7;2024;15:36;1;971;97120;2;1;1;6;RUE EUVREMONT GENE;;
536567292;31;8;2024;18:40;3;971;97107;2;1;1;3;FOCH;;
536567293;23;7;2024;10:45;1;971;97101;1;1;1;3;DUGAZON;;
536567294;31;8;2024;18:20;1;95;95388;1;1;8;1;CÔTE DU PARC;;
536567295;20;7;2024;13:15;1;89;89342;2;2;1;3;FONDERIES PONT A MOUSSON (AVENUE DES);;
536567296;24;7;2024;10:36;1;87;87050;2;3;1;2;DROUET (RUE MARTIAL);;
536567297;31;8;2024;22:25;5;91;91114;2;6;1;2;PL DE LA PYRAMIDE;;
536567298;23;7;2024;07:55;1;87;87085;2;1;1;6;BORIE (BOULEVARD DE LA);;
536567299;23;7;2024;09:30;1;84;84007;2;1;1;3;LIMBERT (Boulevard);;
536567300;30;8;2024;17:30;1;91;91421;1;9;2;4;NATIONALE 6 (GLACIERE);;
536567301;23;7;2024;17:50;1;83;83062;2;1;1;2;ROUTE NATIONALE 97;;
536567302;30;8;2024;21:04;5;91;91521;1;1;2;1;ROUTE DE MENNECY;;
536567303;24;7;2024;20:30;1;78;78650;2;1;1;3;CARNOT (BOULEVARD);;
536567304;1;9;2024;00:15;5;84;84007;1;1;1;6;MISTRAL7  (Parking C.Commercial);;
536567305;25;7;2024;00:23;5;78;78440;2;2;1;3;MOLIERE (RUE);;
536567306;31;8;2024;15:29;1;83;83137;2;3;1;2;COLBERT (AVE);;
536567307;24;7;2024;00:26;3;77;77475;1;1;1;1;D603;;
536567308;31;8;2024;00:29;5;83;83098;2;1;1;6;GANZIN (AVENUE DE);;
536567309;23;7;2024;11:40;1;72;72181;2;1;1;6;PREMARTINE (RUE) N° PAIRS 2 A 26;;
536567310;30;8;2024;16:35;1;83;83129;2;3;1;3;KENNEDY (AVENUE J.)N° IMPAIRS > ST VICTO;;
536567311;30;8;2024;17:30;1;81;81065;2;1;1;6;COUDERT (AV.LUCIEN);;
536567312;24;7;2024;12:00;1;69;69266;2;2;1;1;Rue Pierre Voyant;;
536567313;23;7;2024;20:20;1;69;69259;2;3;1;3;Route de Vienne;;
536567314;31;8;2024;21:35;3;77;77358;1;1;1;1;RN 330 (ROUTE NATIONALE);;
536567315;31;8;2024;02:30;3;76;76384;1;1;1;3;SAINT ROMAIN (ROUTE DE);;
536567316;24;7;2024;13:15;1;68;68376;2;6;1;3;SOULTZ(ROUTE DE);;
536567317;31;8;2024;18:35;1;72;72181;2;9;1;6;CHANZY (RUE)  N° IMP 73 A 101;;
536567318;23;7;2024;20:40;1;67;67482;2;1;8;7;BOSTON (RUE DE);;
536567319;24;7;2024;18:30;1;64;64102;2;1;1;6;RESPLANDY (AVENUE DU CAPITAINE);;
536567320;31;8;2024;18:20;1;72;72181;2;1;1;3;HEUZE OLIVIER AV N° PAIRS 2 A 198;;
536567321;24;7;2024;11:35;1;60;60463;2;1;1;6;Rue Chateaubriand;;
536567322;23;7;2024;17:57;1;56;56121;2;1;1;3;Boulevard de Normandie;;
536567323;30;8;2024;15:50;1;69;69115;1;1;1;3;Avenue Edouard Herriot;;
536567324;23;7;2024;12:06;1;56;56121;2;6;1;3;Avenue du Faouëdic;;
536567325;31;8;2024;03:40;5;67;67218;2;9;1;7;DOUBS (RUE DU);;
536567326;31;8;2024;16:00;1;64;64445;2;1;1;7;LAURIERS DES;;
536567327;24;7;2024;09:20;1;51;51172;2;1;1;3;GOISSES;;
536567328;23;7;2024;14:50;1;51;51172;2;2;1;3;PARMENTIER (RUE);;
536567329;31;8;2024;04:06;5;59;59650;2;2;1;3;LIBERTE (BOULEVARD DE LA);;
536567330;24;7;2024;09:45;1;51;51431;1;6;1;3;RD 40A;;
536567331;1;9;2024;02:10;5;59;59350;2;1;1;2;Rue de Solférino;;
536567332;23;7;2024;20:28;1;49;49007;1;1;1;6;BRESSIGNY;;
536567333;30;8;2024;17:00;1;58;58194;2;1;1;1;LEON BLUM;;
536567334;24;7;2024;21:30;1;45;45234;2;1;1;6;5 Boulevard de Verdun;;
536567335;31;8;2024;14:20;1;57;57463;2;1;1;6;111 Rue aux Arènes;;
536567336;24;7;2024;09:00;1;45;45284;1;1;1;4;D2060 PR 92 + 915;;
536567337;31;8;2024;17:00;1;54;54395;2;2;1;3;Cours Léopold;;
536567338;19;7;2024;19:00;1;42;42275;2;1;1;3;Avenue Pierre Mendès-france;;
536567339;31;8;2024;22:00;2;49;49328;2;6;1;3;RESISTANCE (PLACE DE LA);;
536567340;23;7;2024;12:04;1;40;40281;2;9;1;3;STEPHENSON (RUE GEORGE);;
536567341;31;8;2024;10:32;1;49;49007;2;1;3;1;MOULIN BOULEVARD;;
536567342;24;7;2024;06:30;2;35;35238;2;2;1;3;BREST (DE);;
536567343;22;8;2024;11:20;1;45;45004;2;1;1;6;D2107 PR 1 + 698;;
536567344;23;7;2024;20:45;1;35;35051;1;3;1;6;CHANTEPIE (ROUTE DE);;
536567345;31;8;2024;16:40;1;44;44184;2;1;1;6;31 Rue de la Paix et des Arts;;
536567346;24;7;2024;12:45;1;34;34301;2;1;1;3;VERDUN (BOULEVARD DE);;
536567347;31;8;2024;14:45;1;41;41018;2;1;1;7;WILSON (AVENUE DU PRESIDENT);;
536567348;30;8;2024;16:35;1;37;37122;2;1;1;7;DOUZILLIERE (RUE DE LA);;
536567350;31;8;2024;10:40;1;35;35051;1;1;2;6;LONGCHAMPS (PORTE DES);;
536567352;30;8;2024;16:35;1;35;35238;2;4;3;3;ROOSEVELT (BD FRANKLIN);;
536567354;24;7;2024;08:15;1;31;31555;2;1;1;6;18 MONTAUDRAN (PERIPH EST A61);;
536567355;30;8;2024;15:00;1;34;34301;2;1;1;2;AGDE (ROUTE DE);;
536567356;22;8;2024;15:00;1;34;34301;2;1;1;6;LORIOTS (RUE DES);;
536567357;23;7;2024;17:30;1;29;29232;2;3;1;6;Route de Brest;;
536567358;31;8;2024;08:39;1;34;34172;2;2;1;3;PRES D'ARENES (AVENUE DES);;
536567359;23;7;2024;19:45;1;29;29232;2;1;1;3;Rue de Pen Ar Stang;;
536567360;31;8;2024;09:05;1;30;30007;2;2;1;7;GUESDE (AVE JULES);;
536567361;31;8;2024;10:55;1;29;29051;2;1;1;7;Avenue du Rouillen;;
536567362;24;7;2024;23:34;3;17;17291;1;1;1;2;N237;;
536567363;30;8;2024;17:25;1;15;15014;2;1;1;4;RN 122;;
536567365;31;8;2024;17:30;1;14;14137;1;1;7;3;Route de Caumont;;
536567366;24;7;2024;13:45;1;13;13117;2;1;1;3;ROUTE NATIONALE 113 - AGNEAU;;