Num_Acc;jour;mois;an;hrmn;lum;dep;com;agg;int;atm;col;adr;lat;long
536567367;31;8;2024;14:54;1;13;13206;2;2;1;3;BRETEUIL (RUE);;
536567368;31;8;2024;09:30;1;13;13215;2;3;1;3;SAINT ANTOINE A SAINT JOSEPH (CHEMIN DE);;
536567369;24;7;2024;09:25;1;13;13004;1;2;1;3;RTE D EYGUIERES;;
536567370;24;7;2024;14:15;1;13;13001;1;9;7;1;RD 7;;
536567371;30;8;2024;16:15;1;13;13001;1;1;1;2;RD9;;
536567372;23;7;2024;11:34;1;10;10333;2;6;8;6;Rue Charles Baltet;;
536567373;31;8;2024;22:05;3;06;06069;2;1;1;6;3 Boulevard Fragonard;;
536567374;17;2;2024;19:50;3;07;07231;1;1;1;3;D579;;
536567375;31;8;2024;18:40;1;06;06069;2;9;1;3;128 Route de Cannes;;
536567376;24;7;2024;17:10;1;75;75113;2;1;1;3;BD PERIPHERIQUE INTERIEUR;;
536567377;31;8;2024;20:00;2;75;75120;2;1;1;4;BD PERIPHERIQUE INTERIEUR;;
536567378;22;7;2024;18:00;1;75;75113;2;1;1;3;BD PERIPHERIQUE EXTERIEUR;;
536567379;31;8;2024;08:40;1;75;75119;2;3;1;3;RUE DE CAMBRAI;;
536567380;24;7;2024;16:37;1;75;75116;2;1;1;3;BD PERIPHERIQUE INTERIEUR;;
536567381;23;7;2024;20:12;1;75;75120;2;3;1;6;BOULEVARD DE BELLEVILLE;;
536567382;31;8;2024;02:20;5;75;75118;2;2;1;3;RUE DE LA CHAPELLE;;
536567383;24;7;2024;22:35;5;75;75106;2;3;1;7;BOULEVARD SAINT MICHEL;;
536567384;31;8;2024;08:15;1;75;75117;2;2;1;1;BOULEVARD GOUVION SAINT CYR;;
536567385;24;7;2024;14:35;1;75;75106;2;4;1;6;PLACE DU DIX HUIT JUIN 1940;;
536567386;31;8;2024;01:10;5;75;75117;2;3;1;6;AVENUE DES TERNES;;
536567387;24;7;2024;14:40;1;75;75116;2;3;1;6;AVENUE DE LA GRANDE ARMEE;;
536567388;31;8;2024;15:00;1;75;75113;2;3;1;6;BOULEVARD MASSENA;;
536567389;24;7;2024;12:15;1;75;75116;2;3;1;1;AVENUE PAUL DOUMER;;
536567390;31;8;2024;16:00;1;75;75112;2;2;1;6;RUE DE LYON;;
536567391;24;7;2024;09:40;1;75;75115;2;3;1;2;RUE JACQUES BAUDRY;;
536567392;31;8;2024;02:50;5;75;75111;2;2;1;3;BOULEVARD DE BELLEVILLE;;
536567393;23;7;2024;20:05;1;75;75115;2;1;1;2;AVENUE DE LA PORTE DE SEVRES;;
536567394;30;8;2024;19:30;2;75;75102;2;3;2;1;BOULEVARD MONTMARTRE;;
536567395;23;7;2024;12:55;1;75;75114;2;3;1;3;RUE D ALESIA;;
536567396;31;8;2024;14:59;1;94;94078;2;1;1;6;Rue Henri Leduc;;
536567397;24;7;2024;14:10;1;75;75111;2;1;1;6;BOULEVARD DE MENILMONTANT;;
536567398;24;7;2024;11:05;1;75;75111;2;7;1;3;PLACE DE LA NATION;;
536567399;31;8;2024;09:40;1;94;94021;2;3;1;3;Boulevard Circulaire;;
536567400;23;7;2024;23:30;5;75;75110;2;3;1;3;BOULEVARD DE MAGENTA;;
536567401;31;8;2024;08:50;1;94;94021;2;3;1;3;Avenue de la Villette;;
536567402;24;7;2024;08:55;1;75;75109;2;3;1;3;RUE ROUGEMONT;;
536567403;31;8;2024;11:45;1;94;94011;2;2;1;3;Rue Pierre Sémard;;
536567404;24;7;2024;00:30;5;94;94068;2;1;1;7;Quai Winston Churchill;;
536567405;31;8;2024;15:10;1;93;93064;2;2;1;5;Avenue Faidherbe / Avenue Jean Jaurès;;
536567406;23;7;2024;18:30;1;94;94028;2;1;1;3;Avenue Francois Mauriac;;
536567407;30;8;2024;06:30;5;93;93053;2;1;1;6;AVENIR (RUE DE L') N° 67 A ... - 116 A .;;
536567408;23;7;2024;11:30;1;94;94028;2;1;2;2;Rue Juliette Savar;;
536567409;30;8;2024;11:10;1;93;93053;2;1;2;6;Allee du Londeau;;
536567410;24;7;2024;19:20;1;94;94077;2;2;1;3;Avenue de la République;;
536567411;30;8;2024;18:15;1;92;92012;2;1;8;3;SEVRES (RUE DE) 1/55 - 2/40;;
536567412;23;7;2024;17:50;1;94;94018;2;2;1;6;Rue de Paris;;
536567413;31;8;2024;15:50;1;08;08357;1;1;7;2;chateau du liry - route départementale 6;;
536567414;24;7;2024;19:00;1;93;93066;2;9;1;1;REPUBLIQUE;;
536567415;31;8;2024;10:40;1;62;62843;1;2;1;3;D343;;
536567416;23;7;2024;19:37;1;93;93057;2;2;1;3;Avenue de Chanzy / Allée Paul Lafargue;;
536567417;31;8;2024;19:30;1;09;09167;1;1;1;6;Route d?Auterive;;
536567418;24;7;2024;09:13;1;92;92072;2;1;1;6;VILLE D'AVRAY (RUE DE );;
536567419;1;9;2024;02:00;3;05;05161;1;1;1;7;D1091;;
536567420;24;7;2024;04:35;2;92;92063;2;1;1;7;GALLIENI (RUE);;
536567421;30;8;2024;15:20;1;05;05085;2;1;1;7;Route de France;;
536567422;19;7;2024;07:56;1;92;92063;2;1;1;6;BONAPARTE (AVENUE NAPOLEON) NORD;;
536567423;24;7;2024;12:05;1;92;92051;2;3;1;2;CHARLES DE GAULLE (AVENUE, N° 18 A 116);;
536567424;22;8;2024;17:12;1;21;21192;1;6;1;2;Route de Dijon;;
536567425;24;7;2024;09:55;1;92;92050;2;1;1;3;BOULEVARD DE LA DEFENSE;;
536567426;28;8;2024;07:20;1;37;37193;1;1;1;6;A85;;
536567427;23;7;2024;14:45;1;92;92036;2;1;1;6;BEAUMARCHAIS (BOULEVARD);;
536567428;31;8;2024;05:00;3;56;56166;1;6;1;6;Pont En Daul;;
536567429;30;8;2024;00:25;3;56;56205;1;1;1;7;Clos Cachet;;
536567430;1;9;2024;06:00;2;80;80262;2;1;1;6;535 Route du Val de Somme;;
536567431;24;7;2024;11:40;1;92;92026;2;1;1;4;JOFFRE ( DE 30 A 50 ET DE 31 A 55 );;
536567432;31;8;2024;17:10;1;65;65039;1;1;1;1;Col d'Aspin (Col de montagne);;
536567433;23;7;2024;18:50;1;92;92036;2;1;1;2;INTERCOMMUNAL (B);;
536567435;22;7;2024;17:20;1;92;92036;2;1;1;6;DOCTEUR FLEMING ( AVNUE DU );;
536567436;31;8;2024;16:15;1;71;71111;1;2;1;3;D92;;
536567437;2;10;2024;16:50;1;04;04039;2;1;1;6;Chemin de Destourbes;;
536567438;25;7;2024;16:25;1;78;78356;1;1;1;1;Chemin Departemental 195;;
536567439;1;9;2024;09:50;1;71;71148;2;1;1;3;Route de Belmont;;
536567440;24;9;2024;18:30;1;68;68309;2;1;1;6;Rue du Maréchal Foch;;
536567441;1;9;2024;11:40;1;89;89131;1;2;1;7;D965;;
536567442;23;5;2024;15:45;1;974;97415;1;1;1;3;Rue Gabriel Martin;;
536567443;6;10;2024;14:00;1;68;68287;1;1;1;2;Route Départementale 83;;
536567444;23;7;2024;08:10;1;49;49089;1;1;5;6;D770;;
536567445;24;7;2024;14:30;1;01;01443;2;1;1;3;Rue Saint Michel;;
536567446;6;10;2024;18:25;1;67;67104;1;1;1;1;D65;;
536567447;6;10;2024;17:00;1;73;73150;1;1;8;6;D220 - Route des Barrières;;
536567448;24;7;2024;21:30;5;67;67073;2;1;1;6;71 Rue du Marechal Foch;;
536567449;7;10;2024;14:48;1;73;73006;1;1;1;6;N90 Tunnel du Siaix;;
536567450;6;10;2024;18:00;1;38;38097;1;1;1;7;D18;;
536567451;7;10;2024;08:25;1;69;69296;1;1;8;5;Route de Chasse;;
536567452;6;10;2024;07:00;2;86;86156;1;1;2;6;Route de la Bruyère;;
536567454;7;10;2024;08:55;1;85;85247;1;2;1;3;RD72;;
536567455;5;10;2024;16:00;1;44;44026;2;1;7;6;16 Rue de la Mainguais;;
536567456;5;10;2024;13:40;1;14;14047;2;3;1;3;25 Rue Saint-Exupère;;
536567457;7;10;2024;14:01;1;14;14456;1;1;1;1;Route de Saint-Pierre-sur-Dives;;
536567458;6;10;2024;23:30;3;22;22081;1;1;1;6;D80;;
536567459;6;10;2024;16:00;1;76;76559;1;2;1;3;route départementale 34;;
536567460;6;10;2024;13:35;1;76;76237;1;2;1;3;D5;;
536567461;7;10;2024;04:30;3;60;60282;2;1;1;7;31 Rue de Chantilly;;
536567462;3;10;2024;20:09;5;62;62543;2;1;1;6;D197;;
536567463;4;10;2024;18:00;1;62;62560;1;1;1;3;D238;;
536567464;23;9;2024;09:20;1;62;62103;2;1;2;1;D917;;
536567465;6;10;2024;11:02;1;13;13215;1;1;2;6;A7-Sens Lyon vers Marseille;;
536567466;5;10;2024;20:45;3;13;13216;1;1;1;6;A55-Sens Marseille vers Martigues;;
536567467;5;10;2024;00:10;3;13;13001;1;1;1;4;A51-Sens Marseille vers Aix en Provence;;
536567468;5;10;2024;10:05;1;69;69389;1;1;1;2;Boulevard Périphérique Nord;;
536567469;6;10;2024;14:00;1;91;91521;1;1;2;6;RN 449;;
536567470;6;10;2024;11:35;1;91;91136;1;1;2;6;AUTOROUTE A10;;
536567471;6;10;2024;05:10;5;94;94003;1;1;1;2;A6B;;
536567472;5;10;2024;12:20;1;91;91434;1;1;1;5;AUTOROUTE A6;;
536567473;5;10;2024;10:15;1;91;91377;1;9;1;6;AUTOROUTE A10;;
536567474;6;10;2024;10:00;1;78;78490;1;1;2;2;RN12 EXT;;
536567475;6;10;2024;19:45;3;94;94028;1;1;2;4;A86;;
536567476;6;10;2024;18:00;1;77;77337;1;1;2;6;RN104;;
536567477;20;5;2024;11:40;1;88;88383;1;1;1;1;RD 57;;
536567478;15;6;2024;12:50;1;62;62737;2;1;1;7;D937E1;;
536567479;22;6;2024;02:10;3;43;43234;1;1;1;7;D32;;
536567480;22;6;2024;10:50;1;43;43267;1;1;8;5;route de chamalières;;
536567481;24;6;2024;16:10;1;74;74070;1;3;1;1;D1005;;
536567482;5;8;2024;16:00;1;74;74012;2;3;1;4;EUROPE (AVENUE DE L');;
536567483;20;7;2024;10:56;1;74;74134;2;4;1;6;Impasse de la grange neuve;;
536567484;10;7;2024;20:15;1;74;74010;2;1;1;1;Chemin de la confrérie;;
536567485;2;8;2024;14:30;1;74;74012;2;6;1;2;ETREMBIERES (ROUTE D');;
536567486;29;7;2024;17:40;1;74;74012;2;1;1;3;DE GAULLE (AVENUE CHARLES);;
536567487;22;7;2024;22:34;3;74;74297;2;1;1;1;Route de Geneve;;
536567488;4;8;2024;23:35;5;74;74010;2;2;1;3;LOVERCHY (CIMETIERE/AVENUE);;
536567489;17;7;2024;18:15;1;74;74108;2;1;1;7;168 R des Pres Bernard;;
536567490;14;7;2024;11:30;1;74;74159;1;2;1;3;D1205;;
536567491;14;7;2024;12:45;1;74;74278;2;3;1;3;25 Route du plan;;
536567492;14;7;2024;06:30;2;74;74001;1;1;1;6;D22;;
536567493;12;7;2024;17:35;1;74;74267;2;1;1;6;1076 Route d'albertville;;
536567494;22;7;2024;11:35;1;74;74236;2;1;1;6;317 Avenue de geneve;;
536567495;13;7;2024;22:12;3;74;74256;2;9;1;1;route de Méribel;;
536567496;12;7;2024;15:10;1;74;74238;1;1;1;5;D902;;
536567497;11;7;2024;17:00;1;74;74293;2;1;1;3;Route des Voirons;;
536567498;2;7;2024;12:05;1;74;74201;1;1;1;2;A41;;
536567499;7;7;2024;01:00;5;74;74263;1;1;1;1;route de bonnatrait;;
536567500;8;7;2024;07:00;2;74;74191;1;1;1;7;Chemin des raverettes;;
536567501;28;6;2024;09:50;1;74;74295;1;1;1;3;D902;;
536567502;25;6;2024;17:20;1;74;74264;2;1;1;2;avenue du mont blanc;;
536567503;6;7;2024;10:20;1;74;74137;1;1;3;6;Route de la Filière;;
536567504;28;6;2024;17:58;1;74;74095;1;1;1;1;Route des bondets;;
536567505;24;6;2024;15:00;1;74;74311;1;1;1;7;2863 Route des verdets;;
536567506;20;6;2024;11:15;1;74;74164;2;2;2;2;Avenue d'anterne;;
536567507;19;6;2024;09:15;1;74;74233;1;9;1;2;Autoroute A41 sens ANNECY CHAMBERY;;
536567508;4;10;2024;13:35;1;973;97302;2;2;1;6;ARAGO (FRANCOIS);;
536567509;4;10;2024;23:12;5;973;97302;2;1;1;3;ZEPHIR (ROCADE);;
536567510;4;10;2024;19:32;5;973;97302;2;9;1;3;BADUEL (ROUTE DE);;
536567511;5;10;2024;21:05;5;69;69387;2;2;1;3;Avenue Jean Jaurès;;
536567512;5;10;2024;08:40;1;971;97120;2;1;1;6;VICTOIRE(PLACE DE LA);;
536567513;5;10;2024;06:25;2;971;97113;1;1;1;7;SECTION TOMBEAU;;
536567514;5;10;2024;00:35;3;2A;2A004;2;4;1;1;1 Cours Jean Nicoli;;
536567515;5;10;2024;16:10;1;91;91228;2;9;7;6;BD CHAMPS ELYSEES 198;;
536567516;5;10;2024;12:30;1;91;91174;2;6;1;3;BD JEAN JAURES;;
536567517;5;10;2024;15:00;1;30;30011;2;6;1;3;100 (ROUTE NATIONALE);;
536567518;5;10;2024;16:25;1;83;83061;2;3;1;3;D8;;
536567519;5;10;2024;17:25;1;78;78224;2;1;1;2;JEAN MERMOZ (RUE);;
536567520;4;10;2024;22:55;5;78;78172;2;2;1;3;AMBASSADEUR (RUE DE L');;
536567521;5;10;2024;18:35;1;77;77083;2;1;1;6;PAUL CEZANNE (AVENUE);;
536567522;4;10;2024;17:35;1;73;73065;2;1;1;6;Place du 8 mai 1945;;
536567523;5;10;2024;16:45;1;72;72181;2;3;1;1;BARBUSSE HENRI (RUE);;
536567524;4;10;2024;22:45;5;71;71270;2;6;1;6;HERRIOT (AVENUE EDOUARD);;
536567525;5;10;2024;23:10;5;67;67482;2;3;1;3;POLYGONE (ROUTE DU);;
536567526;4;10;2024;16:40;1;64;64122;2;1;1;2;DASSAULT MARCEL (BD);;
536567527;5;10;2024;13:50;1;63;63113;2;2;1;2;THERMAL (BD) / av du Puy de Dôme;;
536567528;5;10;2024;13:00;1;63;63113;2;3;1;4;COTE BLATIN (BD);;
536567529;4;10;2024;19:30;1;59;59636;2;1;1;6;LECLERCQ RUE DU GENERAL;;
536567530;4;10;2024;10:15;1;59;59560;2;1;1;6;Rue Roger Bouvry;;
536567531;5;10;2024;19:35;1;59;59122;2;1;1;6;SOUFFLETS (RUE DES);;
536567532;5;10;2024;17:50;1;56;56121;2;6;1;1;Avenue Raymond Queudet;;
536567533;5;10;2024;21:15;5;51;51454;2;2;1;3;PIPER (RUE);;
536567534;5;10;2024;17:13;1;49;49007;2;1;1;2;NOYERS;;
536567535;5;10;2024;14:56;1;49;49353;2;1;1;2;MALEMBARDIERES;;
536567536;5;10;2024;02:00;5;44;44109;2;6;1;1;48 Route de Sainte Luce;;
536567537;5;10;2024;10:45;1;37;37261;2;6;1;6;POMPIDOU (AVENUE GEORGES);;
536567538;5;10;2024;04:38;5;37;37261;2;2;1;3;MIRABEAU (RUE);;
536567539;4;10;2024;17:15;1;34;34172;2;1;1;3;LAVERUNE (ROUTE DE;;
536567543;4;10;2024;22:35;5;31;31555;1;1;1;2;VA007518 A68;;
536567544;5;10;2024;04:30;5;31;31555;1;6;1;6;Rd Pt Firmin Pons;;
536567545;5;10;2024;13:05;1;25;25056;2;1;1;2;MITTERAND AVENUE FRANCOIS;;
536567546;5;10;2024;23:08;5;17;17300;2;2;3;3;HUGUENOTE   RUE DE LA;;
536567547;4;10;2024;17:55;1;15;15014;2;6;1;3;Giratoire  Canteloube/Marmiesse;;
536567548;5;10;2024;15:30;1;13;13205;2;1;1;3;SAKAKINI (BOULEVARD);;
536567549;5;10;2024;11:10;1;06;06088;2;6;1;3;Boulevard du Mercantour;;
536567550;5;10;2024;08:55;1;06;06069;1;1;1;1;80 Boulevard Docteur Belletrud;;
536567551;5;10;2024;19:45;5;01;01053;2;3;1;3;boulevard édouard herriot;;
536567552;4;10;2024;16:40;1;01;01053;2;1;1;2;MERCIER (AVENUE AMEDEE DU 45 AU FIN);;
536567553;5;10;2024;18:35;1;75;75113;2;1;1;2;BD PERIPHERIQUE INTERIEUR;;
536567554;5;10;2024;06:00;5;75;75119;2;3;1;6;RUE D AUBERVILLIERS;;
536567555;5;10;2024;08:36;1;75;75119;2;2;1;6;AVENUE DE FLANDRE;;
536567556;5;10;2024;14:35;1;75;75117;2;1;1;6;RUE POUCHET;;
536567557;4;10;2024;17:35;1;75;75114;2;2;1;2;BOULEVARD BRUNE;;
536567558;5;10;2024;02:50;5;75;75107;2;1;1;7;BOULEVARD RASPAIL;;
536567559;5;10;2024;00:30;5;75;75107;2;2;1;3;RUE VANEAU;;
536567560;5;10;2024;18:00;1;94;94078;2;1;1;7;Avenue des Fusillés;;
536567561;5;10;2024;15:30;1;94;94042;2;9;1;6;Avenue du President Kennedy;;
536567562;5;10;2024;06:50;5;94;94038;2;2;2;1;Bd Paul Vaillant Couturier;;
536567563;5;10;2024;19:00;1;94;94069;2;1;1;2;Av du Mal de Lattre de Tassigny;;
536567564;5;10;2024;13:02;1;94;94071;2;3;1;6;Rue des Fontaines;;
536567565;4;10;2024;18:20;1;94;94071;2;1;1;6;Route de Bonneuil;;
536567566;5;10;2024;18:30;1;93;93078;2;1;1;2;DE GAULLE (AVENUE CHARLES);;
536567567;5;10;2024;20:20;5;93;93073;2;2;1;3;PETITS PONTS (ROUTE DES);;
536567568;5;10;2024;12:00;1;93;93066;2;3;1;3;LIBERATION RD14 (BOULEVARD);;
536567569;4;10;2024;11:10;1;93;93048;2;2;1;1;PAUL VAILLANT COUTURIER (BOULEVARD);;
536567570;5;10;2024;12:50;1;93;93045;2;1;1;3;COQ FRANCAIS RUE DU;;
536567571;5;10;2024;11:45;1;93;93079;2;1;1;1;ROGER SALENGRO;;
536567572;4;10;2024;18:51;2;93;93029;2;3;1;3;HENRI BARBUSSE (AVE) N°2-124;;
536567573;5;10;2024;14:46;1;93;93001;2;1;1;6;PRESIDENT ROOSEVELT (AVENUE DU);;
536567574;5;10;2024;00:50;5;92;92064;2;3;1;6;MARCEL DASSAULT;;
536567575;5;10;2024;00:40;5;92;92050;2;2;1;3;FAIDHERBE RUE;;
536567576;6;10;2024;07:30;1;38;38019;1;1;2;3;Route des Grenouillères;;
536567577;4;10;2024;09:00;1;17;17030;1;3;1;4;départementale 137;;
536567578;2;10;2024;05:55;3;22;22209;1;1;2;1;D768;;
536567579;4;10;2024;11:12;1;06;06006;2;9;1;6;97 route de nice;;
536567580;6;10;2024;14:15;1;974;97413;2;1;1;7;Chemin Augustin Gruchet;;
536567581;4;10;2024;17:08;1;34;34282;1;1;1;7;A750;;
536567582;5;10;2024;02:20;3;87;87191;1;1;1;6;Route de Périgueux;;
536567583;5;10;2024;15:00;1;62;62870;2;6;1;2;D142;;
536567584;5;10;2024;17:20;1;62;62172;1;1;1;3;D917;;
536567585;4;10;2024;09:45;1;89;89483;1;9;1;7;D40;;
536567586;3;10;2024;17:55;1;51;51030;2;1;1;7;Rue Chanzy;;
536567587;5;10;2024;20:20;5;2A;2A271;2;1;1;3;RT20 Zone baléone;;
536567588;5;10;2024;13:45;1;69;69006;1;1;1;6;Route de Tarare;;
536567589;6;10;2024;01:00;4;71;71343;2;1;1;7;Rue des Bayards;;
536567590;5;10;2024;19:15;2;63;63419;2;1;1;1;départementale 915;;
536567591;5;10;2024;16:45;2;63;63155;1;1;7;1;pk 22 D997;;
536567592;4;10;2024;08:30;1;49;49323;2;3;1;3;route de paris;;
536567593;1;10;2024;18:30;1;41;41280;2;1;2;3;37 Avenue de la Commanderie;;
536567596;5;10;2024;14:25;1;25;25029;1;1;1;7;D41;;
536567597;4;10;2024;21:30;3;35;35224;1;1;1;1;route départementale 75;;
536567598;13;7;2024;09:00;1;29;29056;2;3;1;3;D233;;
536567599;4;10;2024;17:00;1;29;29167;1;2;1;3;Tourne Ici;;
536567600;5;10;2024;16:35;1;31;31033;2;1;1;6;27 Route de Toulouse;;
536567601;6;10;2024;07:15;2;31;31211;2;1;2;6;1934 Route de la Mouissagues;;
536567602;6;10;2024;04:55;3;31;31490;1;1;2;6;route départementale 820;;
536567604;5;10;2024;08:20;1;02;02503;1;1;1;7;D1029;;
536567605;5;10;2024;16:00;1;03;03103;1;1;1;1;Chemin des Pinguelles;;
536567606;5;10;2024;14:10;1;03;03103;2;1;7;3;Avenue Honoré PREVERAUD;;
536567607;4;10;2024;18:30;1;72;72386;1;1;7;1;D91;;
536567608;5;10;2024;11:40;1;05;05040;1;1;1;2;N94;;
536567609;4;10;2024;22:00;3;83;83039;1;1;1;6;D554;;
536567610;5;10;2024;16:30;1;60;60265;1;1;1;3;D151;;
536567611;5;10;2024;10:00;1;64;64420;1;1;1;1;Route Départementale 111;;
536567612;5;10;2024;16:55;1;73;73162;1;1;1;1;D201;;
536567613;4;10;2024;17:15;1;16;16039;2;1;1;2;Route de Montjean;;
536567615;5;10;2024;11:10;1;07;07296;1;1;1;7;Route départemenatle 104;;
536567616;6;10;2024;06:30;3;40;40178;1;1;1;6;D30;;
536567617;5;10;2024;19:30;2;85;85047;2;3;2;7;route de nantes;;
536567618;4;10;2024;17:20;1;27;27153;1;1;7;7;D6;;
536567619;27;9;2024;15:20;1;17;17107;1;2;2;3;D5;;
536567620;5;10;2024;12:10;1;23;23152;1;1;1;1;les Bussières;;
536567621;5;10;2024;20:05;5;37;37050;2;1;1;6;33 Avenue du Grand Sud;;
536567622;4;10;2024;15:20;1;30;30263;2;3;1;7;Cours Gambetta;;
536567623;5;10;2024;00:10;3;48;48064;1;1;1;6;départementale 989;;
536567624;5;10;2024;15:10;1;31;31296;1;1;1;6;autoroute A64 PK 220.200 sens Bayonne/Toulouse;;
536567625;4;10;2024;10:15;1;987;98715;2;1;1;7;Aratia Nelson Mandela - Face 107 - Banque de Polynésie;;
536567626;4;10;2024;17:14;1;06;06027;1;1;2;7;A8 pk 181.900 Nord;;
536567627;6;10;2024;11:25;1;57;57227;1;1;1;6;Autoroute A320, PK 6+600, sens Allemagne France;;
536567628;4;10;2024;16:30;1;988;98808;1;1;1;6;Coula (Tribu);;
536567629;4;10;2024;08:30;1;971;97116;1;3;1;3;N5;;
536567630;5;10;2024;03:30;3;977;97701;2;1;1;6;route de LORIENT;;
536567632;5;10;2024;14:57;1;91;91226;1;1;1;5;Route Nationale 20;;
536567633;5;10;2024;15:55;1;91;91226;1;1;1;5;N20;;
536567634;5;10;2024;18:16;1;2A;2A247;2;1;1;1;RT 10;;
536567635;4;10;2024;16:15;1;66;66037;2;4;1;3;Avenue Mediterranee;;
536567636;5;10;2024;16:00;1;34;34162;1;2;1;3;D32;;
536567637;23;6;2024;07:30;1;13;13210;2;1;1;3;PAUL CLAUDEL (BOULEVARD);;
536567638;23;6;2024;00:05;5;13;13216;2;1;1;1;LITTORAL (CHEMIN DU);;
536567639;23;6;2024;14:20;1;12;12305;2;1;1;6;GRANGE ADAM (AVENUE);;
536567640;23;6;2024;20:17;1;06;06088;2;2;2;3;54 Boulevard de Riquier;;
536567641;23;6;2024;03:59;5;06;06088;2;2;1;3;20 Rue Meyerbeer;;
536567642;22;6;2024;01:00;5;06;06004;2;1;1;3;1422 Route de Grasse;;
536567643;21;6;2024;12:35;1;75;75116;2;1;2;2;BD PERIPHERIQUE EXTERIEUR;;
536567644;23;6;2024;19:15;1;75;75116;2;3;1;6;AVENUE DU PRESIDENT WILSON;;
536567645;23;6;2024;13:15;1;75;75111;2;2;1;6;RUE SEDAINE;;
536567646;22;6;2024;15:00;1;75;75101;2;3;1;6;QUAI DU LOUVRE;;
536567647;23;6;2024;12:15;1;94;94016;2;1;1;3;Avenue de l'Europe;;
536567648;23;6;2024;06:50;2;94;94041;2;1;1;2;13 Rue Pierre et Marie Curie;;
536567649;23;6;2024;18:00;1;93;93051;2;1;7;3;Rue Pierre Brossolette;;
536567650;23;6;2024;12:55;1;93;93010;2;3;1;2;Avenue Galliéni / Rue des Ecoles;;
536567651;23;6;2024;19:00;1;93;93001;2;1;1;3;56 Rue Danielle Casanova;;
536567652;23;6;2024;09:30;1;92;92046;2;1;1;6;GABRIEL PERI;;
536567653;23;6;2024;14:00;1;92;92025;2;3;1;3;VALMY (BD DE);;
536567654;23;6;2024;05:53;2;92;92004;2;3;1;7;HENIR BARBUSSE ( AVENUE );;
536567656;23;6;2024;11:35;1;15;15066;1;1;1;7;RD 680;;
536567657;23;6;2024;16:50;1;65;65049;1;1;1;7;109 Route de Maubourguet;;
536567658;23;6;2024;15:36;1;14;14150;1;1;1;6;D6;;
536567659;23;6;2024;22:45;3;52;52087;1;5;1;3;D65;;
536567660;24;6;2024;16:37;1;40;40036;1;2;1;3;D366;;
536567661;23;6;2024;22:00;2;40;40036;1;9;1;6;Route d'Angresse;;
536567662;22;6;2024;18:20;3;972;97218;1;1;2;1;Rue Marcel Bouquety;;
536567663;23;6;2024;01:46;5;59;59037;2;1;1;1;Route de Solesmes;;
536567664;23;6;2024;18:50;1;19;19274;1;1;1;7;impassse du réservoir;;
536567665;19;6;2024;18:55;1;56;56021;1;1;2;4;Boul Sapin;;
536567666;23;6;2024;23:20;3;56;56153;1;1;1;1;Kerdoré;;
536567667;22;6;2024;16:45;1;2A;2A017;1;1;1;1;D161;;
536567668;23;6;2024;20:00;1;2B;2B050;1;1;1;6;RT 30;;
536567669;22;6;2024;13:55;1;80;80245;2;1;2;6;Rue d'Orion;;
536567670;23;6;2024;21:50;3;32;32143;1;1;1;7;lieu-dit bel air;;
536567671;23;6;2024;09:45;1;89;89309;2;3;1;3;Route de Paris;;
536567672;24;6;2024;16:50;1;63;63390;1;1;1;7;D50;;
536567673;22;6;2024;18:50;1;55;55248;2;1;1;6;D960;;
536567675;18;6;2024;12:20;1;31;31232;1;1;1;2;Avenue de Gascogne;;
536567676;23;6;2024;12:50;1;03;03019;1;1;1;7;Lieu Dit les Communes;;
536567677;23;6;2024;17:30;1;15;15196;1;1;8;6;RN 122;;
536567678;23;6;2024;01:20;3;01;01140;1;1;2;7;Route de Planchemelle;;
536567679;24;6;2024;03:00;3;58;58267;2;1;1;6;17 Faubourg de Decize;;
536567680;24;6;2024;11:36;1;58;58296;1;1;1;1;RN7, PK 106+500;;
536567681;23;6;2024;17:10;1;83;83007;2;1;1;7;D22;;
536567682;22;6;2024;15:25;1;83;83083;1;1;1;6;"Route de Cotignac, RD 22; PK17+680";;
536567683;23;6;2024;12:19;1;09;09032;1;1;1;6;Route Nationale 20;;
536567684;23;6;2024;20:25;2;73;73301;1;1;1;3;D49 Route de Grésy;;
536567685;23;6;2024;10:40;1;10;10140;1;1;1;2;D374;;
536567687;24;6;2024;17:55;1;53;53068;1;3;1;3;le haut brecé;;
536567688;20;6;2024;19:30;1;21;21127;1;2;1;3;D 903;;
536567689;24;6;2024;01:40;3;30;30165;1;1;1;7;405 Route d'Uzès;;
536567690;24;6;2024;14:11;1;88;88237;2;1;1;6;Moulin de Gorhey;;
536567691;18;6;2024;13:30;1;68;68300;1;1;1;3;A36;;
536567692;24;6;2024;01:15;3;06;06149;1;1;1;7;A500;;
536567693;23;6;2024;20:00;1;51;51172;1;1;1;2;A4 PK 142.100 sens Paris-Metz;;
536567694;24;6;2024;01:27;3;28;28367;1;1;1;7;A10 PK 072+500 direction Paris;;
536567695;11;11;2024;15:45;1;22;22183;2;1;2;2;Rue de la Fontaine;;