Num_Acc;jour;mois;an;hrmn;lum;dep;com;agg;int;atm;col;adr;lat;long
536567696;11;11;2024;00:30;3;35;35351;1;1;1;6;la Bévinais;;
536567697;23;6;2024;23:15;3;45;45146;1;1;1;4;A71 PR 124 + 500;;
536567698;10;11;2024;10:40;1;29;29204;1;1;1;7;Roc'h glaz 29400 Plouneventer;;
536567699;24;6;2024;05:40;2;83;83097;1;1;1;6;Autoroute A8 PK 45+600 SUD;;
536567700;12;11;2024;16:00;1;29;29220;1;6;1;3;D2;;
536567701;23;6;2024;16:00;1;987;98750;1;1;1;7;Faaroa - Traversière pk 2;;
536567702;10;11;2024;13:45;1;84;84014;2;1;1;6;Route de Mirabeau;;
536567703;21;6;2024;16:00;1;971;97117;1;1;1;1;Route de Neron;;
536567704;11;11;2024;14:15;1;01;01363;1;3;8;2;D63;;
536567705;22;6;2024;21:30;3;971;97118;1;2;1;3;Route de la Traversee;;
536567706;10;11;2024;21:25;5;90;90093;2;1;8;6;2 Rue d'Evette;;
536567707;22;6;2024;16:20;1;972;97230;2;1;1;3;Route nationale 1;;
536567709;23;6;2024;16:18;1;28;28185;1;1;1;2;Rn 12;;
536567710;10;11;2024;15:20;1;18;18110;1;1;1;7;rue du bourneau;;
536567711;11;11;2024;16:50;1;16;16104;2;1;1;6;Lieu Dit la Vergnee;;
536567712;23;6;2024;21:30;5;77;77183;2;1;1;1;Boulevard de Turenne;;
536567713;11;11;2024;11:25;1;27;27104;1;6;1;3;D6014;;
536567714;8;6;2024;11:20;1;77;77183;2;1;1;3;9 Rue de Chanzy;;
536567715;11;11;2024;15:30;1;87;87140;1;1;1;7;route de l'étang;;
536567716;8;6;2024;20:10;1;77;77451;1;1;1;7;Chemin du Jeu d'Arc;;
536567718;23;6;2024;18:35;1;95;95351;2;1;1;3;D184;;
536567719;12;11;2024;02:00;3;973;97307;1;1;1;7;Larivot;;
536567720;23;6;2024;18:58;1;2B;2B034;1;9;1;2;rt30;;
536567721;12;11;2024;07:30;2;01;01352;1;1;1;6;D26;;
536567722;24;6;2024;09:00;1;13;13097;1;1;1;2;N568;;
536567723;12;11;2024;07:15;3;37;37131;1;1;1;1;RD 31;;
536567724;22;6;2024;00:25;3;13;13048;1;1;1;6;D11 - Route de VAUVENARGUES;;
536567725;21;6;2024;16:38;1;26;26313;2;6;1;2;Avenue de Provence;;
536567726;12;11;2024;03:56;3;53;53034;1;9;1;6;A81 pk 241.500 sens 1;;
536567727;4;6;2024;07:45;1;44;44110;2;6;1;2;3 Boulevard  paul doumer;;
536567728;11;11;2024;11:15;1;51;51428;1;1;1;2;A4, PK 158+400;;
536567729;24;6;2024;17:49;1;60;60103;2;1;7;2;D931;;
536567730;6;11;2024;17:35;3;68;68118;2;2;5;3;Rue de la Rampe;;
536567731;18;6;2024;12:30;1;13;13215;1;1;1;2;A7-Sens Lyon vers Marseille;;
536567732;21;6;2024;19:15;1;13;13215;1;1;1;3;A7-Sens Lyon vers Marseille;;
536567733;10;11;2024;18:50;3;69;69242;1;1;1;5;Autoroute A6;;
536567734;23;6;2024;07:15;1;69;69081;1;1;1;6;Route de Métropole 6;;
536567735;11;11;2024;19:40;3;987;98748;2;1;1;2;Vairao Pk 10.200;;
536567736;23;6;2024;04:00;3;69;69250;1;1;1;3;Autoroute 89;;
536567737;10;11;2024;23:50;3;973;97303;1;1;3;1;route nationale 1 PK 175;;
536567738;23;6;2024;04:40;3;69;69297;1;1;8;6;Autoroute 7;;
536567739;10;11;2024;11:59;1;2B;2B079;2;1;1;6;T20;;
536567740;23;6;2024;13:40;1;91;91477;1;1;1;2;AUTOROUTE A10;;
536567741;22;6;2024;21:15;1;91;91521;1;1;1;6;RD 31;;
536567742;11;11;2024;09:00;1;06;06157;1;1;1;7;Route de Coursegoules;;
536567743;23;6;2024;12:30;1;78;78531;1;1;1;2;A13;;
536567744;11;11;2024;16:15;1;13;13110;2;9;1;3;boulevard de l'europe;;
536567745;12;11;2024;09:30;1;13;13059;1;1;2;2;D15;;
536567746;22;6;2024;15:05;1;92;92048;1;1;1;4;N118;;
536567747;8;11;2024;13:40;1;63;63226;1;1;1;6;D1;;
536567748;23;6;2024;13:45;1;93;93005;1;1;1;4;A3;;
536567749;11;11;2024;00:01;3;38;38392;1;1;5;1;D517;;
536567750;23;6;2024;07:25;1;93;93005;1;1;1;2;A3;;
536567751;23;6;2024;04:55;2;95;95582;1;9;1;6;D170;;
536567752;23;6;2024;04:45;2;75;75120;1;1;1;7;A3;;
536567753;11;11;2024;12:15;1;38;38548;1;1;8;1;RD 531 roche pointue;;
536567754;22;6;2024;22:30;3;95;95675;1;1;1;3;A1;;
536567755;11;11;2024;17:50;3;69;69228;1;1;1;3;Route de Lyon;;
536567756;21;6;2024;12:45;1;92;92036;1;1;2;7;AUTOROUTE A15;;
536567758;22;6;2024;15:00;1;93;93064;1;1;1;2;A86;;
536567759;11;11;2024;12:30;1;16;16320;1;1;1;6;D11;;
536567760;21;6;2024;20:10;2;94;94022;1;1;1;6;A86;;
536567761;11;11;2024;17:15;1;72;72154;1;1;1;1;Route de Savigné-sous-Le-Lude;;
536567762;21;6;2024;15:30;1;94;94028;1;1;1;2;A86;;
536567763;10;11;2024;19:10;3;56;56023;1;1;1;4;Kerstran;;
536567764;21;6;2024;18:11;5;987;98735;2;1;1;7;TIPAERUI (CV);;
536567765;10;11;2024;17:40;5;35;35229;2;6;1;2;rond-point de Beauvais - D178;;
536567766;22;6;2024;12:45;1;974;97416;1;1;1;7;PETIT FRERE(CHEMIN);;
536567767;10;11;2024;17:10;2;80;80570;2;1;1;3;36 Rue Victor Gaillard;;
536567768;21;6;2024;23:25;5;973;97302;2;1;1;7;BADUEL (ROUTE DE);;
536567769;7;11;2024;18:52;5;13;13210;2;1;1;3;A50-Sens Marseille vers Aubagne;;
536567770;21;6;2024;19:20;5;973;97302;1;6;1;2;LEBLOND (ROND POINT);;
536567771;22;6;2024;04:50;5;972;97209;2;1;1;6;PAUL NARDAL (AVENUE);;
536567772;11;11;2024;14:36;1;92;92002;1;1;1;4;AUTOROUTE A10;;
536567773;22;6;2024;15:26;1;2B;2B033;2;1;1;3;AV DE LA LIBERATION;;
536567774;22;6;2024;15:35;1;95;95428;2;1;1;6;DOCTEUR DEMIRLEAU (RUE DU);;
536567775;11;11;2024;15:18;1;91;91689;1;1;1;6;AUTOROUTE A6B;;
536567776;22;6;2024;00:10;3;95;95074;2;1;2;1;D922;;
536567777;11;11;2024;09:22;1;91;91235;1;1;1;7;RN 104;;
536567778;22;6;2024;20:30;1;95;95063;2;1;1;6;FRANCIS DE PRESSENSE (RUE);;
536567779;21;6;2024;18:10;1;91;91589;2;1;1;6;RUE DANIEL NIORD;;
536567780;11;11;2024;01:29;3;77;77296;1;1;1;2;A5b;;
536567781;30;10;2024;14:45;1;44;44109;2;6;1;7;Rue des Dervalières;;
536567782;22;6;2024;05:55;1;88;88160;2;2;1;3;BOULAY-DE-LA-MEURTHE (RUE);;
536567783;30;10;2024;12:40;1;44;44109;2;1;1;7;Boulevard des ations Unies;;
536567784;21;8;2024;23:35;3;84;84019;1;1;1;2;A7;;
536567785;22;6;2024;18:45;1;84;84035;1;3;1;3;ROBION-RD2 (ROUTE DE);;
536567786;28;7;2024;00:10;5;84;84003;2;1;1;1;Rue Saint-Lazare;;
536567787;25;7;2024;14:50;1;84;84054;2;1;1;7;990 Avenue du Partage des Eaux;;
536567788;22;6;2024;03:40;4;84;84035;2;1;1;1;MARSEILLE-RD938 (ROUTE DE);;
536567789;11;7;2024;22:25;5;84;84031;2;1;1;7;ZOLA BOULEVARD EMILE;;
536567790;22;6;2024;20:27;1;84;84007;2;1;1;1;MORIERES (Route de );;
536567791;24;6;2024;21:05;2;84;84052;1;1;1;1;Route de la Tour d?Aigues;;
536567792;22;6;2024;15:21;1;83;83137;2;1;1;3;15EME CORPS (AVE DU);;
536567793;22;6;2024;05:30;2;81;81065;2;1;1;2;60 Rue Ernest Barthe;;
536567794;3;7;2024;10:40;1;14;14322;1;2;1;6;Route des Flagues;;
536567795;22;6;2024;20:45;1;80;80021;2;1;1;6;Rue Eloi Morel;;
536567796;10;11;2024;10:30;1;2B;2B120;2;1;1;2;IMPERIALE (Route) D464;;
536567797;22;6;2024;01:30;3;78;78372;2;1;8;6;EUROPE (AVENUE DE L');;
536567798;22;6;2024;18:48;1;77;77296;2;1;1;6;RUE DENIS PAPIN;;
536567799;9;11;2024;19:30;3;971;97113;1;1;2;5;SECTION LEROUX;;
536567800;22;6;2024;03:05;5;77;77445;2;1;1;6;ROUGEAU (RUE DE);;
536567801;21;6;2024;16:00;1;76;76108;2;3;1;3;Rue de la Republique;;
536567802;9;11;2024;19:35;3;971;97101;1;1;1;4;RN1-  HAUTEUR DE SORTIE LAURICISQUE;;
536567803;10;11;2024;06:35;2;2A;2A004;2;1;1;6;CONVENTIONNEL SALICETTI CHRISTOPHE;;
536567804;21;6;2024;17:05;1;76;76324;1;1;1;2;RD 925;;
536567805;10;11;2024;02:15;3;90;90075;1;1;5;7;D13;;
536567806;21;6;2024;22:35;5;73;73065;2;3;2;2;PALAIS DE JUSTICE (PLACE DE);;
536567807;21;6;2024;18:05;1;73;73011;1;1;2;6;D925 PONT ALBERTIN;;
536567808;10;11;2024;13:52;1;80;80021;2;1;1;3;Rue de Paris;;
536567809;10;11;2024;18:40;5;77;77373;2;2;1;2;RUE DES PRES SAINT MARTIN;;
536567810;22;6;2024;20:50;2;69;69266;2;2;8;3;160 Rue Anatole France;;
536567811;21;6;2024;18:05;1;66;66136;1;1;1;2;RD 900;;
536567812;10;11;2024;19:20;5;77;77096;2;1;1;6;GALLIENI (AVENUE);;
536567813;22;6;2024;23:25;4;61;61001;2;2;1;3;Voie Communale;;
536567814;21;6;2024;16:45;1;59;59122;2;2;9;1;DE GAULLE (RUE DU GENERAL);;
536567815;9;11;2024;18:50;1;77;77169;2;1;1;2;D361;;
536567816;22;6;2024;17:15;1;56;56121;2;1;1;1;Rue Jean Le Coutaller;;
536567817;10;11;2024;00:45;3;76;76575;1;1;2;2;Boulevard Lénine;;
536567818;22;6;2024;12:00;1;54;54578;2;2;2;3;Boulevard des Aiguillettes;;
536567819;22;6;2024;21:25;2;51;51454;2;1;8;7;AVIATION (RUE);;
536567820;22;6;2024;19:15;1;51;51573;2;1;1;2;PERI (RUE GABRIEL);;
536567821;10;11;2024;16:15;1;74;74298;2;3;1;3;LIVRON (ROUTE DE);;
536567822;10;11;2024;18:35;5;73;73065;2;6;1;3;D991 CEDRES (ROND POINT DES);;
536567823;21;6;2024;16:45;1;51;51454;2;1;1;4;CHAMPAGNE   (  AVENUE DE);;
536567824;22;6;2024;07:26;1;49;49267;2;6;1;7;BOIS RINIER;;
536567825;10;11;2024;22:10;5;68;68066;2;1;8;3;Route de Neuf-Brisach;;
536567826;22;6;2024;01:15;5;42;42218;2;1;1;6;Rue des Alliés;;
536567827;10;11;2024;11:35;1;64;64269;2;3;1;1;PIERRE DE BELSUNCE;;
536567828;22;6;2024;05:05;2;41;41295;1;1;2;7;D951;;
536567829;10;11;2024;04:35;5;64;64445;2;1;1;6;JEAN MERMOZ;;
536567830;22;6;2024;19:10;1;38;38179;2;3;8;3;AVENUE GABRIEL PÉRI;;
536567831;22;6;2024;18:10;1;38;38185;2;1;1;6;JEAN PAIN (BOULEVARD);;
536567832;10;11;2024;02:50;5;59;59017;2;2;1;3;RESISTANTS (RUE DES );;
536567833;4;11;2024;17:43;5;54;54280;2;9;1;6;Rue Saint Robert;;
536567834;22;6;2024;12:05;1;37;37233;2;3;1;6;JAURES (RUE JEAN);;
536567835;21;6;2024;16:50;1;37;37261;2;9;1;2;MARECHAL JUIN (BD);;
536567836;22;6;2024;01:30;3;34;34129;1;1;1;1;D116;;
536567837;9;11;2024;15:35;1;50;50218;2;1;1;4;VENDEENS (AV DES);;
536567838;21;6;2024;14:30;1;31;31555;2;3;1;3;BLAGNAC (ROUTE DE);;
536567839;22;6;2024;05:30;3;29;29232;2;1;1;6;Boulevard Louis le Guennec;;
536567840;8;11;2024;18:07;3;47;47323;1;2;1;3;RN 21;;
536567841;22;6;2024;14:47;1;28;28134;2;6;1;3;ROND POINT DES CHATELETS;;
536567842;23;6;2024;01:35;5;22;22278;2;1;1;6;VOLTAIRE;;
536567843;10;11;2024;10:30;1;42;42187;2;3;8;3;Rue de Charlieu;;
536567844;21;6;2024;17:05;1;21;21054;2;3;1;3;GAULLE (AVENUE DU GENERAL DE);;
536567845;22;6;2024;21:44;5;19;19031;2;1;1;6;BRUNE (BOULEVARD);;
536567846;22;6;2024;12:30;1;19;19031;2;6;2;3;CHAUMEIL (RUE PIERRE);;
536567847;10;11;2024;18:15;5;38;38185;2;1;1;4;AVENUE LA BRUYÈRE;;
536567848;21;6;2024;18:06;1;19;19031;2;1;1;6;JAURES (AVENUE JEAN);;
536567849;10;11;2024;18:40;5;38;38185;2;1;1;2;COURS JEAN JAURÈS;;
536567850;22;6;2024;14:40;1;14;14366;2;2;1;3;24 Boulevard Duchesne Fournet;;
536567851;22;6;2024;22:17;5;13;13210;2;1;2;6;ROMAIN ROLLAND (BOULEVARD);;
536567852;10;11;2024;06:15;5;37;37261;2;1;1;1;MIRABEAU (PONT);;
536567853;22;6;2024;03:00;5;13;13208;2;1;1;5;PRADO (AVENUE DU);;
536567854;22;6;2024;05:30;2;13;13203;2;3;1;1;GÉNÉRAL LECLERC (RUE);;
536567855;10;11;2024;04:30;5;35;35238;2;1;1;6;MIRABEAU;;
536567856;18;6;2024;16:30;1;13;13205;2;2;1;5;SAKAKINI (BOULEVARD);;
536567857;9;11;2024;23:40;3;35;35278;1;1;1;6;CHENAY HUE  (LIEU DIT);;
536567858;23;6;2024;00:16;5;10;10387;2;9;1;7;REPUBLIQUE (RUE DE LA );;
536567859;22;6;2024;20:43;1;10;10387;2;1;1;7;Boulevard Danton;;
536567860;21;6;2024;18:40;1;07;07102;2;6;1;3;Jean MOULIN (Rue);;
536567861;11;11;2024;00:20;5;34;34172;2;2;1;3;SORBES (RUE DE LAS;;
536567862;21;6;2024;11:10;1;75;75116;2;1;2;2;BD PERIPHERIQUE EXTERIEUR;;
536567863;21;6;2024;10:01;1;75;75120;2;3;2;6;AVENUE DE LA PORTE DE BAGNOLET;;
536567864;8;11;2024;15:50;1;34;34116;2;1;1;6;COMTE DE NICE (AVENUE DU);;
536567865;22;6;2024;01:30;5;75;75106;2;1;1;3;PONT NEUF;;
536567866;22;6;2024;00:30;5;75;75111;2;2;2;1;AVENUE PHILIPPE AUGUSTE;;
536567867;22;6;2024;17:20;1;75;75118;2;2;1;3;BOULEVARD BARBES;;
536567868;10;11;2024;14:20;1;29;29232;2;6;1;3;Rond-Point de Ludugris;;
536567869;22;6;2024;20:05;1;75;75115;2;2;1;6;BOULEVARD PASTEUR;;
536567870;9;11;2024;15:30;1;29;29232;2;1;1;1;Rue de Kerfeunteun;;
536567871;10;11;2024;03:10;5;25;25056;2;1;1;6;BELFORT RUE DE (inf144);;
536567872;22;6;2024;16:30;1;75;75115;2;2;1;3;RUE DE LA CONVENTION;;
536567873;10;11;2024;11:35;1;17;17306;2;3;1;6;POSTE (ROND POINT DE LA);;
536567874;22;6;2024;19:05;1;75;75112;2;3;1;2;RUE DU SAHEL;;
536567875;22;6;2024;20:30;1;75;75111;2;3;1;3;RUE DE MONTREUIL;;
536567876;10;11;2024;05:05;5;15;15014;2;4;5;6;Route de Belbex;;
536567877;22;6;2024;09:40;1;75;75110;2;1;1;7;BOULEVARD DE LA VILLETTE;;
536567878;22;6;2024;00:45;5;75;75108;2;3;1;3;RUE DE LA VILLE L EVEQUE;;
536567879;10;11;2024;21:30;3;13;13056;1;9;1;7;REVEILLA;;
536567880;22;6;2024;00:20;5;75;75107;2;1;2;2;QUAI D ORSAY;;
536567881;22;6;2024;13:55;1;94;94076;2;1;1;1;Avenue de la République;;
536567882;21;6;2024;19:55;1;94;94073;2;2;1;2;Avenue de Versailles / Rue simone veil;;
536567883;9;11;2024;17:00;5;13;13001;2;2;1;3;ROI RENE (BD DU);;
536567884;21;6;2024;23:55;5;94;94054;2;9;2;6;Route Charles Tillon;;
536567885;22;6;2024;04:45;5;77;77291;2;1;2;1;CHAPIT RE ( RUE DU);;
536567886;10;11;2024;09:20;1;10;10081;2;1;1;6;JEAN ZAY (RUE);;
536567887;22;6;2024;20:00;1;93;93066;2;1;1;6;Rue d'Eaubonne;;
536567888;22;6;2024;04:00;5;93;93046;2;1;1;7;Avenue Aristide Briand;;
536567889;22;6;2024;01:20;4;93;93015;2;1;2;1;Rue Raoul Larche;;
536567890;22;6;2024;18:00;1;93;93057;2;2;1;3;Allée Monthyon / Allée Marie-Louise;;
536567891;10;11;2024;15:45;1;08;08105;2;1;1;3;NOUZONVILLE;;
536567892;22;6;2024;00:10;5;92;92072;2;2;2;6;Maréchal Juin (Quai);;
536567893;22;6;2024;03:00;5;92;92044;2;2;1;3;PDT WILSON(RUE)133A149 ET 132A144;;
536567894;22;6;2024;00:15;4;92;92036;1;9;2;6;SORTIE A 86;;
536567895;21;6;2024;22:30;5;92;92004;2;1;1;3;GRESILLONS (AVENUE DES) (47/101);;
536567896;22;6;2024;10:20;1;92;92032;2;1;2;6;CLAUDE AUGUSTIN (RUE);;
536567897;22;6;2024;12:44;1;92;92007;2;6;3;6;STALINGRAD (AVENUE DE);;
536567898;22;6;2024;05:25;5;92;92007;2;5;2;3;MEUNIERS (RUE DES);;
536567899;10;11;2024;16:15;1;75;75118;2;4;1;2;BOULEVARD PERIPHERIQUE INTERIEUR NORD;;
536567900;22;6;2024;23:30;5;54;54509;2;1;1;6;Rue de Lorraine;;
536567901;15;6;2024;01:30;3;35;35168;1;6;1;6;Rond Point Bellevue;;
536567902;10;11;2024;14:20;1;75;75119;2;2;1;3;AVENUE SIMON BOLIVAR;;
536567903;23;6;2024;03:15;3;2A;2A127;1;1;1;6;T40;;
536567904;8;11;2024;17:00;1;75;75116;2;1;1;6;AVENUE PAUL DOUMER;;
536567905;22;6;2024;11:35;1;06;06149;2;1;1;1;4 Boulevard Riba Roussa;;
536567906;23;6;2024;18:50;1;95;95487;2;1;1;6;MAURICE THOREZ (AVENUE);;
536567907;10;11;2024;15:40;1;75;75115;2;3;1;3;AVENUE EMILE ZOLA;;
536567908;21;6;2024;10:45;1;36;36233;1;1;3;1;Route de Valencay;;
536567909;23;6;2024;12:15;1;63;63004;2;1;1;6;90 les jarrasses;;
536567910;10;11;2024;13:00;1;75;75115;2;2;1;3;BOULEVARD VICTOR;;
536567911;23;6;2024;08:30;1;974;97414;2;1;1;3;99 Route Hubert Delisle;;
536567912;22;6;2024;03:00;3;58;58048;1;1;2;6;c2;;
536567913;10;11;2024;12:10;1;75;75114;2;2;1;6;BOULEVARD BRUNE;;
536567914;13;6;2024;17:30;1;06;06046;1;1;1;4;94 Route de Grenoble;;
536567915;9;11;2024;23:15;5;75;75108;2;1;1;6;AVENUE DELCASSE;;
536567916;10;11;2024;23:40;5;75;75108;2;2;1;2;AVENUE DES CHAMPS ELYSEES;;
536567917;21;6;2024;17:15;1;971;97132;2;1;1;2;route de grande anse;;
536567918;23;6;2024;01:40;3;68;68156;1;1;8;6;D430;;
536567919;9;11;2024;23:20;5;75;75102;2;1;1;3;BOULEVARD DE BONNE NOUVELLE;;
536567920;22;6;2024;15:30;1;37;37170;1;1;1;2;A28 , PK 41;;
536567921;10;11;2024;23:25;5;94;94033;2;5;1;3;Boulevard de Verdun;;
536567922;22;6;2024;11:00;1;35;35024;1;1;1;6;Roullefort;;
536567923;23;6;2024;02:00;3;56;56234;1;1;1;2;Route de Quiberon;;
536567924;10;11;2024;14:30;1;94;94022;2;2;1;3;Rue du Four;;
536567925;23;6;2024;11:45;1;77;77066;1;3;1;3;N4;;
536567926;9;11;2024;15:20;1;94;94054;2;3;8;1;Rue des Aubépines;;
536567928;10;11;2024;18:00;5;93;93078;2;1;1;6;BALLANGER (BD ROBERT);;
536567929;23;6;2024;16:15;1;2B;2B208;1;1;8;7;molinone;;
536567930;10;11;2024;17:59;5;93;93039;2;1;1;5;MARINE (QUAI DE LA );;
536567931;18;12;2024;07:45;2;34;34270;1;9;1;3;Autorouite A 709, PK 19.100, sens Sud Nord;;
536567932;10;11;2024;01:50;3;93;93077;2;3;5;3;RAINCY (AVENUE DU);;
536567933;6;12;2024;14:00;1;77;77295;1;1;7;1;voie communale numéro 2;;
536567934;10;11;2024;17:00;2;93;93055;2;3;1;3;JEAN LOLIVE (AVENUE)(75/105.88/106);;
536567935;3;12;2024;05:08;2;78;78601;1;1;1;3;route nationale 10;;
536567936;10;11;2024;02:55;5;93;93031;2;4;2;6;DE LATTRE DE TASSIGNY (1 A 51);;
536567937;18;12;2024;10:49;1;2B;2B057;1;1;1;3;RT10;;
536567938;12;12;2024;17:00;2;30;30258;2;1;1;7;Avenue des Costieres;;
536567939;10;11;2024;01:15;5;93;93029;2;2;5;3;ANATOLE FRANCE;;
536567940;16;12;2024;15:35;1;13;13041;2;6;7;3;Chemin des Pres;;
536567941;10;11;2024;19:40;5;92;92049;2;1;1;2;VERDIER AVENUE AUTRES N°;;
536567942;18;12;2024;01:00;3;89;89206;1;6;1;6;rd 606;;
536567943;10;11;2024;12:20;1;92;92002;2;1;2;2;RAYMON ARON (AVENUE);;
536567944;18;12;2024;10:35;1;55;55122;2;1;1;6;Rue Cochard Mourot;;
536567945;11;11;2024;02:30;3;972;97204;2;1;2;3;ROUTE NATIONALE 02;;
536567946;11;12;2024;17:40;3;63;63263;1;1;2;4;D942;;
536567947;9;11;2024;02:45;3;971;97109;1;1;2;1;RN1;;
536567948;6;11;2024;20:16;3;34;34036;1;1;1;6;A75 PK 279+850;;
536567949;5;11;2024;08:20;1;63;63141;2;1;1;6;avenue de la Paix;;
536567950;10;11;2024;17:50;5;30;30135;2;3;1;3;11 Rue Theophile Michel;;
536567951;17;12;2024;17:25;3;69;69216;1;1;5;6;Route Départementale 24;;
536567952;8;11;2024;17:00;1;06;06108;2;1;1;6;128 Avenue de la Republique;;
536567953;18;12;2024;17:30;2;09;09306;2;1;1;6;Avenue de Sabart;;
536567954;10;11;2024;07:10;2;45;45088;2;1;5;1;1 Place du Chateau;;
536567955;17;12;2024;10:40;1;17;17240;2;1;1;6;34 Avenue de Royan;;
536567956;11;11;2024;05:40;3;27;27179;1;6;2;6;D834;;
536567957;17;12;2024;06:30;3;64;64501;1;1;9;6;RD933;;
536567958;18;12;2024;07:00;5;29;29042;2;1;1;6;route de Lanvéoc;;
536567959;18;12;2024;15:50;1;76;76541;1;1;8;1;D6015;;
536567960;16;12;2024;13:15;1;13;13088;1;1;1;7;A55-Sens Martigues vers Marseille;;
536567961;16;12;2024;13:00;1;13;13005;1;1;1;6;A50-Sens Aubagne vers Toulon;;
536567962;16;12;2024;00:02;3;13;13026;1;1;1;2;A55-Sens Martigues vers Marseille;;
536567963;7;11;2024;12:05;1;30;30037;2;3;1;3;D746;;
536567964;8;11;2024;22:20;5;987;98738;2;1;1;7;ROUTE DE LA PUNARUU;;
536567965;17;12;2024;10:40;1;83;83137;1;1;1;5;A50 TUNNEL TUBE SUD;;
536567966;21;10;2024;09:35;1;04;04127;1;1;1;2;autoroute a 51 PK 102.300;;
536567967;16;12;2024;18:30;3;83;83062;2;1;1;2;A570;;
536567968;10;11;2024;17:30;3;06;06152;1;1;1;7;100 Chemin des Clausonnes;;
536567969;4;11;2024;18:40;5;01;01249;2;1;1;7;Rue du Figuier;;
536567971;14;12;2024;19:18;3;62;62634;1;1;1;6;A16;;
536567972;10;11;2024;05:30;3;14;14762;1;1;1;6;D150;;
536567973;13;11;2024;07:00;2;59;59431;1;1;1;3;AUTOROUTE A25;;
536567974;8;11;2024;11:00;1;56;56178;2;1;1;6;Rue Leperdit;;
536567975;11;11;2024;00:45;3;59;59582;1;6;1;3;D642;;
536567976;17;12;2024;07:30;2;91;91661;1;1;2;5;AUTOROUTE A10;;
536567977;8;11;2024;09:30;1;13;13056;1;1;1;2;A55-Sens Martigues vers Marseille;;
536567978;17;12;2024;05:30;3;91;91570;1;1;2;2;RN 104;;
536567979;10;11;2024;05:25;3;13;13215;1;1;1;2;A7-Sens Marseille vers Lyon;;
536567980;16;12;2024;11:00;1;92;92036;1;1;8;2;A86;;
536567981;10;11;2024;01:10;3;13;13211;1;1;1;3;A50-Sens Aubagne vers Marseille;;
536567982;17;12;2024;20:00;3;95;95527;1;1;1;2;A3;;
536567983;10;11;2024;02:12;3;13;13211;1;1;1;6;A50-Sens Aubagne vers Marseille;;
536567984;17;12;2024;19:00;3;95;95351;1;1;1;2;N104;;
536567985;17;12;2024;08:20;1;93;93010;1;1;1;2;AUTOROUTE A3;;
536567986;16;12;2024;17:00;3;93;93008;1;1;1;3;AUTOROUTE A86;;
536567987;9;11;2024;18:44;2;13;13210;2;1;1;2;Tunnel Prado Carénage;;
536567988;16;12;2024;05:20;3;95;95604;1;1;1;6;A1;;
536567989;8;11;2024;20:45;3;13;13215;1;1;2;2;A7-Sens Lyon vers Marseille;;
536567990;15;12;2024;20:05;3;93;93027;1;1;2;2;AUTOROUTE A1;;
536567991;9;11;2024;19:00;3;69;69276;1;1;1;5;Route Départementale 301;;
536567992;17;12;2024;14:10;1;94;94046;1;1;1;3;A86;;
536567993;9;11;2024;05:30;3;42;42207;1;1;1;6;N88;;
536567994;16;12;2024;18:35;3;93;93051;1;1;2;3;A4;;
536567995;16;12;2024;10:00;1;77;77249;1;1;2;1;RN104;;
536567996;9;11;2024;05:30;3;42;42207;1;1;1;4;N88;;
536567997;16;12;2024;07:30;2;77;77122;1;1;2;6;RN104;;
536567998;10;11;2024;07:50;2;92;92002;1;1;1;2;AUTOROUTE A10;;
536567999;17;8;2024;15:20;1;974;97411;2;1;1;7;TECOMAS (RUE DES);;
536568000;9;11;2024;16:38;1;92;92025;1;1;1;2;A86;;
536568001;8;6;2024;18:45;5;974;97411;2;1;1;6;MAHY (FRANCOIS DE);;
536568002;10;11;2024;10:35;1;95;95212;1;1;1;6;N104;;
536568003;29;5;2024;14:20;2;974;97411;2;1;8;2;BERTIN;;
536568004;9;11;2024;06:40;3;95;95582;1;1;1;6;A15;;
536568005;9;11;2024;21:45;5;988;98818;2;2;1;1;ROUTE DE L'ANSE VATA/RUE EDOUARD GLASSER;;
536568006;14;3;2024;19:00;5;974;97409;2;4;1;5;BRETELLE SORTIE RN2 ROCADE SUD;;
536568007;9;11;2024;00:24;5;987;98735;2;1;1;7;FARE UTE;;
536568008;16;12;2024;00:50;5;75;75119;2;1;2;6;BD PERIPHERIQUE EXTERIEUR;;
536568009;9;11;2024;13:40;1;974;97416;1;1;1;2;RN1 (ROUTE NATIONALE);;
536568010;16;12;2024;17:33;4;75;75117;2;7;1;3;AVENUE DES TERNES;;
536568011;8;11;2024;16:29;1;974;97416;2;1;1;3;CAYENNE (RUE DE LA);;
536568012;16;12;2024;08:30;1;75;75118;2;2;2;3;BOULEVARD NEY;;
536568013;16;12;2024;18:20;5;75;75116;2;1;1;3;AVENUE VICTOR HUGO;;
536568014;8;11;2024;16:20;1;974;97407;1;2;1;3;MURAT CHANOINE(RUE);;
536568015;16;12;2024;07:40;5;75;75114;2;7;2;6;AVENUE DU MAINE;;
536568016;1;11;2024;08:35;5;973;97302;2;2;1;3;JUILLET (RUE DU 14);;
536568017;16;12;2024;08:10;2;75;75113;2;2;2;2;AVENUE DES GOBELINS;;
536568018;8;11;2024;18:40;5;69;69383;2;3;1;1;Rue Antoine Charial;;
536568019;16;12;2024;14:49;1;75;75110;2;1;8;3;QUAI DE VALMY;;