Num_Acc;jour;mois;an;hrmn;lum;dep;com;agg;int;atm;col;adr;lat;long
536568353;10;4;2024;10:25;1;50;50218;2;1;1;2;Rue du Fourneau;;
536568354;2;3;2024;21:10;3;93;93027;1;1;2;3;A86;;
536568355;10;4;2024;06:55;2;49;49007;2;2;1;3;BIRGE BOULEVARD;;
536568356;2;3;2024;20:00;3;95;95604;1;1;2;1;A1;;
536568357;9;4;2024;17:30;1;49;49007;2;1;1;3;MENDES FRANCE PLACE;;
536568358;2;3;2024;15:40;1;93;93064;1;1;3;7;A86;;
536568359;9;4;2024;22:00;3;44;44184;1;1;1;2;Route du Point du Jour;;
536568360;3;3;2024;20:10;3;77;77438;1;1;1;6;RN104;;
536568361;10;4;2024;19:05;1;42;42071;2;1;1;6;Avenue de la Libération;;
536568362;3;3;2024;17:40;1;77;77053;1;1;1;2;RN104;;
536568363;9;4;2024;18:05;1;41;41018;2;3;1;3;BALZAC  (RUE HONORE DE);;
536568364;3;3;2024;12:07;1;94;94028;1;1;2;5;A86;;
536568365;9;4;2024;07:45;2;38;38185;2;7;3;6;PLACE DE LA RÉSISTANCE;;
536568366;2;3;2024;16:30;1;94;94022;1;1;3;2;A86;;
536568367;1;3;2024;20:20;3;77;77169;1;1;3;2;RN104;;
536568368;10;4;2024;20:38;2;37;37261;2;2;1;3;CHALMEL (RUE);;
536568369;2;3;2024;19:25;5;92;92025;2;1;3;3;VALMY 1 A 53   2 A 66 (BD DE);;
536568370;28;2;2024;10:27;1;87;87065;2;2;1;3;GROSSE PIERRE ( RUE DE LA  );;
536568371;10;4;2024;08:40;1;37;37261;2;6;1;3;SAINT LAZARE ( AVENUE);;
536568372;2;3;2024;04:00;3;974;97407;1;1;1;7;ROUTE NATIONALE N° 1;;
536568373;10;4;2024;07:10;2;37;37122;1;1;7;6;ROUTE DE SAVONNIERES;;
536568374;2;3;2024;06:25;1;973;97302;1;6;1;3;MARINGOUINS (ROND-POINT);;
536568375;2;3;2024;03:45;5;69;69382;1;1;1;6;Route de Métropole 6;;
536568376;9;4;2024;17:38;1;37;37261;2;2;1;3;SUEDE (RUE DE);;
536568377;16;2;2024;15:45;1;971;97101;1;1;1;5;RN1 ROCADE DE CHAUVEL;;
536568378;10;4;2024;11:20;1;35;35238;2;1;1;6;TOUR D'AUVERGNE (BD DE LA);;
536568379;2;3;2024;11:40;1;91;91549;2;1;3;2;CORBEIL (ROUTE DE);;
536568380;26;2;2024;17:25;1;84;84031;2;1;1;3;SAINT LABRE CHEMIN DE;;
536568382;2;3;2024;17:20;1;30;30011;1;3;1;3;ARAMON RUE D';;
536568383;10;4;2024;01:00;5;31;31555;2;9;1;6;RUE LOUIS PLANA;;
536568384;1;3;2024;17:10;1;83;83098;1;1;1;6;BROSSET (AVENUE DU GENERAL);;
536568385;2;3;2024;14:25;1;78;78551;2;5;2;3;ROOSEVELT (DU PRESIDENT);;
536568386;9;4;2024;16:25;1;31;31555;2;3;2;3;RUE DE SEBASTOPOL;;
536568387;2;3;2024;22:20;5;74;74012;2;1;1;3;BONNEVILLE (ROUTE DE);;
536568388;10;4;2024;10:00;1;29;29232;2;1;2;6;Route de Douarnenez;;
536568389;2;3;2024;17:25;1;71;71076;2;1;1;2;CASSIN (RUE RENE);;
536568390;9;4;2024;18:45;1;29;29019;2;1;1;6;avenue de l'Ecole Navale;;
536568391;20;1;2024;12:15;1;35;35238;2;3;1;6;LEBON (PHILIPPE);;
536568392;1;3;2024;23:22;3;65;65440;2;9;8;3;ALSACE LORRAINE (AVENUE);;
536568393;9;4;2024;08:55;1;29;29019;2;1;1;3;rue de Gouesnou;;
536568394;20;1;2024;13:20;1;34;34172;2;1;1;3;LODEVE (AVENUE DE;;
536568395;2;3;2024;16:00;1;64;64445;2;1;2;6;ETIGNY D';;
536568396;19;1;2024;16:20;1;34;34172;2;1;1;2;FAVRE DE SAINT CASTOR (RUE);;
536568397;9;4;2024;15:35;1;28;28134;1;1;1;5;RN12;;
536568398;20;1;2024;12:00;1;31;31483;2;1;1;2;Av du Pdt Francois Mitterrand;;
536568399;10;4;2024;21:45;5;28;28220;2;2;1;3;LIBERTE (RUE DE LA);;
536568400;2;3;2024;15:00;1;63;63113;2;1;1;3;CLOS NOTRE DAME (RUE DU);;
536568401;2;3;2024;01:07;3;63;63014;2;6;1;7;COURNON (AVENUE DE);;
536568402;20;1;2024;15:45;1;28;28220;2;1;1;3;LIBERTE (RUE DE LA);;
536568403;1;3;2024;07:00;2;62;62753;1;1;1;7;D 950;;
536568404;10;4;2024;08:50;1;27;27229;2;1;1;3;CITES UNIES (BOULEVARD DES);;
536568405;1;3;2024;17:15;1;61;61001;2;1;1;6;Voie Communale;;
536568406;10;4;2024;09:40;1;26;26362;2;1;1;6;Rue de Biberach;;
536568407;2;3;2024;15:20;1;59;59650;2;9;3;6;LIBERTE (BOULEVARD DE LA);;
536568408;20;1;2024;20:35;5;14;14118;2;2;1;3;4 Rue Montoir-Poissonnerie;;
536568409;12;2;2024;07:35;1;59;59368;2;1;1;3;DE GAULLE RUE DU GENERAL;;
536568410;10;4;2024;08:34;1;25;25462;2;2;1;6;GRENIER DOCTEUR;;
536568411;1;3;2024;23:55;5;59;59043;2;1;2;6;HAZEBROUCK (ROUTE D');;
536568412;19;1;2024;16:00;1;14;14118;2;3;9;3;Avenue du Général Dempsey;;
536568413;20;1;2024;05:10;5;13;13209;2;1;1;6;MAZARGUES (AVENUE DE);;
536568415;20;1;2024;01:20;5;75;75116;2;1;1;6;BD PERIPHERIQUE INTERIEUR;;
536568416;2;3;2024;10:50;1;56;56162;1;1;7;6;Boulevard de l'Atlantique;;
536568417;19;1;2024;09:50;1;75;75119;2;3;1;6;RUE ADOLPHE MILLE;;
536568418;10;4;2024;08:54;1;25;25462;1;6;1;3;ROCADE G.POMPIDOU (DU 25 A LA FIN);;
536568419;2;3;2024;20:00;5;54;54395;2;2;2;1;Rue Henri Bazin;;
536568420;19;1;2024;23:45;5;75;75116;2;7;1;6;AVENUE DU PRESIDENT WILSON;;
536568421;2;3;2024;12:45;1;51;51172;2;3;1;2;TAISSY (ROUTE);;
536568422;20;1;2024;17:40;5;75;75115;2;3;1;6;RUE LECOURBE;;
536568423;10;4;2024;11:30;1;25;25056;2;3;1;3;EDISON RUE THOMAS;;
536568424;3;3;2024;01:40;5;44;44109;2;1;1;6;30 Boulevard Jean Monnet;;
536568425;20;1;2024;13:20;1;75;75114;2;2;1;6;BOULEVARD DU MONTPARNASSE;;
536568427;10;4;2024;10:50;1;25;25056;2;3;1;3;POLYGONE RUE DU;;
536568428;2;3;2024;17:50;1;38;38185;2;1;8;1;Chemin des Alpins;;
536568429;20;1;2024;05:35;5;75;75114;2;3;1;2;BOULEVARD RASPAIL;;
536568430;10;4;2024;13:35;1;24;24037;2;1;1;6;BRIAND (AVENUE ARISTIDE);;
536568431;10;4;2024;11:25;1;22;22187;1;9;8;6;FONTAINE HUE (rue de la);;
536568432;20;1;2024;14:20;1;75;75113;2;3;1;7;RUE CHARLES FOURIER;;
536568433;2;3;2024;13:54;1;37;37261;2;1;3;4;WAGNER (BOULEVARD RICHARD);;
536568434;28;3;2024;08:25;1;19;19272;2;1;1;3;Lucien Sampeix (Av);;
536568435;1;3;2024;16:55;1;37;37261;2;1;1;6;STENDHAL (AVENUE);;
536568436;19;1;2024;08:55;1;75;75113;2;2;1;6;RUE DE TOLBIAC;;
536568437;10;4;2024;11:22;1;13;13209;2;1;1;2;SAINTE MARGUERITE (BOULEVARD);;
536568438;20;1;2024;18:56;5;75;75111;2;2;1;6;Rue Louis Bonnet;;
536568439;2;3;2024;14:15;1;35;35278;1;6;1;3;MAISON BLANCHE (ROND POINT DE);;
536568440;10;4;2024;14:45;1;13;13063;2;4;1;3;D 10;;
536568441;20;1;2024;00:25;5;75;75111;2;2;1;2;AVENUE DE LA REPUBLIQUE;;
536568443;2;3;2024;12:00;1;35;35238;1;1;1;4;RN136;;
536568445;2;3;2024;05:25;5;31;31555;2;1;1;7;PORT ST ETIENNE;;
536568446;20;1;2024;01:30;5;94;94041;2;1;2;3;Rue François Mitterrand;;
536568447;2;3;2024;19:10;2;26;26362;2;1;1;1;Avenue de la Liberation;;
536568448;9;4;2024;08:30;1;11;11069;2;1;8;1;ROCADE SUD RD 6161;;
536568449;20;1;2024;13:26;1;94;94033;2;1;1;3;Boulevard de Verdun;;
536568450;9;4;2024;19:45;1;10;10387;2;1;1;6;Rue des Marots;;
536568451;18;5;2024;05:05;3;29;29254;1;1;1;6;RN 12;;
536568452;3;3;2024;00:58;5;25;25056;2;2;1;3;CHURCHILL BD WINSTON;;
536568453;18;5;2024;09:55;1;29;29019;2;1;1;6;rue de Paris;;
536568454;20;1;2024;20:10;5;94;94017;2;1;8;2;Avenue Salvador Allendé;;
536568455;10;4;2024;14:56;1;06;06088;2;2;1;1;Rue Anatole de Monzie;;
536568456;2;3;2024;14:15;1;25;25056;2;6;1;3;MAROT RUE CLEMENT;;
536568457;18;5;2024;09:30;1;29;29019;2;2;1;6;rue de Quimper;;
536568458;20;1;2024;13:00;1;94;94069;2;1;1;2;Rue du Maréchal Leclerc;;
536568459;10;4;2024;19:00;1;06;06069;1;1;2;2;Route de la Paoute;;
536568460;17;5;2024;16:40;1;27;27375;2;1;1;6;JOFFRE (BOULEVARD DU ML);;
536568461;19;1;2024;20:05;5;94;94028;2;3;8;3;Avenue Georges Duhamel / Rue Henri Doucet;;
536568462;2;3;2024;08:45;1;22;22278;2;1;1;4;RAHUEL (DOCTEUR);;
536568463;18;5;2024;13:40;1;22;22278;2;1;1;1;LEGUE (DU);;
536568464;10;4;2024;08:05;1;06;06069;2;1;1;3;3 Avenue Yves Emmanuel Baudoin;;
536568465;20;1;2024;06:45;5;93;93066;2;1;1;1;Rue du Landy;;
536568466;2;3;2024;15:20;1;18;18279;2;1;2;2;1010 Avenue du 8 Mai 1945;;
536568467;17;5;2024;17:37;1;22;22360;1;1;1;2;RD 222;;
536568468;13;3;2024;09:00;1;05;05061;1;1;1;6;RD944;;
536568469;18;5;2024;22:50;5;14;14225;2;1;1;1;16 Rue Pierre Loti;;
536568470;20;1;2024;21:25;5;93;93064;2;3;1;6;Rue Etienne Dolet / Boulevard de la Boissière;;
536568471;17;5;2024;22:45;3;11;11069;2;1;3;3;ROCADE OUEST RD 6161;;
536568472;10;4;2024;20:50;2;75;75119;2;2;1;3;AVENUE CORENTIN CARIOU;;
536568473;20;1;2024;21:15;5;93;93031;2;2;9;3;Avenue de la République / Avenue de la Marne;;
536568474;3;3;2024;00:55;5;13;13206;2;3;3;3;LIEUTAUD (COURS);;
536568475;10;4;2024;09:20;1;75;75119;2;1;1;6;RUE DE BELLEVILLE;;
536568476;19;5;2024;02:20;5;10;10387;2;1;1;6;MIMOSAS (RUE DES);;
536568477;20;1;2024;18:55;5;93;93014;2;2;9;6;Allée Romain Rolland / Allée de Gagny;;
536568478;2;3;2024;23:30;5;13;13213;2;1;2;1;MERLAN (AVENUE DU);;
536568479;20;1;2024;13:20;1;93;93005;2;9;1;6;Centre Commercial Parinor;;
536568480;10;4;2024;09:00;1;75;75118;2;2;1;6;RUE DE CLIGNANCOURT;;
536568481;2;3;2024;09:15;1;13;13201;2;9;1;2;BELGES (QUAI DES);;
536568482;20;1;2024;12:50;1;92;92062;2;1;1;2;BELLINI (RUE);;
536568483;18;5;2024;11:10;1;09;09225;1;1;1;4;ROUTE NATIONALE 20;;
536568484;10;4;2024;10:37;1;75;75115;2;3;1;6;PLACE JACQUES MARETTE;;
536568485;2;3;2024;02:30;5;13;13208;2;1;1;1;MENDES FRANCE (AVENUE);;
536568486;20;1;2024;18:30;5;92;92024;2;9;1;6;HENRI BARBUSSE (RUE) DE (1 A 73)   (2 A;;
536568487;10;4;2024;15:05;1;75;75110;2;1;1;7;BOULEVARD DE MAGENTA;;
536568488;18;5;2024;15:30;1;06;06069;2;1;1;2;94 Av Mal de Lattre de Tassigny;;
536568489;18;2;2024;09:16;1;13;13209;2;1;1;2;LANCIER (CHEMIN DU);;
536568490;20;1;2024;16:45;1;01;01261;1;4;7;3;route departementale 6;;
536568491;17;5;2024;15:17;1;06;06123;2;1;1;2;Route du Bord de Mer;;
536568492;10;4;2024;19:26;1;75;75108;2;2;1;4;BOULEVARD MALESHERBES;;
536568493;2;3;2024;18:45;3;13;13001;1;1;2;1;PETITE RTE DES MILLES (RTE);;
536568494;18;5;2024;22:55;5;05;05023;2;6;1;6;SOIE (RUE DE LA);;
536568495;20;1;2024;01:00;5;62;62053;2;1;4;6;D92;;
536568496;2;3;2024;06:55;1;13;13001;2;1;1;2;ENFANT (RTE DE L');;
536568497;10;4;2024;13:50;1;75;75108;2;3;1;6;PLACE FRANCOIS 1ER;;
536568498;17;5;2024;13:45;1;01;01053;2;1;1;3;MARBOZ (AVENUEDE - PAIRS);;
536568499;21;1;2024;08:55;1;77;77235;1;1;1;6;A4 - PK 060.200 vers province;;
536568500;1;3;2024;16:44;1;11;11262;2;1;1;3;15 Boulevard du General de Gaulle;;
536568501;18;5;2024;18:55;1;75;75120;2;4;1;3;BD PERIPHERIQUE INTERIEUR;;
536568502;10;4;2024;17:44;1;75;75102;2;2;1;2;BOULEVARD DES ITALIENS;;
536568503;19;1;2024;16:15;1;972;97231;2;1;1;1;Av de l?Imperatrice Josephine;;
536568504;2;3;2024;19:00;5;06;06069;2;1;2;2;Route de Cannes;;
536568505;18;5;2024;09:55;1;75;75114;2;1;1;5;BD PERIPHERIQUE INTERIEUR;;
536568506;9;4;2024;19:55;1;94;94081;2;2;2;3;Boulevard de Stalingrad / Rue de la Concorde;;
536568507;21;1;2024;00:05;3;63;63116;1;1;8;6;D19;;
536568508;22;2;2024;10:53;1;05;05061;2;1;2;2;LADOUCETTE ( COURS );;
536568509;8;4;2024;18:15;1;94;94068;2;1;1;6;Villa Camus;;
536568510;20;1;2024;17:15;2;86;86070;1;1;1;6;Route de la Chapelle Viviers;;
536568511;17;5;2024;19:30;1;75;75116;2;1;1;5;PORTE DAUPHINE;;
536568512;2;3;2024;15:00;1;05;05023;2;1;2;6;159° RIA (AVENUE DU);;
536568513;20;1;2024;14:30;1;85;85215;2;6;1;7;RD 137;;
536568514;10;4;2024;09:00;1;93;93078;2;6;1;2;Boulevard Robert Ballanger / Avenue Georges Clémenceau;;
536568515;20;1;2024;19:35;3;30;30315;1;1;1;7;N100;;
536568516;17;5;2024;15:10;1;75;75104;2;3;1;4;BOULEVARD HENRI IV;;
536568517;10;4;2024;01:40;5;93;93071;2;1;1;6;Avenue Ernest Pivot;;
536568518;1;3;2024;13:50;1;75;75112;2;1;1;2;BD PERIPHERIQUE EXTERIEUR;;
536568519;18;5;2024;02:15;4;75;75120;2;1;1;2;RUE PELLEPORT;;
536568520;21;1;2024;15:40;1;30;30286;1;9;1;3;D981;;
536568521;1;3;2024;17:20;2;75;75106;2;5;8;6;BOULEVARD SAINT MICHEL;;
536568522;10;4;2024;17:00;1;93;93048;2;2;1;6;Rue Alexis Lepere / Rue des Caillots;;
536568523;18;5;2024;22:30;5;75;75119;2;3;1;3;BOULEVARD DE LA VILLETTE;;
536568524;19;1;2024;20:40;3;62;62817;1;1;4;1;D60;;
536568525;21;1;2024;03:35;3;61;61303;1;1;4;6;A88;;
536568526;18;5;2024;10:30;1;75;75116;2;2;1;6;RUE LARGILLIERE;;
536568527;10;4;2024;16:18;1;93;93046;2;3;1;3;Avenue du Consul General Nordling / Rue Léon Jouhaux;;
536568528;2;3;2024;15:20;1;75;75106;2;4;2;3;RUE D ASSAS;;
536568529;20;1;2024;19:30;3;56;56040;1;1;1;1;Kerchopine;;
536568530;10;4;2024;17:30;1;93;93057;2;1;1;6;Boulevard Pasteur;;
536568531;20;1;2024;10:00;1;11;11206;2;1;7;6;47 Rue Jean Jaures;;
536568532;18;5;2024;02:00;5;75;75116;2;2;1;3;AVENUE GEORGES MANDEL;;
536568533;2;3;2024;16:48;2;75;75118;2;8;3;6;BOULEVARD NEY;;
536568534;18;5;2024;00:05;5;75;75116;2;4;1;6;AVENUE DE VERSAILLES;;
536568535;2;3;2024;19:45;5;75;75117;2;5;2;1;AVENUE DE LA PORTE D ASNIERES;;
536568536;10;4;2024;21:55;5;93;93007;2;3;1;3;Avenue Aristide Briand / Avenue Marcel Alizard;;
536568537;18;5;2024;15:40;1;75;75115;2;2;1;6;BOULEVARD LEFEBVRE;;
536568538;2;3;2024;02:00;5;75;75117;2;3;1;2;AVENUE DE CLICHY;;
536568539;10;4;2024;17:00;1;93;93007;2;1;1;3;Avenue Paul Vaillant Couturier;;
536568540;20;1;2024;17:10;1;71;71468;1;1;1;3;Route de la Rouelle;;
536568541;18;5;2024;11:30;1;75;75112;2;2;1;3;AVENUE DU TREMBLAY;;
536568542;1;3;2024;20:45;5;75;75116;2;1;2;6;AVENUE DE VERSAILLES;;
536568543;10;4;2024;08:27;1;92;92073;2;1;1;2;SELLIER (BOULEVARD HENRI);;
536568544;20;1;2024;17:00;1;63;63457;1;3;1;1;RD 225 / rue des meuliers;;
536568545;2;3;2024;12:10;1;75;75115;2;2;3;7;RUE DES ENTREPRENEURS;;
536568546;18;5;2024;04:40;5;75;75112;2;7;1;2;PORTE DE VINCENNES;;
536568547;10;4;2024;08:44;1;92;92062;2;1;1;6;LAFARGUES (RUE PAUL);;
536568548;20;1;2024;20:25;5;49;49125;2;1;1;3;5bis Boulevard jacques savary;;
536568549;18;5;2024;21:00;1;75;75110;2;1;1;1;RUE LA FAYETTE;;
536568550;1;3;2024;16:15;1;75;75114;2;3;8;5;PLACE DENFERT ROCHEREAU;;
536568551;21;1;2024;01:15;3;12;12167;1;1;1;7;D564;;
536568552;18;5;2024;09:55;1;75;75110;2;1;1;6;RUE DU FAUBOURG SAINT DENIS;;
536568553;10;4;2024;19:00;1;92;92051;2;1;1;2;CHARLES DE GAULLE (AVENUE, N°27 A 129);;
536568554;21;1;2024;18:30;2;47;47239;1;1;1;6;1260 route de miramont de guyenne;;
536568555;29;2;2024;20:45;5;75;75114;2;3;2;2;AVENUE DU MAINE;;
536568556;17;5;2024;20:00;1;75;75110;2;3;1;2;QUAI DE JEMMAPES;;
536568557;9;4;2024;13:35;1;92;92020;2;3;2;3;SAND RUE GEORGE;;
536568558;21;1;2024;16:15;1;44;44005;1;1;2;7;La Petite Masure;;
536568559;20;1;2024;07:00;2;03;03176;1;1;8;6;Chemin de Graviere;;
536568560;2;3;2024;21:50;5;75;75104;2;3;2;3;RUE SAINT ANTOINE;;
536568561;17;5;2024;00:22;5;75;75108;2;7;1;3;PLACE SAINT AUGUSTIN;;
536568562;9;4;2024;17:20;1;92;92004;2;1;1;4;DOCTEUR DERVAUX  ( QUAI DU );;
536568563;19;1;2024;17:40;3;70;70428;1;1;1;2;Route nationale 19;;
536568564;18;5;2024;09:25;1;75;75107;2;3;1;6;RUE DU GENERAL BERTRAND;;
536568565;2;3;2024;12:00;1;75;75102;2;3;2;5;RUE DES JEUNEURS;;
536568566;5;4;2024;22:20;3;974;97415;2;1;1;3;Route Nationale 1;;
536568567;18;5;2024;10:40;1;94;94022;2;3;1;6;Avenue Victor Hugo / Rue Brongniart;;
536568568;20;1;2024;01:45;3;70;70163;1;1;1;6;N57;;
536568569;10;4;2024;15:00;1;64;64061;2;1;1;7;Rue de la Bie Cabe;;
536568570;1;3;2024;23:20;5;94;94081;2;1;2;5;13 Quai Jules Guesde;;
536568571;20;1;2024;14:22;1;72;72035;1;2;7;3;Lieu Dit les Boderies;;
536568572;18;5;2024;10:45;1;93;93050;2;2;1;1;Rue Paul et Camille Thomoux / Avenue du General de Gaulle;;
536568573;2;3;2024;02:05;5;94;94068;2;6;2;6;Avenue Foch / Avenue Joffre;;
536568574;21;1;2024;00:15;3;14;14591;1;1;9;6;2 Route des Hauts Vents;;
536568575;10;4;2024;19:01;2;38;38105;1;1;1;5;Route de Bonpertuis;;
536568576;18;5;2024;00:40;5;93;93049;2;2;1;3;Avenue des Fauvettes / Avenue de Rosny;;
536568577;2;3;2024;19:35;5;94;94041;2;2;2;3;Rue Jules Vanzuppe / Rue Jean-Jacques Rousseau;;
536568578;11;4;2024;12:20;1;56;56165;1;1;1;6;Echangeur Saint Antoine;;
536568579;18;5;2024;14:40;1;93;93031;2;2;1;6;Avenue Joffre / Avenue Galliéni;;
536568580;16;1;2024;07:40;2;05;05017;1;4;1;1;D11;;
536568581;11;4;2024;11:57;1;74;74010;2;1;1;6;Route d'albertville;;
536568582;20;1;2024;17:15;1;64;64010;1;1;1;3;RD 29;;
536568583;2;3;2024;19:40;5;94;94046;2;3;2;1;Avenue de la République / Rue de la Lune;;
536568584;17;5;2024;23:12;5;93;93031;2;2;1;3;Avenue de la République / Avenue de la Marne;;
536568585;10;4;2024;18:30;1;77;77026;1;1;1;7;Beauchery-Saint-Martin;;
536568586;21;1;2024;14:45;1;07;07009;1;1;1;6;Route Rd 86;;
536568587;17;5;2024;22:05;5;92;92077;2;1;1;6;Rue de Saint Cloud;;
536568588;2;3;2024;06:10;2;94;94017;2;1;2;2;Rue de Verdun;;
536568589;18;5;2024;14:10;1;92;92048;2;9;1;2;VERD DE SAINT JULIEN (BOULEVARD);;
536568590;21;1;2024;07:16;3;40;40230;2;1;1;6;Avenue de la Chalosse;;
536568591;18;5;2024;04:30;5;92;92026;2;1;1;6;LAMBRECHTS;;
536568592;2;3;2024;13:00;1;93;93070;2;1;2;2;Rue Ardoin;;
536568593;21;1;2024;15:11;1;40;40248;1;1;1;6;1716 Route du Marais;;
536568594;10;4;2024;13:25;1;49;49125;1;1;1;2;D170;;
536568595;2;3;2024;19:10;1;93;93066;2;1;3;3;Rue Henri Delaunay;;
536568596;20;1;2024;20:45;3;24;24408;1;1;1;1;D74;;
536568597;11;4;2024;16:08;1;68;68182;1;1;1;1;D12b;;
536568598;18;5;2024;16:03;1;63;63026;2;1;1;2;Boulevard du Lac Sauteyras;;
536568599;20;1;2024;13:05;1;28;28391;1;1;1;6;D927;;
536568600;2;3;2024;13:30;1;93;93057;2;2;2;3;Avenue Jean Jaurès / Allée Pierre Brossolette / Allée Robillard;;
536568602;19;5;2024;03:00;5;83;83154;2;1;1;6;28 Route de Mappe;;
536568603;2;3;2024;12:45;3;93;93005;2;2;3;3;Rue Marco Polo / Rue Edgar Degas;;
536568604;18;5;2024;16:40;1;41;41208;1;1;2;7;D 65;;
536568605;9;4;2024;08:00;1;38;38399;2;1;3;5;D518;;
536568606;21;1;2024;06:00;3;80;80318;1;1;1;5;Autoroute A16 - PK 147+675;;
536568607;2;3;2024;22:00;5;93;93005;2;1;2;2;Boulevard du Général Galliéni;;
536568609;18;5;2024;05:15;2;972;97207;1;1;1;1;route nationale 8;;
536568610;2;3;2024;15:00;1;92;92046;2;3;3;3;GABRIEL PERI;;
536568611;11;4;2024;16:35;1;01;01273;2;3;1;3;547 Rue du Docteur Hubert;;
536568612;20;1;2024;00:40;5;987;98745;1;1;1;6;Tahaa;;
536568613;18;5;2024;22:00;3;972;97227;1;1;2;2;N5 corps de garde;;
536568614;20;1;2024;15:00;1;34;34172;1;1;1;7;A709;;
536568615;18;5;2024;18:30;1;88;88115;2;1;2;6;Route de la Houssière;;
536568616;2;3;2024;14:32;1;92;92033;2;6;2;3;GARE;;
536568617;11;4;2024;11:25;1;07;07078;2;3;1;3;intersection rue de la lombardiére et rue Christophe colomb DAVÉZIEUX 07430;;
536568618;21;1;2024;00:10;3;28;28169;1;1;1;2;A10;;
536568619;18;5;2024;04:00;3;35;35152;1;1;1;2;A84;;
536568620;17;5;2024;09:45;1;24;24309;1;9;1;3;A89 PK92;;
536568621;10;4;2024;15:25;1;53;53062;1;1;1;1;RD 962;;
536568622;20;1;2024;19:50;3;77;77343;1;1;1;3;RD17;;
536568623;2;3;2024;01:40;5;92;92012;2;2;1;3;ANDRE MORIZET (AVENUE) 1/47 - 2/52;;
536568624;19;5;2024;09:20;1;56;56175;2;1;1;1;31 Rue Anne de Bretagne;;
536568625;21;1;2024;06:20;3;2B;2B055;1;1;1;6;Campitello;;
536568626;11;4;2024;08:35;1;30;30073;1;1;1;2;D6086;;
536568627;20;1;2024;03:35;5;54;54397;2;1;1;6;95 Rue Jean Jaures;;
536568628;2;3;2024;23:10;3;39;39271;2;1;1;1;Le Voisinal;;
536568629;19;5;2024;08:20;1;56;56251;1;1;1;2;Graz Iliz;;
536568630;21;1;2024;04:20;5;42;42304;2;1;1;6;16 rue du 11 novembre;;
536568631;5;4;2024;16:45;1;34;34116;2;6;1;3;rond point du salinier;;
536568632;19;5;2024;17:27;1;69;69066;2;2;1;7;Rue de la Cime de Cours;;
536568633;3;3;2024;13:00;1;52;52469;1;1;1;7;D101;;
536568634;19;1;2024;12:20;1;42;42304;2;1;2;3;373 Route d'Épeluy;;
536568635;19;5;2024;08:40;1;32;32242;1;1;1;7;D929;;
536568636;10;4;2024;20:20;4;987;98715;2;3;1;1;Route de Puurai;;
536568637;19;5;2024;04:40;2;22;22042;1;1;1;1;Lieu Dit Pen Ar Chra;;
536568638;21;1;2024;10:15;1;80;80421;1;1;1;2;pk 117;;
536568639;10;4;2024;19:15;1;38;38212;2;1;1;6;Rioupéroux - HLM (Arrêt de bus);;
536568640;25;4;2024;19:55;1;29;29197;2;1;1;1;Rue du Général de Gaulle;;
536568641;20;1;2024;15:55;1;59;59315;1;1;9;3;Route Departementale 649;;
536568642;11;4;2024;08:10;1;01;01363;1;1;1;3;D1084;;
536568643;18;5;2024;18:00;1;38;38265;2;1;8;2;Route de la Festinière;;
536568644;19;1;2024;18:15;3;13;13214;1;1;1;2;A7-Sens Marseille vers Lyon;;
536568645;19;5;2024;02:05;5;13;13045;2;1;1;1;Rue du Calada;;
536568646;11;4;2024;08:40;1;34;34295;1;1;1;2;Route Departementale 613;;
536568647;19;5;2024;16:45;1;02;02558;1;1;1;7;D75;;
536568648;20;1;2024;17:00;2;94;94021;1;1;1;3;A6A;;
536568649;9;4;2024;10:45;1;13;13037;1;1;1;3;A7;;
536568650;20;1;2024;10:50;1;91;91689;1;1;1;2;AUTOROUTE A10;;
536568651;19;5;2024;01:15;3;14;14057;1;1;1;6;857 Route de Garcelles;;
536568652;11;4;2024;08:00;1;34;34123;2;9;1;6;Rue du Pergasan;;
536568653;20;1;2024;07:45;2;91;91086;1;1;1;6;RN 104;;
536568654;19;5;2024;11:25;1;50;50076;2;3;1;7;8 Avenue du Golf;;
536568655;10;4;2024;11:30;1;987;98714;1;1;1;3;Matira;;
536568656;19;1;2024;19:00;2;94;94018;1;1;1;4;A4;;
536568657;18;5;2024;22:45;5;50;50082;2;4;1;1;Rue Freres Fremines;;
536568658;20;1;2024;08:37;1;988;98818;2;1;1;1;Sur piste cyclable de la PROMENADE PIERRE VERNIER;;
536568659;19;5;2024;16:00;1;83;83007;1;1;1;1;RD957 Pk22;;
536568660;19;1;2024;09:33;1;973;97302;2;6;1;2;GALMOT (ROND-POINT);;
536568661;10;4;2024;16:00;1;988;98821;1;1;1;7;VE2 à hauteur de Savannah;;
536568662;19;5;2024;03:30;3;60;60471;1;1;1;7;D938;;
536568664;18;1;2024;21:59;4;973;97302;2;3;1;3;ZEPHIR (ROCADE);;
536568666;10;4;2024;22:20;3;66;66176;1;1;1;7;D11;;
536568667;19;1;2024;08:45;1;69;69385;2;2;1;7;11 Rue de Champvert;;
536568668;11;4;2024;19:30;2;83;83047;2;6;7;6;rond point des harkis;;
536568669;19;5;2024;10:10;1;07;07129;1;4;1;1;D534;;
536568670;18;1;2024;15:11;1;971;97105;2;1;1;3;GASTON FEUILLARD(AVENUE);;