Num_Acc;jour;mois;an;hrmn;lum;dep;com;agg;int;atm;col;adr;lat;long
536569670;20;6;2024;14:15;1;76;76351;2;1;1;6;HOTEL DE VILLE (PLACE DE);;
536569671;20;6;2024;15:40;1;76;76351;2;1;1;3;DEMIDOFF (RUE);;
536569672;9;11;2024;20:25;5;59;59594;2;1;5;2;39 Rue Alphonse Dussart;;
536569673;7;6;2024;16:20;1;73;73011;2;4;1;3;VILLARD (CHEMIN DU);;
536569674;8;11;2024;19:20;3;76;76556;1;1;5;1;770 Route des Côtières;;
536569675;21;6;2024;08:30;1;72;72181;2;1;2;6;GASTELIER (RUE);;
536569676;8;11;2024;18:30;4;86;86092;2;1;1;6;Place de la Promenade;;
536569677;20;6;2024;18:55;1;72;72181;2;1;1;2;MAC JEAN (AV) N° PAIRS 106 A 216;;
536569678;10;11;2024;03:55;3;41;41194;1;1;8;1;Route de Langon;;
536569679;6;11;2024;16:30;1;06;06161;2;1;1;6;2575 Boulevard Nationale 7;;
536569680;20;6;2024;07:37;1;72;72181;2;6;1;3;WILBUR WRIGHT (RUE);;
536569681;10;11;2024;13:30;1;86;86070;2;1;1;7;Rue d'Artiges;;
536569682;9;11;2024;14:15;1;41;41123;1;9;1;3;D917;;
536569683;21;6;2024;23:00;5;71;71270;2;3;1;1;BIGONNET (RUE);;
536569684;10;11;2024;07:30;1;83;83057;1;1;1;6;Dn7;;
536569685;10;11;2024;00:05;3;19;19217;1;1;2;6;route de saint-julien;;
536569686;21;6;2024;17:50;1;71;71076;2;3;1;3;BOUCICAUT (AVENUE);;
536569687;9;11;2024;16:19;1;56;56185;1;3;1;3;Rue des Daphnees;;
536569688;21;6;2024;18:00;1;69;69266;2;1;1;4;Rue Yvonne Chanu;;
536569689;8;11;2024;23:45;3;56;56179;2;1;1;6;Rue du Général de Gaulle;;
536569690;21;6;2024;13:10;1;69;69290;2;1;2;2;Route de Grenoble;;
536569692;21;6;2024;16:15;1;64;64348;2;1;1;2;CHARLES DE GAULLE;;
536569693;9;11;2024;09:30;1;69;69018;2;3;1;6;Rue de la République;;
536569694;22;6;2024;02:40;5;64;64024;2;6;1;7;BAHINOS (ROND POINT DE);;
536569695;10;11;2024;11:00;1;63;63453;2;3;1;3;D4;;
536569696;20;6;2024;20:15;1;64;64102;2;1;2;7;BARTHES (CHEMIN DES);;
536569697;10;11;2024;05:15;3;76;76255;1;1;1;6;D258;;
536569698;21;6;2024;09:55;1;63;63300;1;1;2;7;RD 2009;;
536569699;10;11;2024;13:25;1;61;61145;1;1;1;7;D976;;
536569700;8;11;2024;20:00;3;61;61275;1;1;5;6;D50 PR11+920;;
536569701;21;6;2024;19:30;1;61;61001;2;2;1;3;Voie Communale;;
536569702;9;11;2024;11:20;1;61;61194;1;1;5;2;D15 PR10+330;;
536569703;21;6;2024;09:50;1;60;60159;2;1;3;3;Avenue Marcelin Berthelot;;
536569704;9;11;2024;08:25;1;61;61153;1;1;5;6;D924;;
536569705;20;6;2024;16:15;2;59;59636;2;1;1;6;BONDUES RUE DE;;
536569706;10;11;2024;14:46;1;55;55498;1;1;5;6;D21;;
536569707;20;6;2024;10:30;1;59;59350;2;1;1;2;Boulevard Montebello;;
536569708;8;11;2024;20:00;3;49;49261;1;1;8;5;D69;;
536569709;9;11;2024;19:30;3;12;12145;1;1;1;6;D809 - PR 53+300;;
536569710;16;6;2024;22:50;5;59;59009;2;4;1;3;BLASON RUE DU;;
536569711;10;11;2024;15:20;1;42;42276;1;1;1;6;Route de Noiretable;;
536569712;20;6;2024;14:05;1;56;56121;2;6;1;1;Rond-point du Nouveau-Brunswick;;
536569713;10;11;2024;07:00;2;42;42097;1;4;1;6;Allée du Haut Rollet;;
536569714;10;11;2024;06:50;3;35;35354;1;1;1;6;D91;;
536569715;21;6;2024;15:35;1;51;51454;2;1;8;4;ROEDERER (BOULEVARD LOUIS);;
536569717;10;11;2024;16:00;1;01;01068;2;3;1;6;Rue des Terreaux;;
536569718;21;6;2024;15:50;1;51;51454;2;1;2;7;REPUBLIQUE (PLACE DE LA);;
536569719;9;11;2024;22:00;5;01;01304;2;1;1;5;Rue Antoine de Saint Exupery;;
536569720;19;6;2024;19:50;1;51;51230;2;1;1;6;MIDDELKERKE (AVENUE);;
536569721;9;11;2024;19:40;3;14;14571;2;4;9;6;325 Chemin de la Croix Rocher;;
536569722;21;6;2024;06:00;2;49;49007;2;6;1;3;GATS;;
536569723;9;11;2024;23:54;4;14;14287;2;1;2;6;5 Rue Albert 1er;;
536569724;9;11;2024;20:35;5;50;50484;2;1;1;6;39 Rue de la Richardière;;
536569725;21;6;2024;22:10;4;44;44184;2;6;8;3;Boulevard du Docteur René Laënnec;;
536569726;10;11;2024;15:40;1;50;50379;1;1;8;7;Besné;;
536569727;21;6;2024;13:50;1;38;38185;2;9;2;3;AVENUE MALHERBE;;
536569728;10;11;2024;12:00;1;09;09189;1;1;2;1;ROUTE NATIONALE 20;;
536569729;20;6;2024;18:45;1;37;37261;2;6;2;3;GANCE (BOULEVARD ABEL);;
536569730;9;11;2024;01:00;3;73;73124;1;1;1;6;chemin du marais;;
536569731;21;6;2024;09:30;1;34;34108;1;1;1;2;BALARUC (ROUTE DE);;
536569732;10;11;2024;14:21;1;73;73300;2;1;1;6;D1201 - Boulevard jean charcot;;
536569733;21;6;2024;07:35;1;34;34172;2;1;1;6;GARRATS (AVENUE DES);;
536569734;8;11;2024;23:10;3;53;53147;2;3;1;3;Boulevard Anatole France;;
536569738;9;11;2024;12:50;1;17;17459;1;2;1;4;D939;;
536569739;9;11;2024;05:45;3;37;37250;1;1;1;6;L?Ocliniere;;
536569740;11;6;2024;21:45;2;30;30189;2;1;1;3;JAURES JEAN (BOULEVARD);;
536569741;8;11;2024;23:24;4;37;37214;1;1;1;6;m37;;
536569742;21;6;2024;20:40;1;28;28134;2;9;1;7;POTEZ (RUE HENRY);;
536569743;10;11;2024;05:20;5;52;52423;2;1;5;6;Rue de la Gare;;
536569744;21;6;2024;11:50;1;27;27681;1;1;1;1;QUEUE D'HAYE (RUE DE LA );;
536569745;9;11;2024;18:40;5;38;38193;2;6;1;2;Rue des Sayes;;
536569746;21;6;2024;13:00;1;27;27701;2;2;1;3;FALAISES (RUE DES);;
536569747;19;6;2024;18:00;1;27;27229;2;1;1;6;CHATEAUBRIAND (RUE);;
536569748;9;11;2024;20:35;3;973;97309;1;1;1;1;D23;;
536569749;21;6;2024;12:10;1;26;26281;1;6;1;3;Bd Etienne-Jean Lapassat;;
536569750;18;6;2024;08:59;1;22;22113;2;1;2;7;MENDES FRANCE (BOULEVARD);;
536569751;9;11;2024;20:00;3;06;06029;1;1;2;5;autoroute A8 PK 160.700 NORD;;
536569753;21;6;2024;18:15;1;13;13212;2;1;1;3;ENCO DE BOTTE (RTE);;
536569754;10;11;2024;00:30;3;21;21390;1;1;5;5;A311;;
536569755;20;6;2024;23:24;5;13;13216;2;1;1;6;JEAN LABRO (BOULEVARD);;
536569756;10;11;2024;03:15;5;27;27332;1;9;1;6;Autoroute A13, Péage Heudebouville, PK090.000;;
536569757;20;6;2024;23:24;3;13;13215;2;2;1;3;SAINT LOUIS (AVENUE DE);;
536569759;10;11;2024;09:30;1;91;91249;1;1;2;2;A10 direction la province point kilométrique 011.700;;
536569760;9;11;2024;14:15;1;971;97126;1;1;1;1;Lieu Dit Vieux Fort;;
536569761;21;6;2024;21:38;1;10;10387;2;2;1;6;Boulevard Blanqui;;
536569762;10;11;2024;15:10;1;66;66088;1;1;1;1;D21;;
536569763;21;6;2024;19:20;1;06;06029;2;2;1;7;75 Boulevard de la Croisette;;
536569764;10;11;2024;19:50;3;66;66180;2;1;1;6;impasse benjamin franklin;;
536569765;20;6;2024;17:42;1;06;06123;2;1;1;5;Contre Allée du Commandant Jouhaud;;
536569766;9;11;2024;10:55;1;34;34023;2;1;2;6;Rue du Mont Saint Clair;;
536569767;10;11;2024;17:50;3;34;34146;2;1;1;7;Route de Lansargues;;
536569768;21;6;2024;11:30;1;04;04070;2;1;1;4;NOEL (AV. DU COL.);;
536569769;10;11;2024;03:45;3;83;83071;1;1;1;6;Route Departementale No.559 A;;
536569770;20;6;2024;23:40;5;75;75104;2;3;1;6;RUE DE RIVOLI;;
536569771;10;11;2024;17:30;5;52;52447;2;9;1;6;4 Rue Saint Cyr;;
536569772;21;6;2024;10:30;1;75;75120;2;3;2;2;RUE DE BELLEVILLE;;
536569773;10;11;2024;16:45;1;42;42214;2;1;1;1;Route de Maringes;;
536569774;20;6;2024;06:00;2;75;75119;2;1;1;6;AVENUE DE LA PORTE DU PRE SAINT GERVAIS;;
536569775;10;11;2024;01:30;3;31;31451;1;1;2;2;D622 route de Castres, Couffinal;;
536569776;9;11;2024;18:45;3;40;40114;1;1;1;6;Route de Laluque;;
536569777;21;6;2024;19:12;1;75;75118;2;2;1;1;IMPASSE DU GUE;;
536569778;9;11;2024;18:15;3;76;76116;1;1;5;7;D13;;
536569779;20;6;2024;13:20;1;75;75114;2;1;1;6;BOULEVARD JOURDAN;;
536569780;9;11;2024;21:15;5;60;60103;2;1;1;6;Rue du Petit Chantilly;;
536569781;21;6;2024;18:15;1;75;75113;2;3;1;6;RUE JEANNE D ARC;;
536569782;21;6;2024;21:12;2;75;75108;2;1;1;3;PONT DES INVALIDES;;
536569783;10;11;2024;09:30;1;59;59044;1;1;8;1;Rue de Tournai;;
536569784;21;6;2024;12:40;1;75;75108;2;3;2;6;AVENUE DES CHAMPS ELYSEES;;
536569785;8;11;2024;20:00;3;38;38087;1;1;1;3;A7;;
536569786;21;6;2024;10:55;1;75;75107;2;3;2;7;RUE DE BABYLONE;;
536569787;9;11;2024;18:30;3;92;92002;1;1;1;4;AUTOROUTE A10;;
536569788;21;6;2024;01:15;5;75;75107;2;1;1;3;QUAI D ORSAY;;
536569789;9;11;2024;17:00;5;94;94034;1;1;1;2;A86;;
536569790;21;6;2024;14:10;1;75;75103;2;3;2;7;RUE BEAUBOURG;;
536569791;9;11;2024;08:30;1;91;91689;1;9;5;3;AUTOROUTE A6B;;
536569792;21;6;2024;19:05;1;94;94081;2;1;1;5;Avenue du President Salvador Allende;;
536569793;9;11;2024;02:30;4;93;93066;1;1;1;6;AUTOROUTE A86;;
536569794;21;6;2024;14:45;1;94;94081;2;3;1;3;Rue Waldeck Rousseau / Rue Pasteur;;
536569795;8;11;2024;12:30;1;974;97411;2;1;1;5;TOPAZES(ALLEE DES);;
536569796;21;6;2024;12:15;1;94;94068;2;2;2;1;Avenue Gambetta / Avenue Barbès;;
536569797;8;11;2024;12:40;1;974;97411;2;1;1;3;CHAUDRON (BLD 2 DU);;
536569798;8;11;2024;08:15;1;974;97411;2;9;1;1;JAURES (BOULEVARD JEAN);;
536569799;20;6;2024;20:40;1;94;94042;2;2;1;3;Boulevard de l'Europe / Avenue du President Kennedy;;
536569800;7;11;2024;15:30;1;974;97409;1;1;1;3;RN2 SENS STE SUZANNE ST BENOIT;;
536569801;20;6;2024;13:10;1;94;94052;2;1;1;3;Avenue Kléber;;
536569802;14;12;2024;09:00;1;71;71422;1;2;5;3;D18;;
536569803;31;10;2024;17:00;2;71;71416;2;1;2;6;417 Rue de Boye;;
536569804;8;11;2024;14:00;1;974;97407;2;3;1;3;ROUTE DU SACRE COEUR;;
536569805;21;6;2024;15:20;1;94;94046;2;2;1;3;Avenue de la République / Avenue Léon Blum;;
536569806;14;12;2024;11:45;1;34;34332;2;4;1;6;chemin des claux;;
536569807;8;11;2024;17:00;1;973;97302;2;6;1;6;MANDELA  (BOULEVARD);;
536569808;21;6;2024;07:10;1;94;94065;1;2;2;3;Rue des Claires / Quai de Lorient;;
536569809;15;12;2024;23:45;3;68;68135;1;6;1;1;CD105;;
536569810;8;11;2024;13:00;1;973;97302;2;1;1;3;JADFARD (RENE);;
536569812;8;11;2024;07:45;1;973;97302;2;1;1;7;BADUEL (ROUTE DE);;
536569813;21;6;2024;05:55;1;94;94033;2;3;8;3;Avenue de Lattre de Tassigny / Rue des Marais;;
536569814;13;12;2024;17:23;2;44;44163;1;1;1;6;Route d'Ancenis;;
536569815;8;11;2024;04:50;3;973;97302;1;6;1;7;MARINGOUINS (ROND-POINT);;
536569816;14;12;2024;11:55;1;29;29026;1;1;2;6;Route de Pleyben;;
536569817;21;6;2024;00:10;5;94;94033;2;2;1;3;Place des Larris / Rue Jean-pierre Timbaud;;
536569818;8;11;2024;07:30;2;972;97213;1;1;2;7;ROUTE DEPARTEMENTALE 3;;
536569819;16;12;2024;06:52;3;29;29069;1;1;8;7;D105;;
536569820;21;6;2024;09:35;1;94;94011;2;1;2;3;Quai du Rancy;;
536569821;9;11;2024;00:42;5;2B;2B033;2;1;8;6;11 - RT;;
536569822;12;12;2024;03:45;3;29;29173;1;6;1;6;Rond-Point Laennec;;
536569823;14;12;2024;21:45;3;14;14527;1;1;2;6;420 Route de Paris;;
536569824;20;6;2024;14:00;1;94;94028;2;1;1;4;Rue du Général Leclerc;;
536569825;8;11;2024;15:30;1;971;97101;2;2;1;3;DE MARIE GALANTE - RAIZET (RUE);;
536569826;15;12;2024;23:48;3;14;14136;1;1;2;6;D514;;
536569827;21;6;2024;08:30;1;93;93078;2;2;3;3;LECLERC (AVENUE DU GENERAL);;
536569828;16;12;2024;15:10;1;90;90015;2;3;1;1;16 Route de Montbéliard;;
536569829;8;11;2024;21:52;3;91;91339;1;9;2;2;RTE D ORLEANS;;
536569830;21;6;2024;02:30;5;93;93064;2;6;1;6;Boulevard Gabriel Péri / Rue Jules Ferry;;
536569831;15;12;2024;15:15;1;60;60508;1;1;1;7;Route du Mont-Pagnotte (Chemin);;
536569832;15;12;2024;17:30;2;07;07112;1;1;1;6;Cascade de la Pissarelle (Chute d'eau);;
536569833;8;11;2024;15:55;1;91;91021;2;3;1;3;BD JEAN JAURES;;
536569834;21;6;2024;18:50;1;93;93049;2;2;1;3;Avenue de l’Ouest / Avenue Daniel Perdrigé;;
536569835;8;11;2024;11:20;1;91;91691;2;1;8;6;PIERRE LOTI(RUE);;
536569836;15;12;2024;17:45;2;40;40310;1;1;1;1;route de tosse;;
536569837;21;6;2024;08:15;1;93;93050;2;2;2;3;Avenue du Maréchal Leclerc / Avenue de Verdun;;
536569838;16;12;2024;07:20;2;17;17026;1;1;5;7;D134;;
536569839;8;11;2024;17:40;5;91;91027;2;1;2;1;RTE NATIONALE 7;;
536569840;20;6;2024;17:45;1;93;93048;2;2;1;6;Rue de Paris / Rue Marceau;;
536569841;15;12;2024;09:33;1;17;17344;2;4;1;3;Avenue de Saintes;;
536569842;8;11;2024;15:22;1;91;91433;1;6;5;3;ROND POINT RD20-RD 207-A;;
536569843;20;6;2024;09:15;1;93;93032;2;3;1;3;Rue Aristide Briand / Rue Georges Remond;;
536569844;16;12;2024;07:55;5;17;17347;2;1;1;7;Faubourg de Niort;;
536569845;21;6;2024;09:20;1;93;93007;2;9;3;3;Avenue Paul Vaillant Couturier;;
536569846;8;11;2024;09:30;1;91;91223;2;2;8;3;MAI 1945 (AVENUE DU 8);;
536569847;16;12;2024;09:15;1;17;17340;1;1;7;2;D911;;
536569848;21;6;2024;17:35;1;92;92078;2;1;1;2;CHARLES DE GAULLE (BD)(72 AU 308);;
536569849;13;12;2024;15:40;1;23;23030;2;9;1;7;Route de Limoges;;
536569850;7;11;2024;18:40;5;87;87085;2;2;1;6;BERTHELOT (AVENUE);;
536569851;20;6;2024;18:41;1;92;92033;2;1;2;6;DOCTEUR DEBAT;;
536569852;16;12;2024;12:44;1;52;52124;1;1;5;6;D271;;
536569853;21;6;2024;15:45;1;92;92062;2;1;2;2;DE DION BOUTON (QUAI) DU 29 AU 65;;
536569854;7;11;2024;09:50;1;85;85194;2;6;1;3;Rue des plesses;;
536569855;15;12;2024;14:00;1;30;30036;2;1;1;6;Rue du Lavoir;;
536569856;21;6;2024;18:10;1;92;92051;2;3;1;3;AMIRAL FOURNIER (RUE DE);;
536569857;14;12;2024;05:30;3;978;97801;2;1;1;1;RN7, Savane;;
536569858;9;11;2024;00:05;5;84;84007;2;2;1;3;C.DE GAULLE (ROCADE);;
536569859;21;6;2024;12:00;1;92;92012;2;1;1;6;THIERS (RUE) 67/FIN - 84/FIN;;
536569860;7;11;2024;17:50;2;84;84007;2;1;1;6;MARIUS JOUVEAU (RUE);;
536569862;22;6;2024;04:10;3;974;97415;1;1;1;6;N1a;;
536569863;1;6;2024;15:01;1;54;54597;1;1;1;7;D904;;
536569864;7;11;2024;13:40;1;84;84007;2;1;1;2;TARASCON (AVENUE DE);;
536569865;16;12;2024;11:15;1;68;68218;1;1;1;4;A36 PK 001.100 sens MULHOUSE?BEAUNE;;
536569866;22;6;2024;12:10;1;86;86182;2;1;1;1;Lieu Dit la Folie;;
536569867;15;12;2024;23:55;3;64;64130;1;1;1;6;A63, PK 204.6, sens France /Espagne;;
536569868;8;11;2024;13:45;1;83;83137;2;2;1;3;STRASBOURG (BD DE );;
536569869;22;6;2024;00:25;3;66;66145;1;1;1;4;A9 PK260 sens France / Espagne;;
536569870;15;12;2024;22:00;3;63;63113;1;1;1;7;A711 PK001+000;;
536569871;8;11;2024;12:45;1;83;83137;2;3;1;3;DEMOCRATIE (BD DE LA);;
536569872;30;5;2024;15:30;1;974;97405;1;9;3;3;Rue Augustin Mézino;;
536569873;15;12;2024;20:35;3;973;97311;1;1;1;1;Route Apatou;;
536569874;5;11;2024;18:00;5;83;83137;2;9;1;3;MARSEILLE (ROUTE DE);;
536569875;22;6;2024;00:58;5;972;97231;2;1;1;7;Anse Mitan;;
536569876;21;6;2024;22:40;3;972;97221;1;1;1;7;N8;;
536569877;15;12;2024;02:00;5;973;97304;2;1;1;6;Avenue Rosilvine;;
536569878;7;11;2024;08:50;1;80;80261;2;1;1;3;Route d'Amiens;;
536569879;16;12;2024;02:00;3;977;97701;2;1;1;7;saint-Jean tourmente;;
536569880;21;6;2024;23:15;3;972;97205;1;1;1;3;N2;;
536569881;13;12;2024;10:30;1;77;77465;1;2;8;3;D219;;
536569882;22;6;2024;16:00;1;35;35085;1;3;1;3;la haute bouyère;;
536569883;12;12;2024;19:00;5;77;77426;2;3;1;6;9 Rue des Mortiers;;
536569884;21;6;2024;08:30;1;01;01427;2;1;3;6;Avenue du Docteur Bollet;;
536569885;8;11;2024;00:10;5;77;77532;2;1;2;1;D619;;
536569886;16;12;2024;11:30;1;78;78087;1;1;2;7;Rue de Bissy;;
536569887;16;12;2024;01:00;3;2A;2A041;1;1;1;6;1639 Cartarana;;
536569888;22;6;2024;14:05;1;62;62251;2;2;1;3;D127;;
536569889;7;11;2024;17:00;3;77;77377;1;1;1;5;RD 471;;
536569890;21;6;2024;16:20;1;19;19279;1;1;3;6;RD 17;;
536569891;13;12;2024;18:18;2;66;66180;2;2;1;3;Rue Alfred de Musset;;
536569892;8;11;2024;02:40;3;77;77407;1;1;1;1;D607;;
536569893;21;6;2024;23:30;5;19;19230;2;4;1;6;Route de Vigeois;;
536569894;15;12;2024;17:00;3;83;83027;1;1;1;6;RD 559 B;;
536569895;21;6;2024;22:50;5;76;76136;1;1;1;6;D152;;
536569896;16;12;2024;06:50;3;26;26124;1;1;1;7;Autoroute A7 - PK 082+220 sens S/N;;
536569897;7;11;2024;08:30;1;77;77288;2;3;1;6;ARISTIDE BRIAND  (BOULEVARD);;
536569899;6;6;2024;18:30;1;2A;2A362;2;1;1;3;RT10 face station VITO;;
536569900;8;11;2024;16:30;2;77;77284;2;1;8;2;D603;;
536569901;15;12;2024;16:45;1;21;21699;1;1;1;1;D905;;
536569902;6;6;2024;22:22;4;2A;2A139;1;1;1;7;gliastrello;;
536569903;8;11;2024;19:42;5;77;77132;2;6;2;3;D344;;
536569904;14;12;2024;17:40;5;21;21038;2;6;1;6;31 Boulevard Pasteur;;
536569905;21;6;2024;11:30;1;2B;2B096;1;1;1;6;Route de saint pancrace;;
536569906;22;6;2024;16:25;1;71;71410;1;1;2;6;D978;;
536569907;8;11;2024;11:50;1;77;77438;2;1;8;3;D148;;
536569908;14;12;2024;23:00;3;38;38061;1;3;2;1;D121;;
536569909;15;12;2024;19:12;3;01;01249;1;1;8;3;D1083;;
536569910;8;11;2024;13:00;1;76;76341;2;2;1;7;ROBERT ANCEL;;
536569911;21;6;2024;21:35;1;71;71014;2;2;1;3;Avenue Charles de Gaulle;;
536569912;14;12;2024;18:00;3;22;22223;1;1;8;1;13 Kernilien;;
536569913;21;6;2024;18:29;1;12;12119;1;2;1;3;D921;;
536569914;7;11;2024;14:30;1;72;72095;2;6;1;3;SAINT MICHEL (BD);;
536569915;15;12;2024;18:15;5;76;76464;2;3;2;6;201 Rue de la Chaussée du Roi;;
536569916;21;6;2024;19:20;1;34;34268;1;1;1;7;D144;;
536569917;7;11;2024;13:10;1;72;72003;2;6;8;6;RD 147 E (RTE);;
536569918;8;12;2024;19:30;3;62;62283;1;2;2;3;D104;;
536569919;21;6;2024;17:00;1;22;22046;1;1;1;4;D792;;
536569920;8;11;2024;20:00;5;69;69266;2;6;1;1;Rue de Verdun;;
536569921;20;11;2024;18:05;5;59;59036;2;3;1;3;Rue de Mons;;
536569922;21;6;2024;09:27;1;39;39286;2;1;1;7;449 Rue de la Cueille;;
536569923;22;6;2024;01:00;3;25;25022;2;1;1;6;28 Rue de la 5e Db;;
536569924;8;11;2024;18:00;5;69;69266;2;3;1;3;Rue Antonin Perrin;;
536569925;22;6;2024;06:40;1;44;44099;1;1;1;7;la Bothelière;;
536569926;15;12;2024;06:47;3;13;13117;1;1;1;6;A7-Sens Lyon vers Marseille;;
536569927;8;11;2024;21:05;5;69;69264;2;6;1;3;Rue Gantillon;;
536569928;22;6;2024;06:45;1;84;84082;1;1;1;1;CD 974 route de carpentras;;
536569929;15;12;2024;04:25;3;13;13215;1;1;1;2;A7-Sens Marseille vers Lyon;;
536569930;8;11;2024;19:45;5;69;69290;2;1;1;3;Rue de la Cordière;;
536569931;15;12;2024;01:05;3;13;13106;1;1;1;2;A51-Sens Aix en Provence vers Marseille;;
536569932;8;11;2024;13:15;1;69;69290;2;2;1;1;Rue Edmond Rostand;;
536569933;13;12;2024;23:35;5;13;13212;1;1;2;2;A507 sens Marseille - Aubagne;;
536569934;21;6;2024;18:30;1;03;03110;2;1;1;6;55 Route de Vichy;;
536569935;8;11;2024;23:40;5;67;67267;2;1;1;5;SCHUMANN (AVENUE);;
536569936;22;6;2024;03:55;3;15;15084;1;2;5;6;RD 920;;
536569937;15;12;2024;17:35;3;83;83137;1;1;1;2;A50 SORTIE TUNNEL TUBE SUD;;
536569938;22;6;2024;09:10;1;58;58260;1;1;8;3;49 Rue de Mont;;
536569939;8;11;2024;14:00;1;66;66136;2;1;1;3;ARCADES CHEMIN DES;;
536569940;13;12;2024;17:53;5;83;83137;1;1;1;2;A50 TUNNEL TUBE SUD;;
536569941;21;6;2024;16:20;1;66;66024;1;1;1;7;rte departementale 900;;
536569943;8;11;2024;13:05;1;64;64129;2;6;1;3;BAYONNE DE;;
536569944;21;6;2024;17:00;1;14;14371;1;4;1;3;1 Rue de la Charité;;
536569945;8;11;2024;09:50;1;64;64129;2;9;1;2;BAYONNE DE;;
536569947;8;11;2024;08:50;1;64;64445;2;1;1;7;ALFRED NOBEL;;
536569948;15;12;2024;00:23;3;92;92002;1;1;8;6;AUTOROUTE A10;;
536569949;7;11;2024;14:50;1;64;64445;2;1;1;2;GASTON PHOEBUS;;
536569950;14;12;2024;18:45;3;91;91086;1;1;1;4;RN 104;;
536569951;7;11;2024;06:30;4;64;64445;2;2;1;3;TOURASSE;;
536569952;8;11;2024;21:40;5;64;64102;2;1;1;3;CADRAN (ALLEE);;
536569953;15;12;2024;06:40;3;93;93064;1;1;1;5;AUTOROUTE A86;;
536569954;8;11;2024;21:40;5;64;64024;2;3;1;3;ADOUR (AV DE L');;
536569955;15;12;2024;13:30;1;94;94073;1;1;1;3;A86;;
536569956;8;11;2024;22:55;5;62;62250;2;9;1;2;D919;;
536569957;15;12;2024;04:50;3;94;94073;1;1;1;2;A86;;
536569958;5;11;2024;16:45;2;62;62119;2;6;2;3;D937;;
536569959;26;8;2024;20:15;1;91;91645;1;1;1;2;GEORGES POMPIDOU (AVENUE);;
536569960;4;11;2024;09:00;1;59;59560;2;1;1;6;BLANCKAERT JUDE AVENUE;;
536569961;23;8;2024;13:15;1;91;91377;2;3;1;3;RUE DU PEROU;;
536569962;14;7;2024;01:50;3;73;73116;1;1;1;6;D926;;
536569963;7;11;2024;15:20;1;59;59560;1;1;1;2;R.D. 549;;
536569964;17;9;2024;18:25;2;28;28003;1;1;1;1;D4;;
536569965;7;11;2024;10:15;1;59;59360;1;3;1;3;DOUMER PAUL RUE;;
536569966;8;11;2024;21:34;5;57;57123;2;1;5;3;Rue de l’Hopital;;
536569967;29;9;2024;19:45;2;28;28134;2;2;1;2;HENRI IV (BD);;
536569968;8;11;2024;09:30;1;56;56121;2;1;8;6;Rue Pierre Guergadic;;
536569969;13;12;2024;16:55;1;987;98735;2;2;1;3;REMPARTS (RUE);;
536569970;6;11;2024;17:50;5;54;54431;1;1;1;7;Route de Metz;;
536569971;14;12;2024;18:20;1;974;97411;1;9;1;7;LITTORAL (ROUTE 1 DU);;
536569972;14;12;2024;09:00;1;974;97411;2;1;1;6;RUISSEAU BLANC (CHEMIN DU);;
536569973;8;11;2024;20:35;5;51;51454;2;2;1;3;POMPIDOU (AVENUE GEORGES);;
536569974;14;12;2024;21:45;3;974;97409;1;1;1;2;RN2 SENS STE SUZANNE ST BENOIT;;
536569975;14;12;2024;00:45;5;973;97302;1;9;1;3;FELIX EBOUE(ROCADE);;
536569976;8;11;2024;19:25;5;51;51454;2;1;1;3;JAURES 'AVENUE JEAN) DU N° 1 N° 59 ET DU;;
536569977;14;12;2024;19:10;3;972;97213;1;1;1;2;ROUTE DEPARTEMENTALE 3;;
536569978;8;11;2024;12:05;1;51;51454;2;1;1;3;EPERNAY (AVENUE D') COTE PAIR;;
536569979;15;12;2024;23:45;5;2A;2A004;2;1;1;3;T21;;
536569980;7;11;2024;19:30;2;51;51454;2;2;1;3;SOMME (AVENUE DE LA);;
536569981;14;12;2024;19:00;5;91;91549;2;1;8;6;MARE AU CHANVRE (RUE DE LA);;
536569982;8;11;2024;07:50;2;49;49007;1;1;1;4;ATLANTIQUE  AVENUE DE L';;
536569983;14;12;2024;10:53;1;91;91457;1;6;1;3;N 449;;
536569984;7;11;2024;19:52;5;49;49007;2;7;1;6;LYCEE PLACE;;
536569985;14;12;2024;10:05;1;91;91114;2;6;1;3;BD CHARLES DE GAULLE;;
536569986;7;11;2024;18:48;5;49;49007;2;3;1;3;LENOIR;;
536569987;14;12;2024;21:30;5;30;30011;1;6;1;2;100 (ROUTE NATIONALE);;
536569988;14;12;2024;16:40;5;78;78423;2;2;1;6;ROMAIN (RUE JULES);;
536569989;7;11;2024;08:35;1;49;49007;2;2;8;3;PORTET BOULEVARD;;
536569990;14;12;2024;19:30;5;77;77373;2;1;1;6;RUE DE L ORME AU CHARRON;;
536569991;14;12;2024;15:00;1;77;77495;1;1;2;7;FERME DU GROS CHENE;;
536569992;8;11;2024;19:35;5;47;47001;2;2;1;3;CARNOT (BD DU PRESIDENT);;
536569993;13;12;2024;17:50;5;77;77288;2;1;1;6;PATTON  (AVENUE GENERAL);;
536569994;13;12;2024;14:55;1;72;72181;2;1;1;6;CHAMPION HENRI (RUE) N° IMP;;