Num_Acc;jour;mois;an;hrmn;lum;dep;com;agg;int;atm;col;adr;lat;long
536570656;16;5;2024;16:40;1;95;95582;2;1;1;6;ROMAIN ROLLAND (RUE);;
536570657;17;1;2024;00:01;3;68;68071;1;1;4;5;autoroute A36;;
536570658;1;4;2024;23:08;5;95;95491;2;1;1;7;D139;;
536570659;4;4;2024;21:54;5;87;87085;2;3;1;3;SAINT MARTIAL (QUAI);;
536570660;1;3;2024;11:58;1;92;92063;2;3;2;1;SOUFFRETTES (RUE DES);;
536570661;18;1;2024;21:30;5;987;98748;1;1;1;6;Toahotu Pk 4+600;;
536570662;16;5;2024;13:15;1;91;91692;2;1;1;3;R.N 446;;
536570663;1;3;2024;10:10;1;92;92020;2;3;2;1;REPUBLIQUE AV. N°27 A 105 ET 26 A 178;;
536570664;4;4;2024;17:55;1;87;87065;1;1;1;5;AUTOROUTE A20;;
536570665;18;1;2024;15:00;1;987;98722;2;1;1;6;PK 17 - Papenoo;;
536570666;16;5;2024;18:10;1;84;84080;1;1;2;6;CD 942 RTE SARRIANS A ROSSI;;
536570667;1;3;2024;11:00;1;92;92040;2;1;1;6;GARIBALDI (BOULEVARD);;
536570668;8;4;2024;05:15;5;83;83137;2;1;1;6;GASQUET (AVE JOSEPH DE 1408 A FIN;;
536570669;16;5;2024;16:30;1;83;83090;2;1;1;6;MONNET (AVE JEAN);;
536570670;18;1;2024;19:00;5;971;97116;2;1;1;3;Bosredon;;
536570671;1;3;2024;10:15;1;92;92035;2;2;2;3;Château ( rue du );;
536570672;7;4;2024;09:50;1;83;83137;2;9;1;3;GUES (BD DE L'ENSEIGNE DE VAISSEAU);;
536570673;19;1;2024;15:30;1;13;13040;2;1;1;7;Route de Belcodene;;
536570674;27;4;2024;15:20;1;83;83126;2;1;1;6;PAUL (AV MARCEL);;
536570675;1;3;2024;21:32;5;92;92024;2;1;2;3;MARTRE (RUE) DE (59 A 109)   (58 A 120);;
536570676;7;4;2024;11:00;1;77;77447;2;9;1;7;C.D 50;;
536570677;15;5;2024;13:00;1;83;83069;2;9;1;6;VIGNES VIERGES (ALLEE DES);;
536570678;9;4;2024;00:05;3;76;76231;2;1;1;6;Chemin de Saint-cyr;;
536570679;29;2;2024;07:44;1;92;92012;2;1;1;6;REINE (ROUTE DE LA) 39/107 BIS;;
536570680;19;1;2024;10:40;1;84;84003;2;9;1;6;368 Avenue de la Libération;;
536570681;16;5;2024;18:40;1;81;81144;1;9;1;3;SOLVIEL ( IMPASSE  DE );;
536570682;2;3;2024;14:30;1;972;97205;1;1;1;7;RN 2;;
536570683;19;1;2024;05:30;2;83;83108;1;1;1;6;D468;;
536570684;4;4;2024;19:00;1;76;76351;2;3;2;3;MASSILLON;;
536570686;5;4;2024;13:20;1;76;76552;2;1;1;7;FRANCOIS LEBEL (PROMENADE);;
536570687;18;1;2024;07:55;2;67;67184;2;1;3;6;3 Rue de Buhl;;
536570688;6;4;2024;02:45;5;76;76351;2;1;1;6;GEORGES LAFAURIE (RUE);;
536570689;1;3;2024;21:30;5;27;27391;2;2;2;3;14 Rue de Saint Andre;;
536570690;16;5;2024;13:30;1;77;77122;2;1;1;6;AV ANDRE MALRAUX;;
536570691;19;1;2024;07:20;2;54;54397;2;4;9;6;Rue Victor de Lespinats;;
536570692;7;4;2024;20:20;2;72;72181;2;1;3;6;CUGNOT NICOLAS (BD);;
536570693;2;3;2024;17:30;1;84;84027;1;1;1;6;Caderousse;;
536570694;16;5;2024;20:00;1;77;77196;1;1;1;6;RN3 (ROUTE NATIONALE);;
536570695;2;3;2024;09:20;1;62;62259;1;1;1;7;D5;;
536570696;17;1;2024;11:50;1;38;38401;2;1;1;6;Route de la Bourbre;;
536570697;7;4;2024;13:10;1;72;72181;2;9;1;3;DEGRE CITE D'AUTOMNE (RTE DE);;
536570698;16;5;2024;15:10;1;76;76681;2;2;1;3;Avenue du 14 Juillet;;
536570699;18;1;2024;17:45;5;69;69106;2;2;2;3;Route de la Colline;;
536570700;8;4;2024;08:35;1;69;69264;2;1;1;6;Avenue Laurent-Bonnevay;;
536570701;7;5;2024;18:10;1;76;76305;2;1;1;6;VERRERIE;;
536570702;2;3;2024;02:30;3;77;77256;1;2;2;2;RD209 PR 32+041 et RD106 PR 6+638;;
536570703;7;4;2024;15:45;1;69;69290;2;1;8;6;Avenue Charles de Gaulle;;
536570704;18;1;2024;12:35;1;85;85178;2;6;1;3;RD2B;;
536570705;15;5;2024;10:10;1;69;69199;2;2;3;3;Boulevard Yves Farge;;
536570706;2;3;2024;10:35;1;76;76755;1;2;1;1;D17;;
536570707;18;1;2024;07:27;2;13;13106;1;1;2;3;A51-Sens Marseille vers Aix en Provence;;
536570708;8;4;2024;20:15;2;67;67482;2;1;1;3;RACINE (AVENUE);;
536570709;18;1;2024;03:04;3;13;13081;1;1;2;1;A7-Sens Marseille vers Lyon;;
536570710;16;5;2024;15:25;1;69;69091;2;1;2;3;Rue de la Paix;;
536570711;8;4;2024;11:45;1;64;64445;2;1;1;7;BUROS DE;;
536570712;2;3;2024;10:06;1;82;82087;1;1;1;1;D927 Km 13,350m;;
536570713;16;5;2024;16:50;1;67;67447;2;1;1;3;PIERRE MENDES FRANCE (AVENUE);;
536570714;17;1;2024;21:45;3;13;13215;1;1;2;2;A55-Sens Marseille vers Martigues;;
536570715;29;2;2024;09:52;1;71;71263;2;1;5;1;Rue du Jura;;
536570716;7;4;2024;14:00;1;64;64102;2;2;1;3;BREUER MARCEL (AVENUE);;
536570717;16;5;2024;10:30;1;67;67482;2;3;1;3;FAUBOURG DE PIERRE (RUE DU);;
536570718;1;3;2024;17:20;1;12;12082;1;1;1;3;route départementale 55;;
536570719;6;4;2024;00:50;3;59;59024;2;1;1;6;DOUAI (RUE DE);;
536570720;17;1;2024;11:30;1;59;59179;1;1;4;6;AUTOROUTE A2;;
536570721;18;1;2024;12:42;1;91;91363;1;1;1;6;RN 104;;
536570722;7;4;2024;20:23;2;56;56083;2;6;2;6;BRUANT ( AV. ARISTIDE );;
536570723;18;1;2024;11:30;1;93;93010;1;1;2;7;A3;;
536570724;1;3;2024;13:50;1;22;22047;2;3;1;1;Rue de Pontivy;;
536570725;18;1;2024;01:15;3;95;95212;1;9;4;6;A1;;
536570726;1;3;2024;17:45;1;22;22288;1;1;3;7;les Roches Morel;;
536570727;17;1;2024;21:30;3;95;95582;1;1;2;2;A15;;
536570728;5;4;2024;16:10;1;56;56036;1;1;2;4;Pendreff;;
536570729;15;5;2024;19:00;1;67;67482;2;3;1;3;WANTZENAU (RTE DE LA);;
536570730;5;4;2024;16:10;1;56;56098;2;8;2;7;Avenue Victor Schoelcher;;
536570731;17;1;2024;18:30;5;93;93066;1;1;2;2;A1;;
536570732;2;3;2024;07:20;1;70;70208;1;1;1;2;N57;;
536570733;15;5;2024;17:00;1;67;67482;2;1;8;3;RHIN (AVENUE DU);;
536570734;3;4;2024;16:50;1;52;52121;2;3;1;3;REPUBLIQUE (AVENUE);;
536570735;18;1;2024;01:05;5;94;94073;1;1;2;6;A86;;
536570736;7;4;2024;16:50;1;52;52121;2;1;1;7;REPUBLIQUE (AVENUE);;
536570737;2;3;2024;13:00;1;83;83056;1;1;1;3;D54;;
536570738;16;5;2024;17:25;1;64;64348;2;3;2;3;FREDERIC ET IRENE JOLIOT CURIE;;
536570739;1;3;2024;22:15;5;73;73226;2;1;1;6;D203 - Avenue de la gare;;
536570740;8;4;2024;09:01;1;51;51454;2;2;1;3;DROIT (RUE GILBERTE ET JEAN);;
536570741;1;3;2024;09:40;1;36;36192;2;6;1;3;Avenue Charles de Gaulle;;
536570742;8;4;2024;09:50;1;51;51454;2;2;1;3;SARRAIL (RUE DU GENERAL);;
536570743;17;1;2024;08:40;1;974;97416;2;3;1;3;GENERAL DE GAULLE(AVENUE);;
536570744;1;3;2024;17:40;1;16;16260;1;1;3;6;D709;;
536570745;16;5;2024;12:50;1;60;60382;2;1;1;3;Avenue Raymond Poincaré;;
536570746;8;4;2024;08:05;1;51;51454;2;3;7;3;VASNIER (BOULEVARD HENRI) COTE IMPAIR;;
536570747;1;3;2024;19:20;3;07;07197;1;1;1;7;Route de Quintenas;;
536570749;12;5;2024;17:20;1;60;60159;2;1;1;6;DUMAS (ALEXANDRE);;
536570750;17;1;2024;18:05;2;974;97411;1;1;1;6;JAURES (BLD 1 JEAN);;
536570751;22;7;2024;13:00;1;72;72329;2;1;1;6;3 Rue des Boutons d?Or;;
536570752;8;4;2024;10:50;1;50;50502;1;1;1;2;RN 174 (2x2) route de Tessy- rp Liberté;;
536570753;1;3;2024;20:15;3;07;07328;1;1;1;1;D579;;
536570754;30;6;2024;18:30;1;60;60513;1;1;1;6;D92;;
536570755;15;5;2024;07:25;1;58;58194;2;3;1;1;PISSEROTTE;;
536570756;16;1;2024;14:00;1;974;97411;2;9;1;3;RAMBAUD (LEOPOLD);;
536570757;5;4;2024;16:20;1;50;50218;1;1;8;4;VILLEDIEU LES POELES (ROUTE);;
536570758;17;1;2024;08:50;1;974;97409;2;1;1;7;JEAN ALBANI(RUE);;
536570759;1;3;2024;21:45;3;07;07343;2;6;1;2;Route d'Alès;;
536570760;16;5;2024;11:15;1;54;54431;2;1;1;6;Cite des Fougères;;
536570761;6;4;2024;07:05;5;50;50129;2;2;1;6;MENDES FRANCE (BOULEVARD);;
536570762;1;3;2024;12:45;1;40;40097;1;1;1;7;2090 Route de Geaune;;
536570763;24;7;2024;07:50;1;45;45296;1;3;1;3;D955 PR 17 + 691;;
536570764;15;5;2024;16:53;1;51;51108;2;2;1;6;CHEVAUX (PL AUX);;
536570766;2;3;2024;13:40;1;85;85254;1;1;8;6;la travaillère - RD 27 - PK 47+400;;
536570767;17;1;2024;07:30;1;973;97302;2;3;2;2;MONTABO (ROUTE DE) 1;;
536570768;8;4;2024;21:00;5;44;44190;2;6;1;3;Rue de la Libération;;
536570769;11;5;2024;17:50;1;42;42187;2;1;1;3;Rue de Bourgogne;;
536570770;17;1;2024;15:25;1;972;97209;2;1;1;3;BEAUSEJOUR JAMBETTE (ROUTE DE );;
536570771;1;3;2024;20:35;5;27;27056;2;2;8;3;Rue jean bouin;;
536570772;23;7;2024;16:00;1;21;21490;1;2;1;2;D971;;
536570773;2;3;2024;02:45;3;37;37114;1;1;2;6;D 750 PR 019+750 SENS DESCARTES/BARROU;;
536570774;8;4;2024;19:00;2;41;41295;2;9;1;3;CHARLES DE GAULLE (AVENUE);;
536570775;22;7;2024;07:45;1;21;21250;1;1;1;6;D996;;
536570776;17;1;2024;18:50;5;69;69149;2;3;3;3;Avenue Jean Jaurès;;
536570777;21;7;2024;18:55;1;85;85294;1;1;1;7;avenue des citronniers;;
536570779;14;5;2024;19:30;1;39;39198;2;1;2;5;Rue du General Bethouart;;
536570780;16;1;2024;09:15;1;95;95555;2;2;1;5;D470;;
536570781;22;7;2024;18:15;1;85;85004;2;1;1;2;11 Route de la tranche sur mer;;
536570782;14;2;2024;15:35;1;34;34032;1;1;1;2;Aire de la Gare de Péages de Béziers Cabrials (Embranchement d'autoroute);;
536570783;17;1;2024;08:20;1;91;91667;2;1;9;6;BOCAGE (ALLEE);;
536570784;8;4;2024;08:50;1;37;37122;2;3;1;6;BRETONNIERES (BOULEVARD DES);;
536570785;16;5;2024;17:00;1;38;38185;2;1;3;6;RUE DES ALLIÉS;;
536570786;23;7;2024;21:50;3;37;37143;1;1;1;7;RD 760 - PR 043+700;;
536570787;1;3;2024;11:30;1;987;98747;1;9;1;3;AFAAHITI PK 1.050 sens Afaahiti/Teahupoo;;
536570788;16;1;2024;17:15;2;91;91161;2;9;8;6;MAZARIN (AVENUE);;
536570789;23;7;2024;18:30;1;30;30008;1;1;1;7;D7;;
536570790;16;5;2024;07:15;1;37;37122;2;2;1;3;CHINON (BOULEVARD DE);;
536570791;2;3;2024;00:16;5;971;97128;1;1;1;6;D102;;
536570792;16;1;2024;11:00;1;91;91421;2;1;7;6;REPUBLIQUE (AVENUE DE LA);;
536570793;8;4;2024;16:10;1;35;35150;1;6;2;2;PILAIS (LA) LIEUX-DITS;;
536570794;23;7;2024;20:25;2;31;31424;2;2;1;1;Route des Vitarelles;;
536570795;17;1;2024;18:35;5;91;91027;2;1;2;6;EDOUARD VAILLANT (RUE);;
536570796;16;5;2024;08:52;1;36;36044;2;1;1;3;Avenue d'Argenton;;
536570797;28;2;2024;06:05;3;77;77474;1;2;5;1;N3;;
536570798;4;4;2024;16:45;1;34;34172;2;1;1;6;COMTE DE NICE (AVENUE DU);;
536570799;23;7;2024;15:10;1;77;77194;1;1;1;6;AUTOROUTE A5 PK 030.200 DIRECTION PARIS;;
536570800;15;5;2024;14:10;1;34;34108;1;1;1;7;AIGUËS (RUE D');;
536570801;1;3;2024;19:20;5;78;78321;2;1;3;6;47 Route de Paris;;
536570802;17;1;2024;08:35;2;91;91027;2;1;3;6;JEAN PIERRE BENARD (AVENUE);;
536570803;8;4;2024;06:45;2;34;34172;2;1;1;2;JOUHAUX (AVENUE LEON);;
536570804;15;5;2024;15:35;1;34;34301;2;1;1;6;VERDUN (BOULEVARD DE);;
536570805;24;7;2024;05:55;2;987;98715;2;3;1;3;RT1 sens FAAA/PUNAAUIA - Sortie ouest de l'aéroport de Tahiti FAAA;;
536570806;1;3;2024;17:40;1;34;34249;1;1;1;6;Départementale 54;;
536570807;16;1;2024;09:05;1;87;87085;2;1;1;6;FONDERIE (RUE DE LA);;
536570809;3;5;2024;22:30;5;976;97612;2;1;1;1;Route Nationale Hamjago;;
536570810;15;5;2024;08:00;1;34;34032;1;3;1;2;MAUREILHAN (ROUTE DE);;
536570811;1;3;2024;17:50;2;83;83071;2;3;1;1;Chemin du Puits de la Commune;;
536570812;16;1;2024;08:28;1;87;87085;2;1;3;3;NEXON (RUE DE);;
536570813;8;4;2024;21:15;3;31;31555;1;1;1;6;14 CROIX DAURADE (PERIPH EST A62);;
536570815;23;7;2024;20:30;1;30;30221;1;1;1;4;PK 08+500;;
536570816;17;1;2024;02:30;5;83;83118;2;1;1;6;ROUTE DE LA CORNICHE;;
536570817;2;3;2024;09:50;1;06;06003;1;1;1;5;Route de Saint Vallier;;
536570819;15;7;2024;07:25;1;974;97415;1;1;1;7;Route du Théâtre;;
536570820;17;1;2024;07:40;3;77;77288;1;6;3;6;ROND POINT DE L'EUROPE;;
536570821;8;4;2024;07:30;1;31;31069;2;8;1;6;L'EUROPE (BD);;
536570822;26;2;2024;12:10;1;04;04143;2;1;7;3;Avenue de Traversetolo;;
536570823;23;7;2024;23:00;5;91;91599;2;1;1;3;le Saut du Postillon;;
536570825;7;4;2024;19:00;1;29;29019;2;1;1;2;rue Dupuy de Lome;;
536570826;26;2;2024;20:30;3;13;13067;1;2;1;2;D7n;;
536570827;16;1;2024;14:55;1;77;77067;1;6;1;2;D346;;
536570828;24;7;2024;09:50;1;66;66190;1;1;1;1;D11;;
536570830;2;3;2024;14:30;1;13;13085;1;1;1;6;D1;;
536570831;7;4;2024;09:05;1;29;29019;2;1;1;6;avenue de Tarente;;
536570832;18;7;2024;12:00;1;84;84129;2;1;1;6;18 Cité des Griffons (Zone résidentielle);;
536570833;17;1;2024;18:00;5;76;76540;2;3;4;6;Route de Darnetal;;
536570834;16;5;2024;13:30;1;31;31282;2;1;1;3;RTE DE LAUNAGUET;;
536570835;16;1;2024;15:05;1;76;76351;2;1;1;6;ESTUAIRE (ROUTE DE L');;
536570836;24;7;2024;06:07;1;04;04195;1;1;1;3;cd 900;;
536570837;8;4;2024;11:20;1;27;27229;2;1;2;7;FAUVILLE (RUE DE);;
536570838;17;1;2024;19:10;5;71;71076;2;2;2;3;EUROPE (AVENUE DE L');;
536570839;8;4;2024;07:00;1;27;27229;2;1;2;2;GAMBETTA (BOULEVARD);;
536570840;22;7;2024;15:30;1;13;13086;2;3;1;3;Avenue du Repos;;
536570841;15;5;2024;18:45;1;25;25462;1;4;2;3;VOIE COMMUNALE DE L'AVIATION;;
536570842;16;1;2024;17:58;3;71;71076;2;1;5;6;SAINTE MARIE (PROMENADE);;
536570843;7;4;2024;17:30;1;19;19031;2;1;1;1;LISSAC (ROUTE DE);;
536570844;16;5;2024;20:15;1;25;25056;2;1;8;6;RAVEL RUE MAURICE;;
536570845;16;1;2024;16:10;2;71;71076;2;1;2;6;MENAND (RUE EMILAND);;
536570846;23;7;2024;16:30;1;29;29131;1;1;1;6;D30;;
536570847;4;4;2024;18:00;1;14;14118;2;3;1;3;108 Boulevard Jean Moulin;;
536570848;17;1;2024;19:05;5;69;69266;2;1;2;1;Place Albert Thomas;;
536570849;16;5;2024;17:55;1;17;17306;2;1;2;4;ROCHEFORT (DE)  (AVENUE);;
536570850;21;7;2024;18:50;1;68;68247;1;1;1;6;D27;;
536570852;17;1;2024;11:00;1;69;69290;2;3;2;2;Avenue Henri Germain;;
536570853;23;7;2024;17:59;1;68;68154;2;1;1;3;Rue de Berne;;
536570854;16;5;2024;20:05;1;13;13214;2;1;1;1;ANATOLE DE LA FORGE (BOULEVARD);;
536570856;16;1;2024;15:45;1;69;69259;2;2;1;1;Boulevard Pinel;;
536570857;16;5;2024;16:00;1;13;13209;2;1;1;3;MARÉCHAL DE LATTRE (AVENUE);;
536570858;24;7;2024;07:00;2;03;03173;2;1;1;7;47 Route de Digoin;;
536570859;15;1;2024;16:30;1;69;69276;2;2;2;6;Rue Thomas;;
536570860;8;4;2024;02:50;5;75;75117;2;1;2;7;BD PERIPHERIQUE EXTERIEUR;;
536570861;16;5;2024;11:00;1;11;11069;2;1;1;6;6 Chemin de Sainte Marie;;
536570862;23;7;2024;10:25;1;38;38565;1;1;1;3;Route de Chartreuse;;
536570863;16;1;2024;21:06;5;68;68224;2;8;1;6;STOESSEL (BOULEVARD CHARLES);;
536570864;15;5;2024;16:12;1;09;09122;2;1;1;7;PAUL LAFFONT (RUE);;
536570865;7;4;2024;23:20;5;75;75112;2;1;2;3;BD PERIPHERIQUE EXTERIEUR;;
536570866;23;7;2024;17:00;1;40;40293;1;1;1;7;1901 Route de Maremne;;
536570867;16;1;2024;12:05;1;67;67482;2;3;8;3;SCHIRMECK (ROUTE DE);;
536570868;16;5;2024;19:20;1;06;06069;2;1;1;2;44 Chemin des Chèvrefeuilles;;
536570869;6;4;2024;19:00;1;75;75116;2;1;1;3;BD PERIPHERIQUE EXTERIEUR;;
536570870;15;5;2024;17:35;1;75;75116;2;1;1;2;BD PERIPHERIQUE EXTERIEUR;;
536570871;17;1;2024;11:52;1;64;64445;2;3;3;3;MAQUIS DU BEARN DU;;
536570873;8;4;2024;18:15;1;75;75120;2;3;7;6;BOULEVARD DAVOUT;;
536570874;17;1;2024;10:10;1;64;64348;2;1;2;6;Boulevard des Frères Farman;;
536570875;15;5;2024;16:30;1;75;75117;2;1;1;3;BD PERIPHERIQUE EXTERIEUR;;
536570876;10;1;2024;19:15;5;64;64445;2;1;1;3;DIDIER DAURAT;;
536570877;15;5;2024;12:00;1;75;75119;2;3;1;6;AVENUE JEAN JAURES;;
536570878;8;4;2024;16:30;1;75;75120;2;3;1;3;RUE DE MENILMONTANT;;
536570879;24;7;2024;11:30;1;85;85243;2;3;1;3;RD38;;
536570880;16;1;2024;13:20;1;64;64445;2;1;1;7;BENGHOZI AUDREY;;
536570882;17;1;2024;08:50;1;63;63113;2;1;1;3;CLARET (RUE JEAN);;
536570883;14;5;2024;21:45;5;75;75120;2;2;2;3;AVENUE GAMBETTA;;
536570884;8;4;2024;10:15;1;75;75120;2;3;8;6;RUE DE BAGNOLET;;
536570885;16;5;2024;11:40;1;75;75119;2;1;1;6;AVENUE JEAN JAURES;;
536570886;19;7;2024;08:19;1;59;59350;1;1;1;2;AUTOROUTE A1;;
536570887;8;4;2024;17:10;1;75;75119;2;3;1;3;BOULEVARD MACDONALD;;
536570888;17;1;2024;11:10;1;61;61169;2;6;3;3;170 Rue de Messei;;
536570889;15;5;2024;23:40;5;75;75117;2;3;1;6;BOULEVARD DES BATIGNOLLES;;
536570890;16;1;2024;18:34;5;56;56121;2;6;8;6;FERRY ( PL. JULES );;
536570891;8;4;2024;07:30;1;75;75119;2;2;1;6;BOULEVARD DE LA VILLETTE;;
536570892;16;1;2024;20:15;5;54;54357;2;4;1;6;Rue Jean Jaurès;;
536570893;16;5;2024;18:30;1;75;75116;2;2;1;3;ROUTE DE SURESNES;;
536570894;8;4;2024;12:00;1;75;75116;2;2;1;3;RUE MOLITOR;;
536570895;16;1;2024;15:57;1;54;54547;2;1;9;3;Boulevard de l'Europe;;
536570896;16;5;2024;10:00;1;75;75114;2;4;1;6;AVENUE DU GENERAL LECLERC;;
536570897;8;4;2024;20:45;5;75;75111;2;2;1;3;AVENUE PHILIPPE AUGUSTE;;
536570898;11;7;2024;16:13;1;59;59330;1;1;1;2;AUTOROUTE A23;;
536570899;17;1;2024;07:50;2;51;51573;2;3;3;6;COUTURIER (RUE PAUL VAILLANT);;
536570900;8;4;2024;09:45;1;75;75102;2;2;1;7;RUE REAUMUR;;
536570901;16;5;2024;18:05;1;75;75113;2;4;1;3;AVENUE DE LA PORTE D ITALIE;;
536570902;23;7;2024;15:07;1;91;91161;1;1;1;3;AUTOROUTE A6;;
536570903;17;1;2024;04:30;5;51;51454;2;1;2;2;NEUFCHATEL (RUE DE) DU N° 123 A FIN (IMP;;
536570904;16;5;2024;13:30;1;75;75110;2;1;1;6;RUE DIEU;;
536570905;23;7;2024;11:10;1;91;91174;1;1;1;3;RN 104;;
536570906;16;1;2024;07:00;5;51;51454;2;1;1;6;POMMERY (BOULEVARD);;
536570907;16;5;2024;13:25;1;75;75108;2;3;1;3;PLACE DE LA CONCORDE;;
536570908;8;4;2024;16:55;1;94;94078;2;2;1;3;Rue de Paris / Rue Emile Zola;;
536570909;16;1;2024;16:30;1;49;49007;2;1;1;1;MONTAIGNE AVENUE;;
536570910;23;7;2024;10:34;1;92;92047;1;1;2;4;A13;;
536570911;16;5;2024;09:30;1;75;75108;2;3;1;2;SOUTERRAIN CONCORDE;;
536570912;8;4;2024;11:55;1;94;94074;2;1;2;4;107 Avenue du Rû de Gironde;;
536570913;23;7;2024;10:30;1;78;78007;1;1;2;6;A13W;;
536570914;17;1;2024;17:20;2;38;38185;2;1;2;6;MARECHAL JOFFRE (BOULEVARD);;
536570915;23;7;2024;05:50;2;95;95488;1;1;1;7;A15;;
536570916;8;4;2024;15:30;1;94;94073;1;4;1;3;Rue du Bas Marin;;
536570917;17;1;2024;19:20;5;38;38053;2;2;3;6;Avenue Professeur Tixier;;
536570918;8;4;2024;20:50;3;94;94079;2;3;1;6;Rue du Général de Gaulle / Rue Edgar Degas;;
536570919;23;7;2024;12:05;1;93;93027;1;1;1;4;AUTOROUTE A86;;
536570920;17;1;2024;15:55;1;37;37261;2;1;8;3;DASSAULT (AVENUE MARCEL);;
536570921;8;4;2024;01:45;5;93;93070;2;1;2;7;Avenue Gabriel Péri;;
536570922;13;1;2024;05:00;3;35;35288;1;1;1;6;BARBINAIS (LIEU DIT LA);;
536570923;15;5;2024;16:42;1;75;75103;2;3;1;6;RUE DE TURBIGO;;
536570924;23;7;2024;10:15;1;93;93063;1;1;2;6;AUTOROUTE A3;;
536570925;8;4;2024;18:27;1;93;93055;2;1;1;3;Avenue du Général Leclerc;;
536570926;22;7;2024;14:40;1;95;95241;1;1;1;3;N104;;
536570927;7;4;2024;22:47;5;92;92022;2;1;2;6;FONTAINE HENRI IV (RUE DE LA);;
536570928;17;1;2024;08:35;4;35;35238;2;1;2;6;MALAKOFF;;
536570929;23;7;2024;17:10;1;94;94028;1;1;1;2;A86;;
536570930;8;4;2024;20:50;2;92;92012;2;2;1;1;ANATOLE FRANCE (BOULEVARD) 1/4BIS;;
536570931;16;5;2024;07:35;1;94;94065;2;4;1;2;Avenue Charles Lindbergh / Bretelle A86;;
536570932;8;4;2024;18:20;1;92;92004;2;1;1;3;GRESILLONS ( AVENUE DES  );;
536570933;23;7;2024;06:50;1;77;77337;1;1;2;6;A4.W;;
536570935;15;5;2024;18:10;1;94;94028;2;3;1;2;Route de la Pompadour / Chemin des Bassins;;
536570936;8;4;2024;09:10;1;92;92004;2;1;8;7;GRESILLONS ( AVENUE DES  );;
536570937;22;7;2024;22:50;3;77;77258;1;1;1;7;A4.Y;;
536570939;16;5;2024;08:15;1;94;94018;2;2;1;3;Rue de Conflans / Rue des Bordeaux;;
536570940;8;4;2024;07:15;2;92;92004;2;1;8;2;DOCTEUR DERVAUX  ( QUAI DU );;
536570941;22;7;2024;09:30;1;94;94065;1;1;1;5;A86;;
536570942;15;5;2024;19:30;1;94;94017;2;1;2;2;Boulevard de Stalingrad;;
536570943;8;4;2024;03:00;3;40;40168;1;1;1;6;A63;;
536570944;17;1;2024;21:20;5;31;31555;2;6;2;2;RUE DU DR MARCEL BOUVIER;;
536570945;24;1;2024;16:15;1;14;14281;1;9;1;6;N13;;
536570946;16;5;2024;13:00;1;94;94075;2;6;1;6;Rue des Plantes / Rue de la Tournelle;;
536570947;18;1;2024;00:10;5;29;29232;2;6;1;6;LUDUGRIS  ROND POINT DE;;
536570948;5;4;2024;09:58;1;35;35082;2;2;1;3;Lieu Dit Jugon;;
536570949;18;3;2024;10:00;1;76;76681;2;7;1;6;Place des Bruyères;;
536570950;9;4;2024;07:45;1;38;38378;1;1;3;6;Route du Péage;;
536570951;16;1;2024;19:00;5;29;29019;2;3;1;6;place Napoleon III;;
536570952;16;5;2024;08:14;1;93;93070;2;1;1;1;Avenue Gabriel Péri;;
536570953;8;4;2024;12:50;1;86;86184;2;1;1;6;D20;;
536570954;16;5;2024;09:25;1;93;93064;2;1;1;1;Boulevard Gabriel Péri;;
536570955;6;3;2024;16:40;1;76;76540;2;1;8;3;Rue Victor Hugo;;
536570956;17;1;2024;21:35;5;13;13203;2;1;2;1;STRASBOURG (BOULEVARD);;
536570957;9;4;2024;13:15;1;68;68162;1;1;2;1;Billachweg (Chemin);;
536570958;1;3;2024;18:45;3;76;76322;1;1;2;2;N338 - Sud 3;;
536570959;15;5;2024;21:50;3;93;93063;2;1;1;5;Rue Marcel Ethis;;
536570960;17;1;2024;09:25;1;13;13213;2;1;2;2;CROIX ROUGE (AVENUE);;
536570961;9;4;2024;15:30;1;974;97422;2;1;1;6;153 Rue des Poinsetias;;
536570962;17;1;2024;06:50;5;13;13211;2;1;2;2;CAMOINS (AVENUE DES);;
536570963;8;4;2024;11:45;2;972;97227;2;1;1;1;RN5;;
536570964;15;5;2024;19:50;1;93;93031;2;1;1;1;Avenue Jean Jaurès;;
536570965;19;3;2024;10:26;1;24;24053;1;1;1;3;RN221;;
536570966;16;1;2024;22:50;5;13;13207;2;9;1;2;Corniche John Fitzgérald Kennedy;;
536570967;8;4;2024;10:20;1;21;21661;1;1;1;2;autoroute a38 - pk 30;;
536570968;23;7;2024;01:55;4;974;97416;2;1;1;6;PRESBYTERE (RUE DU);;
536570969;12;5;2024;12:00;1;93;93031;2;3;1;1;Rue Pierre Curie / Rue Georges Picot;;
536570970;2;3;2024;10:05;1;62;62706;2;9;1;6;D166;;
536570971;22;7;2024;19:09;5;973;97302;2;1;1;2;ZEPHIR (CITE);;
536570972;7;4;2024;18:12;2;38;38105;1;1;1;6;Route de Bonpertuis;;
536570973;16;5;2024;18:45;1;93;93007;2;1;1;5;Avenue Charles Floquet;;
536570974;8;4;2024;09:45;1;34;34036;1;1;1;7;A75 PK286+200 Sens2;;
536570975;22;7;2024;18:35;1;69;69383;2;9;1;6;Rue Villeroy;;
536570976;16;5;2024;14:50;1;93;93007;2;3;1;3;Avenue Paul Vaillant Couturier / Rue de Londres;;
536570977;21;7;2024;05:00;3;972;97209;2;1;1;6;MOUTTE (ROUTE DE);;
536570978;16;5;2024;19:50;1;92;92078;2;1;1;2;GALLIENI (BD) (1 A 79 ET 22 A 102);;
536570979;16;5;2024;10:10;1;92;92064;2;5;1;3;PLACE CLEMENCEAU;;
536570980;21;7;2024;06:40;2;87;87085;2;3;2;6;GAGNANT (AVENUE JEAN);;