Num_Acc;jour;mois;an;hrmn;lum;dep;com;agg;int;atm;col;adr;lat;long
536570981;16;5;2024;18:10;1;92;92049;2;1;1;6;BRIAND AVENUE ARISTIDE N°1 A 129;;
536570982;20;7;2024;20:20;1;87;87085;2;1;2;7;ISLE (RUE D');;
536570983;16;5;2024;13:18;1;92;92020;2;1;1;3;PARIS AVENUE DE N°2 A82;;
536570984;15;5;2024;23:34;5;92;92040;2;3;1;2;ARISTIDE BRIAND;;
536570985;19;7;2024;16:00;1;87;87085;2;3;1;6;BRIAND (RUE ARISTIDE);;
536570986;16;5;2024;21:20;1;92;92012;2;1;1;7;BELLEVUE (RUE DE) 73/FIN - 80/FIN;;
536570987;22;7;2024;17:20;1;83;83137;2;3;7;3;JUIN (AVE ALPHONSE);;
536570988;15;5;2024;23:10;5;92;92012;2;1;8;3;REINE (ROUTE DE LA) 39/107 BIS;;
536570989;15;5;2024;13:50;1;92;92012;2;9;1;5;PONT DE SEVRES (ROND POINT DU);;
536570990;22;7;2024;13:25;1;78;78168;2;1;1;3;GARE (AVENUE DE LA);;
536570991;17;5;2024;17:50;1;12;12300;1;1;1;7;Route Haute de Farrou;;
536570992;21;7;2024;20:30;1;78;78172;2;9;1;1;AMBASSADEUR (RUE DE L');;
536570993;17;5;2024;15:50;1;2A;2A026;1;1;1;3;D83;;
536570994;31;8;2024;14:30;1;22;22050;2;1;1;6;Rue du Port;;
536570995;23;6;2024;15:40;1;77;77350;1;3;1;7;CD NUMERO 471;;
536570996;16;5;2024;16:35;1;26;26323;1;2;1;3;D123;;
536570997;31;8;2024;06:29;2;60;60009;2;3;2;7;Rue Saint Ladre;;
536570998;17;5;2024;13:45;1;26;26194;1;1;1;1;Route Departementale 538;;
536570999;20;7;2024;14:40;1;77;77373;1;1;1;5;CHE D 21;;
536571000;17;5;2024;08:10;1;28;28219;1;1;5;6;Autoroute Oceane - A11;;
536571001;30;8;2024;19:15;1;60;60081;1;1;1;3;Rue de Tillé;;
536571002;22;7;2024;13:15;1;77;77384;1;1;1;3;D.57;;
536571003;2;5;2024;16:55;1;51;51585;1;1;2;7;départementale 3;;
536571004;16;5;2024;14:30;1;974;97404;1;1;1;7;Chemin Batty;;
536571006;20;7;2024;19:00;1;77;77285;2;1;1;2;FERME  (RUE DE LA);;
536571007;21;7;2024;22:15;3;77;77285;2;1;1;6;MAURICE DAUVERGNE (AVENUE);;
536571009;22;7;2024;10:05;1;77;77284;2;1;1;3;ARTISANS (IMPASSE DES);;
536571010;19;7;2024;16:07;1;77;77186;1;1;1;6;D138. girat.valvins à croix de vitry;;
536571011;30;8;2024;18:00;1;91;91345;1;1;2;4;AUTOROUTE A6;;
536571012;19;7;2024;19:33;1;76;76270;1;1;1;4;RD 6382;;
536571013;30;8;2024;07:40;1;91;91689;1;1;1;3;AUTOROUTE A6B;;
536571014;21;7;2024;17:10;1;72;72181;2;2;1;3;MAC JEAN (AV) N° PAIRS 106 A 216;;
536571015;30;8;2024;03:30;3;78;78073;1;1;1;7;RN12 INT;;
536571016;22;7;2024;15:10;1;69;69286;2;1;1;6;Avenue de l'Europe;;
536571017;30;8;2024;13:00;1;75;75120;1;1;2;3;AUTOROUTE A3;;
536571018;20;7;2024;11:20;1;67;67482;2;4;7;3;RENE CASSIN (ALLEE);;
536571019;30;8;2024;09:30;1;93;93066;1;1;1;2;AUTOROUTE A1;;
536571020;22;7;2024;07:30;1;66;66136;2;6;1;3;ARCADES (RD POINT);;
536571022;29;8;2024;21:40;3;93;93053;1;1;1;3;AUTOROUTE A3;;
536571023;22;7;2024;15:50;1;64;64122;2;1;1;6;COTE DES BASQUES (PERSPECTIVE DE LA;;
536571024;29;8;2024;21:45;3;93;93053;1;1;2;4;AUTOROUTE A3;;
536571025;21;7;2024;09:45;1;64;64122;2;1;1;6;AUGUSTA (BD D');;
536571026;18;7;2024;10:40;1;62;62498;2;3;1;3;Rue Louis Pasteur;;
536571027;28;8;2024;16:45;1;95;95572;1;1;1;2;N184;;
536571028;20;7;2024;01:26;5;56;56107;2;6;1;6;Boulevard Roger le Port;;
536571029;15;7;2024;13:05;1;52;52121;2;1;1;6;GAMBETTA (BOULEVARD);;
536571030;26;8;2024;18:00;1;93;93027;1;1;1;4;AUTOROUTE A1;;
536571031;19;7;2024;16:15;1;51;51454;2;1;1;1;TAITTINGER (RUE PIERRE);;
536571032;30;8;2024;13:45;1;77;77372;1;1;3;7;A104;;
536571033;22;7;2024;11:07;1;45;45147;2;1;1;3;D2020 PR 36 + 910;;
536571034;26;6;2024;07:15;1;57;57672;2;2;1;3;OCEANIE (CHAUSSEE D');;
536571036;28;8;2024;17:40;1;987;98735;2;1;1;6;DESTREMEAU (RUE BLOC STATION TIPAERUI);;
536571037;22;7;2024;22:45;5;43;43157;2;3;1;1;BREUIL (PLACE DU);;
536571038;29;8;2024;11:30;1;974;97416;2;1;1;3;DELISLES (ROUTE HUBERT) CD3;;
536571039;22;7;2024;10:30;1;42;42044;2;2;8;3;Rue de la Malafolie;;
536571040;20;7;2024;23:10;5;40;40192;2;1;1;1;BOULEVARD DU CHEMIN VERT;;
536571041;29;8;2024;21:30;3;974;97411;1;1;1;6;LITTORAL (ROUTE 2 DU);;
536571042;22;7;2024;06:25;1;37;37261;2;1;1;3;TONNELLE (BOULEVARD);;
536571043;28;8;2024;19:15;5;973;97302;2;1;8;7;RABAN (ROUTE DE);;
536571046;29;8;2024;23:40;5;69;69383;2;2;1;3;Cours Lafayette;;
536571047;22;7;2024;14:15;1;31;31555;2;1;1;6;BD DE STRASBOURG;;
536571048;29;8;2024;17:03;1;69;69383;2;1;1;3;111 Boulevard Marius Vivier-Merle;;
536571049;15;7;2024;14:44;1;30;30189;2;1;1;3;Avenue Jean-Jaurès;;
536571050;29;8;2024;17:45;1;69;69387;2;1;1;5;Avenue Jean Jaurès;;
536571051;17;7;2024;18:50;1;30;30189;2;2;1;3;Rue Porte de France;;
536571052;29;8;2024;11:40;1;69;69383;2;1;1;6;32 Rue Chaponnay;;
536571053;22;7;2024;17:10;1;06;06088;2;2;1;6;17 Rue de Chateauneuf;;
536571054;29;8;2024;07:50;1;69;69383;2;2;7;2;Cours Lafayette;;
536571055;29;8;2024;23:15;5;69;69389;2;2;1;1;Quai de la Gare d'Eau;;
536571056;21;7;2024;18:10;1;75;75118;2;1;1;4;BD PERIPHERIQUE EXTERIEUR;;
536571057;21;7;2024;17:20;1;75;75115;2;1;1;2;BD PERIPHERIQUE INTERIEUR;;
536571058;29;7;2024;18:30;1;69;69382;2;1;1;3;Quai des Célestins;;
536571059;20;7;2024;17:36;1;75;75114;2;1;1;2;BD PERIPHERIQUE EXTERIEUR;;
536571060;29;8;2024;07:05;1;971;97113;1;1;2;7;GRAND BAIE ( RN4);;
536571061;22;7;2024;15:30;1;75;75106;2;2;1;3;BOULEVARD DU MONTPARNASSE;;
536571062;28;8;2024;19:20;5;971;97101;1;1;3;6;RN1 ROCADE DE CHAUVEL;;
536571063;22;7;2024;17:15;1;75;75120;2;3;1;6;AVENUE GAMBETTA;;
536571064;27;8;2024;19:10;5;971;97113;1;1;1;3;SECTEUR DAMPIERRE;;
536571065;26;8;2024;00:15;5;30;30011;2;1;1;7;GRAND TERME BOULEVARD DU;;
536571066;22;7;2024;08:20;1;75;75119;2;3;1;2;AVENUE DE FLANDRE;;
536571067;25;8;2024;02:45;5;84;84007;2;1;1;7;CHARLES DE GAULLE;;
536571068;29;8;2024;10:10;1;83;83126;2;1;1;6;FABREGAS (VIEUX CHEMIN DE);;
536571069;22;7;2024;11:55;1;75;75117;2;3;1;3;AVENUE NIEL;;
536571070;28;8;2024;09:50;1;83;83069;1;1;1;3;SALINS ( ROUTE DES VIEUX);;
536571071;21;7;2024;11:00;1;75;75112;2;3;1;2;AVENUE DU TRONE;;
536571072;29;8;2024;11:25;1;78;78029;2;1;1;6;QUARANTE SOUS (RUE DE);;
536571073;22;7;2024;17:40;1;75;75111;2;4;1;6;AVENUE DE LA REPUBLIQUE;;
536571074;29;8;2024;19:14;1;77;77251;2;1;1;6;ALL DE L'AVANT-SCENE;;
536571075;22;7;2024;18:40;1;75;75107;2;3;1;7;BOULEVARD DES INVALIDES;;
536571076;28;8;2024;19:43;1;77;77251;2;1;1;3;ALL DU PREAMBULE;;
536571077;22;7;2024;09:33;1;75;75107;2;3;1;6;Rue Saint-Dominique;;
536571078;28;8;2024;11:53;1;73;73008;2;1;1;6;LEPIC BOULEVARD;;
536571079;22;7;2024;14:10;1;94;94054;2;1;1;3;Rue Emile Zola;;
536571080;22;7;2024;10:10;1;94;94022;2;1;1;6;Avenue Jean Jaurès;;
536571081;29;8;2024;19:45;2;69;69029;2;1;1;3;Avenue Pierre Brossolette;;
536571082;22;7;2024;17:30;1;93;93066;2;4;1;6;"""LANDY RD 20, NR PAIRS 2 A 144""";;
536571083;29;8;2024;14:30;1;69;69259;2;1;1;6;136 Boulevard Irène Joliot Curie;;
536571084;22;7;2024;08:25;1;93;93077;2;3;1;3;Avenue du Général Galliéni / Allée Velleda;;
536571085;29;8;2024;20:30;5;67;67482;2;1;1;3;SCHACH (RUE);;
536571086;22;7;2024;15:50;1;93;93031;2;1;1;3;Avenue de la République;;
536571087;22;7;2024;13:47;1;92;92072;2;1;1;7;PAVE DES GARDES (ROUTE DU);;
536571088;29;8;2024;17:30;1;67;67267;2;1;7;6;ALFRED KASTLER (RUE);;
536571089;22;7;2024;10:50;1;92;92072;2;1;1;1;VILLE D'AVRAY (RUE DE );;
536571090;29;8;2024;13:50;1;67;67482;2;2;1;2;COLMAR (AVENUE DE);;
536571091;22;7;2024;00:18;5;92;92050;2;3;1;6;ONZE NOVEMBRE RUE DU;;
536571092;29;8;2024;17:20;1;65;65440;2;1;1;6;4 Bd du Mal de Lattre de Tassigny;;
536571093;21;7;2024;23:17;5;92;92025;2;1;1;3;PRESIDENT SALVADOR ALLENDE (RUE DU);;
536571094;22;7;2024;15:30;1;35;35176;2;1;1;6;Rue de la Libération;;
536571095;29;8;2024;21:13;5;64;64260;2;3;2;3;LECLERC (BOULEVARD DU GENERAL);;
536571097;28;8;2024;10:40;1;64;64445;2;6;1;3;ALSACE LORRAINE D';;
536571098;22;7;2024;14:00;1;16;16013;1;2;1;1;17 Route des Ballons;;
536571099;27;8;2024;18:10;1;64;64445;2;6;1;6;BERLIOZ;;
536571100;28;3;2024;16:50;1;41;41148;1;1;6;1;D951;;
536571101;29;8;2024;10:10;1;64;64122;2;1;2;1;ALOUETTES;;
536571102;29;6;2024;14:00;1;31;31116;2;1;1;6;Route de Bessiéres;;
536571103;17;7;2024;09:30;1;45;45030;1;1;1;2;A19 PR 80 + 174;;
536571104;29;8;2024;19:20;1;64;64102;2;1;1;4;NAVARRE (AVENUE HENRI DE);;
536571105;23;7;2024;00:30;3;42;42232;2;1;1;6;970 Route de Saint Haon;;
536571106;28;8;2024;12:45;1;62;62351;2;1;7;2;D46;;
536571107;23;7;2024;08:10;1;60;60176;2;1;1;3;Rue Gustave Eiffel;;
536571108;21;7;2024;19:40;1;62;62042;2;3;1;6;D37;;
536571109;29;8;2024;00:15;5;59;59350;2;1;1;4;Boulevard Robert Schuman;;
536571110;22;7;2024;15:55;1;57;57057;1;4;1;3;D75;;
536571111;29;8;2024;15:30;1;58;58194;2;3;1;3;RESISTANCE (SQUARE);;
536571112;18;7;2024;15:27;1;82;82112;1;3;1;3;Chemin de la Rhode;;
536571114;28;8;2024;14:32;1;56;56121;2;2;1;3;Rond-point du Moustoir;;
536571115;23;7;2024;09:40;1;32;32359;1;1;1;2;PK 16+320 D 175;;
536571116;20;7;2024;09:31;1;89;89128;1;2;1;3;D11;;
536571117;28;8;2024;10:55;1;56;56098;2;3;1;3;Rue Charles Coulomb;;
536571118;23;7;2024;18:00;1;63;63368;1;4;1;7;D229;;
536571119;28;8;2024;11:41;1;56;56121;2;1;1;6;Avenue Chenailler dit colonel Morice;;
536571120;22;7;2024;14:00;1;49;49218;1;1;1;6;D 17;;
536571121;23;7;2024;16:40;1;47;47310;2;1;7;6;Cours de Verdun;;
536571122;28;8;2024;13:30;1;54;54274;2;3;1;1;Avenue du General de Gaulle;;
536571123;11;7;2024;19:15;1;34;34210;1;1;1;3;RD2;;
536571124;22;7;2024;14:00;1;68;68107;1;1;1;2;D419;;
536571125;28;8;2024;18:00;1;51;51454;2;2;1;3;SALENGRO (RUE ROGER);;
536571126;18;7;2024;09:15;1;39;39390;2;1;1;6;1 Grande Rue;;
536571127;27;8;2024;18:55;1;51;51108;2;6;1;3;THEROIGNE DE MERICOURT (rue Anne Josephe;;
536571128;22;7;2024;08:30;1;38;38229;2;3;1;3;Rue du Pre d?Elle / Avenue de verdun;;
536571129;28;8;2024;12:00;1;49;49007;2;2;1;1;MILLOT BOULEVARD JACQUES;;
536571130;21;7;2024;18:05;1;02;02758;2;2;1;3;1 Avenue Jean Jaurès;;
536571131;29;8;2024;19:30;2;45;45234;2;2;1;3;Boulevard Saint-Euverte;;
536571132;28;8;2024;23:00;5;45;45208;2;1;1;3;10 Rue Renée de France;;
536571133;19;7;2024;04:30;3;84;84050;1;1;1;7;D103;;
536571134;29;8;2024;08:30;1;43;43157;2;1;1;6;Avenue Marechal Foch;;
536571135;23;7;2024;08:00;1;03;03292;1;1;1;7;chemin départemental 33, carrefour de la route communale de la savrière;;
536571136;29;8;2024;08:25;2;42;42127;2;1;7;6;Rue des Buttes;;
536571137;18;7;2024;15:00;1;06;06150;1;1;1;7;1801 Avenue de Cap d'Ail;;
536571138;28;8;2024;12:15;1;41;41212;2;3;1;3;NATIONALE (ROUTE);;
536571139;21;7;2024;11:15;1;14;14102;1;1;1;1;Chemin des Toutains;;
536571140;29;8;2024;18:50;1;38;38185;2;1;1;3;PLACE DE VERDUN;;
536571141;22;7;2024;20:00;1;14;14274;1;1;1;5;D8;;
536571142;29;8;2024;14:30;1;38;38151;2;2;1;3;AVENUE VICTOR HUGO;;
536571143;23;7;2024;04:00;3;05;05011;1;1;1;6;Route Départementale 942;;
536571144;29;8;2024;09:21;1;36;36202;2;9;1;2;Boulevard du Franc;;
536571145;23;7;2024;14:10;1;64;64538;1;1;1;1;Luzaide / Nive d'Arnéguy (Rivière);;
536571146;22;7;2024;07:10;1;73;73067;2;3;1;7;D213;;
536571147;29;8;2024;06:20;5;34;34172;2;1;1;4;LIBERTE (AVENUE DE LA;;
536571148;21;7;2024;01:45;3;18;18135;1;1;3;7;Route d'Orsan;;
536571150;23;7;2024;13:55;1;07;07338;1;1;1;6;D21;;
536571151;29;8;2024;16:36;1;29;29232;2;3;1;3;Boulevard de Creac'h Gwen;;
536571152;11;7;2024;14:05;1;85;85204;1;3;1;3;D2;;
536571153;22;7;2024;23:05;5;37;37203;2;1;1;1;11 Quai de la Loire;;
536571154;28;8;2024;14:25;1;29;29232;2;1;1;2;DOUARNENEZ RUE DE;;
536571156;21;7;2024;16:12;1;24;24206;1;1;1;1;Lagarde;;
536571157;29;8;2024;19:00;1;25;25056;2;1;7;3;ALLENDE  BOULEVARD SALVADOR;;
536571158;22;7;2024;17:00;1;42;42209;1;1;1;6;A89;;
536571159;20;8;2024;15:35;1;22;22113;2;6;1;3;ARMOR (BOULEVARD D');;
536571160;29;8;2024;05:20;5;17;17306;2;4;3;7;ELECTRICITE (DE L');;
536571161;23;7;2024;16:00;1;30;30189;1;1;1;4;Autoroute A9 - PK 48+200;;
536571162;29;8;2024;02:48;5;13;13213;2;1;1;7;CHATEAU GOMBERT CHEMIN;;
536571163;23;7;2024;15:23;1;60;60142;1;1;1;3;D1017;;
536571164;29;8;2024;06:30;5;13;13213;2;3;1;5;ALBERT EINSTEIN (RUE);;
536571165;23;7;2024;12:58;1;976;97608;2;9;1;7;Route des Badamiers;;
536571166;29;8;2024;12:00;1;13;13063;1;1;1;1;D.10;;
536571167;21;7;2024;20:45;3;2B;2B168;1;1;1;7;rt30;;
536571168;28;8;2024;23:00;3;10;10387;2;1;1;3;Rue des Bas Trevois;;
536571169;28;8;2024;13:27;1;10;10387;2;2;7;1;Avenue Pasteur;;
536571170;21;7;2024;00:30;3;2B;2B093;1;1;1;1;route de corbara;;
536571171;28;8;2024;17:50;1;07;07019;1;1;1;6;MONTELIMAR ( ROUTE DE );;
536571172;14;7;2024;05:35;3;66;66008;2;1;1;6;avenue de la retirada;;
536571173;29;8;2024;11:55;1;06;06159;1;1;1;3;359 Avenue Bella Vista;;
536571174;22;7;2024;19:30;1;83;83151;2;1;1;6;D24;;
536571175;28;8;2024;11:05;1;06;06029;2;1;1;3;127 Avenue Michel Jourdan;;
536571176;19;7;2024;15:40;1;83;83138;1;2;7;3;Tourrettes;;
536571177;28;8;2024;20:15;2;01;01451;1;1;1;2;MARBOZ RD 996 (ROUTE DE ) IMPAIR;;
536571178;22;7;2024;18:50;1;71;71372;2;2;1;3;Route de Fleurie;;
536571179;22;7;2024;20:30;1;71;71069;1;1;1;6;D45;;
536571180;29;8;2024;15:50;1;75;75116;2;1;1;4;BD PERIPHERIQUE INTERIEUR;;
536571181;23;7;2024;12:25;1;73;73328;1;4;1;3;D1201 Route les rives du lac;;
536571182;28;8;2024;09:00;1;75;75114;2;1;1;3;BD PERIPHERIQUE INTERIEUR;;
536571183;23;7;2024;09:30;1;42;42073;1;1;1;6;Route des Collines;;
536571184;28;8;2024;07:20;1;75;75112;2;1;1;4;BD PERIPHERIQUE EXTERIEUR;;
536571185;22;7;2024;17:15;1;69;69159;1;2;1;3;Route du Saule D'Oingt;;
536571186;29;8;2024;14:53;1;75;75108;2;2;1;6;AVENUE DES CHAMPS ELYSEES;;
536571188;29;8;2024;11:40;1;75;75118;2;2;1;3;BOULEVARD NEY;;
536571190;28;8;2024;16:44;1;75;75112;2;2;1;6;BOULEVARD PONIATOWSKI;;
536571191;18;7;2024;18:25;1;44;44047;1;3;1;2;Route de Sautron;;
536571192;28;8;2024;07:40;1;75;75116;2;1;1;4;BD PERIPHERIQUE INTERIEUR;;
536571193;19;7;2024;12:00;1;29;29087;2;1;1;7;Route de la Gare;;
536571194;29;8;2024;12:10;1;75;75115;2;3;1;7;RUE CLODION;;
536571195;18;7;2024;12:35;1;60;60141;1;1;1;2;D924a;;
536571196;29;8;2024;14:25;1;75;75112;2;3;1;6;PLACE DE LA NATION;;
536571197;22;7;2024;15:45;1;60;60022;1;1;1;2;D606E;;
536571198;29;8;2024;21:20;5;75;75111;2;4;2;3;BOULEVARD VOLTAIRE;;
536571199;29;8;2024;13:18;1;75;75110;2;1;1;6;RUE LOUIS BLANC;;
536571200;19;7;2024;17:20;1;69;69282;1;1;1;2;Route Départementale 302;;
536571201;11;7;2024;14:20;1;59;59094;1;1;1;7;AUTOROUTE A16;;
536571202;29;8;2024;02:15;5;75;75108;2;2;1;6;PLACE DE LA MADELEINE;;
536571203;22;7;2024;15:15;1;91;91086;1;1;1;2;RN 104;;
536571204;29;8;2024;15:59;1;75;75107;2;3;1;3;QUAI VOLTAIRE;;
536571205;22;7;2024;17:25;1;92;92047;1;1;1;1;A13;;
536571206;29;8;2024;16:25;1;75;75109;2;4;1;6;RUE CLAUZEL;;
536571207;29;8;2024;00:15;5;94;94073;2;2;1;3;Rue de la Galaise;;
536571208;22;7;2024;14:04;1;78;78158;1;1;1;4;A13;;
536571209;28;8;2024;17:50;1;94;94019;2;1;1;2;Route de la Libération;;
536571210;29;8;2024;11:00;1;93;93079;2;1;1;6;Avenue de la Division Leclerc;;
536571211;21;7;2024;18:25;1;78;78118;1;1;1;4;A13;;
536571212;29;8;2024;01:55;5;93;93057;2;1;1;5;BRIAND ( AV. ARISTIDE) 238 A 308;;
536571213;3;10;2024;07:20;2;69;69387;2;5;1;2;Cours Gambetta;;
536571214;29;8;2024;10:20;1;92;92062;2;1;1;3;REPUBLIQUE (RUE DE LA) DU 102 AU 200;;
536571215;22;7;2024;06:20;1;94;94069;1;1;1;4;A4;;
536571216;29;8;2024;10:00;1;92;92050;2;1;1;6;REPUBLIQUE AVENUE DE LA;;
536571218;3;10;2024;07:55;1;69;69387;2;3;1;3;Rue de Gerland;;
536571219;27;8;2024;07:50;1;92;92025;2;2;1;3;KLEBER (AV);;
536571220;26;4;2024;15:50;1;14;14609;1;1;8;2;N13;;
536571221;29;8;2024;01:17;5;92;92071;2;1;1;6;HOUDAN (RUE);;
536571222;23;2;2024;17:30;1;14;14374;1;1;2;7;D107;;
536571223;30;9;2024;17:10;1;972;97209;2;3;1;1;KERLYS (RUE DE );;
536571224;29;8;2024;21:00;5;92;92007;2;2;2;1;HUGO (AVENUE VICTOR);;
536571225;12;4;2024;20:30;2;62;62634;2;1;1;1;Rue du Moulin;;
536571226;28;8;2024;23:45;5;92;92007;2;1;1;6;PASTEUR (AVENUE LOUIS) N° 1 A 39 ET 2 A;;
536571227;3;10;2024;03:50;5;69;69387;2;1;1;2;Avenue Berthelot;;
536571228;28;8;2024;13:05;1;92;92036;2;1;1;6;GRESILLONS ( AVENUE DES  );;
536571229;13;4;2024;17:00;1;29;29037;1;6;1;3;D44;;
536571230;29;8;2024;08:42;1;92;92002;2;3;1;6;DIVISION LECLERC (53 A 217 - 58 A 186);;
536571231;15;4;2024;22:00;3;14;14027;1;1;2;7;Route du Pied du Bois;;
536571232;3;10;2024;11:10;1;91;91434;2;1;8;4;COMMANDANT BARRE (AVENUE DU);;
536571233;27;8;2024;17:40;1;78;78548;1;1;1;3;Route des 17 tournants D91;;
536571234;21;7;2024;09:10;1;974;97416;1;1;1;3;RN1;;
536571235;29;8;2024;09:50;1;09;09026;2;9;1;7;Engouès d'En Bas;;
536571236;20;7;2024;02:55;5;972;97213;1;1;3;2;AUTOROUTE A1;;
536571237;3;10;2024;20:40;3;91;91174;2;3;1;6;RUE CHAMPLOUIS;;
536571238;30;8;2024;05:35;2;51;51057;2;3;8;6;18 Grande Rue;;
536571239;21;7;2024;09:12;1;2B;2B033;1;1;1;6;TOUTES RUES;;
536571240;29;8;2024;07:20;2;73;73313;1;3;1;7;D921;;
536571241;21;7;2024;08:08;1;95;95277;2;1;1;3;D317;;
536571242;2;10;2024;16:45;1;88;88428;2;4;1;1;RUE SAINT MICHEL;;
536571243;30;8;2024;11:40;1;974;97412;2;2;1;3;Rue des Prunes;;
536571244;29;8;2024;15:00;1;88;88181;2;1;1;3;Rue du General Ingold;;
536571245;21;7;2024;05:15;3;95;95277;1;1;2;5;D170;;
536571246;3;10;2024;16:30;1;84;84007;2;4;1;3;WETZLAR (AVENUE DE);;
536571247;30;8;2024;03:00;4;76;76404;1;6;1;7;D925;;
536571248;2;10;2024;11:30;1;80;80001;2;1;1;7;GENERAL LECLERC (du);;
536571249;3;10;2024;22:40;5;78;78297;2;9;1;7;ALLVIGER ET LANOT (RUE);;
536571250;21;7;2024;05:11;2;84;84007;2;1;1;1;SAINT DOMINIQUE (Boulevard);;
536571251;3;10;2024;20:05;5;78;78297;2;9;1;6;JAURES (BOULEVARD JEAN);;
536571252;19;7;2024;16:30;1;81;81060;2;2;1;3;THOMAS (AVENUE ALBERT);;
536571253;30;8;2024;03:27;3;41;41156;1;1;1;5;Autoroute A10, PK 141.700;;
536571254;27;8;2024;17:50;1;72;72008;2;9;1;1;Boulevard Pierre Lefaucheux;;
536571255;21;7;2024;19:20;1;78;78123;2;2;1;5;BERTAUX RUE MAURICE;;
536571256;30;8;2024;09:00;1;77;77240;1;1;2;7;Rue de Breuil;;
536571257;21;7;2024;19:00;1;77;77513;2;1;1;6;CHAUSSEE DE PARIS (RUE DE LA);;
536571258;21;7;2024;18:35;1;76;76165;2;1;1;6;Rue Guillaume Apollinaire;;
536571259;30;8;2024;12:00;1;30;30060;2;4;1;2;D42;;
536571260;29;8;2024;17:10;1;56;56008;2;6;1;6;114 Route de Port Blanc;;
536571261;29;8;2024;19:25;1;31;31150;2;1;1;1;rue du 11 novembre;;
536571262;21;7;2024;12:30;1;76;76681;1;3;1;5;Boulevard Industriel;;
536571263;29;8;2024;13:50;1;63;63003;1;6;1;3;Rond point du soldat - D906;;
536571264;28;8;2024;20:00;2;42;42115;1;1;1;3;Route de Saint-Just;;
536571265;29;8;2024;16:20;1;47;47168;2;1;1;6;770Avenue Alfred Court;;
536571266;21;7;2024;22:55;5;69;69266;2;2;1;3;Cours Emile Zola;;
536571267;27;8;2024;19:10;1;86;86293;1;1;1;5;D742;;
536571268;26;8;2024;17:46;1;86;86091;1;1;1;3;La petite houmée;;
536571269;21;7;2024;22:35;5;69;69290;2;3;1;1;Rue Edmond Rostand;;
536571270;20;7;2024;20:20;1;64;64348;2;4;1;6;VIGNES DES;;
536571271;30;8;2024;08:30;1;34;34147;1;3;7;6;D909/D16;;
536571272;23;9;2024;16:27;1;77;77335;1;1;8;7;RD129 (ROUTE DEPARTEMENTALE);;
536571273;21;7;2024;14:40;1;61;61001;2;2;1;3;D26 PR0+1;;
536571274;29;8;2024;20:15;1;68;68362;2;3;1;7;1 Rue de Buschwiller;;
536571275;2;10;2024;16:25;1;77;77186;2;1;2;3;MARECHAL DE VILLARS (AVENUE DU);;
536571276;27;8;2024;14:45;1;29;29293;1;1;1;6;Route de la Pointe;;
536571277;21;7;2024;07:15;1;59;59512;2;1;1;6;Avenue Jean Jaurès;;
536571278;29;8;2024;17:00;1;02;02772;2;1;1;7;Rue de Germaine;;
536571279;3;10;2024;14:00;1;74;74012;2;1;1;1;GARE (RUE DE LA);;
536571280;21;7;2024;21:30;1;59;59350;1;1;1;6;Boulevard Pierre de Coubertin;;
536571281;30;8;2024;14:42;1;70;70477;2;1;1;1;18 Rue de Malval;;
536571282;3;10;2024;20:00;3;72;72181;1;1;8;2;PATTON GENERAL RTE ST-AUBIN A RUE KLOTZ;;
536571283;20;7;2024;19:05;1;59;59244;2;1;1;3;ROUTE NATIONALE;;
536571284;30;8;2024;15:15;1;90;90087;2;1;1;7;42 Avenue du Général de Gaulle;;
536571285;2;10;2024;11:10;1;72;72181;2;1;1;3;CHAMPION HENRI (RUE) N° IMP;;
536571286;29;8;2024;15:55;1;64;64493;2;1;1;6;Boulevard de la Madeleine;;
536571287;30;8;2024;10:00;1;64;64485;2;1;2;1;20 Avenue du Jai-alai;;
536571288;2;10;2024;18:00;1;69;69290;2;8;1;3;Rue Jules Ferry;;
536571289;30;8;2024;08:00;1;73;73235;1;1;7;7;Route des sappeys;;
536571290;3;10;2024;23:00;5;69;69091;2;1;1;3;Rue Honoré Pététin;;
536571291;30;8;2024;15:35;1;10;10401;2;3;1;3;Avenue de la République;;
536571293;3;10;2024;16:00;1;67;67482;2;9;1;3;GENERAL OFFENSTEIN (RUE DU);;
536571294;29;8;2024;12:05;1;07;07330;1;9;1;2;646 Vieille Route de Lagorce;;
536571295;30;8;2024;03:15;4;21;21317;2;1;1;6;34 Rue des Pins;;
536571296;2;10;2024;17:45;1;67;67180;2;3;1;3;COURBASSIER (RUE DU GENERAL);;
536571297;30;8;2024;15:20;1;85;85284;1;1;1;7;Route du soullandeau;;
536571298;3;10;2024;07:20;4;64;64445;2;1;1;2;CATHERINE DE BOURBON;;
536571299;28;8;2024;18:25;1;85;85084;1;3;1;4;RD7;;
536571300;4;10;2024;00:25;5;64;64122;2;1;1;6;CHAPELET (RUE);;
536571301;30;8;2024;15:30;1;27;27284;2;1;2;2;Rue de Vaudancourt;;
536571302;28;9;2024;15:00;1;62;62193;2;3;1;3;Boulevard Victor Hugo;;
536571303;30;8;2024;06:00;2;30;30236;1;1;1;1;D57;;
536571304;30;8;2024;09:34;1;52;52332;1;1;1;1;RD417 PK 29.5;;
536571305;30;8;2024;08:35;1;68;68266;1;1;1;4;A 35 point routier 87.400;;
536571306;29;9;2024;16:15;1;60;60159;2;3;1;3;Cours Guynemer;;