Num_Acc;jour;mois;an;hrmn;lum;dep;com;agg;int;atm;col;adr;lat;long
536571639;8;11;2024;22:52;5;01;01269;1;1;1;1;29 Route de La-cluse;;
536571640;2;10;2024;13:54;1;49;49007;2;1;1;6;DROITS DE L'HOMME;;
536571641;20;6;2024;08:59;1;54;54036;1;1;2;6;D139;;
536571642;8;11;2024;08:10;1;26;26045;1;1;1;1;Route d’Aleyrac;;
536571643;20;6;2024;20:20;2;53;53130;2;2;1;3;BOUDET ( QUAI PAUL );;
536571644;19;6;2024;17:00;1;49;49267;1;1;3;3;RD 347;;
536571645;14;6;2024;14:45;1;45;45004;1;1;1;2;D2007 PR 21 + 1428;;
536571646;8;11;2024;20:10;3;14;14504;1;2;5;3;32 Route de Moyaux;;
536571647;19;6;2024;23:20;5;44;44184;2;1;8;1;104 Rue Charles Longuet;;
536571648;19;6;2024;12:20;1;44;44184;2;3;3;6;116 Rue de Trignac;;
536571649;9;11;2024;10:30;1;73;73162;1;1;1;1;D201, pont des viannaises;;
536571650;20;6;2024;14:05;1;37;37261;2;1;1;3;HEURTELOUP (BOULEVARD);;
536571652;20;6;2024;21:30;2;35;35238;2;1;2;2;CHATEAUGIRON (DE);;
536571653;9;11;2024;17:30;2;16;16044;1;1;1;6;Chez Boulet;;
536571654;8;11;2024;19:25;5;24;24547;2;1;1;3;Avenue Jean Jaurès;;
536571655;20;6;2024;19:00;1;35;35238;1;1;1;4;ROCADE 13-14;;
536571656;20;6;2024;12:00;1;34;34172;2;1;2;2;PENELOPE (BOULEVARD);;
536571657;9;11;2024;14:30;1;28;28422;2;1;1;1;42 Rue du Voisin;;
536571659;8;11;2024;18:35;3;87;87063;1;1;1;2;D979;;
536571662;18;6;2024;08:30;2;30;30189;2;9;1;2;BEAUCAIRE (ROUTE);;
536571663;20;6;2024;20:30;1;29;29151;2;1;7;3;Route de Lannion;;
536571664;9;11;2024;15:10;1;31;31254;2;1;2;6;700 La Pyreneenne;;
536571665;19;6;2024;18:20;1;29;29019;2;3;1;3;rue Jean Jaurès;;
536571666;20;6;2024;19:20;1;26;26008;1;1;1;7;Route de Rochemaure;;
536571667;8;11;2024;22:40;3;55;55237;1;1;5;2;Autoroute A4 - Pk 261+300 sens Paris Metz;;
536571668;19;6;2024;21:25;2;25;25580;1;3;1;1;BEAULIEU- RN 437 (ROUTE DE);;
536571669;8;11;2024;21:36;3;38;38144;2;1;1;1;D518;;
536571670;8;11;2024;09:49;1;69;69064;1;1;2;6;Route Départementale 386;;
536571671;18;6;2024;12:20;1;15;15014;2;6;1;3;RD 120;;
536571672;9;11;2024;13:40;1;974;97418;1;1;1;6;Ravine des Chevres les Bas;;
536571673;19;6;2024;16:00;1;13;13102;2;1;2;1;JEAN MOULIN (BD );;
536571674;8;11;2024;21:20;5;45;45142;2;2;5;3;62 Rue André Chenal;;
536571675;17;6;2024;17:35;1;30;30032;2;1;1;7;BVD MARECHAL FOCH;;
536571676;8;11;2024;22:20;3;66;66108;1;1;8;7;D916;;
536571677;18;6;2024;19:55;1;12;12202;2;1;1;6;BOURRAN (AVENUE DE);;
536571678;9;11;2024;10:55;1;67;67433;1;1;1;1;D 83;;
536571679;20;6;2024;19:30;1;11;11069;2;1;2;3;141 Av du Pdt Franklin Roosevelt;;
536571680;8;11;2024;19:05;5;88;88531;2;1;1;1;38 Place du 22 Octobre 1919;;
536571681;19;6;2024;19:10;1;10;10321;1;9;1;2;ROCADE OUEST (RD 610);;
536571682;20;6;2024;23:40;3;09;09225;1;1;9;7;ROUTE NATIONALE 20 (VOIE RAPIDE);;
536571683;8;11;2024;08:15;1;69;69291;1;9;5;3;2 Avenue des Portes de Lyon;;
536571684;8;11;2024;20:50;3;31;31263;1;1;1;1;Route de Toulouse;;
536571685;15;6;2024;11:25;1;07;07019;1;1;2;1;COTE DE VILLE RN 102;;
536571687;20;6;2024;16:30;1;06;06104;2;1;1;6;1 Avenue Profondeville;;
536571688;9;11;2024;19:45;4;14;14047;2;1;2;6;7 Route de Vaux sur Aure;;
536571689;20;6;2024;10:35;1;75;75113;2;1;1;6;BD PERIPHERIQUE INTERIEUR;;
536571690;8;11;2024;19:30;3;35;35196;1;3;1;3;la Guichardais du Meu;;
536571691;20;6;2024;06:45;2;75;75117;2;1;1;5;BD PERIPHERIQUE INTERIEUR;;
536571692;9;11;2024;15:15;1;60;60409;2;1;1;6;27 Rue de la République;;
536571693;19;6;2024;19:15;1;75;75113;2;1;1;2;PORTE D ITALIE;;
536571694;19;6;2024;06:30;1;75;75113;2;2;1;6;AVENUE DE FRANCE;;
536571695;31;10;2024;21:15;3;80;80630;1;1;5;7;D901;;
536571696;20;6;2024;19:00;1;75;75111;2;3;8;1;RUE SAINT MAUR;;
536571697;20;6;2024;11:50;1;75;75120;2;1;1;6;RUE DE BELLEVILLE;;
536571698;8;11;2024;18:40;5;62;62288;2;1;1;3;D189;;
536571699;19;6;2024;11:25;1;75;75120;2;7;1;3;PLACE DU MAQUIS DU VERCORS;;
536571700;9;11;2024;19:35;5;59;59222;1;1;8;6;rue nationale;;
536571701;19;6;2024;21:30;1;75;75119;2;7;1;1;BOULEVARD D INDOCHINE;;
536571702;20;6;2024;05:15;1;75;75118;2;3;1;3;RUE MARX DORMOY;;
536571703;8;11;2024;16:55;5;13;13213;1;1;2;2;A507 sens Marseille - Aubagne;;
536571704;20;6;2024;17:05;1;75;75116;2;3;1;2;AVENUE DE NEW YORK;;
536571705;8;11;2024;00:35;3;13;13015;1;1;1;7;A515CD-Gardanne vers A51-Marseille;;
536571706;19;6;2024;14:10;1;75;75114;2;1;1;3;BOULEVARD JOURDAN;;
536571707;20;6;2024;11:00;1;75;75110;2;1;1;6;RUE DU FAUBOURG POISSONNIERE;;
536571708;6;11;2024;12:30;1;13;13005;1;1;3;2;A50 - Sens Aubagne vers Marseille;;
536571709;20;6;2024;12:15;1;75;75107;2;1;1;3;AVENUE DE SUFFREN;;
536571710;6;11;2024;12:30;1;13;13005;1;1;3;6;A50 - Sens Aubagne vers Marseille;;
536571711;20;6;2024;09:05;1;75;75101;2;3;1;2;RUE DE TURBIGO;;
536571712;20;6;2024;09:00;1;75;75101;2;2;1;3;RUE ETIENNE MARCEL;;
536571713;20;6;2024;20:00;1;94;94046;2;1;1;6;36 Avenue de la Liberté;;
536571714;6;11;2024;08:30;1;13;13005;1;1;2;5;A50-Sens Aubagne vers Marseille;;
536571715;19;6;2024;11:30;1;94;94041;2;2;1;2;Avenue Georges Gosnat / Avenue Spinoza;;
536571716;6;11;2024;09:00;1;13;13005;1;1;3;6;A50 - Sens Aubagne vers Marseille;;
536571717;20;6;2024;17:59;1;94;94017;2;2;1;3;Avenue Marx Dormoy / Rue de Bry;;
536571718;6;11;2024;08:00;1;13;13212;1;1;2;7;A507 sens Marseille - Aubagne;;
536571719;20;6;2024;08:20;1;94;94071;2;1;2;2;Avenue Georges Pompidou;;
536571720;20;6;2024;16:00;1;93;93073;2;1;1;6;Rue Paul Langevin;;
536571722;16;6;2024;17:46;1;93;93053;2;3;1;7;Rue du Parc / Avenue de Bobigny;;
536571723;19;6;2024;23:50;5;93;93046;2;1;1;2;Avenue Aristide Briand;;
536571724;20;6;2024;09:00;1;93;93014;2;1;1;2;Allée Romain Rolland;;
536571725;8;11;2024;18:00;3;92;92002;1;1;1;4;N385;;
536571726;20;6;2024;16:40;1;92;92075;2;1;1;3;JEAN BLEUZEN (RUE);;
536571727;20;6;2024;23:00;5;92;92044;2;2;1;3;ARISTIDE BRIAND(RUE)85 +  ET  98+;;
536571728;8;11;2024;18:10;3;78;78073;1;1;1;2;RN12 INT;;
536571729;20;6;2024;11:09;1;92;92040;2;4;1;3;VICTOR CRESSON (AVENUE) DU 42 AU 94;;
536571730;8;11;2024;19:10;3;92;92048;1;1;1;3;N118;;
536571731;20;6;2024;09:20;1;92;92035;2;2;1;1;République ( boulevard de la );;
536571732;20;6;2024;18:30;1;92;92002;2;1;1;6;LAVOISIER (AVENUE);;
536571733;8;11;2024;12:55;1;92;92025;1;1;1;2;A86;;
536571734;21;6;2024;15:56;1;35;35013;1;2;1;3;La Duchenerie;;
536571735;7;11;2024;23:05;3;78;78646;1;1;1;3;RN12 EXT;;
536571736;21;6;2024;18:30;1;38;38114;1;1;1;2;D37b;;
536571737;20;6;2024;11:00;1;41;41144;2;1;1;6;Rue de la Vallée;;
536571738;21;6;2024;07:00;1;31;31418;1;1;1;1;Route de Laganne;;
536571739;7;11;2024;18:00;5;78;78321;1;1;1;3;RN12 INT;;
536571740;21;6;2024;07:55;1;68;68249;2;1;2;1;Les Allagouttes;;
536571742;8;11;2024;16:00;1;93;93007;1;9;1;2;AUTOROUTE A3;;
536571744;21;6;2024;08:00;1;22;22032;1;1;1;7;Le Bois de la Haie;;
536571745;8;11;2024;12:20;1;93;93005;1;1;1;7;AUTOROUTE A3;;
536571746;20;6;2024;14:40;1;34;34077;1;1;2;7;départementale 109;;
536571747;18;6;2024;16:30;1;57;57321;2;1;1;3;Rue des Vosges;;
536571748;8;11;2024;09:30;1;93;93005;1;1;2;2;AUTOROUTE A3;;
536571749;20;6;2024;17:00;1;67;67315;2;9;1;3;D468;;
536571750;21;6;2024;16:40;1;76;76463;1;1;1;7;D1;;
536571751;8;11;2024;22:00;3;94;94046;1;1;1;2;A86;;
536571752;21;6;2024;12:45;1;80;80127;1;1;1;6;D1015;;
536571753;20;6;2024;18:34;1;65;65279;2;1;2;6;route d'espagne D929;;
536571755;8;11;2024;16:40;1;77;77373;1;1;1;4;RN104;;
536571756;10;6;2024;18:40;1;89;89449;2;2;1;2;D606;;
536571757;20;6;2024;19:51;2;63;63207;1;1;3;6;D906;;
536571758;14;7;2024;11:35;1;86;86031;1;1;1;7;Route des 4 Vallées;;
536571759;21;6;2024;08:40;1;61;61145;2;2;7;6;23bis Rue du Maréchal Joffre;;
536571760;13;8;2024;02:52;5;34;34057;2;6;1;7;1044 Avenue de l?Europe;;
536571761;21;6;2024;08:00;1;49;49364;1;1;1;1;Lieu dit Champagne;;
536571762;21;6;2024;13:45;1;12;12088;1;1;8;7;D900;;
536571763;7;11;2024;16:50;1;988;98818;2;3;1;5;ROUTE DE L'ANSE VATA/RUE SANTOS DUMONT;;
536571764;21;6;2024;09:10;1;46;46282;1;3;2;3;LE Suc;;
536571765;8;11;2024;01:05;3;974;97416;1;1;1;7;BADAMIER (CHEMIN);;
536571766;20;6;2024;08:11;1;47;47127;1;1;2;6;D666;;
536571767;7;11;2024;09:15;1;974;97411;2;3;1;3;EUCALYPTUS (ROUTE DES);;
536571768;18;6;2024;01:30;5;47;47253;2;2;1;3;D289;;
536571769;7;11;2024;15:30;1;974;97407;2;1;1;3;COMMUNE DE PARIS (AVENUE);;
536571770;20;6;2024;19:46;1;22;22015;1;1;1;3;La Plesse;;
536571771;6;11;2024;15:15;1;974;97407;2;1;1;6;MONDON (AVENUE);;
536571772;20;6;2024;15:35;1;31;31246;1;1;3;3;D817;;
536571773;7;11;2024;19:30;5;973;97302;2;3;1;3;MATOURY (RUE);;
536571774;20;6;2024;12:55;1;38;38034;2;3;1;3;Avenue d?Auenwald;;
536571775;7;11;2024;17:30;1;973;97302;2;1;1;6;RABAN (ROUTE DE);;
536571776;20;6;2024;10:50;1;38;38422;2;9;2;2;Avenue des Thermes;;
536571777;20;6;2024;15:05;1;02;02336;2;1;1;7;13 Rue de Jussy;;
536571778;7;11;2024;08:10;1;973;97302;2;2;1;3;ARAGO (FRANCOIS);;
536571779;20;6;2024;19:05;1;90;90021;1;1;1;1;D29;;
536571780;7;11;2024;07:55;1;973;97302;2;1;1;1;BADUEL (ROUTE DE);;
536571781;21;6;2024;13:00;1;45;45167;1;1;2;1;D3 PR 10 + 732;;
536571782;6;11;2024;13:25;1;973;97302;2;1;1;3;MANDELA  (BOULEVARD);;
536571783;20;6;2024;18:03;1;64;64160;1;1;2;6;D932;;
536571784;7;11;2024;19:40;5;69;69387;2;8;1;3;Avenue Berthelot;;
536571785;19;6;2024;23:50;3;53;53088;1;1;1;6;1347 route de saint-poix;;
536571786;7;11;2024;17:35;2;69;69387;2;2;1;6;Cours Gambetta;;
536571787;19;6;2024;08:50;1;21;21288;1;1;2;7;D6;;
536571788;7;11;2024;07:45;2;69;69387;2;1;2;6;Rue de Gerland;;
536571789;21;6;2024;07:55;1;27;27113;1;2;1;3;D48;;
536571790;7;11;2024;09:50;1;69;69389;2;1;2;1;Rue Professeur Patel;;
536571791;9;5;2024;16:46;1;28;28140;2;1;1;6;Rue des Vergers;;
536571792;14;12;2024;19:25;3;95;95018;1;1;1;4;A15;;
536571793;7;11;2024;07:00;1;971;97113;1;1;2;7;BESSON;;
536571794;20;6;2024;21:05;2;17;17447;1;9;1;7;D116;;
536571795;20;6;2024;19:25;1;17;17174;1;1;1;1;lieu dit boisselée;;
536571796;14;12;2024;12:00;1;92;92036;1;1;1;5;AUTOROUTE A15;;
536571797;7;11;2024;15:30;1;2A;2A004;2;3;1;2;#MARECHAL LYAUTEY AVENUE IMPAIR#;;
536571798;14;12;2024;01:05;4;93;93007;1;9;1;3;AUTOROUTE A3;;
536571799;16;6;2024;09:30;1;30;30133;1;1;1;2;RD 979 PR 002.000;;
536571800;7;11;2024;08:20;1;2A;2A004;2;1;1;1;GOLFES RCE LES RUE MARTIN BORGOMANO;;
536571801;20;6;2024;11:04;1;67;67389;2;9;1;7;11 Rue du Général de Gaulle;;
536571802;7;11;2024;16:30;2;91;91549;2;1;1;6;CORBEIL (ROUTE DE);;
536571803;14;12;2024;01:08;4;93;93010;1;9;1;2;AUTOROUTE A3;;
536571804;21;6;2024;15:20;1;01;01195;1;1;1;6;Autoroute A40 - PK164.900;;
536571805;13;12;2024;07:00;3;95;95154;1;1;1;6;A1;;
536571806;20;6;2024;21:20;2;06;06088;1;1;1;6;A8 PK 187+000 NORD;;
536571807;7;11;2024;21:15;5;91;91521;2;1;3;1;ECORNE BOEUF (RUE DE L');;
536571808;2;10;2024;19:50;3;95;95539;2;3;1;6;D125;;
536571809;18;6;2024;04:40;5;34;34166;1;1;1;6;A9 aire de repos BEZIERS-MONTBLANC;;
536571810;12;7;2024;23:30;5;91;91161;2;2;3;3;AV PIERRE BROSSOLETTE;;
536571811;6;11;2024;15:20;1;88;88209;2;2;1;4;EPINAL (RUE D');;
536571812;21;6;2024;14:00;1;72;72146;1;2;1;3;Intersection RD 323 / Route des Martinières;;
536571813;11;7;2024;09:00;1;91;91345;2;1;1;4;RUE GEORGES BIZET;;
536571814;6;11;2024;17:50;5;84;84035;2;3;1;3;VIGNERES-RD98 (ROUTE DES);;
536571815;20;6;2024;23:10;3;76;76484;1;1;1;6;A13;;
536571816;14;10;2024;01:05;5;30;30351;2;9;1;7;GABRIEL PERI (AVENUE);;
536571817;6;11;2024;15:30;1;30;30011;1;1;1;7;100 (ROUTE NATIONALE);;
536571818;20;6;2024;10:35;1;30;30116;1;6;3;7;autoroute A9;;
536571820;21;6;2024;01:25;3;13;13087;1;1;2;1;campagne blanche d46B;;
536571821;13;12;2024;08:30;1;987;98735;1;2;1;3;POMARE V (AVENUE);;
536571822;7;11;2024;09:45;1;78;78621;2;1;8;3;ALEMBERT (AVENUE JEAN D');;
536571823;21;6;2024;09:26;1;77;77171;2;3;2;3;Rue Henri Moissan;;
536571824;11;12;2024;11:30;1;987;98736;2;3;3;7;ANTHONY BAMBRIDGE (RUE);;
536571825;7;11;2024;04:45;3;77;77040;1;1;2;6;DEPARTEMENTALE 142;;
536571826;13;12;2024;20:15;5;974;97411;2;1;1;7;GASPARIN (LUCIEN);;
536571827;7;11;2024;12:15;1;77;77330;2;1;1;3;FOULEE (AVENUE DE LA);;
536571828;20;6;2024;09:15;1;77;77315;2;3;8;3;Avenue du 27 Aout 1944;;
536571829;13;12;2024;15:10;1;974;97411;2;4;1;3;CHAUDRON  (BLD 1 DU);;
536571830;10;6;2024;09:15;1;77;77153;2;6;8;7;D401;;
536571831;6;11;2024;08:30;1;72;72181;2;1;8;2;Rue de Saint Aubin;;
536571832;13;12;2024;14:35;1;974;97411;2;1;1;3;MACE (BOULEVARD GABRIEL);;
536571833;7;11;2024;07:00;5;69;69264;1;1;2;7;768 Boulevard Burdeau;;
536571834;20;6;2024;17:30;1;2B;2B093;1;1;8;3;Route Terrotoriale 30;;
536571835;7;11;2024;08:25;1;67;67482;2;1;8;3;RENE CASSIN (ALLEE);;
536571836;13;12;2024;19:00;5;974;97407;2;1;1;3;CIMENDEF(RUE);;
536571837;21;6;2024;12:05;1;83;83016;2;1;1;6;Route de Marseille;;
536571838;7;11;2024;18:50;2;65;65440;2;1;1;6;Rue du Quatre Septembre;;
536571839;13;12;2024;17:15;1;973;97302;2;6;1;3;LEBLOND (ROND POINT);;
536571840;16;6;2024;19:00;1;83;83101;1;1;1;1;D 93 route des plages;;
536571841;7;11;2024;08:55;1;64;64445;2;2;7;3;MONSEIGNEUR CAMPO;;
536571842;13;12;2024;12:30;1;973;97302;2;1;1;3;TROUBIRAN (CHEMIN DE);;
536571843;11;12;2024;12:45;1;973;97302;1;6;1;7;MARINGOUINS (ROND-POINT);;
536571844;21;6;2024;01:05;5;83;83099;2;1;1;2;DN7;;
536571845;6;11;2024;17:35;1;64;64335;2;3;1;6;DENIS TOUZANNE;;
536571846;12;12;2024;11:25;1;973;97302;2;1;1;3;FELIX EBOUE(ROCADE);;
536571847;21;6;2024;00:50;3;70;70046;1;1;1;1;D486;;
536571848;7;11;2024;13:53;1;64;64122;2;3;1;3;EDOUARD VII (AVENUE);;
536571849;13;12;2024;19:00;5;69;69388;2;2;2;3;Rue Audibert et Lavirotte;;
536571850;7;11;2024;07:40;2;64;64102;2;1;5;6;DUVERGIER DE HAURANNE (AVENUE);;
536571851;20;6;2024;13:25;1;89;89198;1;1;1;2;autoroute A6 PK155+500;;
536571852;8;11;2024;00:27;5;63;63113;2;1;5;6;AURIOL (BOULEBARD VINCENT);;
536571853;13;12;2024;18:45;5;972;97213;2;1;1;3;VIEUX PONT (CHEMIN DU;;
536571854;14;12;2024;01:30;5;69;69382;2;1;2;6;170 Cours Charlemagne;;
536571855;6;11;2024;16:15;1;63;63164;2;1;1;2;D 772 (RTE);;
536571856;13;12;2024;12:30;1;69;69389;2;1;1;6;Rue du 24 Mars 1852;;
536571857;7;11;2024;07:55;2;61;61001;2;3;2;1;6 Rue de l'Abbé Letacq;;
536571858;13;12;2024;08:00;1;69;69389;2;1;1;3;Rue Pierre Termier;;
536571859;7;11;2024;20:10;5;59;59599;2;1;1;6;Rue du Pont de Neuville;;
536571860;13;12;2024;01:45;5;69;69202;2;1;1;3;5 Avenue Valioud;;
536571861;6;11;2024;18:58;5;56;56083;2;6;8;2;Rond-point de Locoyarne;;
536571862;18;10;2024;09:30;1;971;97107;2;1;1;6;FLAMBOYANTS ( ALLEE DES );;
536571863;5;11;2024;12:29;1;56;56098;2;3;8;3;Boulevard Normandie Niemen;;
536571864;12;12;2024;06:30;5;91;91201;2;6;1;3;AV DU GENERAL DE GAULLE;;
536571865;7;11;2024;11:15;1;51;51454;2;1;1;2;WITRY (ROUTE DE);;
536571866;13;12;2024;14:40;1;91;91027;2;1;1;2;RUE EDOUARD VAILLANT;;
536571867;6;11;2024;21:10;5;51;51454;2;1;1;4;ROEDERER (BOULEVARD LOUIS);;
536571868;6;11;2024;12:30;1;50;50129;2;1;1;1;BOIS (RUE DU);;
536571869;13;12;2024;11:02;1;91;91228;2;2;1;5;CHAMPS ELYSEES (BD)N°1A EUROPE;;
536571870;13;12;2024;20:20;5;91;91223;2;1;5;3;MEUNIERS (AVENUE DES);;
536571871;6;11;2024;18:15;5;49;49099;1;6;5;3;RD160;;
536571872;13;12;2024;15:15;1;84;84099;1;2;8;3;GORDES-RD15 (ROUTE DE);;
536571873;7;11;2024;18:35;5;45;45234;2;1;1;6;6 Rue Lazare Carnot;;
536571874;5;11;2024;17:30;1;44;44109;2;9;8;6;45 Allée de l'Embellie;;
536571875;13;12;2024;08:30;1;84;84007;2;3;2;2;PIERRE SEMARD (AVENUE);;
536571876;7;11;2024;16:50;1;43;43089;2;1;1;6;Avenue de la Mairie;;
536571877;27;10;2024;20:10;5;84;84007;2;2;1;7;RASPAIL (BOULEVARD);;
536571878;6;11;2024;13:40;1;42;42207;2;3;1;3;Rue de l'Eglise;;
536571879;12;12;2024;21:25;5;84;84007;2;1;1;7;FOLIE (AVENUE DE LA);;
536571880;7;11;2024;18:45;5;38;38185;2;9;1;3;JEAN PAIN (BOULEVARD);;
536571881;12;12;2024;18:30;5;83;83137;2;1;1;6;DE LATTRE DE TASSIGNY (AVE MARECHAL);;
536571882;7;11;2024;15:00;1;37;37214;2;3;1;2;GAUDINIERE (RUE DE LA);;
536571883;10;12;2024;14:55;1;83;83009;2;1;1;5;BEAUSSET (ROUTE DU);;
536571884;7;11;2024;07:57;1;36;36044;2;1;1;6;Boulevard Blaise Pascal;;
536571885;13;12;2024;07:45;2;83;83061;2;9;2;3;AVENUE ANDRÉ LÉOTARD;;
536571886;8;11;2024;23:50;3;34;34108;2;2;2;6;JOUTEURS (QUAI DES);;
536571887;13;12;2024;18:50;5;82;82121;2;6;1;3;CLADEL (RUE LEON);;
536571889;13;12;2024;18:00;2;80;80021;2;1;1;7;Avenue de la Paix;;
536571891;13;12;2024;19:35;5;78;78146;2;7;1;6;GUY DE MAUPASSANT (AVENUE);;
536571892;7;11;2024;09:42;1;31;31555;2;1;1;6;ALL DU PRESIDENT ROOSEVELT;;
536571893;7;11;2024;16:20;1;29;29254;2;1;1;6;Rue de la Mairie;;
536571894;13;12;2024;12:40;1;78;78551;1;1;1;4;RN 184;;
536571895;13;12;2024;20:35;4;78;78005;2;2;1;3;CONFLANS (AVENUE DE);;
536571896;14;12;2024;00:30;5;77;77083;2;1;1;6;PRES (RUE DES);;
536571897;13;12;2024;17:10;5;77;77373;2;1;1;6;RUE DES TILLEULS;;
536571898;7;11;2024;14:04;1;25;25462;2;1;1;2;ROCADE G.POMPIDOU ( DE 0 A 6);;
536571899;6;11;2024;15:40;1;18;18033;2;3;1;3;Rue de Mazières;;
536571900;13;12;2024;05:45;5;73;73065;2;4;1;3;MONTMELIAN (FAUBOURG);;
536571901;5;11;2024;17:50;2;18;18033;2;1;1;2;15 Chaussée de Chappe;;
536571902;11;12;2024;15:30;1;72;72181;2;3;8;6;GLONNIERES (BD) N° PAIRS;;
536571903;13;12;2024;09:05;1;71;71306;2;3;8;6;GENERAL DE GAULLE (QUAI DU);;
536571904;6;11;2024;08:00;2;14;14118;2;2;8;3;51 Avenue Capitaine Georges Guynemer;;
536571905;12;12;2024;11:50;1;69;69259;2;3;1;2;Avenue Jacques Duclos;;
536571906;7;11;2024;14:15;1;13;13215;2;3;1;1;SAINT ANTOINE (AVENUE DE);;
536571907;7;11;2024;08:15;1;13;13215;2;2;1;6;SAINT LOUIS (AVENUE DE);;
536571908;13;12;2024;08:30;2;66;66136;2;3;3;3;ALBERT MARCELLIN;;
536571909;6;11;2024;17:27;5;10;10357;2;4;1;3;ROUTE DE BOURANTON (D147);;
536571910;12;12;2024;17:45;3;66;66136;2;2;2;3;GAUGUIN (AVENUE PAUL);;
536571911;12;12;2024;09:35;1;64;64445;2;1;1;7;ARSENE D'ARSONVAL;;
536571912;6;11;2024;22:10;5;10;10387;2;6;1;2;WOOD ET WEST (RUE);;
536571913;28;10;2024;15:20;1;05;05061;2;1;1;6;ROUTE DES LACETS DE LA TOURRONDE;;
536571914;13;12;2024;22:58;5;64;64102;2;9;1;3;GLAIN (CHEMIN DE);;
536571915;13;12;2024;14:20;1;64;64024;2;9;8;3;ADOUR (AVENUE DE L');;
536571916;6;11;2024;17:30;2;03;03095;2;4;1;6;GUILLAUMIN (RUE EMILE);;
536571917;13;12;2024;16:08;1;63;63113;2;1;2;1;LIEVE (RUE DE LA);;
536571918;7;11;2024;07:00;5;01;01451;2;1;2;1;EDOUARD HERRIOT ( BD);;
536571919;3;12;2024;18:15;5;59;59122;2;3;1;3;BOUCHAIN (AVENUE DE);;
536571920;7;11;2024;07:50;1;75;75120;2;1;1;3;BOULEVARD PERIPHERIQUE EXTERIEUR NORD;;
536571921;13;12;2024;07:50;5;57;57672;2;1;1;6;EUROPE (CHAUSSEE D');;
536571922;6;11;2024;14:55;1;75;75106;2;1;1;3;RUE DE RENNES;;
536571923;13;12;2024;14:15;1;57;57463;2;3;1;6;JOFFRE  (AVENUE );;
536571924;6;11;2024;12:15;1;75;75120;2;1;8;3;RUE DE BAGNOLET;;
536571925;12;12;2024;23:03;3;56;56098;2;1;1;6;Malachappe;;
536571926;7;11;2024;13:20;1;75;75118;2;1;1;6;AVENUE DE CLICHY;;
536571927;12;12;2024;18:08;5;56;56121;2;6;1;3;Rue président John Kennedy;;
536571928;7;11;2024;09:05;1;75;75113;2;3;1;6;BOULEVARD AUGUSTE BLANQUI;;
536571929;13;12;2024;14:20;1;51;51474;2;9;1;2;DRUART (RUE EMILE);;
536571930;7;11;2024;06:15;4;75;75112;2;3;1;1;PONT D AUSTERLITZ;;
536571931;13;12;2024;07:40;2;51;51454;2;3;1;3;LELIEVRE (RUE IRENEE);;
536571932;7;11;2024;20:20;5;75;75111;2;1;1;3;BOULEVARD VOLTAIRE;;
536571933;13;12;2024;19:00;3;51;51525;1;1;5;1;CD 1;;
536571934;6;11;2024;20:00;5;75;75109;2;2;1;3;BOULEVARD HAUSSMANN;;
536571935;12;12;2024;22:40;3;50;50129;1;1;1;7;AXE NORD SUD;;
536571936;13;12;2024;14:11;1;49;49007;2;1;1;3;COUBERTIN BOULEVARD;;
536571937;7;11;2024;08:20;1;75;75115;2;3;8;6;AVENUE FELIX FAURE;;
536571938;12;12;2024;16:40;1;49;49007;2;2;1;6;BEDIER BOULEVARD;;
536571939;7;11;2024;17:20;2;94;94081;2;3;1;3;Avenue Danielle Casanova;;
536571940;13;12;2024;11:45;1;47;47001;2;6;1;3;SERRES (AVENUE MICHEL);;
536571941;7;11;2024;09:00;2;94;94068;2;2;8;3;Boulevard des Corneilles;;
536571942;13;12;2024;21:54;5;45;45004;2;1;5;3;D943 PR 2 + 556;;
536571943;13;12;2024;20:45;5;35;35238;2;1;1;3;SAINT-BRIEUC (DE);;
536571944;7;11;2024;16:00;1;94;94041;2;9;1;3;Avenue de Verdun;;
536571945;13;12;2024;19:25;5;35;35238;2;6;1;1;GRAFF (AVENUE GEORGES);;
536571946;7;11;2024;07:50;1;94;94019;2;1;1;3;Avenue du Maréchal Leclerc;;
536571948;7;11;2024;18:15;5;94;94075;2;1;2;2;Av du Mal de Lattre de Tassigny;;
536571949;7;11;2024;21:00;3;93;93066;2;1;2;2;LENINE (AVENUE) NR 2 A 26;;
536571950;13;12;2024;05:00;5;31;31555;2;1;1;1;AV HONORE SERRES;;
536571951;13;12;2024;18:45;3;29;29039;1;1;1;6;Rue de Kerambec;;
536571952;18;10;2024;15:30;1;93;93064;2;1;1;1;LAVOISIER (RUE);;
536571953;7;11;2024;19:00;5;93;93046;2;2;2;3;FIRMIN DIDOT AVENUE;;
536571954;13;12;2024;18:55;3;29;29019;2;6;2;3;rue Paul Masson;;
536571955;13;12;2024;19:00;5;27;27229;2;1;1;6;CLEMENCEAU (PLACE GEORGES);;
536571956;7;11;2024;08:00;1;93;93045;2;1;1;3;NOISY LE SEC RUE DE;;
536571957;13;12;2024;09:50;1;25;25462;2;3;1;6;BESANCON (DU 26 AU 72);;
536571958;7;11;2024;00:15;5;93;93031;2;1;1;6;JEAN JAURES (AVENUE);;
536571959;7;11;2024;16:05;2;93;93010;2;9;8;6;ROSNY (AV. DE);;
536571960;13;12;2024;07:50;2;19;19031;2;1;1;4;RIBOT (AVENUE);;
536571961;13;12;2024;09:30;1;13;13206;2;1;1;3;LIEUTAUD (COURS);;