Num_Acc;jour;mois;an;hrmn;lum;dep;com;agg;int;atm;col;adr;lat;long
536572291;8;4;2024;14:30;1;05;05070;2;3;1;3;Chemin des Iles;;
536572293;5;4;2024;15:00;1;25;25057;2;1;1;6;Rue de la Vieille Eglise;;
536572295;29;2;2024;11:34;1;78;78005;2;1;2;6;THOREZ (AVENUE MAURICE);;
536572296;13;5;2024;08:39;1;59;59350;1;1;1;5;AUTOROUTE A25;;
536572297;7;4;2024;14:15;1;57;57212;1;1;1;6;Route d'Augny;;
536572298;17;1;2024;21:20;3;44;44187;1;1;2;1;L’Epinette;;
536572299;12;5;2024;02:20;3;62;62628;1;1;1;7;A21;;
536572300;28;2;2024;18:25;5;76;76351;2;2;2;6;ACACIAS (DES);;
536572301;8;4;2024;13:10;1;73;73051;2;1;1;2;Boulevard du lac;;
536572302;18;1;2024;15:49;1;29;29220;2;4;1;6;Rue de Kérentrée;;
536572303;28;2;2024;19:00;3;76;76414;1;1;2;7;D1;;
536572304;16;5;2024;18:50;1;91;91617;1;1;1;3;RN 104;;
536572305;17;1;2024;09:10;1;03;03258;1;1;8;6;9 rue de saint pourçain sur sioule;;
536572306;29;2;2024;13:45;1;74;74010;2;1;1;6;BEL AIR;;
536572307;18;1;2024;16:50;2;01;01269;1;1;3;6;Route de La-cluse;;
536572309;16;5;2024;15:50;1;94;94016;1;1;1;2;A6B;;
536572310;28;2;2024;17:10;1;73;73011;2;6;8;6;Avenue des chasseurs alpins;;
536572311;17;1;2024;19:20;3;01;01388;2;2;3;3;D975;;
536572312;16;5;2024;03:46;3;91;91477;1;1;1;2;AUTOROUTE A126;;
536572314;18;1;2024;09:45;1;43;43051;1;1;8;1;Lieu dit la bruyere;;
536572315;28;2;2024;18:10;1;72;72181;2;2;1;3;ISAAC (RUE) N° IMP 1 A 141;;
536572316;16;5;2024;10:00;1;93;93027;1;1;1;5;AUTOROUTE A86;;
536572317;8;4;2024;18:55;1;27;27008;1;1;3;1;route du solitaire;;
536572318;18;1;2024;15:45;1;10;10104;1;1;1;6;rd 444;;
536572319;28;2;2024;18:10;1;72;72181;1;6;1;2;LATTRE DE TASSIGNY MARECHAL DE (BD);;
536572320;16;5;2024;00:10;3;93;93063;1;1;1;3;A3;;
536572321;9;1;2024;18:40;3;33;33351;1;9;1;6;A10 PK497.400;;
536572322;9;4;2024;16:15;1;60;60010;1;6;3;6;Rue de Londres;;
536572323;28;2;2024;13:50;1;72;72181;2;9;1;3;PHILIPPE (RUE);;
536572324;15;5;2024;17:10;1;93;93066;1;1;1;2;A1;;
536572325;18;1;2024;05:00;3;57;57433;1;9;2;6;A4, sens Paris / Strasbourg, PK 315+200;;
536572326;30;3;2024;02:55;3;13;13005;1;1;1;3;A50-Sens Aubagne vers Marseille;;
536572327;15;5;2024;13:50;1;95;95212;1;1;1;3;N104;;
536572328;29;2;2024;07:50;1;69;69264;2;6;1;6;Boulevard Général Leclerc;;
536572329;18;1;2024;08:45;1;69;69013;1;1;1;3;Autoroute 6;;
536572330;8;4;2024;14:00;1;83;83069;1;1;1;3;RN98;;
536572331;18;1;2024;14:15;1;977;97701;1;1;1;6;ANSE DES FLAMANDS;;
536572332;15;5;2024;09:30;1;94;94022;1;1;1;4;A86;;
536572333;26;2;2024;10:25;1;69;69199;2;4;1;1;Boulevard Yves Farge;;
536572335;17;1;2024;18:00;3;95;95199;1;3;2;6;D11;;
536572336;15;5;2024;08:00;1;94;94058;1;1;1;2;A86;;
536572337;1;4;2024;04:30;3;62;62239;1;1;1;6;A16;;
536572338;16;4;2024;18:00;1;93;93001;2;1;3;3;Rue des Gardinoux;;
536572339;18;1;2024;15:10;1;66;66212;1;1;1;5;D81;;
536572340;28;2;2024;20:50;5;67;67447;2;3;1;3;BISCHWILLER (ROUTE DE);;
536572342;6;4;2024;06:12;3;59;59459;1;1;1;2;AUTOROUTE A23;;
536572343;4;2;2024;23:25;5;44;44109;2;9;8;6;10bis Boulevard de Stalingrad;;
536572344;29;2;2024;07:30;5;62;62498;2;2;2;3;Route de Béthune;;
536572345;17;1;2024;23:50;3;13;13024;1;1;2;1;D23;;
536572346;17;1;2024;20:20;5;54;54090;2;1;9;6;17 Rue Raymond Poincaré;;
536572347;8;4;2024;17:50;1;91;91216;1;1;1;4;AUTOROUTE A6;;
536572348;18;1;2024;06:30;3;42;42304;1;1;1;6;Route de Montbrison;;
536572349;19;2;2024;13:25;1;61;61006;1;2;1;3;D958;;
536572350;11;5;2024;19:35;1;59;59230;2;2;1;3;CLEMENCEAU (AVENUE);;
536572351;7;4;2024;21:45;3;91;91589;1;9;2;2;AUTOROUTE A6;;
536572352;18;1;2024;07:30;4;69;69243;2;3;2;3;Boulevard de la Turdine;;
536572353;6;3;2024;12:00;1;77;77258;1;1;1;6;A4.Y;;
536572354;29;2;2024;22:00;5;59;59599;2;3;1;3;Rue de Paris;;
536572355;12;1;2024;15:50;1;81;81198;1;1;8;1;D84;;
536572356;19;2;2024;07:50;2;77;77058;1;1;1;2;MARIE CURIE  (AVENUE);;
536572357;18;2;2024;15:00;1;77;77449;1;1;2;6;AV PAUL SERAMY;;
536572358;29;2;2024;19:45;5;59;59512;2;1;2;6;Boulevard de Strasbourg;;
536572359;17;1;2024;17:10;2;64;64430;2;2;1;3;Avenue Adrien Planté;;
536572360;6;4;2024;20:50;5;95;95598;2;1;1;2;D928;;
536572361;18;2;2024;03:55;5;13;13028;2;1;1;6;Rond-Point Rovarch/Saint Jean;;
536572362;12;1;2024;21:24;3;57;57303;1;1;1;2;Autoroute A31;;
536572363;29;2;2024;19:10;5;59;59350;2;1;1;3;Rue du Faubourg de Roubaix;;
536572364;14;5;2024;17:00;1;974;97411;2;1;1;7;BOIS DE NEFLES (ROUTE DE);;
536572366;7;4;2024;07:30;1;91;91479;2;1;1;4;RTE DE FONTAINEBLEAU;;
536572367;13;5;2024;16:50;1;974;97411;2;1;1;6;NONGE (AVENUE EUDOXIE);;
536572368;17;1;2024;20:20;3;94;94034;1;1;2;2;A86;;
536572369;29;2;2024;10:10;1;54;54261;2;3;1;3;Avenue de la Concorde;;
536572370;6;4;2024;23:21;3;90;90039;1;3;1;7;DE GAULLE (RUE DU GENERAL);;
536572371;17;1;2024;09:35;1;91;91659;1;1;3;2;AUTOROUTE A6;;
536572372;7;4;2024;05:05;5;973;97302;2;1;1;7;CABASSOU (ROUTE DE);;
536572373;6;4;2024;18:00;1;84;84007;1;1;1;6;CHARLES DE GAULLE;;
536572374;17;1;2024;06:28;3;77;77296;1;1;3;6;AUTOROUTE A5A;;
536572375;28;2;2024;13:10;1;50;50129;2;2;2;3;LEMONNIER (AVENUE AMIRAL);;
536572376;15;5;2024;11:30;1;69;69387;2;1;2;3;Avenue Jean Jaurès;;
536572377;17;1;2024;11:40;1;93;93066;1;1;3;2;A1;;
536572378;7;4;2024;11:51;1;74;74012;2;2;1;6;CHABLAIS (RUE DU);;
536572379;14;5;2024;03:20;5;971;97113;1;1;1;3;RN4 - SECTION RIVIERA;;
536572380;17;1;2024;04:40;3;95;95151;1;1;4;6;N104;;
536572381;27;2;2024;13:15;1;50;50129;2;1;1;2;CD 901;;
536572382;7;4;2024;17:55;1;71;71306;2;1;1;6;MARCEL SEMBAT (RUE);;
536572383;11;5;2024;23:45;5;971;97113;2;1;1;6;BAS DU FORT;;
536572384;17;1;2024;04:40;3;95;95151;1;1;4;6;N104;;
536572385;29;2;2024;20:15;5;49;49328;2;9;1;6;GAMBETTA (RUE);;
536572386;17;1;2024;04:20;3;95;95678;1;1;2;6;N104;;
536572387;7;4;2024;20:08;2;69;69256;2;1;6;6;52 Rue de la République;;
536572388;12;5;2024;06:40;1;971;97113;1;1;1;6;RN4-ROND POINT SAINT FELIX;;
536572389;28;2;2024;17:20;1;49;49007;2;1;8;3;BOURGONNIER;;
536572390;16;1;2024;08:10;1;976;97611;2;9;1;3;kaweni-Poste ( rue de la );;
536572391;6;4;2024;18:00;1;69;69115;2;1;1;3;Rue de la Maladière;;
536572392;15;5;2024;11:00;1;2A;2A004;2;1;1;6;#bd stephanopoli de comene#;;
536572393;19;2;2024;11:35;1;45;45338;2;1;8;6;Rue Jean Jaurès;;
536572394;7;4;2024;05:45;5;69;69290;2;1;6;6;Rue Jean-Jacques Rousseau;;
536572395;16;1;2024;15:54;1;973;97302;2;1;1;3;BADUEL (ROUTE DE);;
536572396;29;2;2024;12:45;1;43;43157;2;1;1;7;Rue Salvador Allende;;
536572397;15;5;2024;16:20;1;95;95268;2;2;1;3;D125;;
536572398;16;1;2024;13:20;1;973;97302;2;1;1;3;RABAN (ROUTE DE);;
536572399;29;2;2024;16:00;1;38;38053;2;9;1;3;Boulevard Pré Pommier;;
536572400;7;4;2024;23:35;5;67;67204;2;2;1;3;RIED (AVENUE DU);;
536572401;15;5;2024;06:00;1;91;91377;2;3;1;2;SAULE TRAPU (RUE DU);;
536572402;16;1;2024;17:05;1;69;69388;1;1;1;7;166 Rue Challemel Lacour;;
536572403;6;4;2024;11:10;1;59;59043;2;1;7;6;NATIONS UNIES (AVENUE DES);;
536572404;15;5;2024;03:48;3;91;91692;1;1;1;6;CD 35 B;;
536572405;15;2;2024;15:10;1;34;34108;2;9;1;2;RESISTANCE (AVENUE DE LA);;
536572406;16;1;2024;14:50;1;69;69383;2;3;1;1;Cours Gambetta;;
536572407;15;5;2024;14:45;1;91;91027;2;1;1;3;VC QUAI DE L'INDUSTRIE;;
536572408;7;4;2024;10:12;1;56;56260;2;6;1;3;SAINTE-ANNE (GIRATOIRE DE);;
536572409;15;5;2024;14:00;1;84;84007;1;2;1;3;MARSEILLE (Route de );;
536572410;28;2;2024;07:50;1;24;24037;2;2;1;3;FERDINAND DE LABATTUT (RUE);;
536572411;16;1;2024;12:45;1;69;69383;2;1;8;4;Pont Lafayette;;
536572412;15;5;2024;11:35;1;84;84007;2;1;1;7;ARROUSAIRE (avenue de l');;
536572413;16;1;2024;10:40;1;69;69388;2;3;1;3;Boulevard Pinel;;
536572414;28;3;2024;18:35;2;46;46042;2;1;1;3;GAMBETTA (BOULEVARD LEON) N°PAIR;;
536572415;15;5;2024;12:00;1;83;83062;2;1;8;3;DRAGUIGNAN (AVENUE DE);;
536572416;15;1;2024;07:15;1;972;97209;1;1;1;6;HIBISCUS (RUE DES);;
536572417;29;2;2024;09:45;1;21;21173;1;2;5;3;FERRE (CHEMIN) - D20 ROUTE DE LONGVAY;;
536572418;7;4;2024;21:15;5;44;44109;2;1;2;6;53 Rue du Corps de Garde;;
536572419;14;5;2024;08:55;1;80;80021;2;1;2;3;Boulevard du Jardin des Plantes;;
536572420;16;1;2024;18:25;5;69;69384;2;1;1;6;117 Boulevard de la Croix-Rousse;;
536572421;7;4;2024;14:00;1;44;44109;2;1;1;2;15 Boulevard Président René Coty;;
536572423;16;1;2024;13:53;1;2B;2B037;2;1;1;3;TOUTES RUES;;
536572424;29;2;2024;17:20;1;15;15014;2;1;1;4;Rue du Président Delzons;;
536572425;15;5;2024;15:27;1;78;78208;1;1;1;6;VILLEDIEU (AVENUE DE LA) 210;;
536572426;7;4;2024;19:40;2;43;43002;2;3;1;6;Avenue de Bonneville;;
536572427;16;1;2024;07:27;1;2B;2B037;2;1;1;5;TOUTES RUES;;
536572428;28;2;2024;18:35;5;14;14366;2;3;1;6;12 Boulevard Nicolas Oresme;;
536572429;7;4;2024;17:00;1;43;43046;2;9;8;3;Boulevard de la Petite-Mer;;
536572430;29;2;2024;13:45;1;13;13043;2;1;1;2;N 368;;
536572431;15;1;2024;14:30;1;971;97101;1;1;1;2;RN11;;
536572432;6;4;2024;17:25;1;42;42302;1;1;1;6;Route de Saint-Chamond;;
536572433;13;5;2024;16:30;1;77;77433;1;1;1;1;D 15;;
536572434;15;1;2024;06:20;2;971;97113;1;1;2;7;SECTION GRANDE RAVINE;;
536572435;29;2;2024;08:30;1;13;13054;2;2;1;3;EDMOND ROSTAND (RUE );;
536572436;14;5;2024;13:15;1;76;76351;2;1;1;6;AMIRAL MOUCHEZ (BD);;
536572437;5;4;2024;18:40;1;42;42218;2;1;1;6;Boulevard Alexandre de Fraissinette;;
536572438;14;1;2024;00:10;5;971;97101;2;1;1;6;CHAUVEL;;
536572439;29;2;2024;10:00;1;13;13214;2;1;1;2;ROLAND DORGELES (BOULEVARD);;
536572440;16;1;2024;14:30;1;95;95288;2;1;1;6;D193;;
536572441;15;5;2024;13:30;1;76;76259;2;1;1;3;LORRAIN - D150 (AV);;
536572442;29;2;2024;15:10;1;10;10081;1;1;1;6;ROCADE OUEST (RD 610);;
536572443;5;4;2024;00:45;5;42;42218;2;2;1;3;Rue Balay;;
536572444;16;1;2024;16:23;1;91;91645;2;1;1;6;CARNOT (AVENUE);;
536572445;15;5;2024;22:00;5;69;69259;2;2;2;3;Rue Honoré de Balzac;;
536572446;23;2;2024;18:30;2;10;10333;2;9;3;6;Avenue Charles de Refuge;;
536572447;16;1;2024;08:45;1;91;91692;2;1;1;5;NORMANDIE (AVENUE DE);;
536572448;7;4;2024;20:00;2;42;42095;2;2;1;3;Rue Trémollet;;
536572449;28;2;2024;17:30;1;07;07281;2;1;1;3;MOULIN (RUE JEAN);;
536572450;15;5;2024;23:30;5;68;68066;2;1;8;3;POINCARE (AVENUE RAYMOND);;
536572451;16;1;2024;18:15;5;91;91027;2;3;1;3;MORANGIS (AVENUE DE);;
536572452;29;2;2024;05:43;3;75;75120;2;1;1;1;RUE DES PYRENEES;;
536572453;15;5;2024;17:35;1;67;67482;2;1;1;3;GEORGES WODLI (RUE);;
536572454;7;4;2024;13:50;1;37;37261;2;2;1;3;MALRAUX (QUAI ANDRE);;
536572455;16;1;2024;08:40;1;91;91027;2;3;8;6;MARCEL SEMBAT (AVENUE);;
536572456;12;5;2024;16:37;1;63;63300;1;1;2;7;RD 2009;;
536572457;29;2;2024;16:10;1;75;75105;2;2;2;6;BOULEVARD SAINT GERMAIN;;
536572458;6;4;2024;16:50;1;37;37261;2;1;1;3;TRANCHEE (AVENUE DE LA);;
536572459;16;1;2024;08:38;1;91;91589;2;1;1;6;ARISTIDE BRIAND (BOULEVARD);;
536572460;29;2;2024;18:55;5;75;75120;2;7;1;3;PLACE DE LA PORTE DE MONTREUIL;;
536572461;10;5;2024;17:04;1;57;57221;2;1;1;3;GRAND'RUE;;
536572462;16;1;2024;07:30;5;91;91521;2;2;8;6;COPERNIC (RUE);;
536572463;7;4;2024;16:10;1;35;35238;2;3;1;3;VITRE (BLD DE);;
536572464;14;5;2024;18:25;1;56;56098;1;1;1;4;Belann;;
536572465;14;1;2024;00:42;5;84;84007;2;1;1;6;MALPEIGNE (Chemin de);;
536572466;28;2;2024;16:50;1;75;75120;2;3;1;6;AVENUE GAMBETTA;;
536572467;7;4;2024;00:45;3;34;34003;1;1;1;2;SETE ( ROUTE);;
536572468;16;1;2024;20:00;5;83;83069;2;2;1;3;AVENUE RITONDALE LEOPOLD;;
536572469;15;5;2024;22:40;5;51;51454;2;2;2;3;CLOVIS (RUE);;
536572470;29;2;2024;13:10;1;75;75118;2;4;2;3;AVENUE DE SAINT OUEN;;
536572472;15;5;2024;20:45;1;51;51454;2;1;1;2;LAON (AVENUE) DU N° 219 AU 341 ET N° 248;;
536572473;2;1;2024;10:10;1;83;83069;2;1;1;7;ALMANARRE (ROUTE DE L');;
536572474;28;2;2024;22:15;5;75;75116;2;6;1;3;PLACE D IENA;;
536572476;14;5;2024;14:05;1;49;49007;1;1;1;3;BEDIER BOULEVARD;;
536572477;29;2;2024;18:20;2;75;75113;2;1;2;6;RUE DE TOLBIAC;;
536572478;17;1;2024;00:40;4;82;82033;2;2;1;3;MARECHAL LECLERC (AVENUE DU);;
536572479;15;1;2024;21:10;5;80;80021;2;9;1;6;Place René Goblet;;
536572480;29;2;2024;14:00;1;75;75110;2;3;2;6;RUE DU FAUBOURG SAINT DENIS;;
536572482;15;5;2024;07:46;1;45;45234;2;2;1;3;HALLES (RUE DES HALLES);;
536572483;15;5;2024;09:40;1;43;43002;2;1;1;6;38 Route de Roderie;;
536572484;15;1;2024;20:55;5;78;78418;2;1;1;3;GABRIEL PERI (AVENUE);;
536572485;29;2;2024;12:15;1;75;75110;2;2;2;3;BOULEVARD DE STRASBOURG;;
536572486;7;4;2024;12:40;1;31;31555;1;1;1;2;D980;;
536572487;16;1;2024;06:50;5;78;78350;2;1;1;6;CONTI (QUAI);;
536572488;13;5;2024;19:30;1;42;42218;2;1;2;2;Rue Bernard Palissy;;
536572489;29;2;2024;03:35;5;75;75107;2;3;1;6;QUAI BRANLY;;
536572490;7;4;2024;05:30;5;31;31555;2;9;6;2;RUE DU POLE;;
536572491;14;5;2024;23:35;3;42;42127;2;6;2;2;Rue Alfred de Musset;;
536572492;28;2;2024;20:30;5;94;94079;2;3;1;2;Rue du Général de Gaulle / Rue des Courts Sillons;;
536572493;16;1;2024;18:20;2;77;77083;2;1;8;6;CHAMPY-NESLE (BOULEVARD DU);;
536572494;7;4;2024;15:10;1;30;30243;2;1;1;1;MONTEE DES CYPRES;;
536572495;29;2;2024;21:30;5;94;94017;2;3;8;2;Rue Louis Talamoni / Rue a Trait;;
536572496;15;5;2024;12:18;1;35;35278;1;1;3;2;PORTE DE MAUREPAS;;
536572497;16;1;2024;12:45;1;77;77243;2;1;1;3;BRANLY (RUE);;
536572498;29;2;2024;23:00;4;94;94075;2;3;3;3;Av du Mal de Lattre de Tassigny / Route de la Grange;;
536572499;7;4;2024;14:20;1;25;25547;2;1;1;1;PONTARLIER (RUE DE);;
536572500;29;2;2024;19:49;5;94;94075;2;1;8;6;Rue du Lieutenant Dagorno;;
536572501;15;5;2024;10:15;1;34;34301;2;1;1;2;VERDUN (BOULEVARD DE);;
536572502;16;1;2024;08:00;1;77;77243;2;1;1;6;ORME BOSSU (RUE DE  L' );;
536572503;7;4;2024;04:30;3;22;22187;1;1;1;6;D 6;;
536572504;16;1;2024;09:20;1;76;76351;2;4;1;6;SOCRATE;;
536572505;29;2;2024;09:05;1;94;94004;2;3;2;1;Allée des F.F.i. / N19;;
536572506;15;5;2024;09:00;1;34;34198;2;3;1;3;CENTRE COMMERCIAL AUCHAN;;
536572507;6;4;2024;15:45;1;14;14333;2;1;1;6;52 Rue de la République;;
536572508;29;2;2024;15:00;1;93;93073;2;1;2;1;Avenue du Bois de la Pie;;
536572509;15;5;2024;09:00;1;34;34172;2;1;1;3;THOR (RUE DE);;
536572510;28;2;2024;22:50;5;93;93066;2;2;1;1;Rue Danielle Casanova / Cours du Rû de Montfort;;
536572511;16;1;2024;20:20;5;76;76576;2;4;1;6;CITE RADIEUSE;;
536572512;15;1;2024;18:15;5;72;72181;2;1;1;3;HEUZE OLIVIER AV N° PAIRS 2 A 198;;
536572513;7;4;2024;17:00;1;13;13214;2;1;1;3;ARNAVON (AVENUE);;
536572514;28;2;2024;11:30;1;93;93053;2;1;1;3;Rue Paul Vaillant Couturier;;
536572516;15;1;2024;18:25;5;69;69029;2;1;2;3;Route de Genas;;
536572517;7;4;2024;16:55;1;13;13215;2;1;1;3;CAP JANET (CHEMIN);;
536572518;29;2;2024;08:40;1;93;93051;2;2;2;6;PIERRE BROSSOLETTE;;
536572520;7;4;2024;04:30;3;13;13206;2;1;1;1;SAINT PIERRE (RUE);;
536572521;15;1;2024;12:40;1;69;69290;2;2;2;1;Avenue de la Gare;;
536572522;15;5;2024;18:45;1;28;28134;2;1;1;6;BICHE (RUE DE LA);;
536572523;7;4;2024;03:30;5;13;13205;2;7;1;1;JEAN JAURES (PLACE);;
536572524;16;1;2024;07:50;1;69;69091;2;1;8;6;Rue Romain Rolland;;
536572525;29;2;2024;19:30;5;93;93005;2;2;1;6;Rue Eugène Delacroix / Rue Paul Cézanne;;
536572526;6;4;2024;15:50;1;13;13215;2;1;1;1;SAINT ANTOINE (AVENUE DE);;
536572527;15;1;2024;13:45;1;67;67482;2;1;4;6;REUSS (ALLEE);;
536572528;29;2;2024;12:00;1;92;92062;2;1;2;2;DE DION BOUTON (QUAI) DU 1 AU 28;;
536572529;15;5;2024;08:43;1;27;27229;2;3;1;6;BOTTOLIER (RUE);;
536572530;6;4;2024;16:30;1;13;13028;2;1;1;3;ROUMANILLE (AVENUE JOSEPH);;
536572531;13;1;2024;21:15;5;66;66136;2;2;1;1;Avenue Maréchal JUIN;;
536572533;15;5;2024;17:40;1;25;25056;2;9;2;3;CHAR  RUE RENE;;
536572534;29;2;2024;18:39;5;92;92020;2;3;2;3;VANVES BOULEVARD N° IMPAIRS;;
536572535;5;4;2024;17:40;1;13;13005;2;1;1;2;RN 8;;
536572536;23;2;2024;20:41;5;92;92026;2;1;1;7;VERDUN (DE 01 A 61);;
536572537;10;1;2024;18:45;5;64;64445;2;3;1;3;DUFAU;;
536572538;16;1;2024;14:45;1;64;64445;2;2;1;3;RAYMOND DE CARBONNIERES;;
536572539;15;5;2024;15:55;1;14;14333;2;6;1;3;Rue des Vases;;
536572540;16;1;2024;13:50;1;64;64269;1;6;1;3;BEARN DU;;
536572541;5;4;2024;14:25;1;11;11069;2;2;1;3;88 Avenue Bunau Varilla;;
536572542;29;2;2024;19:05;5;92;92007;2;1;2;3;RAVERA (AVENUE HENRI) N° 1 A 109 ET 2 A;;
536572543;14;5;2024;18:50;1;14;14301;2;1;8;6;28 Rue du Centre;;
536572544;15;5;2024;13:10;1;13;13208;2;1;1;3;PRADO (contre allée);;
536572545;7;4;2024;17:20;1;06;06029;2;1;1;1;Avenue de Grasse;;
536572546;15;1;2024;17:38;5;63;63113;2;5;2;3;ELISABETH (AVENUE ALBERT) / Rue Maringue;;
536572547;29;2;2024;07:20;5;91;91689;2;3;2;6;LEON JOUHAUX (AVENUE);;
536572548;15;5;2024;11:30;1;13;13047;2;1;1;3;BELLONS CHEMIN DES;;
536572549;16;1;2024;07:30;1;62;62291;1;1;1;7;D58;;
536572550;28;2;2024;11:40;1;92;92014;2;9;1;2;GENERAL LECLERC (AV.) (57 A 135 - 50 A 1;;
536572551;4;5;2024;09:40;1;06;06104;1;1;1;1;815 Promenade 1ere Dfl;;
536572552;15;1;2024;07:50;5;62;62037;2;1;1;1;D341;;
536572553;7;4;2024;12:30;1;75;75116;2;1;1;4;BD PERIPHERIQUE EXTERIEUR;;
536572554;15;1;2024;17:50;5;59;59512;2;9;1;6;DE GAULLE  (BOULEVARD DU GENERAL);;
536572555;1;3;2024;06:44;2;976;97610;2;1;2;1;Rue Digole - Koropa;;
536572556;5;4;2024;17:06;1;75;75110;2;1;1;1;RUE BEAUREPAIRE;;
536572557;12;5;2024;11:14;1;03;03023;1;1;1;3;Route de Charmeil;;
536572558;29;2;2024;16:46;1;38;38353;2;1;1;1;Chemin des acacias;;
536572559;16;1;2024;19:30;5;59;59009;2;2;9;3;Rue des Fusilles;;
536572560;5;4;2024;15:46;1;75;75116;2;2;1;3;ALLEE DE LONGCHAMP;;
536572561;1;3;2024;02:00;3;95;95436;1;1;9;6;D922;;
536572562;15;1;2024;20:26;5;56;56083;2;1;1;1;POMPIDOU ( AVENUE GEORGES );;
536572563;15;5;2024;13:20;1;01;01053;2;2;2;3;HUCHET ( BOULEVARD EMILE);;
536572564;7;4;2024;08:24;1;75;75120;2;2;1;3;RUE DES PYRENEES;;
536572565;15;5;2024;07:20;1;75;75112;2;1;1;3;BD PERIPHERIQUE EXTERIEUR;;
536572566;1;3;2024;09:30;1;31;31044;2;1;1;5;91 Route de Mons;;
536572567;16;1;2024;19:23;3;54;54270;1;1;1;1;D26;;
536572568;6;4;2024;16:20;1;75;75120;2;2;1;6;RUE MENDELSSOHN;;
536572569;14;5;2024;02:00;5;75;75116;2;2;1;2;AVENUE FOCH;;
536572570;19;2;2024;13:20;1;51;51136;2;4;1;3;Rue de l?Hotel de Ville;;
536572571;16;1;2024;09:50;1;51;51454;2;2;1;3;JAURES (AVENUE JEAN) DU N° 74 A FIN (PAI;;
536572572;7;4;2024;08:10;1;75;75119;2;3;1;3;QUAI DE LA GIRONDE;;
536572573;29;2;2024;17:30;2;23;23001;1;1;2;7;Rue du Docteur Maumy;;
536572574;16;1;2024;10:20;1;51;51454;2;2;1;2;HUGO (BOULEVARD VICTOR);;
536572575;15;5;2024;09:50;1;75;75117;2;7;1;3;BOULEVARD DES BATIGNOLLES;;
536572576;7;4;2024;14:50;1;75;75117;2;3;1;3;AVENUE MAC MAHON;;
536572577;1;3;2024;05:30;3;23;23068;1;1;1;6;La Coussediere;;
536572578;29;2;2024;20:05;4;28;28162;2;1;3;6;Rue de la Mairie;;
536572579;15;1;2024;11:00;1;51;51454;2;1;1;4;CHEZEL (RUE CLOVIS);;
536572580;15;5;2024;15:30;1;75;75111;2;2;1;6;AVENUE LEDRU ROLLIN;;
536572581;7;4;2024;01:00;5;75;75117;2;2;1;6;AVENUE DE WAGRAM;;
536572582;15;1;2024;21:50;5;50;50129;2;3;1;3;COUBERTIN (RUE PIERRE DE);;
536572583;29;2;2024;12:07;1;29;29078;1;1;3;2;N165;;
536572584;15;5;2024;19:50;1;75;75102;2;7;2;3;PLACE DE L OPERA;;
536572585;20;7;2024;14:50;1;56;56260;2;6;1;3;Avenue de Tohannic;;
536572586;7;4;2024;20:20;5;75;75106;2;3;2;1;BOULEVARD DU MONTPARNASSE;;
536572587;13;1;2024;07:45;5;50;50129;2;3;1;3;HUGO (RUE VICTOR);;
536572588;29;2;2024;14:25;1;65;65084;1;9;7;3;RD08;;
536572589;12;5;2024;21:05;1;94;94052;2;2;1;3;Avenue Georges Clémenceau / Avenue de la Belle Gabrielle;;
536572590;29;2;2024;14:50;1;11;11110;1;1;1;7;28 Route de Durban;;
536572591;21;7;2024;16:00;1;54;54261;2;1;1;3;Rue de Paris;;
536572592;7;4;2024;18:30;1;75;75115;2;2;1;7;RUE DE VAUGIRARD;;
536572593;15;1;2024;18:33;5;49;49007;2;1;1;2;BARANGE BOULEVARD;;
536572594;29;2;2024;09:05;1;71;71137;2;1;1;6;27 Rue Porte des Prés;;
536572595;15;1;2024;12:10;1;49;49353;2;1;1;6;avenue pierre mendès france;;
536572596;15;5;2024;21:20;5;93;93071;2;1;2;3;Rue d'Aulnay;;
536572597;16;7;2024;09:05;1;49;49099;2;3;1;2;CARNOT (RUE SADI);;
536572598;28;2;2024;12:00;1;61;61196;1;3;1;7;D955;;
536572599;6;4;2024;20:50;5;75;75112;2;1;1;6;AVENUE DE SAINT MAURICE;;
536572600;16;1;2024;12:30;1;47;47201;2;3;8;3;PYRENEES (AVENUE DES);;
536572601;1;3;2024;08:40;1;12;12120;1;1;2;1;D888;;
536572602;7;4;2024;16:45;1;75;75101;2;1;1;6;BOULEVARD DU PALAIS;;
536572603;14;5;2024;22:00;5;93;93063;2;1;2;1;Avenue Gaston Roussel;;
536572604;20;7;2024;23:40;5;45;45075;2;2;3;3;D2152 PR 76 + 1061;;
536572605;16;1;2024;10:05;1;45;45068;2;1;9;4;Rue Nelson Mandela;;
536572606;7;4;2024;14:00;1;75;75104;2;3;2;6;RUE DE RIVOLI;;
536572607;16;1;2024;10:10;1;37;37261;2;1;1;3;BASSEE (RUE DE LA);;
536572608;15;5;2024;10:15;1;93;93032;2;3;1;3;Rue Aristide Briand / Rue Carnot;;
536572609;29;2;2024;07:20;1;42;42323;2;6;1;6;87 Avenue du 8 Mai 1945;;
536572611;6;4;2024;10:10;1;75;75101;2;3;1;7;RUE DE RIVOLI;;
536572612;10;7;2024;12:10;1;45;45004;1;1;1;3;Avenue d'Antibes;;
536572613;15;5;2024;12:10;1;93;93027;2;1;1;2;Avenue Lénine;;
536572614;29;2;2024;15:50;1;22;22163;1;1;2;3;Kerléran;;
536572615;12;1;2024;16:09;1;36;36044;2;1;1;6;Boulevard de Cluis;;
536572616;7;4;2024;18:00;1;94;94081;2;3;1;6;Rue Verte / Parking;;
536572617;1;3;2024;04:35;3;25;25514;1;1;2;6;D45;;
536572618;14;5;2024;21:00;5;93;93057;2;5;1;3;Allée du Colonel Fabien / Allée Monthyon;;