Num_Acc;jour;mois;an;hrmn;lum;dep;com;agg;int;atm;col;adr;lat;long
536572619;21;7;2024;16:54;1;43;43157;2;3;1;3;Rue des Tanneries;;
536572620;16;1;2024;16:20;1;35;35238;1;1;8;3;RN136;;
536572621;23;2;2024;09:27;1;44;44130;2;9;6;6;5 Rue du pays de retz;;
536572622;16;1;2024;19:05;5;34;34172;2;1;1;6;PONT TRINQUAT (AVENUE DU;;
536572623;21;7;2024;01:56;3;38;38185;1;1;1;2;A.480 (AUTOROUTE);;
536572624;15;5;2024;12:20;1;93;93007;2;2;7;3;Rue des Mascottes / Avenue du Petit Groslay;;
536572625;7;4;2024;06:30;2;94;94052;2;3;1;2;Rue Hoche / Boulevard Albert 1er;;
536572626;28;2;2024;19:00;3;44;44194;1;1;1;5;L'Ebeaupin;;
536572627;16;1;2024;07:00;3;34;34172;2;1;2;6;GARRATS (AVENUE DES);;
536572628;7;4;2024;16:45;1;94;94034;2;1;1;6;Allée des Fleurs;;
536572629;29;2;2024;14:30;1;38;38466;2;3;7;3;D1090;;
536572630;20;7;2024;16:13;1;36;36063;1;2;1;3;Avenue de Blois;;
536572631;15;1;2024;17:20;2;34;34129;2;1;1;3;FIGUIERES (AVENUE DE);;
536572632;15;5;2024;15:45;1;93;93005;2;2;1;4;Rue Jean Charcot / Pont Maillard;;
536572633;7;4;2024;20:00;1;94;94081;2;5;2;3;Avenue Paul Vaillant Couturier / Avenue Henri Barbusse;;
536572634;15;1;2024;13:55;1;34;34172;2;1;1;3;RABELAIS (BOULEVARD);;
536572635;20;7;2024;17:40;1;34;34301;2;1;1;1;ALGER (QUAI D');;
536572637;15;1;2024;11:37;1;34;34172;2;1;1;6;VANIERES (AVENUE DE);;
536572638;15;5;2024;22:00;5;92;92040;2;2;1;3;HOCHE;;
536572639;7;4;2024;00:40;3;94;94077;2;7;1;6;Rue Eugenie le Guillermic / Place de la Gare;;
536572641;1;3;2024;03:14;3;85;85109;1;1;1;1;rd160;;
536572642;16;1;2024;10:39;1;31;31555;1;1;2;1;RD916;;
536572643;11;5;2024;17:40;1;92;92036;2;1;1;6;GENERAL DE GAULLE (AVENUE) (PAIRS);;
536572644;26;2;2024;12:05;1;26;26146;1;2;1;3;Route de Montélimar;;
536572645;7;4;2024;19:40;1;93;93078;2;2;1;3;Boulevard Robert Ballanger / Avenue Jean Fourgeaud;;
536572646;15;5;2024;14:50;1;92;92032;2;1;1;7;VAL CONTENT (RUE DU);;
536572647;8;1;2024;13:15;1;30;30189;2;1;1;7;Rue Général Delestraint;;
536572648;21;7;2024;15:45;1;31;31555;2;1;2;7;RUE SAINT ANTOINE DU T;;
536572649;15;5;2024;10:05;1;92;92071;2;1;1;3;GENERAL DE GAULLE (PLACE);;
536572650;6;4;2024;23:30;5;93;93072;2;1;1;4;Avenue de Stalingrad;;
536572651;16;1;2024;21:30;5;30;30007;2;1;1;1;CASSIN (RUE RENE);;
536572652;7;4;2024;00:55;5;93;93059;2;8;1;6;Avenue Lénine;;
536572653;29;2;2024;23:20;5;90;90054;2;6;1;6;RD 12;;
536572654;15;5;2024;17:30;1;37;37169;2;9;1;3;13 Rue de l'Esperance;;
536572655;15;1;2024;16:00;1;28;28404;1;1;1;6;Route de Chartres;;
536572656;21;7;2024;02:35;3;29;29232;1;1;2;3;RN 165;;
536572657;27;2;2024;11:55;1;53;53185;2;7;1;6;Rue de la Petite Vitesse;;
536572658;6;4;2024;17:05;1;93;93077;2;1;1;6;Rue Rousselet;;
536572659;10;5;2024;18:00;1;22;22209;2;6;1;3;Rue du Colonel Pléven;;
536572660;16;1;2024;17:55;5;27;27681;2;3;1;2;ARDECHE (AVENUE DE L');;
536572661;16;5;2024;05:37;2;11;11254;1;9;1;6;A61;;
536572662;7;4;2024;19:26;1;92;92078;2;3;2;3;VIEUX CHEMIN DE ST DENIS (AVENUE);;
536572663;1;3;2024;09:20;1;21;21574;1;1;1;1;D30c;;
536572664;21;7;2024;15:11;1;24;24037;1;1;1;5;COMBAL;;
536572665;29;2;2024;15:00;1;23;23008;2;1;1;6;1 Rue des Déportés;;
536572666;16;1;2024;07:29;2;21;21355;2;4;1;3;INDUSTRIES (DES) (BOULEVARD);;
536572667;6;4;2024;08:58;1;92;92073;2;2;1;3;SELLIER (BOULEVARD HENRI);;
536572668;12;5;2024;16:05;1;11;11148;1;4;1;3;D6113;;
536572669;20;7;2024;00:20;5;13;13077;2;9;1;6;SAINT MITRE (route de);;
536572670;16;5;2024;00:55;3;29;29181;1;1;1;6;pk 052+200;;
536572671;29;2;2024;21:30;5;69;69244;2;4;1;1;Chemin de la Poterie;;
536572672;14;1;2024;14:15;1;19;19031;2;3;1;3;LAGRANGE (AVENUE LEO);;
536572673;7;4;2024;23:09;5;92;92051;2;3;3;2;CHARLES DE GAULLE (AVENUE, N° 18 A 116);;
536572674;21;2;2024;01:00;3;45;45155;1;1;1;6;D940 PR 19 + 950;;
536572675;20;7;2024;23:45;5;13;13208;2;1;1;1;PERIER (BOULEVARD);;
536572676;16;5;2024;03:50;5;971;97109;1;1;1;6;Avenue du Général de Gaulle Route Nationale 1;;
536572677;16;1;2024;13:20;1;18;18279;2;3;1;3;Rue du Péry;;
536572678;7;4;2024;15:50;1;92;92051;2;2;2;3;SAUSSAYE (BOULEVARD DE LA, N° 7 A 61 ET;;
536572679;29;2;2024;15:58;1;77;77229;1;2;3;5;D1036;;
536572680;16;5;2024;11:50;1;21;21223;1;1;1;3;Route de Troyes;;
536572681;11;1;2024;10:10;1;18;18213;2;2;1;1;Avenue du Général de Gaulle;;
536572682;19;7;2024;20:15;1;13;13001;1;1;1;2;RN 296;;
536572683;27;2;2024;13:15;1;78;78125;1;1;8;7;D61;;
536572684;7;4;2024;16:20;1;92;92026;2;1;8;3;BEZONS  (DE 01 A 22);;
536572685;16;5;2024;13:20;1;76;76530;1;1;1;3;Route des Moulins;;
536572686;15;1;2024;18:40;5;14;14118;2;1;1;7;15 Fossés Saint-Julien;;
536572687;21;7;2024;13:50;1;12;12013;2;1;2;6;TOULOUSE-LAUTREC (AVENUE);;
536572688;2;2;2024;08:50;1;78;78262;1;9;1;2;route nationale 12, PK46.5;;
536572689;7;4;2024;21:50;5;92;92024;2;6;3;2;CLICHY (QUAI DE) DE (8 A 60);;
536572690;16;1;2024;18:23;5;13;13212;2;1;1;3;TROIS LUCS A LA VALENTINE (ROUTE);;
536572692;21;7;2024;17:50;1;06;06088;2;2;1;3;Promenade Général Edouard Corniglion-Molinier;;
536572694;7;4;2024;19:50;2;92;92004;2;4;2;3;ORGEMONT  ( AVENUE D' );;
536572696;16;1;2024;20:15;5;13;13212;2;4;1;3;SAINT JULIEN (AVENUE DE );;
536572697;29;2;2024;23:00;3;26;26309;1;1;8;7;Rue des Lauzes;;
536572698;7;4;2024;19:16;2;72;72291;1;1;2;6;Lieu Dit la Chausse Paillere;;
536572699;16;5;2024;17:12;1;32;32256;1;1;1;1;N21;;
536572700;21;7;2024;13:50;1;06;06029;2;2;8;3;20 Boulevard Carnot;;
536572701;16;1;2024;16:40;1;13;13205;2;2;1;6;SAKAKINI (BOULEVARD);;
536572702;1;3;2024;11:05;1;07;07324;2;1;1;3;25 avenue de Nimes;;
536572703;16;5;2024;07:54;1;68;68257;1;1;2;7;D724 PK5.1;;
536572704;7;4;2024;21:30;3;54;54513;1;2;1;3;Carrefour des belles vues;;
536572705;20;7;2024;16:30;1;06;06029;2;1;1;2;14 Avenue Francis Tonner;;
536572706;15;1;2024;16:40;1;13;13215;2;4;1;3;SAINT ANTOINE (AVENUE DE);;
536572707;29;2;2024;00:30;5;01;01249;2;1;1;2;Grande Rue;;
536572708;8;4;2024;10:45;1;01;01362;1;2;1;3;D6;;
536572709;15;5;2024;19:50;1;22;22309;1;1;1;5;Saint-Launeuc;;
536572710;1;3;2024;02:19;3;69;69159;1;1;2;6;Route de Tarare;;
536572711;21;7;2024;17:40;1;04;04112;2;1;1;3;REPASSE (AVENUE DE LA);;
536572712;15;1;2024;15:20;1;13;13210;2;9;1;5;ROMAIN ROLLAND (BOULEVARD);;
536572713;16;5;2024;16:25;1;29;29160;2;1;1;6;rue jean breton;;
536572714;8;4;2024;08:13;1;22;22209;2;1;1;3;33 rue de la Côte d'Emeraude;;
536572715;1;3;2024;20:35;3;60;60290;1;1;3;1;RD1001;;
536572716;15;1;2024;18:15;5;11;11069;2;9;2;3;49 Avenue Bunau Varilla;;
536572717;20;7;2024;18:35;1;03;03101;2;2;3;3;Rue du Boulodrome;;
536572718;6;4;2024;11:12;1;68;68044;1;1;1;1;col du louschbach;;
536572719;16;5;2024;12:25;1;38;38140;2;6;1;6;Avenue de l'Abbaye;;
536572720;6;4;2024;16:45;1;68;68249;1;1;1;1;D11;;
536572721;28;2;2024;20:20;3;69;69236;1;1;1;5;Autoroute 47;;
536572722;20;7;2024;07:58;1;03;03185;2;1;1;2;Avenue Jules Guesde;;
536572723;15;1;2024;14:50;1;11;11069;2;1;2;5;20 Rue Antoine Marty;;
536572725;15;1;2024;11:42;1;10;10343;2;1;8;6;Rue Louis Blanc;;
536572728;21;7;2024;18:45;1;02;02408;2;1;1;3;29 Rue Romanette;;
536572729;6;4;2024;15:30;1;63;63289;1;1;1;1;D204;;
536572730;15;1;2024;08:40;1;10;10333;1;1;8;6;ROCADE OUEST (RD 610);;
536572731;8;4;2024;06:15;3;63;63278;1;1;1;6;route départementale 211, PK 2+250;;
536572732;16;5;2024;14:30;1;15;15074;1;3;1;5;RN 122;;
536572733;29;2;2024;08:17;1;91;91179;1;1;2;4;AUTOROUTE A6;;
536572734;6;4;2024;11:50;1;01;01194;2;1;1;1;518 Rue Edouard Herriot;;
536572735;20;7;2024;17:30;1;75;75114;2;1;1;5;BD PERIPHERIQUE INTERIEUR;;
536572736;15;1;2024;07:50;5;02;02168;2;3;1;3;30 Avenue de la République;;
536572737;7;4;2024;05:35;3;22;22081;1;1;1;6;RN12 PR 47+500;;
536572738;15;1;2024;08:20;1;75;75118;2;1;1;3;BD PERIPHERIQUE EXTERIEUR;;
536572739;28;2;2024;23:40;3;91;91687;1;1;1;6;AUTOROUTE A6;;
536572740;15;5;2024;14:05;1;14;14431;1;3;1;3;Route de Soquence;;
536572741;20;7;2024;12:30;1;75;75115;2;1;1;4;BD PERIPHERIQUE INTERIEUR;;
536572742;8;4;2024;05:10;3;26;26247;1;1;1;1;route nationale 7;;
536572743;15;1;2024;22:38;5;75;75112;2;1;1;6;BD PERIPHERIQUE EXTERIEUR;;
536572744;28;2;2024;08:45;1;78;78043;1;1;1;3;A13W;;
536572745;16;5;2024;01:00;3;50;50523;2;4;1;6;Route de Chef du Pont;;
536572746;28;2;2024;16:00;1;95;95018;1;1;1;2;A15;;
536572747;7;4;2024;16:45;1;71;71329;1;2;1;3;D673;;
536572748;9;5;2024;08:45;1;50;50370;2;1;1;7;Route du Lude;;
536572749;16;1;2024;16:00;1;75;75119;2;2;8;3;Place de la Porte de Pantin;;
536572750;7;4;2024;17:00;1;57;57375;1;1;1;7;D155w;;
536572751;28;2;2024;08:10;1;95;95582;1;1;1;3;A15;;
536572752;15;5;2024;21:30;3;60;60616;1;1;2;1;Chemin de Champignole;;
536572753;19;7;2024;14:05;1;75;75115;2;1;1;4;BD PERIPHERIQUE INTERIEUR;;
536572754;7;4;2024;18:30;1;51;51505;2;1;1;7;7 Rue Nicolas Roussy;;
536572755;11;5;2024;19:30;2;10;10202;1;1;8;7;D444;;
536572756;27;2;2024;19:00;3;95;95500;1;1;1;4;A15;;
536572757;7;4;2024;19:10;2;51;51609;2;1;1;7;3bis Rue de la Motte;;
536572758;19;7;2024;10:00;1;75;75120;2;1;1;3;BD PERIPHERIQUE INTERIEUR;;
536572759;16;1;2024;17:40;5;75;75117;2;1;1;3;RUE DE COURCELLES;;
536572760;16;5;2024;09:40;1;07;07010;2;3;2;2;Voie de Deûme (Arrêt de bus);;
536572761;28;2;2024;06:55;1;987;98735;2;1;1;2;POMARE (BVD STADE BAMBRIDGE);;
536572762;7;4;2024;18:29;1;56;56227;1;3;1;3;Rue François Orain;;
536572763;21;7;2024;07:42;2;75;75113;2;3;8;6;BOULEVARD MASSENA;;
536572764;16;1;2024;08:45;2;75;75112;2;1;1;2;QUAI DE BERCY;;
536572765;2;5;2024;14:35;1;07;07319;2;1;2;3;Avenue du Pont du Rhône;;
536572766;26;2;2024;08:30;1;974;97416;1;1;1;4;RN3 (3);;
536572767;15;1;2024;14:15;1;75;75112;2;3;1;6;AVENUE DAUMESNIL;;
536572768;15;5;2024;20:50;2;08;08391;2;1;1;1;6 Rue Carnot;;
536572769;26;2;2024;10:00;1;974;97416;1;1;1;7;ANCIENNE RN 1;;
536572770;7;4;2024;17:30;1;56;56116;2;1;1;1;Kerlud;;
536572771;16;1;2024;08:26;2;75;75107;2;2;1;6;RUE DE GRENELLE;;
536572772;16;5;2024;02:45;3;01;01130;1;1;1;1;rd 975;;
536572773;20;7;2024;16:40;1;75;75117;2;1;1;4;BD PERIPHERIQUE EXTERIEUR;;
536572774;25;2;2024;02:30;3;974;97416;1;6;2;7;ROND POINT LA CAFRINE;;
536572775;14;5;2024;09:30;1;68;68278;2;1;7;1;4 Rue de Rixheim;;
536572776;24;2;2024;18:50;5;974;97416;2;1;2;7;BABET (RUE AUGUSTE);;
536572777;16;1;2024;08:30;1;94;94068;2;6;8;6;Boulevard de Bellechasse / Rue Garibaldi;;
536572778;21;7;2024;00:50;5;75;75120;2;2;3;3;RUE D AVRON;;
536572779;24;2;2024;08:50;1;974;97416;1;1;2;6;RN3 (2);;
536572780;8;4;2024;09:00;1;2B;2B123;1;9;1;1;RT 10;;
536572781;16;1;2024;11:30;1;94;94002;2;3;1;6;Rue Paul Vaillant Couturier / Rue des Pivoines;;
536572782;21;7;2024;12:35;1;75;75117;2;2;8;3;AVENUE DE CLICHY;;
536572783;15;5;2024;16:00;1;973;97305;1;3;1;3;Raoute Nationale 1;;
536572784;6;4;2024;04:40;3;82;82089;1;1;1;1;D 813;;
536572785;7;4;2024;10:20;1;65;65096;1;1;1;6;Route de Bagneres de Bigorre;;
536572786;22;2;2024;08:20;1;974;97416;2;3;2;3;DELISLES (ROUTE HUBERT) CD3;;
536572787;21;7;2024;22:00;5;75;75114;2;1;1;3;BOULEVARD JOURDAN;;
536572788;16;1;2024;08:55;1;94;94046;2;2;1;3;Avenue de la République / Rue Condorcet;;
536572789;7;4;2024;06:20;2;65;65072;2;1;1;6;route départementale 935;;
536572790;21;2;2024;15:40;1;974;97416;1;1;7;3;TROIS MARRE (CHEMIN);;
536572791;21;7;2024;16:55;1;75;75104;2;3;7;7;RUE DE RIVOLI;;
536572794;20;2;2024;11:05;1;974;97416;1;1;1;7;PERE FAVRON(RUE DU);;
536572796;16;1;2024;08:20;2;94;94003;2;7;1;3;Avenue Paul Vaillant-Couturier / Avenue Gabriel Péri;;
536572797;27;2;2024;06:25;1;974;97411;2;1;1;6;VINH-SAN (BLD 1 DU PRINCE);;
536572798;21;7;2024;08:55;1;75;75111;2;7;1;3;PLACE DE LA BASTILLE;;
536572799;7;4;2024;21:15;3;11;11106;1;1;1;6;D6009;;
536572800;15;5;2024;11:00;1;34;34154;1;1;1;5;cd189;;
536572801;20;7;2024;23:15;5;94;94074;2;1;1;2;Avenue Henri Barbusse;;
536572802;16;1;2024;08:00;1;94;94076;2;1;1;6;Boulevard Maxime Gorki;;
536572803;15;5;2024;11:00;1;68;68040;2;1;1;2;Rue du Rhin;;
536572804;5;4;2024;09:40;1;41;41164;2;3;1;5;d675 - rue pasteur;;
536572805;27;2;2024;07:20;1;974;97411;1;1;9;6;MACE (ROUTE GABRIEL);;
536572806;21;7;2024;15:35;1;94;94034;2;2;1;2;Rue Emile Zola;;
536572807;15;5;2024;21:00;2;63;63150;1;1;2;6;Avenue de la Libération;;
536572808;16;1;2024;08:00;5;94;94028;2;3;1;6;Route de la Pompadour;;
536572809;7;4;2024;11:47;1;86;86281;1;2;1;3;Rue de Maison Bouchet;;
536572810;16;5;2024;06:51;2;69;69291;1;1;2;6;Route de Corbas;;
536572811;16;1;2024;19:33;5;94;94022;2;1;1;6;Avenue Victor Hugo;;
536572812;21;7;2024;21:10;2;94;94017;2;4;1;3;Avenue Roger Salengro;;
536572813;8;4;2024;11:00;1;86;86160;2;1;1;3;Boulevard Foulques Nerra;;
536572814;22;2;2024;10:40;1;974;97411;2;1;1;6;VERGER (RUE DU);;
536572815;7;4;2024;17:30;1;34;34229;1;1;1;7;D907;;
536572816;15;5;2024;16:45;1;80;80039;2;3;1;3;Rue Quinquerue;;
536572817;21;7;2024;02:00;5;93;93006;2;1;2;3;Rue Jean Lolive;;
536572818;16;1;2024;17:54;2;94;94022;2;1;1;6;Rue Robert Peary;;
536572819;8;4;2024;18:05;1;68;68074;1;1;1;7;D7bis;;
536572820;8;4;2024;07:00;2;38;38561;1;1;1;7;D156d;;
536572821;9;5;2024;16:47;1;59;59387;1;1;1;3;Rue Amédée Grivillers;;
536572822;16;1;2024;08:15;1;94;94022;2;2;1;6;Avenue Gambetta / Avenue du 25 Aout 1944;;
536572823;21;7;2024;17:45;1;93;93046;2;1;1;3;MARECHAL LECLERC (AVENUE DU;;
536572824;20;2;2024;17:30;1;974;97411;2;6;2;2;MACE (ROUTE GABRIEL);;
536572825;5;4;2024;20:15;2;38;38002;1;1;1;7;Route Départementale 281;;
536572826;21;7;2024;16:28;1;93;93015;2;1;1;7;Route du Bois de Bernouille;;
536572827;15;5;2024;08:35;1;13;13071;1;1;1;3;A7-Sens Marseille vers Lyon;;
536572828;25;2;2024;11:50;1;974;97409;2;1;2;7;DE LA GARE(RUE);;
536572829;16;1;2024;06:20;2;94;94011;2;2;8;2;Avenue de Boissy / Rue des Sablons;;
536572830;6;4;2024;12:35;1;01;01058;1;3;1;3;D19;;
536572831;21;7;2024;21:15;2;93;93057;2;2;1;1;Allee de Berlin / Avenue de Rome;;
536572832;14;5;2024;22:43;3;13;13215;1;1;3;2;A55-Sens Marseille vers Martigues;;
536572833;26;2;2024;15:15;1;974;97407;2;2;1;6;ROLLAND EMILE(RUE);;
536572834;16;1;2024;07:45;2;93;93070;2;3;1;6;Rue Fructidor / Rue Arago;;
536572835;21;7;2024;00:08;5;92;92073;2;6;2;6;VERDUN (RUE DE);;
536572836;8;4;2024;06:00;5;58;58095;2;1;1;3;Lieu Dit la Levee de Loire;;
536572837;12;5;2024;08:20;1;69;69266;1;1;1;2;Route Départementale 383;;
536572838;21;7;2024;01:20;5;92;92051;2;1;2;7;CHARTRES (RUE DE );;
536572839;16;1;2024;13:15;1;93;93050;2;3;8;3;Rue de la Ville de Paris / Rue Aristide Briand;;
536572840;22;2;2024;13:30;1;974;97407;2;6;8;3;COMMUNE DE PARIS (AVENUE);;
536572841;15;5;2024;08:00;1;94;94034;1;1;1;3;A86;;
536572842;15;1;2024;19:30;5;93;93050;2;1;1;1;Rue Louis Vannini;;
536572843;21;7;2024;20:35;2;92;92040;2;4;1;3;BOURGAIN (AVENE);;
536572844;19;2;2024;18:35;1;974;97407;2;1;1;6;CARPAYE(AVENUE);;
536572845;7;4;2024;18:05;1;14;14516;2;2;1;3;10 Rue de la Petite Montagne;;
536572846;15;5;2024;18:40;1;92;92047;1;1;1;2;A13;;
536572848;28;2;2024;09:20;1;973;97302;1;1;9;7;GIRATOIRE MARINGOUINS;;
536572849;16;1;2024;13:30;1;93;93048;2;1;1;6;Avenue Pasteur;;
536572850;15;5;2024;17:30;1;92;92050;1;1;1;3;A86;;
536572851;16;1;2024;19:40;5;93;93046;2;1;1;6;Boulevard Jean Moulin;;
536572852;7;4;2024;18:05;1;14;14578;1;3;1;3;Route de Honfleur;;
536572853;26;2;2024;17:15;1;973;97302;2;1;1;2;MONTABO (ROUTE DE) 2;;
536572854;21;7;2024;12:45;1;35;35013;1;2;1;1;Les Chambots;;
536572855;15;5;2024;17:50;1;78;78640;1;1;1;2;A86 INT;;
536572856;16;1;2024;13:20;1;93;93031;2;3;1;6;Avenue de la Marne / Avenue Jean Jaurès;;
536572857;5;4;2024;08:20;1;45;45061;2;6;1;6;D240 PR 3 + 760;;
536572858;21;7;2024;09:50;1;14;14713;1;1;1;7;route de caen;;
536572859;25;2;2024;22:08;3;973;97302;2;1;1;3;FELIX EBOUE(ROCADE);;
536572860;16;1;2024;08:10;5;93;93031;2;1;8;6;Rue Saint-Marc;;
536572861;3;4;2024;15:25;1;27;27112;2;9;1;6;Rue Victor-Hugo;;
536572862;16;1;2024;10:24;1;93;93030;2;1;1;6;Avenue du Maréchal Leclerc de Hauteclocque;;
536572863;21;7;2024;04:00;3;62;62293;1;1;1;6;D108;;
536572864;15;5;2024;12:20;1;93;93027;1;1;1;4;A1;;
536572865;24;2;2024;17:30;1;973;97302;2;3;1;3;MONTABO (ROUTE DE) 1;;
536572866;7;4;2024;14:15;1;87;87028;1;1;1;6;Lagemichene;;
536572867;16;1;2024;13:10;1;93;93008;2;1;1;1;Rue Honore d'Estienne d'Orves;;
536572868;23;2;2024;11:40;1;973;97302;2;1;1;5;GALMOT (AVENUE);;
536572869;7;4;2024;03:00;3;24;24386;1;1;1;6;1111 Route du Platane;;
536572870;2;2;2024;16:55;1;74;74281;2;1;1;3;CORNICHE (BD DE LA) INFERIEUR N°20;;
536572871;21;7;2024;08:30;1;17;17408;1;2;1;3;D18;;
536572872;8;4;2024;16:35;1;45;45073;1;1;1;2;A19 PR 40 + 700;;
536572873;20;2;2024;16:40;1;973;97302;2;1;1;7;BADUEL (ROUTE DE);;
536572874;21;7;2024;22:25;3;974;97412;2;1;1;6;344 Route de Jean Petit;;
536572875;8;4;2024;17:10;1;69;69244;2;1;1;6;12 Avenue Victor Hugo;;
536572876;18;2;2024;01:45;3;13;13047;1;1;1;1;RD 569;;
536572877;28;2;2024;13:05;1;69;69386;2;2;1;3;Rue Germain;;
536572878;7;4;2024;11:00;1;987;98745;2;1;1;1;Tapuamu - face Pari Pari;;
536572879;15;2;2024;07:32;3;50;50473;2;2;1;3;D59;;
536572880;28;2;2024;10:10;1;69;69388;2;1;1;6;79 Rue Marius Berliet;;
536572881;13;5;2024;17:00;1;974;97416;1;1;1;3;AUGUSTIN ARCHAMBAUD(RUE);;
536572882;8;4;2024;17:20;1;38;38081;1;1;1;7;D518;;
536572883;20;7;2024;17:20;1;972;97207;2;3;1;3;Chemin des violettes intersection avec la D04;;
536572884;28;2;2024;08:10;1;69;69383;2;1;1;1;Cours Lafayette;;
536572885;20;7;2024;07:15;1;972;97232;1;1;1;1;D5;;
536572886;13;5;2024;12:20;1;974;97416;2;3;1;3;ECHANGEUR (MONT CAPRICE);;
536572887;26;2;2024;22:15;5;69;69383;2;2;1;7;253 Rue Vendôme;;
536572888;7;4;2024;05:10;2;971;97117;1;1;1;6;Néron;;
536572889;13;5;2024;17:15;1;974;97411;1;1;1;7;montgaillard (route de);;
536572890;20;2;2024;19:45;2;69;69386;2;3;1;1;Rue Cuvier;;
536572891;22;7;2024;13:00;1;21;21380;1;1;1;3;A6 PK 246+070;;
536572892;14;5;2024;16:00;1;974;97407;2;9;1;6;LAUDE E(RUE);;
536572893;6;4;2024;22:50;5;45;45252;2;1;1;6;37bis Faubourg de Paris;;
536572894;14;5;2024;08:24;1;974;97407;2;1;1;6;VERDUN (BOULEVARD);;
536572895;22;7;2024;09:00;1;06;06034;1;1;1;2;210 Route de Grenoble;;
536572896;4;4;2024;10:58;1;77;77099;2;2;8;3;D52;;
536572897;13;5;2024;15:30;1;974;97407;1;9;1;6;SACRE COEUR (RD POINT) -RIV. DES GALETS;;
536572898;20;7;2024;04:20;3;971;97132;1;1;1;6;Sapotille;;
536572899;7;4;2024;16:00;1;88;88178;2;1;1;1;29 Route de Darney;;
536572900;14;5;2024;07:32;1;973;97302;2;1;2;3;BADUEL (ROUTE DE);;
536572901;21;7;2024;21:00;1;51;51196;2;1;1;7;D10;;
536572902;8;4;2024;18:40;1;03;03290;1;1;1;1;2 Route de Bellefontaine;;
536572903;20;7;2024;15:20;1;19;19072;1;1;7;7;D170;;
536572904;13;5;2024;14:50;1;973;97302;2;1;3;7;DE GAULLE (AVENUE);;
536572905;6;4;2024;19:05;1;63;63141;1;5;1;3;RD941 route de la baraque / Bd Paul Cézanne;;
536572906;21;7;2024;11:10;1;76;76171;1;1;1;7;D13;;
536572907;7;4;2024;04:30;3;26;26307;1;1;1;7;Route de Rochechinard;;
536572908;13;5;2024;12:25;1;973;97302;2;3;2;3;BADUEL (ROUTE DE);;
536572910;14;5;2024;19:30;1;69;69388;2;1;2;4;Boulevard des Etats-Unis;;
536572911;7;4;2024;12:15;1;69;69045;1;1;1;6;3215 Route des Saint-Étienne;;
536572912;19;7;2024;20:05;2;2A;2A271;1;1;1;3;Gare de Mezzana;;
536572913;14;5;2024;10:35;1;972;97209;1;3;1;3;MARTIN LUTHER KING (RUE);;
536572914;8;4;2024;07:42;1;69;69148;1;1;1;1;Route des 7 Chemins;;
536572915;20;7;2024;14:40;1;41;41044;1;1;1;7;A85, PK 196.700;;
536572916;8;4;2024;09:30;1;50;50288;1;1;1;5;D973;;
536572917;14;5;2024;07:15;1;972;97209;2;1;1;4;SOLEIL LEVANT (BOULEVARD DU);;
536572918;8;4;2024;08:25;1;50;50356;1;1;1;1;D254;;
536572919;14;5;2024;09:15;1;69;69382;2;3;1;3;82 Quai Perrache;;
536572920;22;7;2024;01:00;3;32;32402;1;1;1;6;D 132 - PK 006+680;;
536572921;3;4;2024;16:55;1;14;14646;1;2;1;3;Route d'Epaney;;
536572922;13;5;2024;18:00;1;971;97120;2;1;1;6;HANNE (BOULEVARD);;
536572923;22;7;2024;17:45;1;63;63381;1;1;1;6;D943 - PK 24+500;;
536572924;7;4;2024;14:20;1;76;76614;1;3;1;3;D982;;
536572925;21;7;2024;15:30;1;63;63006;1;1;8;7;D721;;
536572926;13;5;2024;15:15;1;971;97101;2;3;1;1;Rue Hubert FAROUIL;;
536572927;21;7;2024;17:15;1;63;63319;1;1;8;7;D996;;
536572928;7;4;2024;13:10;1;76;76503;1;2;1;3;Route d'Eslettes;;
536572929;12;5;2024;04:40;5;971;97101;1;1;1;2;RN1 ROCADE DE CHAUVEL;;
536572930;8;4;2024;14:00;1;80;80313;1;1;1;5;A1;;
536572931;22;7;2024;07:30;1;63;63229;2;2;1;3;Carrefour du chemin de Charliat et de la route de BIllom;;
536572932;7;4;2024;15:20;1;59;59481;2;1;1;6;Chemin de Ghissignies;;
536572933;20;7;2024;23:10;4;61;61168;2;1;1;6;Parking La Ferté Plage;;
536572934;5;4;2024;12:37;1;13;13213;1;1;1;2;A507 sens Aubagne- Marseille;;
536572935;18;7;2024;05:05;2;61;61508;2;1;1;6;D979;;
536572936;5;4;2024;23:14;3;13;13216;1;9;1;2;A55-Sens Marseille vers Martigues;;
536572937;21;7;2024;19:00;1;47;47081;2;1;3;6;280 route de Pech de Plat;;
536572938;26;8;2024;18:25;1;80;80021;2;1;1;6;Rue Léo Lagrange;;
536572939;5;4;2024;21:20;3;13;13216;1;1;1;6;A55-Sens Marseille vers Martigues;;
536572940;15;7;2024;14:40;1;86;86281;2;1;1;2;Route d'Etables;;
536572941;7;4;2024;16:22;1;91;91689;1;1;1;2;AUTOROUTE A6;;
536572943;21;7;2024;15:05;1;22;22194;2;1;1;3;Rue de Ker Izella;;
536572944;6;4;2024;22:16;3;94;94003;1;1;1;2;AUTOROUTE A6B;;