Num_Acc;jour;mois;an;hrmn;lum;dep;com;agg;int;atm;col;adr;lat;long
536573284;26;8;2024;20:13;1;56;56098;2;1;1;7;Boulevard Normandie Niemen;;
536573285;26;8;2024;12:50;1;54;54184;2;1;1;7;Avenue de Saulxures;;
536573286;2;10;2024;16:25;1;94;94065;1;3;1;3;Rue de Bordeaux;;
536573287;27;8;2024;18:50;1;51;51242;2;1;1;3;DUBLIN (rue de );;
536573288;2;10;2024;10:05;1;93;93066;2;1;2;3;VAILLANT COUTURIER PAUL (AV) NR 2 A 110;;
536573289;2;10;2024;07:10;4;93;93055;2;1;2;1;GENERAL LECLERC(AVE DU)89/FIN ET 122/FIN;;
536573290;26;8;2024;14:20;1;50;50129;2;4;1;3;MENDES FRANCE (BOULEVARD);;
536573291;21;9;2024;01:35;5;93;93053;2;3;3;6;ROSNY (AVENUE DE) N° 53 A 243;;
536573292;26;8;2024;17:02;1;49;49267;1;2;1;3;BEAUFORT ROUTE;;
536573293;20;6;2024;17:45;1;67;67339;1;1;1;6;Rue de la Forêt;;
536573295;2;10;2024;19:55;5;93;93051;2;1;1;2;AUGUSTE RODIN (ALLEE);;
536573296;26;8;2024;16:49;1;49;49007;2;3;1;3;MONPLAISIR BOULEVARD;;
536573298;27;8;2024;22:00;5;45;45232;2;2;1;3;Rue de Châteauroux;;
536573299;27;5;2024;20:25;1;72;72223;2;1;7;6;D035 - pont de la madeleine;;
536573300;1;10;2024;23:50;5;93;93006;2;2;1;3;GAMBETTA AV.;;
536573301;21;6;2024;15:00;1;22;22343;2;1;1;6;3 Rue des Primevères;;
536573302;2;10;2024;22:50;5;93;93029;2;1;1;3;HENRI BARBUSSE (AVE) N°126-280;;
536573303;19;6;2024;16:30;1;22;22178;1;1;1;6;Route du Tumulus;;
536573304;27;8;2024;14:30;1;35;35206;2;3;1;2;CANADA (AVENUE DU);;
536573306;2;10;2024;10:30;1;92;92063;2;1;2;3;HOURLIER (RUE LEON);;
536573307;20;6;2024;19:45;1;22;22162;1;1;1;1;la lande blanche;;
536573309;2;10;2024;13:40;1;92;92073;2;3;8;3;DE DION BOUTON (QUAI) DU 1 AU 28;;
536573310;20;6;2024;19:38;1;35;35087;1;3;1;1;D33;;
536573311;2;10;2024;18:15;1;92;92050;2;3;1;3;ARAGO FRANCOIS AVENUE;;
536573312;16;6;2024;23:20;3;60;60089;1;2;1;1;D153;;
536573314;2;10;2024;11:15;1;92;92048;2;1;2;2;REPUBLIQUE (RUE DE LA) N° 1 A 45;;
536573315;21;6;2024;09:00;1;80;80288;1;1;3;6;sortie n°13 LILLE - PARIS;;
536573317;2;10;2024;14:45;1;92;92040;2;1;1;3;STALINGRAD (QUAI DE);;
536573318;21;6;2024;13:50;1;62;62318;1;1;1;1;D940;;
536573320;2;10;2024;14:20;1;92;92036;2;1;1;4;BASSIN N°6 (ROUTE ANNEXE DU);;
536573321;18;6;2024;02:43;5;59;59422;2;6;1;6;Rue de Cagnoncles;;
536573322;27;8;2024;10:00;1;28;28085;2;4;1;3;BOURGNEUF (RUE DU);;
536573323;21;6;2024;10:50;1;59;59221;2;6;3;1;D958;;
536573324;2;10;2024;17:05;1;92;92012;2;1;1;3;JEAN BAPTISTE CLEMENT (AVENUE) 49/FIN -;;
536573325;27;8;2024;08:06;2;22;22278;2;1;1;3;CORNEILLE COTE PAIR;;
536573326;19;6;2024;12:15;1;13;13088;1;1;1;4;A55-Sens Marseille vers Martigues;;
536573327;3;10;2024;13:30;1;63;63026;1;1;2;1;D145, lieu-dit Prades;;
536573328;27;8;2024;03:20;3;18;18267;2;9;1;7;Route de Châteauneuf;;
536573329;30;9;2024;15:55;1;2A;2A108;1;1;1;6;RD 84;;
536573330;16;6;2024;17:40;1;01;01275;1;1;1;2;A46N 25.180 A 25.680;;
536573331;27;8;2024;23:45;5;13;13211;2;1;1;3;PARETTE (PLACE DE LA);;
536573332;1;10;2024;16:20;1;2A;2A258;1;1;1;7;D70;;
536573334;26;8;2024;17:45;1;12;12145;2;1;1;3;Rue du Causse Noir;;
536573335;2;10;2024;21:05;3;35;35172;1;2;1;3;La Basse Garenne;;
536573337;27;8;2024;05:30;3;11;11069;1;1;1;2;ROCADE NORD - RD 6113;;
536573338;2;10;2024;06:40;3;68;68088;1;1;1;6;Cité Alex;;
536573339;19;6;2024;07:58;1;59;59383;1;1;1;4;AUTOROUTE A2;;
536573340;3;10;2024;12:45;1;56;56052;2;2;1;6;Avenue Aristide Briand;;
536573341;26;8;2024;17:23;1;10;10297;2;3;1;3;Rue Danton;;
536573342;20;6;2024;20:20;1;91;91339;1;1;1;3;RN 104;;
536573343;26;8;2024;13:20;1;10;10387;2;1;1;6;Avenue Pasteur;;
536573344;1;10;2024;18:15;1;56;56206;1;1;1;5;Rue du Pont;;
536573345;20;6;2024;09:00;1;91;91286;1;1;1;5;AUTOROUTE A6;;
536573346;26;8;2024;16:30;1;07;07186;2;1;1;7;SEGUIN (AVENUE MARC);;
536573348;20;6;2024;10:10;1;94;94065;1;1;1;2;A86;;
536573349;1;10;2024;11:05;1;2A;2A085;1;1;1;3;T40;;
536573350;23;8;2024;23:48;5;06;06004;2;1;1;3;55 Avenue de Cannes;;
536573351;20;6;2024;07:45;1;91;91692;1;1;1;2;RN 118;;
536573352;2;10;2024;17:30;1;89;89151;1;2;2;2;D660;;
536573353;25;8;2024;11:10;1;03;03095;2;3;1;3;Rue Gambetta;;
536573354;19;6;2024;08:35;1;92;92023;1;1;1;2;A86 EXT;;
536573355;27;8;2024;16:22;1;01;01289;1;1;7;7;Route de Saint André sur Vieux Jonc;;
536573356;20;6;2024;15:55;1;93;93006;1;1;8;3;A3;;
536573357;3;10;2024;11:45;1;34;34051;2;2;7;3;Avenue Paul Demarne;;
536573358;27;8;2024;12:35;1;75;75114;2;1;1;2;BD PERIPHERIQUE EXTERIEUR;;
536573359;2;10;2024;17:00;1;25;25082;1;1;1;2;Rue de la Plaine;;
536573360;20;6;2024;13:50;1;93;93007;1;1;1;4;A1;;
536573361;26;8;2024;16:00;1;75;75117;2;1;1;2;BD PERIPHERIQUE INTERIEUR;;
536573362;19;6;2024;17:30;1;93;93027;1;1;8;2;A86;;
536573363;27;8;2024;08:00;1;75;75114;2;1;1;2;BD PERIPHERIQUE EXTERIEUR;;
536573364;1;10;2024;21:20;3;35;35021;1;1;1;2;D706;;
536573365;19;6;2024;09:20;1;93;93005;1;1;8;2;A3;;
536573366;2;10;2024;14:10;1;29;29014;1;1;2;6;Bronhel;;
536573367;20;6;2024;07:20;1;77;77083;1;1;1;2;A4.W;;
536573368;10;6;2024;06:58;1;44;44109;2;1;8;6;78 Boulevard de la Fraternité;;
536573369;3;10;2024;08:45;1;72;72241;2;1;1;6;72 Grande Rue;;
536573370;3;10;2024;09:20;1;05;05036;1;1;1;3;RN94;;
536573371;8;1;2024;17:34;3;13;13211;1;1;1;3;A50-Sens Aubagne vers Marseille;;
536573372;3;10;2024;08:20;1;50;50347;1;1;1;1;La Petite Gravelle;;
536573373;14;6;2024;04:32;5;987;98735;2;2;1;3;POMARE V (AVENUE);;
536573374;2;10;2024;09:00;1;64;64495;1;1;3;1;d855;;
536573375;19;6;2024;13:00;1;974;97411;2;1;1;6;GAULLE (DU GENERAL DE);;
536573376;3;10;2024;19:20;2;18;18223;1;1;1;7;Route de l’Etang de la Salle;;
536573377;2;10;2024;11:15;1;43;43051;2;1;1;6;8 Rue de la Poste;;
536573378;18;6;2024;22:00;5;974;97411;2;2;1;3;CHATEL (JEAN);;
536573380;19;6;2024;07:00;1;973;97302;2;1;1;3;REPUBLIQUE (BD DE LA);;
536573381;19;6;2024;08:17;1;69;69383;2;1;1;6;Rue des Dahlias;;
536573382;1;10;2024;17:45;1;07;07292;1;2;1;3;Route des Monts du Vivarais;;
536573383;2;10;2024;11:25;1;53;53073;1;1;1;7;Les Besneraies;;
536573384;19;6;2024;11:43;1;971;97101;1;1;1;2;BOULEVARD DES HEROS;;
536573385;19;6;2024;07:49;1;95;95063;2;1;1;3;D392;;
536573386;18;6;2024;12:20;1;87;87085;1;6;1;6;SCHUMAN (BOULEVARD ROBERT);;
536573387;2;10;2024;13:15;1;40;40233;1;1;2;3;941 Route de Labatut;;
536573388;17;6;2024;09:11;1;87;87085;2;3;1;6;RUBEN (AVENUE ERNEST);;
536573389;30;9;2024;16:05;1;24;24371;1;1;8;6;Route des plateaux;;
536573390;19;6;2024;08:55;1;83;83137;2;1;1;6;STRASBOURG (BD DE );;
536573391;3;10;2024;11:45;1;04;04208;1;1;1;6;RD18b;;
536573392;19;6;2024;10:15;1;81;81004;2;1;1;6;8 Rue Porta;;
536573393;19;6;2024;18:00;1;78;78146;2;2;1;3;MAISONS (ROUTE DE);;
536573394;2;10;2024;11:45;1;04;04192;1;1;1;1;Route d'Avignon (Lincel);;
536573395;19;6;2024;07:20;1;73;73029;1;1;1;6;N201;;
536573396;23;8;2024;18:50;1;85;85193;1;3;1;6;D 19/ D50;;
536573397;18;6;2024;05:40;4;72;72181;2;2;2;3;LEFAUCHEUX PIERRE (BD);;
536573398;3;10;2024;10:50;1;52;52118;1;1;1;1;N67;;
536573399;19;6;2024;09:40;1;71;71270;2;6;7;3;SAINT-CLEMENT (PLACE);;
536573400;26;9;2024;13:50;1;08;08170;1;2;2;3;D6;;
536573401;19;6;2024;16:05;1;69;69264;2;1;1;6;Rue Francois Meunier Vial;;
536573402;19;6;2024;13:00;1;69;69091;2;7;1;3;Rue de Montrond;;
536573403;2;10;2024;13:10;1;973;97309;2;1;1;3;2161B Rte de Rémire;;
536573404;18;6;2024;14:34;1;67;67482;2;8;1;6;ROYAL (PONT);;
536573405;30;9;2024;08:50;1;06;06152;1;6;1;3;Route du Parc;;
536573406;18;6;2024;08:55;1;67;67482;2;1;1;3;TOUSSAINT (RUE DE LA);;
536573407;20;9;2024;13:44;1;69;69027;2;9;1;3;Boulevard André Lassagne;;
536573408;19;6;2024;18:40;1;64;64545;1;1;1;3;CORNICHE (ROUTE DE LA);;
536573409;3;10;2024;11:05;1;14;14032;1;1;1;2;A13;;
536573410;19;6;2024;08:20;1;64;64445;2;1;8;3;GENERAL DE GAULLE DU;;
536573411;2;10;2024;16:05;1;987;98750;1;1;1;1;PK 3,6 avera;;
536573412;18;6;2024;18:23;1;64;64102;2;1;1;3;BARTHES (CHEMIN DES);;
536573413;3;10;2024;17:15;1;2A;2A215;2;1;1;7;RT40;;
536573414;19;6;2024;18:30;1;59;59350;2;9;1;6;Rue Barthélémy Delespaul;;
536573415;2;10;2024;08:45;1;57;57601;1;1;2;1;M603;;
536573416;11;6;2024;19:30;1;59;59220;2;9;7;6;CHEMIN ROUGE;;
536573417;14;9;2024;04:45;3;63;63226;1;1;1;7;D1;;
536573418;24;6;2024;22:24;2;56;56121;2;6;1;3;Rue de Kerlin;;
536573419;18;6;2024;17:50;1;56;56121;2;1;1;2;Rue Duliscouët;;
536573420;3;10;2024;14:16;1;42;42304;2;1;1;3;241 Route des Monts;;
536573421;18;6;2024;17:00;1;56;56121;2;1;1;3;Place de la Bataille de Quiberon;;
536573422;3;10;2024;17:20;1;38;38415;1;1;1;1;D18;;
536573423;18;6;2024;15:45;1;50;50129;2;3;1;2;NAPOLEON (PLACE);;
536573424;2;10;2024;16:28;1;38;38474;2;1;1;6;Avenue de Valence;;
536573425;14;6;2024;16:10;1;49;49099;2;2;8;6;ENCYCLOPEDIE (RUE DE L');;
536573426;2;10;2024;10:30;1;07;07268;2;1;1;6;10 impasse du grand clos;;
536573427;18;6;2024;06:20;2;49;49007;2;1;1;6;CHALOUERE;;
536573428;3;10;2024;16:11;1;31;31291;1;1;1;2;96 Route de la Salvetat;;
536573429;3;10;2024;06:30;3;59;59289;1;1;1;1;Route de Valenciennes;;
536573430;18;6;2024;22:50;5;46;46042;2;2;3;3;MAQUIS (AVENUE DU);;
536573431;3;10;2024;16:30;1;59;59106;2;1;1;1;Rue Felix Dehau;;
536573433;19;6;2024;10:20;1;45;45302;2;1;8;6;272 Avenue du Stade;;
536573434;27;9;2024;17:30;1;59;59009;1;1;3;5;ROUTE NATIONALE 227;;
536573436;1;10;2024;16:55;1;92;92036;1;1;1;3;A86;;
536573437;1;10;2024;13:06;1;92;92026;1;1;9;2;RN1014 Y;;
536573438;19;6;2024;14:45;1;43;43157;2;3;1;6;Rue Pierret;;
536573439;1;10;2024;10:40;1;78;78490;1;1;1;6;RN12 EXT;;
536573440;19;6;2024;09:30;1;42;42095;2;4;1;6;Rue Benoit Frachon;;
536573441;1;10;2024;18:35;1;93;93008;1;1;1;3;AUTOROUTE A86;;
536573443;1;10;2024;12:10;1;93;93010;1;1;1;2;AUTOROUTE A3;;
536573444;19;6;2024;19:45;1;31;31555;2;1;1;1;BD DE LA MARNE;;
536573445;1;10;2024;09:30;1;93;93053;1;1;1;3;AUTOROUTE A86;;
536573446;19;6;2024;08:30;1;31;31555;2;1;8;6;BD PIERRE ET MARIE CURIE;;
536573447;30;9;2024;18:35;1;95;95582;1;1;2;1;A15;;
536573448;2;10;2024;09:20;1;94;94017;1;1;1;2;A4;;
536573449;28;6;2024;21:00;1;42;42095;2;1;8;6;Rue de la Platinière;;
536573450;19;6;2024;09:00;1;31;31149;2;1;8;3;AV CLEMENT ADER;;
536573451;19;6;2024;15:25;1;29;29169;2;3;1;3;Chemin de Maner Beuliec;;
536573452;19;6;2024;18:45;1;28;28085;1;1;1;1;RD 339;;
536573453;27;6;2024;12:00;1;29;29151;2;3;1;6;AIGUILLON (RUE D');;
536573454;29;6;2024;15:00;1;29;29254;1;1;1;7;LE CUN (LIEU DIT);;
536573455;14;6;2024;12:45;1;28;28085;2;3;8;3;POILLOT (RUE EDMOND);;
536573457;19;6;2024;12:40;1;27;27299;1;1;1;2;RN 154;;
536573458;4;7;2024;13:15;1;93;93077;2;1;1;6;GRANDE RUE;;
536573459;26;6;2024;14:15;1;26;26038;1;9;1;1;915 Route de la Syrah;;
536573460;19;6;2024;16:54;1;22;22215;2;3;2;3;FUTUR (ROUTE DU);;
536573461;1;10;2024;13:50;1;987;98736;2;1;1;3;PAUL BERNIERE (RUE);;
536573462;30;9;2024;14:55;1;987;98735;1;1;1;7;MOTU UTA;;
536573463;19;6;2024;20:30;1;22;22113;2;1;1;2;PETIT CAMP (ROUTE DE) (TY AN TUAL);;
536573464;1;10;2024;15:15;1;976;97611;2;1;1;7;kaweni-GEOLE (la);;
536573465;19;6;2024;21:30;1;17;17300;2;2;1;3;MONNAIE   AVENUE DE LA;;
536573466;1;10;2024;12:55;1;976;97611;2;1;1;1;passamanty-Rassini (ruelle);;
536573467;1;10;2024;06:30;2;974;97407;2;1;1;7;AMIRAL BOSSE (RUE);;
536573468;19;6;2024;22:40;5;13;13210;2;3;1;7;FIFI TURIN (RUE);;
536573469;30;9;2024;18:07;5;973;97302;2;3;1;3;ESTREES (AVENUE D');;
536573470;19;6;2024;19:00;1;13;13206;2;1;8;3;PRADO (AVENUE DU);;
536573471;7;11;2024;20:25;5;49;49214;2;6;2;3;Rue Jean Jaurès;;
536573472;30;9;2024;11:44;1;973;97302;1;6;1;3;MARINGOUINS (ROND-POINT);;
536573474;8;11;2024;11:15;1;46;46145;1;2;1;3;D803;;
536573475;29;9;2024;19:40;3;973;97302;2;1;1;3;BADUEL (ROUTE DE);;
536573476;19;6;2024;16:38;1;06;06088;2;1;1;6;Pont Michel;;
536573477;7;11;2024;05:53;3;68;68179;1;3;5;7;Rue du Vallon;;
536573478;1;10;2024;03:40;5;69;69385;2;2;2;3;Montée de Choulans;;
536573479;11;6;2024;14:10;1;04;04112;2;1;1;6;GIONO (AV. J.);;
536573480;7;11;2024;21:10;3;25;25594;1;1;1;1;D106;;
536573481;1;10;2024;18:09;1;2B;2B033;2;1;1;3;MONTESORO - 4 VOIES;;
536573482;19;6;2024;04:24;5;03;03185;2;6;3;3;EINSTEIN ( RUE ALBERT );;
536573483;17;6;2024;23:10;5;75;75116;2;1;1;2;BD PERIPHERIQUE EXTERIEUR;;
536573484;6;11;2024;12:45;1;44;44063;2;6;1;3;12 Avenue  Xavier Rineau;;
536573485;1;10;2024;07:05;2;95;95563;2;2;1;3;D192P;;
536573486;19;6;2024;01:43;5;75;75120;2;7;8;3;PLACE DE LA PORTE DE BAGNOLET;;
536573487;8;11;2024;12:05;1;29;29075;2;3;1;6;3 rue Anne de Bretagne;;
536573488;1;10;2024;09:10;1;91;91027;2;1;8;4;VC QUAI DE SEINE;;
536573489;19;6;2024;10:35;1;75;75119;2;2;1;3;AVENUE JEAN JAURES;;
536573490;8;11;2024;15:00;1;31;31377;1;3;1;2;RD 813 intersection RD 97B;;
536573491;12;9;2024;13:40;1;89;89342;2;9;1;6;Centre commercial Leclerc;;
536573492;19;6;2024;19:10;1;75;75118;2;1;1;3;RUE DOUDEAUVILLE;;
536573493;30;9;2024;11:57;1;87;87085;2;1;1;2;BRIAND (RUE ARISTIDE);;
536573494;7;11;2024;13:55;1;31;31033;2;3;1;2;27 Route de Toulouse;;
536573495;19;6;2024;11:45;1;75;75118;2;2;1;3;PLACE DE LA CHAPELLE;;
536573496;1;10;2024;17:30;1;84;84031;2;1;1;2;MONT VENTOUX AVENUE DU;;
536573497;8;11;2024;06:55;3;02;02569;2;2;1;3;D946;;
536573498;19;6;2024;14:30;1;75;75116;2;2;1;3;AVENUE DE VERSAILLES;;
536573499;30;9;2024;10:20;1;84;84007;2;1;1;3;AMANDIER (AVENUE DE L');;
536573500;8;11;2024;15:20;1;72;72139;2;1;1;7;1 résidence du pont tatin;;
536573501;1;10;2024;07:30;1;80;80021;2;1;1;3;Place du Maréchal Joffre;;
536573502;19;6;2024;07:25;1;75;75116;2;1;1;3;AVENUE DE VERSAILLES;;
536573503;1;11;2024;03:45;3;43;43142;1;3;1;6;D500;;
536573505;19;6;2024;15:45;1;75;75113;2;1;1;6;AVENUE DE LA PORTE DE CHOISY;;
536573507;19;6;2024;10:00;1;75;75112;2;3;1;6;AVENUE DAUMESNIL;;
536573508;8;11;2024;20:20;3;30;30152;1;2;1;3;D904;;
536573509;19;6;2024;00:01;5;75;75112;2;3;2;2;BOULEVARD DIDEROT;;
536573510;4;11;2024;15:50;2;48;48191;1;1;7;3;D167;;
536573511;19;6;2024;16:00;1;75;75111;2;2;1;3;RUE OBERKAMPF;;
536573512;14;9;2024;00:30;3;67;67506;1;1;9;7;A355;;
536573513;19;6;2024;19:05;1;75;75110;2;2;1;6;RUE LA FAYETTE;;
536573514;7;11;2024;15:40;1;13;13080;1;1;1;2;Route Rd 561;;
536573515;19;6;2024;13:45;1;75;75108;2;3;1;3;RUE LAMENNAIS;;
536573516;30;9;2024;12:10;1;78;78208;2;3;8;3;POLITZER (AVENUE GEORGES);;
536573517;19;6;2024;20:53;2;75;75107;2;1;1;1;QUAI ANATOLE FRANCE;;
536573518;7;11;2024;17:44;3;01;01195;1;1;1;5;A 40;;
536573519;19;6;2024;11:15;1;75;75107;2;1;1;7;QUAI D ORSAY;;
536573520;19;6;2024;10:50;1;75;75102;2;1;1;3;BOULEVARD DE SEBASTOPOL;;
536573521;1;10;2024;15:15;1;77;77284;2;2;1;6;ALLENDE (AV.SALVADOR);;
536573522;8;11;2024;08:30;1;31;31254;2;1;1;6;D16;;
536573523;19;6;2024;11:25;1;93;93070;2;1;1;2;Rue Charles Schmidt;;
536573524;2;10;2024;00:20;3;77;77075;2;4;1;7;D5;;
536573525;7;11;2024;15:00;1;988;98821;1;1;1;6;RT1 - LA TAMOA;;
536573526;19;6;2024;14:35;1;93;93051;2;2;1;3;Route de Neuilly / Rue Pierre Brossolette;;
536573527;3;11;2024;19:15;5;34;34154;1;1;1;7;D172;;
536573528;1;10;2024;08:50;1;77;77058;2;1;1;2;ANTOINE GIROUST (BOULEVARD );;
536573529;19;6;2024;04:50;5;93;93046;2;3;1;6;Avenue Aristide Briand / Avenue Camille Desmoulins;;
536573530;30;9;2024;16:00;1;76;76351;2;3;2;3;FLORIMOND LAURENT (RUE);;
536573531;7;11;2024;17:18;1;83;83106;1;1;1;5;D43;;
536573532;19;6;2024;08:50;1;95;95427;2;3;1;3;JULES FERRY (RUE);;
536573533;7;11;2024;19:34;5;71;71342;2;1;1;3;Rue du 8 Mai;;
536573534;19;6;2024;21:30;2;93;93014;2;1;1;3;Allée Maurice Audin;;
536573535;26;9;2024;16:45;1;76;76351;2;1;1;6;STRASBOURG (BD);;
536573536;6;9;2024;06:45;1;67;67001;2;1;1;1;M45;;
536573537;18;6;2024;17:00;1;93;93010;2;9;8;2;Avenue Galliéni;;
536573538;1;10;2024;08:30;1;73;73065;2;6;1;7;LYON (AVENUE DE);;
536573539;8;11;2024;04:20;3;03;03290;1;1;5;2;Nationale 7;;
536573540;18;6;2024;20:15;1;93;93007;2;1;8;3;Avenue Albert Einstein;;
536573541;8;11;2024;08:51;1;42;42304;1;1;1;3;2551 Route des Monts;;
536573542;19;6;2024;19:00;1;92;92064;2;1;1;3;PASTEUR;;
536573543;1;10;2024;00:20;5;72;72181;2;1;1;6;BARTHOLDI FRED AUGUSTE (AV) PAIRS;;
536573544;7;11;2024;07:50;2;44;44035;2;2;1;3;220 Route d'Orvault;;
536573545;19;6;2024;22:50;5;92;92050;2;1;1;3;PROVINCES FRANCAISES BD DES;;
536573546;7;11;2024;14:30;1;38;38261;2;1;1;7;Avenue du Pré du Roi;;
536573547;18;6;2024;00:30;5;92;92036;2;6;1;6;PIERRE TIMBAUD (RUE) (PAIRS);;
536573548;1;10;2024;15:05;1;71;71306;2;1;2;7;GENERAL DE GAULLE (QUAI DU);;
536573549;8;11;2024;17:30;5;69;69206;1;1;1;6;Route de Villefranche sur Saône;;
536573550;19;6;2024;17:05;1;92;92035;2;1;1;6;Sartoris ( rue );;
536573551;8;11;2024;09:45;1;69;69052;2;1;1;6;Route de Chazay;;
536573552;18;6;2024;08:50;1;92;92026;2;1;3;2;MARECHAL JOFFRE (QUAI DU);;
536573553;7;11;2024;10:35;1;31;31395;2;1;1;2;3 Rue Pierre de Fermat;;
536573554;1;10;2024;21:15;5;66;66136;2;9;1;3;PYRENEES (BOULEVARD DES);;
536573555;19;6;2024;19:40;1;92;92012;2;2;1;3;GENERAL LECLERC (AVENUE DU) 35/FIN - 60/;;
536573556;7;11;2024;17:40;2;23;23125;1;1;1;6;D982;;
536573557;19;6;2024;11:20;1;92;92007;2;1;1;6;PETIT (AVENUE ALBERT) N° 28 A FIN;;
536573558;27;9;2024;00:30;5;66;66136;2;2;1;3;POINCARE (BOULEVARD HENRI);;
536573559;8;11;2024;09:10;1;47;47157;2;6;1;3;Rue Jean Charcot;;
536573560;19;6;2024;17:10;1;92;92004;2;1;8;3;REDOUTE ( AVENUE DE LA  );;
536573562;30;9;2024;17:00;1;66;66136;2;1;1;6;Boulevard du Foment-de-la-Sardane;;
536573563;16;6;2024;17:30;1;47;47238;2;1;1;7;Côte de Lamartine;;
536573564;8;6;2024;13:00;1;85;85226;1;1;1;2;RD2038;;
536573565;18;6;2024;03:45;3;54;54006;1;1;1;6;RD 913;;
536573566;1;10;2024;18:05;1;64;64545;2;1;2;4;RD810;;
536573567;7;11;2024;21:10;3;60;60589;1;1;2;2;D1016;;
536573568;17;6;2024;17:15;1;83;83058;2;9;1;3;Rue de geneste;;
536573569;18;6;2024;22:07;4;95;95205;1;1;1;7;D316;;
536573570;1;10;2024;08:01;1;64;64260;2;2;1;3;GAULLE CHARLES (RUE DE);;
536573571;6;11;2024;17:30;5;62;62318;2;2;1;3;Avenue du Vieux Moulin;;
536573572;5;11;2024;17:25;5;59;59011;2;7;2;3;Place du Marche;;
536573573;1;10;2024;21:20;5;64;64445;2;4;3;3;DOYEN HENRY VIZIOZ DU;;
536573574;6;11;2024;17:42;2;13;13213;1;1;1;3;A507 sens Aubagne- Marseille;;
536573575;1;10;2024;15:00;1;64;64024;2;2;1;1;HAUSQUETTE (RUE DE);;
536573576;6;11;2024;12:48;1;13;13202;1;1;2;3;A55-Sens Marseille vers Martigues;;
536573577;20;6;2024;07:20;1;76;76235;2;2;1;6;11 Rue de la Halle;;
536573579;1;10;2024;08:40;1;64;64102;2;1;1;3;HENRI DE NAVARRE (AVENUE);;
536573581;30;9;2024;14:15;1;63;63300;2;6;1;1;PARIS (AVENUE DE);;
536573582;6;11;2024;08:18;1;59;59646;1;1;1;4;AUTOROUTE A22;;
536573583;20;6;2024;11:17;1;67;67445;1;1;8;1;Rue du Sel;;
536573584;7;11;2024;08:40;1;94;94021;1;1;1;3;A6A;;
536573585;20;6;2024;06:58;1;52;52163;1;1;1;2;A31 PK130+800 direction Dijon;;
536573586;7;11;2024;06:20;3;91;91689;1;1;1;3;AUTOROUTE A6B;;
536573587;30;9;2024;16:45;1;63;63245;2;1;1;1;LAGRANGE LEO (AVENUE);;
536573588;19;6;2024;16:53;1;68;68022;2;1;1;6;75 Rue Principale;;
536573589;7;11;2024;17:08;2;92;92036;1;1;1;2;A86;;
536573590;7;11;2024;17:05;1;93;93027;1;1;1;2;AUTOROUTE A86;;
536573591;20;6;2024;18:50;1;03;03036;2;1;1;6;1 Avenue Charles Louis Philippe;;
536573592;7;11;2024;16:50;2;93;93006;1;1;1;3;AUTOROUTE A3;;
536573593;14;6;2024;16:30;1;89;89066;1;1;1;1;Route de la Vallee d’Enfer;;
536573594;7;11;2024;07:50;1;93;93064;1;1;1;3;AUTOROUTE A86;;
536573595;30;9;2024;16:45;1;63;63113;2;3;1;3;MONTCALM (RUE);;
536573596;6;11;2024;19:15;3;95;95604;1;1;1;3;A1;;
536573597;30;9;2024;16:35;1;62;62215;2;9;1;3;Rue du Marais;;
536573598;18;6;2024;08:05;1;51;51027;1;3;1;3;Rue Saint-martin;;
536573599;6;11;2024;09:00;1;93;93008;1;1;1;3;AUTOROUTE A86;;
536573600;30;9;2024;17:10;1;62;62041;2;1;2;6;Avenue de l'Hippodrome;;
536573601;20;6;2024;13:00;1;51;51622;1;3;8;3;D26;;
536573602;6;11;2024;08:30;1;95;95277;1;1;1;2;A104;;
536573604;1;10;2024;16:35;1;60;60057;2;2;1;6;PARIS (RUE DE) > AVENUE DE LA PAIX;;
536573605;6;11;2024;23:50;3;77;77175;1;1;1;6;RN104;;
536573606;30;9;2024;13:30;1;60;60057;2;9;2;6;Rue de Sénéfontaine;;
536573607;6;11;2024;23:30;3;94;94042;1;1;1;2;A4;;
536573608;20;6;2024;15:00;1;56;56236;1;2;1;3;L'Hôpital Robin;;
536573609;19;6;2024;19:30;1;77;77109;1;1;1;7;Route départementale 75;;
536573610;1;10;2024;19:10;5;59;59009;2;9;2;3;MONS BOULEVARD DE;;
536573611;6;11;2024;18:00;2;77;77294;1;1;1;5;RN104;;
536573612;20;6;2024;18:15;1;76;76100;1;2;1;3;intersection D85/D61;;
536573613;1;10;2024;07:35;1;59;59378;2;3;1;3;Rue Nationale;;
536573614;6;11;2024;11:49;1;94;94069;1;1;1;4;A86;;
536573615;18;6;2024;10:20;1;61;61327;1;1;8;3;D7;;
536573616;1;10;2024;06:40;5;57;57463;2;1;8;3;SENTE A MY (RUE );;
536573617;20;6;2024;18:25;2;47;47138;1;1;3;1;Lagasse;;
536573618;28;4;2024;11:30;1;93;93048;2;1;1;3;Rue de Paris;;
536573619;20;6;2024;04:50;3;25;25334;1;1;1;6;D72 PR 12+400;;
536573620;11;4;2024;20:00;5;93;93064;2;1;1;3;Rue Missak Manouchian;;
536573621;15;6;2024;22:12;3;25;25108;1;1;1;7;D437a;;
536573622;30;9;2024;18:02;1;57;57463;2;4;9;3;ARENES (RUE AUX);;
536573623;20;6;2024;17:20;1;29;29146;1;2;2;3;Kerampaou;;
536573624;13;1;2024;11:00;1;49;49099;2;2;1;4;LORRAINE (RUE DE);;
536573625;27;9;2024;15:51;1;54;54159;2;1;8;7;Rue de la Saline;;