Num_Acc;jour;mois;an;hrmn;lum;dep;com;agg;int;atm;col;adr;lat;long
536573963;12;12;2024;18:30;3;01;01224;1;1;1;6;Route de Meximieux;;
536573964;4;11;2024;17:55;5;988;98818;2;3;1;6;VOIE DE DEGAGEMENT EST/RUE DE CHARLEROI;;
536573965;12;12;2024;20:30;3;69;69289;2;1;1;6;Chemin du Cros Cassier;;
536573966;5;11;2024;19:38;5;974;97411;2;3;1;3;MONDON (RUE MONSEIGNEUR);;
536573967;13;12;2024;00:10;3;09;09099;1;1;1;6;D117;;
536573970;13;12;2024;00:05;3;44;44037;1;1;1;6;les fontenelles;;
536573971;13;12;2024;01:30;3;44;44172;1;1;1;6;Route de Paris;;
536573972;13;12;2024;17:30;5;50;50041;2;1;1;6;d22;;
536573973;12;12;2024;17:40;3;60;60106;1;1;1;1;D37;;
536573974;12;12;2024;12:40;1;13;13212;1;1;1;2;A507 sens Aubagne- Marseille;;
536573975;11;12;2024;18:30;5;13;13212;1;1;1;6;A507 sens Aubagne- Marseille;;
536573976;11;12;2024;17:30;1;13;13070;1;1;1;3;A50-Sens Aubagne vers Marseille;;
536573977;11;12;2024;13:15;1;13;13043;1;1;1;2;A55-Sens Martigues vers Marseille;;
536573978;6;12;2024;23:45;3;42;42097;1;1;1;2;A72;;
536573979;8;12;2024;17:30;3;54;54232;1;1;1;6;A 31;;
536573980;12;12;2024;16:35;1;33;33122;1;1;1;4;AUTOROUTE A 63;;
536573983;12;12;2024;18:00;3;91;91617;1;1;1;4;RN 104;;
536573984;11;12;2024;17:45;3;94;94021;1;1;1;3;A6B;;
536573985;12;12;2024;18:00;3;92;92036;1;1;2;6;AUTOROUTE A15;;
536573986;12;12;2024;17:58;3;95;95018;1;1;1;3;A15;;
536573987;11;12;2024;21:20;5;93;93066;1;1;1;2;AUTOROUTE A1;;
536573988;11;12;2024;09:50;1;93;93008;1;1;1;5;AUTOROUTE A86;;
536573989;11;12;2024;08:45;1;92;92036;1;1;2;3;AUTOROUTE A86;;
536573990;10;12;2024;23:00;3;93;93066;1;1;2;3;AUTOROUTE A1;;
536573991;12;12;2024;22:20;3;94;94028;1;1;1;6;A86;;
536573992;12;12;2024;19:00;3;94;94069;1;1;1;2;A4;;
536573993;12;12;2024;18:20;3;77;77495;1;1;1;2;A5B;;
536573994;12;12;2024;08:30;2;93;93051;1;1;1;3;A4;;
536573995;24;11;2024;12:50;1;44;44190;2;1;1;2;38 Rue des Bignons;;
536573996;24;11;2024;11:49;1;44;44109;2;1;1;6;3 Boulevard la Beaujoire;;
536573997;23;11;2024;11:15;1;44;44143;2;6;1;3;43 Rue Jean Jaurès;;
536573999;22;11;2024;10:00;1;44;44109;2;1;1;6;Chemin du Bas;;
536574000;22;11;2024;17:05;3;44;44162;2;3;1;3;Boulevard Charles de Gaulle;;
536574001;21;11;2024;14:00;1;44;44162;2;1;1;6;Rue de la Johardière;;
536574002;17;10;2024;19:30;5;57;57487;1;1;1;3;VM 157B;;
536574003;11;10;2024;20:15;5;74;74281;2;3;1;6;GENEVE (AVE DE) JUSQUE CROISEE ANTHY;;
536574004;29;8;2024;15:45;1;74;74172;2;1;1;6;PETITE-RIVE (ROUTE DE);;
536574005;29;9;2024;17:35;1;43;43087;1;1;2;7;D501;;
536574006;4;9;2024;20:15;3;43;43113;1;1;3;6;RD36 PJ6+850;;
536574007;24;8;2024;12:45;1;43;43216;1;1;1;4;RD906;;
536574008;22;8;2024;18:45;1;43;43186;1;1;1;6;D49;;
536574009;21;11;2024;17:37;5;44;44109;2;1;1;6;3 boulevard Bâtonnier Cholet;;
536574010;20;11;2024;10:25;1;44;44109;2;6;1;7;4 Boulevard des Frères de Goncourt;;
536574011;19;11;2024;17:45;5;44;44109;2;1;1;6;108 Boulevard Robert Schuman;;
536574012;18;11;2024;19:25;5;44;44109;2;6;1;3;Côte Saint Sébastien;;
536574013;26;7;2024;20:30;1;54;54256;1;2;1;3;RD112;;
536574014;11;12;2024;20:20;5;974;97411;2;3;1;1;NONGE (AVENUE EUDOXIE);;
536574015;10;12;2024;17:25;1;973;97302;2;1;1;3;MONTABO (ROUTE DE) 1;;
536574016;11;12;2024;08:58;1;69;69383;2;1;5;6;Rue Saint Jacques;;
536574017;11;12;2024;16:00;1;972;97213;2;9;1;3;ROUTE DEPARTEMENTALE 15;;
536574018;11;12;2024;11:20;1;972;97209;2;1;1;2;RD 41 (ROCADE);;
536574019;11;12;2024;09:20;1;95;95203;2;3;2;3;D928;;
536574020;10;12;2024;18:35;5;91;91021;2;1;1;6;RTE D'EGLY;;
536574021;6;12;2024;09:48;1;88;88209;2;1;2;3;FORGES (RTE. DES);;
536574022;11;12;2024;10:48;1;87;87085;2;1;1;3;TARRADE (AVENUE ADRIEN);;
536574023;6;12;2024;14:34;1;87;87085;2;3;1;3;BEL AIR (BOULEVARD DE);;
536574024;6;12;2024;12:10;1;30;30351;2;1;1;7;MONT VENTOUX (AVENUE DU);;
536574025;8;12;2024;18:05;2;80;80724;1;6;1;3;D1029;;
536574026;11;12;2024;08:00;1;78;78551;2;1;2;3;BERLIOZ (BD HECTOR);;
536574027;10;12;2024;08:20;1;78;78440;2;1;8;6;EUROPE (AVENUE DE L');;
536574028;10;12;2024;23:55;5;77;77288;2;1;2;7;SAINT ASPAIS (RUE);;
536574029;11;12;2024;18:00;5;76;76410;1;1;2;4;A150;;
536574030;10;12;2024;17:50;5;73;73065;2;2;1;3;CHEVALIERS TIREURS (AVENUE DES);;
536574031;10;12;2024;19:50;5;72;72181;2;2;1;6;LIBERATION (AV DE LA) N° IMP 147 ET+;;
536574032;10;12;2024;18:00;5;72;72181;1;1;1;4;CD 139 (RTE DE LAIGNE);;
536574033;10;12;2024;15:30;1;69;69259;2;2;1;3;Boulevard Irène Joliot Curie;;
536574034;10;12;2024;09:50;1;69;69290;1;1;8;5;Chemin de Grande Vigne;;
536574035;9;12;2024;17:40;5;68;68224;2;2;1;3;Boulevard du Président Roosevelt;;
536574036;11;12;2024;17:25;3;64;64348;1;1;1;1;FRERES WRIGHT DES;;
536574037;11;12;2024;13:45;1;64;64129;2;1;1;2;BAYONNE DE;;
536574038;10;12;2024;16:30;2;64;64445;2;1;1;2;GENERAL LECLERC DU;;
536574039;11;12;2024;18:00;5;59;59392;2;1;1;6;AVESNES (ROUTE D');;
536574040;11;12;2024;08:35;1;59;59359;1;1;8;6;AMERIQUE (ROUTE DES);;
536574041;10;12;2024;07:53;5;49;49353;2;1;8;6;D117;;
536574042;11;12;2024;19:30;3;44;44162;2;1;1;6;47 Avenue de la Branchoire;;
536574043;11;12;2024;07:07;5;43;43041;2;1;1;3;Route de Coubon;;
536574044;16;1;2024;15:55;1;93;93007;2;1;1;3;Avenue Jacques Daguerre;;
536574045;16;1;2024;16:00;1;92;92046;2;4;1;6;EUGENE VARLIN;;
536574046;22;1;2024;08:25;2;92;92048;1;3;2;6;TROYON (RUE);;
536574047;15;1;2024;18:07;4;92;92022;2;3;1;6;STALINGRAD (RUE DE);;
536574048;16;1;2024;19:40;5;92;92050;2;1;9;3;CLEMENCEAU GEORGES AVENUE N°IMPAIR;;
536574049;16;1;2024;08:25;1;92;92048;2;1;8;7;DOCTEUR ARNAUDET (RUE DU);;
536574050;16;1;2024;19:35;5;92;92023;2;1;1;6;PAUL VAILLANT COUTURIER (RUE);;
536574051;16;1;2024;16:01;1;92;92004;2;9;1;3;PONT DE CLICHY;;
536574052;11;5;2024;01:30;5;971;97101;1;1;1;4;RN11;;
536574053;15;1;2024;11:30;1;92;92004;2;2;1;3;DOCTEUR DERVAUX  ( QUAI DU );;
536574054;14;5;2024;14:15;1;91;91027;2;1;2;2;EDOUARD VAILLANT (RUE);;
536574055;17;1;2024;07:45;5;95;95052;2;1;3;6;14 PARIS (RUE DE);;
536574056;13;5;2024;16:30;1;91;91286;2;1;1;6;CORBEIL (ROUTE DE);;
536574057;16;1;2024;19:25;5;974;97404;2;1;1;6;Chemin Charbonnier;;
536574058;13;5;2024;08:50;1;91;91027;2;1;1;2;RUE J B DE LA SALLE;;
536574059;13;5;2024;17:25;1;87;87085;2;2;1;3;BERTHELOT (AVENUE);;
536574060;8;1;2024;06:55;3;51;51264;1;1;8;3;D 373;;
536574061;11;5;2024;17:45;1;87;87050;2;3;1;7;VILLAGEAS ( route de);;
536574062;17;1;2024;19:10;5;82;82050;2;1;2;6;rue des amandiers;;
536574063;9;5;2024;18:05;1;84;84087;2;1;1;6;BRIAND (COURS ARISTIDE);;
536574064;16;1;2024;22:45;3;63;63242;1;1;1;6;D909;;
536574065;24;2;2024;17:30;1;69;69383;2;2;1;3;Rue Charles Richard;;
536574066;16;1;2024;18:00;3;49;49018;1;1;1;7;RD 144 / PK 2+979;;
536574067;13;5;2024;17:11;1;84;84031;2;1;1;1;EUROPE AVENUE DE L';;
536574068;14;5;2024;14:35;1;83;83137;2;1;8;3;ROUTES (AVE DES);;
536574069;24;2;2024;06:10;5;69;69387;2;1;1;2;Rue Marc Bloch;;
536574070;14;1;2024;09:45;1;35;35160;1;1;1;6;l'eclardais;;
536574071;28;3;2024;08:05;1;83;83126;2;3;1;3;JAURES (BD JEAN);;
536574072;16;1;2024;17:45;2;29;29274;1;1;2;6;Lieu Dit Beg An Allee;;
536574073;23;2;2024;09:53;1;69;69387;2;8;1;3;Rue de Gerland;;
536574074;11;1;2024;12:00;1;38;38389;1;1;8;3;172 Route de Lafayette;;
536574075;12;5;2024;19:03;1;83;83123;2;1;1;5;BANDOL (ROUTE)N° IMPAIRS;;
536574076;21;2;2024;19:00;2;69;69387;2;2;1;6;Rue de l'Université;;
536574078;13;5;2024;16:50;1;83;83061;2;1;1;6;AVENUE DES HIRONDELLES;;
536574079;16;1;2024;21:30;3;03;03239;1;1;2;6;l'étang roc;;
536574080;28;2;2024;07:00;1;972;97213;2;1;1;6;NELSON MANDELA;;
536574081;14;1;2024;06:30;3;15;15221;2;1;1;7;D53;;
536574083;26;2;2024;07:45;1;972;97213;2;6;1;3;ROUTE NATIONALE 1;;
536574084;16;1;2024;20:10;3;58;58046;1;1;2;6;4 Route de Fours;;
536574085;14;5;2024;17:35;1;78;78350;2;1;8;2;CONTI (QUAI);;
536574086;17;1;2024;17:00;2;07;07009;2;1;3;6;Route du Saint Joseph;;
536574087;24;2;2024;06:30;1;972;97213;1;1;1;7;AEROPORT (ROND POINT DE L');;
536574088;14;1;2024;03:00;3;53;53267;1;1;1;6;RD 125;;
536574089;14;5;2024;11:25;1;78;78168;2;2;2;3;PREVENDERIE (RUE DE LA);;
536574090;15;1;2024;05:30;3;40;40320;1;1;5;6;Uchacq-et-Parentis;;
536574091;21;2;2024;10:00;1;972;97213;2;1;1;4;AUTOROUTE A1;;
536574092;16;1;2024;14:00;1;04;04055;1;1;1;7;N85;;
536574093;14;5;2024;19:05;1;77;77284;2;1;2;7;ROOSEVELT (AV.DU PDT);;
536574094;20;2;2024;13:35;1;972;97213;1;1;1;3;AUTOROUTE A1;;
536574095;17;1;2024;16:51;1;85;85131;1;1;1;7;D949;;
536574096;16;1;2024;21:45;5;987;98715;1;1;1;6;RDO sens FAAA/PUNAAUIA entre St-Hilaire et Heiri commune de FAAA;;
536574097;27;2;2024;18:40;5;972;97209;1;1;1;6;BALATA (ROUTE DE);;
536574098;14;5;2024;13:35;1;77;77199;1;4;2;3;D228A;;
536574099;16;1;2024;16:45;1;63;63430;1;9;1;6;A89 - PK 428.750 - sens LYON-CLFD-bretelle sortie vers Thiers Ouest;;
536574100;26;2;2024;19:10;5;972;97209;2;1;1;6;PROFESSEUR RAYMOND GARCIN (RUE DU);;
536574101;14;5;2024;14:30;1;77;77449;1;6;2;7;RD 345;;
536574102;17;1;2024;07:00;2;55;55237;1;1;9;7;Aire de Verdun Saint-Nicolas Nord (Embranchement d'autoroute);;
536574103;20;2;2024;09:45;1;972;97209;1;1;1;1;OSMAN NADEAU (CHEMIN);;
536574104;14;5;2024;01:40;5;72;72181;2;1;3;6;SAINT AUBIN (RUE) N° IMP 85 ET >;;
536574105;16;1;2024;14:35;2;45;45082;2;1;1;6;D962 PR 2 + 600;;
536574106;26;2;2024;16:10;1;69;69382;2;1;1;3;Pont Bonaparte;;
536574107;16;1;2024;09:04;1;77;77142;1;1;4;1;D934;;
536574108;13;5;2024;08:50;1;72;72181;2;2;1;3;LORRAINE (RUE DE);;
536574109;16;1;2024;21:30;3;77;77177;1;1;1;6;D21;;
536574110;23;2;2024;13:10;1;69;69389;2;2;1;3;9 Rue Marietton;;
536574111;17;1;2024;17:15;1;34;34157;2;1;1;4;D613;;
536574112;22;2;2024;07:00;5;69;69389;2;3;2;6;Rue Marietton;;
536574113;17;1;2024;10:15;1;13;13022;2;1;1;1;D41e;;
536574114;11;5;2024;20:05;1;72;72181;2;3;1;6;CUGNOT NICOLAS (BD);;
536574115;22;2;2024;06:50;5;69;69384;2;3;3;6;Rue Deleuvre;;
536574116;16;1;2024;13:20;1;13;13094;1;3;1;5;D570n;;
536574117;13;5;2024;17:15;1;71;71270;2;9;1;3;VERCHERE (CHEMIN DE LA);;
536574118;23;2;2024;11:00;1;2B;2B037;1;1;2;2;TOUTES RUES;;
536574119;10;1;2024;10:10;1;57;57683;2;3;1;6;Rue Anatole France;;
536574120;14;5;2024;12:01;1;71;71153;2;1;2;6;CAPUCINES (RUE DES);;
536574121;11;1;2024;15:45;1;63;63470;1;1;1;7;D986;;
536574122;22;2;2024;16:53;1;2B;2B037;2;1;1;3;TOUTES RUES;;
536574123;16;1;2024;13:45;1;73;73030;1;1;2;6;D11 - Route du château;;
536574124;14;5;2024;20:30;2;69;69266;2;1;2;3;Rue Dedieu;;
536574125;12;1;2024;16:15;1;81;81092;1;2;1;3;D14;;
536574126;14;5;2024;18:40;1;69;69266;2;3;3;3;Cours Emile Zola;;
536574127;21;2;2024;13:59;1;2B;2B037;2;1;1;2;TOUTES RUES;;
536574128;15;1;2024;00:15;3;35;35256;1;1;1;2;D603;;
536574129;14;5;2024;20:30;2;59;59599;2;1;2;6;CARREL (RUE ARMAND);;
536574130;16;1;2024;21:45;5;80;80410;2;9;1;7;Boulevard de la Rèpublique;;
536574131;11;5;2024;22:40;5;57;57672;2;1;1;6;MAILLET (RUE DU);;
536574132;15;1;2024;07:15;2;13;13071;1;1;1;2;A7-Sens Marseille vers Lyon;;
536574133;25;2;2024;14:40;1;971;97105;2;1;1;6;LUCIEN BERNIER(AVENUE);;
536574134;13;5;2024;19:20;1;54;54395;2;2;1;3;rue Saint Dizier;;
536574135;16;1;2024;06:55;4;83;83137;1;1;1;3;A57;;
536574136;13;5;2024;11:40;1;54;54483;2;1;1;6;Rue Charles Courtois;;
536574137;21;2;2024;22:45;5;971;97105;2;9;1;3;PERES DOMINICAINS(AVENUE DES);;
536574138;16;1;2024;22:23;3;33;33448;1;1;1;2;AUTOROUTE A 62;;
536574139;14;5;2024;13:50;1;45;45234;2;1;2;6;8 Rue Anthelme Brillat-Savarin;;
536574140;26;2;2024;19:01;5;2A;2A004;2;1;3;6;32 Avenue du Docteur Noel Franchini;;
536574141;16;1;2024;15:40;1;91;91228;1;1;1;4;AUTOROUTE A6;;
536574142;14;5;2024;10:20;1;45;45147;2;1;2;6;268 Rue du Faubourg Bannier;;
536574143;26;2;2024;10:43;1;2A;2A004;2;3;2;6;FREDIANI RUE LOUIS;;
536574144;16;1;2024;09:43;1;92;92048;1;1;1;6;N118;;
536574145;14;5;2024;15:10;1;44;44109;2;1;2;6;Boulevard du Massacre;;
536574146;16;1;2024;10:05;1;92;92047;1;1;1;3;A13;;
536574147;13;5;2024;18:10;1;42;42305;2;9;1;6;Rue Salvador Allende;;
536574148;23;2;2024;18:45;3;95;95277;2;1;1;2;D370;;
536574149;15;1;2024;21:40;3;92;92072;1;1;1;6;N118;;
536574150;16;1;2024;22:05;3;95;95527;1;1;1;6;A3;;
536574151;10;5;2024;11:40;1;40;40192;2;3;1;3;VICTOR HUGO;;
536574152;22;2;2024;20:30;5;95;95019;2;1;1;2;D208;;
536574153;27;2;2024;18:10;5;95;95607;2;1;1;6;D409;;
536574154;16;1;2024;17:00;2;95;95500;1;1;1;5;A15;;
536574155;13;5;2024;17:30;1;38;38185;2;2;1;3;Rue Léon Jouhaux;;
536574156;16;1;2024;16:35;1;95;95256;1;1;1;2;N184;;
536574157;22;2;2024;13:45;1;95;95607;2;1;3;3;D502;;
536574158;15;5;2024;00:50;5;37;37233;2;3;1;6;MONTEIL (RUE HIPPOLYTE);;
536574159;16;1;2024;08:30;3;93;93064;1;1;1;3;AUTOROUTE A86;;
536574160;14;5;2024;16:05;1;37;37261;2;6;2;6;CHAGALL (AVENUE MARC);;
536574161;20;2;2024;07:50;1;95;95203;2;3;1;3;D909;;
536574162;16;1;2024;12:45;1;94;94028;1;1;1;2;A86;;
536574163;28;2;2024;14:20;1;95;95210;2;9;1;6;ENGHIEN (AVENUE D');;
536574164;14;5;2024;18:04;1;35;35238;2;3;1;3;LORIENT (DE);;
536574165;16;1;2024;12:45;1;77;77363;1;1;1;2;A104;;
536574166;22;2;2024;17:26;2;95;95427;2;1;8;6;D311;;
536574167;15;1;2024;12:25;1;976;97611;2;1;1;6;kaweni-Mangrove (route de la);;
536574168;13;5;2024;17:50;1;35;35238;2;2;2;3;CARTIER (BD JACQUES);;
536574169;15;1;2024;04:00;5;973;97302;2;2;8;3;DE GAULLE (AVENUE);;
536574170;21;2;2024;21:30;5;95;95014;2;2;3;3;D124E;;
536574171;15;1;2024;09:10;1;69;69386;2;2;2;3;Rue Bugeaud;;
536574172;19;2;2024;17:40;2;95;95288;1;1;2;3;D301;;
536574173;15;1;2024;04:45;5;69;69386;2;1;1;2;Quai Charles de Gaulle;;
536574174;13;5;2024;16:15;1;34;34301;2;2;1;3;HUGO VICTOR (AVENUE);;
536574175;15;1;2024;07:20;1;972;97213;2;3;1;3;ROUTE DEPARTEMENTALE 15;;
536574176;27;2;2024;00:08;5;91;91549;2;2;1;3;EPERON (AVENUE DE L');;
536574177;14;5;2024;17:45;1;34;34172;2;3;2;3;MARCHE AUX BESTIAUX (RUE DU);;
536574178;14;1;2024;18:45;5;972;97209;2;1;1;6;BISHOP (Avenue Maurice);;
536574179;15;1;2024;09:20;1;69;69389;2;3;2;3;20 Rue de la Claire;;
536574181;26;2;2024;19:50;5;91;91103;2;1;2;4;LEON BLUM (RUE);;
536574182;7;4;2024;17:10;1;95;95582;1;1;1;6;D170;;
536574183;15;1;2024;09:00;1;69;69389;2;9;2;2;90 Rue Pierre Audry;;
536574185;22;2;2024;14:50;1;91;91570;2;1;3;3;LIERS (RUE DE);;
536574186;14;1;2024;06:30;1;971;97113;1;1;1;6;RN4-ROND POINT SAINT FELIX;;
536574187;6;4;2024;17:05;1;93;93005;1;1;1;5;A3;;
536574188;26;2;2024;17:20;1;91;91692;2;1;2;6;VENDEE (RUE DE);;
536574189;14;5;2024;17:58;1;32;32013;2;1;1;5;JEAN JAURES (AVENUE);;
536574190;15;1;2024;18:00;4;95;95585;1;1;8;2;D316;;
536574191;24;2;2024;14:40;1;91;91377;2;9;8;6;LA VALLEE DE LA BIEVRE (VOIE DE);;
536574192;5;4;2024;18:40;1;93;93048;1;1;1;2;A86;;
536574193;6;5;2024;13:00;1;25;25056;2;3;2;2;COMBE AUX CHIENS CH. DE LA;;
536574194;15;1;2024;09:00;1;95;95585;2;2;8;6;BAUVES (RUE DES);;
536574195;14;5;2024;10:40;1;25;25056;2;1;1;6;CHASNOT RUE DU;;
536574196;23;2;2024;15:05;1;91;91477;2;3;1;3;GALLIENI (RUE);;
536574197;15;1;2024;11:50;1;91;91191;2;6;1;6;JEAN JAURES (AVENUE);;
536574198;7;4;2024;17:00;1;77;77363;1;1;1;2;A104;;
536574199;14;5;2024;12:09;1;19;19031;2;6;3;3;COMTE (RUE ERNEST);;
536574200;15;1;2024;19:30;5;91;91228;2;1;1;6;PIERRE ET MARIE CURIE (RUE);;
536574201;13;5;2024;16:33;1;19;19031;2;1;1;3;VERLHAC (BOULEVARD DOCTEUR);;
536574202;5;4;2024;22:18;3;974;97407;2;1;1;6;ROUTE DU SACRE COEUR;;
536574203;19;2;2024;18:52;5;91;91477;2;2;2;3;SACLAY (ROUTE DE);;
536574204;15;1;2024;19:20;5;84;84087;2;3;1;3;CREMADES (AVENUE DES);;
536574205;1;1;2024;06:17;5;84;84007;2;1;1;6;CHARLES DE GAULLE;;
536574206;5;4;2024;17:00;1;974;97407;2;9;1;3;CARPAYE(AVENUE);;
536574207;14;5;2024;19:02;1;13;13206;2;2;3;3;ARMENY (RUE D');;
536574208;6;4;2024;06:20;1;972;97209;2;1;1;3;ALFASSA (BOULEVARD);;
536574209;13;1;2024;16:40;1;84;84007;2;3;1;3;TARASCON ( Avenue de);;
536574210;20;2;2024;15:20;1;91;91657;2;4;1;3;PIERRE MARIN (RUE);;
536574211;14;5;2024;13:22;1;13;13215;2;1;8;3;SAINT LOUIS (AVENUE DE);;
536574212;6;4;2024;14:00;1;69;69149;2;1;1;3;134 Rue des Martyrs de la Libération;;
536574213;14;5;2024;01:45;5;13;13208;2;1;1;3;PARADIS (RUE);;
536574214;19;2;2024;18:15;2;91;91691;2;1;2;6;CD 94;;
536574215;5;4;2024;20:00;5;971;97120;1;1;1;3;PAUL VALENTINO (AVENUE);;
536574216;15;1;2024;17:00;1;77;77284;2;1;1;2;GUERIN (RUE CAMILLE);;
536574217;2;5;2024;08:37;1;12;12176;2;1;2;1;ex RN88;;
536574218;24;2;2024;18:40;5;91;91027;2;1;1;1;EDOUARD VAILLANT (RUE);;
536574219;13;5;2024;17:50;1;10;10321;1;1;1;2;TORVILLIERS (RUE;;
536574220;12;1;2024;22:10;3;77;77186;1;1;1;1;RD 142;;
536574221;5;4;2024;15:20;1;971;97101;1;1;1;2;CENTRE COMMERCIAL ROCADE;;
536574222;22;2;2024;11:10;1;91;91027;2;6;2;3;BERNARD LATHIERE (AVENUE);;
536574223;15;1;2024;09:20;1;76;76705;1;9;1;3;D7;;
536574224;14;5;2024;10:10;1;04;04112;1;1;2;3;D907;;
536574225;5;4;2024;15:59;1;2A;2A004;2;1;1;4;BONAPARTE CHARLES  BD;;
536574226;12;1;2024;16:25;1;76;76351;2;2;1;3;Rue Jules Tellier;;
536574227;19;2;2024;19:35;5;91;91174;2;7;8;3;HENRI DUNANT (BOULEVARD);;
536574228;13;5;2024;17:30;1;01;01344;2;3;1;3;BRESSE (AVENUE DE);;
536574229;26;2;2024;08:25;1;91;91433;1;1;2;6;RN 20;;
536574230;13;1;2024;14:20;1;76;76351;2;3;1;6;MARECHAL JOFFRE (RUE);;
536574231;6;4;2024;10:35;1;91;91027;2;2;1;3;AV FRANCOIS MITTERRAND;;
536574232;13;1;2024;18:10;3;76;76447;1;1;1;1;Rue Raoul Dufy;;
536574233;13;5;2024;09:40;1;75;75117;2;1;1;4;BD PERIPHERIQUE INTERIEUR;;
536574234;27;2;2024;16:30;1;88;88160;1;1;1;1;GERARDMER (route de);;
536574235;13;1;2024;00:50;5;76;76351;2;2;1;2;LENINGRAD (BD DE);;
536574236;25;2;2024;23:28;3;87;87085;1;1;2;6;AUTOROUTE A20;;
536574237;6;4;2024;03:20;5;91;91479;1;1;1;5;RTE DE FONTAINEBLEAU;;
536574238;12;1;2024;15:00;1;76;76114;2;1;1;6;CALVAIRE (RUE DU);;
536574239;13;5;2024;21:55;5;75;75120;2;1;1;4;BD PERIPHERIQUE EXTERIEUR;;
536574240;23;2;2024;20:22;5;87;87085;2;6;2;3;VALOINE (BOULEVARD DE LA);;
536574241;14;5;2024;09:50;1;75;75119;2;3;3;6;RUE RIQUET;;
536574242;6;4;2024;13:25;1;91;91433;1;6;1;3;ROND POINT RD20-RD 207-A;;
536574243;15;1;2024;21:40;3;69;69266;2;6;8;2;Allée du Frère Benoit;;
536574244;15;1;2024;07:45;5;69;69256;2;1;2;6;Avenue Karl Marx;;
536574245;23;2;2024;17:20;1;86;86194;2;1;1;1;Avenue de l'Europe;;
536574246;4;4;2024;03:00;5;87;87085;2;2;1;6;VANTEAUX (BOULEVARD DE);;
536574247;13;5;2024;23:05;4;75;75117;2;1;1;3;PLACE DE LA PORTE MAILLOT;;
536574248;15;1;2024;08:20;2;69;69264;2;1;2;6;Boulevard Louis Blanc;;
536574249;6;4;2024;01:00;5;83;83137;2;1;1;7;BRIAND (AVE ARISTIDE DE 1221 A FIN;;
536574250;15;1;2024;07:45;2;69;69290;2;1;3;6;Boulevard Edouard Herriot;;
536574251;20;2;2024;18:05;2;85;85191;2;1;1;4;Boulevard aristide briand;;
536574252;13;5;2024;14:40;1;75;75117;2;4;1;3;AVENUE MAC MAHON;;
536574253;15;1;2024;08:15;1;65;65440;2;2;1;6;LASSERRE (RUE JULES);;
536574254;6;4;2024;20:30;5;83;83069;2;3;1;3;GAMBETTA (AVENUE);;
536574255;14;5;2024;18:45;1;75;75116;2;2;1;6;RUE DE BOULAINVILLIERS;;
536574257;6;4;2024;22:06;5;83;83061;2;1;1;6;BOULEVARD DE LA LIBÉRATION;;
536574258;24;2;2024;19:23;2;84;84007;2;3;1;4;MONTFAVET (Route);;
536574259;14;5;2024;14:20;1;75;75116;2;3;2;2;RUE DE BOULAINVILLIERS;;
536574260;14;1;2024;17:50;5;64;64024;2;2;2;7;NOVEMBRE (RUE DU 11);;
536574262;15;1;2024;13:34;1;63;63113;2;2;2;6;LAFAYETTE (BD);;
536574263;14;5;2024;09:50;1;75;75116;2;3;3;6;RUE CHARDON LAGACHE;;
536574264;20;2;2024;20:00;5;84;84007;1;5;1;3;CAVAILLON (Route de Cavaillon)-MONTFAVET;;
536574265;6;4;2024;22:15;5;78;78481;2;2;1;3;Pont Georges Pompidou;;
536574266;15;1;2024;07:20;5;63;63113;2;4;2;3;LIONDARDS (RUE NOUVELLE DES) / Etienne Dolet;;
536574267;14;5;2024;09:35;1;75;75116;2;7;2;3;PLACE DE LA PORTE DE SAINT CLOUD;;
536574268;19;2;2024;19:30;2;84;84007;2;3;1;6;avenue de la folie;;
536574269;15;1;2024;11:30;1;60;60057;2;1;1;1;Avenue Léon Blum;;
536574270;5;4;2024;18:00;1;77;77438;2;1;2;3;SAINT GERMAIN DES NOYERS  (AVENUE);;
536574271;19;2;2024;12:08;1;83;83062;2;1;1;6;SALENGRO (AVENUE ROGER);;
536574272;14;5;2024;02:09;5;75;75109;2;3;1;2;BOULEVARD POISSONNIERE;;
536574273;14;1;2024;19:40;5;56;56121;2;2;8;3;DU COUEDIC (RUE);;
536574274;5;4;2024;17:15;1;76;76231;2;1;2;1;Rue du Thuit Anger;;
536574275;21;2;2024;14:40;1;83;83137;2;3;1;6;JOFFRE (BD MARECHAL);;
536574276;15;1;2024;10:40;1;45;45234;2;1;1;6;D2157 PR 7 + 625;;
536574277;14;5;2024;12:00;1;75;75107;2;3;2;3;PONT D IENA;;
536574278;14;1;2024;07:00;3;41;41018;2;1;1;2;LATTRE DE TASSIGNY (QUAI DU MARECHAL DE);;
536574279;20;2;2024;09:10;1;83;83126;2;1;1;6;MARTINI (RUE J BAPTISTE);;
536574280;13;5;2024;22:32;5;75;75107;2;1;1;1;QUAI BRANLY;;
536574281;6;4;2024;23:30;5;72;72181;2;3;2;3;RUBILLARD AV N° IMP 1 A 51;;
536574282;15;1;2024;08:15;1;38;38544;2;1;2;6;ANATOLE FRANCE(QUAI);;
536574283;14;5;2024;08:40;1;75;75101;2;1;3;7;VOIE GEORGES POMPIDOU;;
536574284;13;1;2024;18:00;5;35;35115;2;1;1;6;PINTERIE (RUE DE LA);;
536574285;27;2;2024;13:40;1;83;83129;2;1;1;3;LERY (BOULEVARD DE);;
536574286;7;4;2024;00:30;5;67;67482;2;1;1;6;FRANÇOIS MITTERRAND (AVENUE);;
536574287;13;5;2024;08:37;1;75;75104;2;3;1;7;BOULEVARD BEAUMARCHAIS;;
536574288;15;1;2024;07:15;2;34;34172;2;9;1;3;HUIT MAI 1945 (PLACE DU);;