Num_Acc;jour;mois;an;hrmn;lum;dep;com;agg;int;atm;col;adr;lat;long
536574941;27;8;2024;07:35;2;11;11206;2;6;7;6;Route départementale 118;;
536574942;19;7;2024;20:45;1;69;69389;2;3;1;3;Avenue Sidoine Apollinaire;;
536574943;28;8;2024;16:14;1;61;61462;2;1;1;3;D774;;
536574944;19;7;2024;17:35;1;69;69152;1;1;1;3;Chemin d'Yvours;;
536574945;25;8;2024;20:30;2;12;12270;1;1;1;2;ex N88;;
536574946;19;7;2024;10:45;1;69;69389;2;1;1;3;49 Grande Rue de Saint Rambert;;
536574947;27;8;2024;16:30;1;44;44175;2;1;1;3;120 Kerbrotin;;
536574948;19;7;2024;19:13;1;2B;2B033;2;6;1;3;IMPERIALE - ROUTE;;
536574949;28;8;2024;04:00;3;03;03208;1;1;1;6;31 Route du Donjon;;
536574950;19;7;2024;13:10;1;971;97107;2;1;1;3;FLAMBOYANTS ( ALLEE DES );;
536574951;27;8;2024;17:00;1;01;01145;1;4;1;1;D17;;
536574952;19;7;2024;12:25;1;2A;2A004;2;1;1;3;#1 Lot Artisanal Stiletto#;;
536574953;1;8;2024;18:50;1;72;72071;2;1;1;6;21 Rue Oscar Moneris;;
536574954;27;8;2024;16:25;1;72;72300;1;2;7;3;Avenue de la Pécardière;;
536574955;19;7;2024;08:05;1;95;95476;1;1;1;4;N14;;
536574956;18;7;2024;20:45;1;91;91549;2;6;1;3;REGIMENT NORMANDIE-NIEMEN (AVENUE DU);;
536574957;19;7;2024;19:50;1;91;91471;2;3;1;6;FOCH (AVENUE DU MARECHAL);;
536574958;28;8;2024;11:00;1;60;60560;1;2;1;3;D1324;;
536574959;18;7;2024;08:35;1;89;89387;2;3;1;3;MAIL (BOULEVARD DU);;
536574960;26;8;2024;17:50;1;73;73010;2;3;1;3;D54;;
536574961;28;8;2024;15:30;1;18;18141;2;1;1;7;27 Chemin de la Belle Croix;;
536574962;14;7;2024;12:40;1;89;89387;2;2;2;3;RENE BINET (RUE);;
536574963;28;8;2024;05:45;3;36;36171;2;1;1;6;Route de Chéry;;
536574964;28;8;2024;08:10;1;07;07294;1;1;1;7;D901;;
536574965;18;7;2024;19:25;1;88;88160;2;1;1;3;DOGNEVILLE (Q. DE);;
536574966;27;8;2024;22:10;5;24;24396;2;1;1;6;3 Route des Entrepôts;;
536574967;18;7;2024;18:20;1;88;88160;1;1;7;3;GEORGES DE LA TOUR (RUE);;
536574968;28;8;2024;17:40;1;85;85288;1;1;1;5;RD949;;
536574969;18;7;2024;15:50;1;87;87085;2;1;1;6;NAUGEAT (AVENUE DE;;
536574970;28;8;2024;10:50;1;30;30284;1;6;1;3;Avenue de Ladrecht;;
536574971;18;7;2024;21:55;2;86;86066;2;3;1;3;Rue du Nouveau Brünswick;;
536574972;26;8;2024;01:00;3;89;89339;1;1;1;7;Autoroute A6 sens PARIS-LYON PK 198+000;;
536574973;18;7;2024;22:30;5;86;86066;2;1;1;5;Pont Lyautey;;
536574974;19;7;2024;11:15;1;83;83144;2;3;1;3;FRERES LUMIERES (RUE DES);;
536574975;18;7;2024;12:15;1;83;83123;2;1;1;6;ROUTE DE BANDOL;;
536574976;28;8;2024;15:30;1;11;11262;1;1;1;1;d 168;;
536574977;19;7;2024;08:00;1;83;83069;2;1;1;3;CRAU (ROUTE DE LA );;
536574978;28;8;2024;12:40;1;11;11262;2;1;1;6;Avenue du Languedoc (plage);;
536574979;19;7;2024;08:10;1;83;83050;2;9;1;6;JUIN( AVENUE DU MARECHAL);;
536574980;28;8;2024;03:05;3;77;77257;2;1;1;6;4 Route de Beauval;;
536574981;19;7;2024;18:55;1;80;80021;2;1;1;2;Boulevard Carnot;;
536574982;28;8;2024;14:00;1;77;77473;1;1;1;1;D69;;
536574983;27;8;2024;14:30;1;13;13097;1;9;1;7;d24;;
536574984;19;7;2024;21:22;1;78;78440;2;1;1;6;avenue de la République;;
536574985;28;8;2024;07:50;1;38;38344;1;3;1;6;N7;;
536574986;25;8;2024;14:25;1;38;38562;1;3;1;3;N85;;
536574987;19;7;2024;20:55;1;77;77394;1;1;1;1;VOISENON - CD82E (ROUTE DE);;
536574988;27;8;2024;16:20;1;19;19207;2;6;1;6;D9;;
536574989;18;7;2024;19:20;1;77;77122;1;1;1;2;RD 48;;
536574990;27;8;2024;19:30;1;14;14488;2;2;1;3;100 Boulevard de France;;
536574991;19;7;2024;02:35;5;76;76231;2;1;1;3;Cours Carnot;;
536574992;26;8;2024;14:40;1;56;56007;2;1;1;3;102 Avenue du Général de Gaulle;;
536574993;27;8;2024;12:10;1;22;22198;1;1;1;7;D788;;
536574994;19;7;2024;04:30;5;76;76351;2;2;1;2;WINSTON CHURCHILL;;
536574995;26;8;2024;19:35;1;60;60042;2;1;1;6;Cavee de Senescourt;;
536574996;23;8;2024;17:20;1;59;59256;1;1;1;7;M655;;
536574997;16;7;2024;17:35;1;73;73065;1;1;1;4;N201;;
536574998;17;7;2024;16:45;1;71;71105;2;2;7;3;Inter Chemin du Voisinet/ Rte de Davaye;;
536574999;27;8;2024;12:05;1;13;13212;1;1;1;4;A507 sens Aubagne- Marseille;;
536575000;19;7;2024;13:20;1;71;71076;2;2;7;6;NIEPCE (AVENUE NICEPHORE);;
536575001;27;8;2024;11:45;1;13;13211;1;1;1;2;A50-Sens Aubagne vers Marseille;;
536575002;19;7;2024;14:15;1;68;68224;2;2;1;3;Rue Lefèbvre;;
536575003;26;8;2024;15:00;1;13;13215;1;1;1;2;A7-Sens Lyon vers Marseille;;
536575004;19;7;2024;21:58;5;67;67482;2;1;1;6;FUSTEL DE COULANGES (QUAI);;
536575005;19;7;2024;21:30;2;64;64445;2;2;1;7;DEVERIA;;
536575006;26;8;2024;17:45;1;13;13212;1;1;1;2;A507 sens Marseille - Aubagne;;
536575007;19;7;2024;11:00;1;64;64335;2;1;1;3;EUROPE DE L';;
536575008;27;8;2024;15:10;1;83;83144;1;1;1;3;A57;;
536575009;18;7;2024;17:15;1;64;64024;2;1;1;3;MER (BOULEVARD DE LA);;
536575011;17;7;2024;23:30;5;64;64024;2;6;1;3;CINQ CANTONS (RUE DES);;
536575012;26;8;2024;19:00;1;91;91377;1;1;1;5;AUTOROUTE A10;;
536575013;16;7;2024;16:10;1;62;62498;2;1;1;6;Avenue du 4 Septembre;;
536575014;12;7;2024;15:00;1;62;62033;2;1;1;6;D917;;
536575015;26;8;2024;20:55;2;91;91689;1;1;1;2;AUTOROUTE A6;;
536575016;19;7;2024;19:00;1;59;59328;2;1;1;2;VOLTA RUE;;
536575017;27;8;2024;12:45;1;92;92025;1;1;1;2;A86;;
536575018;18;7;2024;21:30;1;56;56121;2;1;1;6;Rue Jean-Baptiste Chaigneau;;
536575019;27;8;2024;17:15;1;95;95678;1;1;1;4;N184;;
536575020;18;7;2024;18:46;1;54;54184;2;1;1;6;Allée du Midi;;
536575021;26;8;2024;20:30;2;93;93064;1;1;1;3;AUTOROUTE A86;;
536575022;26;8;2024;19:20;1;93;93053;1;1;1;2;AUTOROUTE A3;;
536575023;19;7;2024;23:05;5;51;51055;2;6;1;7;SAINT ETIENNE (CHEMIN);;
536575024;26;8;2024;16:30;1;95;95277;1;1;1;6;A3;;
536575025;19;7;2024;17:50;1;51;51454;2;2;1;3;LINGUET (RUE);;
536575026;26;8;2024;07:58;1;92;92036;1;1;1;2;AUTOROUTE A86;;
536575027;18;7;2024;19:00;1;51;51454;2;1;1;3;NOIROT (BOULEVARD MAURICE);;
536575028;25;8;2024;22:47;3;93;93027;1;1;1;6;BDL;;
536575029;19;7;2024;14:00;1;51;51230;2;2;1;3;SEZANNE (RUE DE);;
536575030;25;8;2024;01:30;3;93;93013;1;1;1;3;AUTOROUTE A1;;
536575031;27;8;2024;15:40;1;93;93051;1;1;1;3;A4;;
536575032;19;7;2024;14:40;1;51;51230;2;2;1;3;JANCELINS (RUE DES);;
536575033;26;8;2024;11:15;1;94;94052;1;1;1;2;A86;;
536575034;19;7;2024;00:25;5;50;50129;2;3;1;3;NAPOLEON (PLACE);;
536575035;17;7;2024;14:45;1;49;49099;1;1;1;7;RUISSEAUX (RUE DES);;
536575036;28;5;2024;11:11;1;84;84143;1;1;1;3;route de murs;;
536575037;19;7;2024;12:00;1;49;49007;2;1;1;3;CHEVREFEUILLE RUE ET SQUARE;;
536575038;26;5;2024;08:20;1;84;84105;1;1;1;2;Route Departementale 231;;
536575039;20;4;2024;16:45;1;19;19031;2;1;1;4;RIBOT (AVENUE);;
536575040;16;7;2024;22:00;5;48;48095;2;1;1;6;ROUSSEL (BOULEVARD THEOPHILE);;
536575041;11;4;2024;18:02;1;19;19031;2;1;1;6;NORMANDIE-NIEMEN (RUE);;
536575042;18;7;2024;18:30;1;47;47323;2;1;1;1;GRELOT(RUE DE);;
536575043;15;6;2024;14:40;1;57;57650;2;1;1;6;Quai des Ducs de Lorraine;;
536575044;19;7;2024;12:35;1;45;45234;2;2;1;3;22 Rue des Trois Croissants;;
536575045;12;6;2024;05:35;1;57;57215;1;1;1;1;RD 956;;
536575046;19;7;2024;10:25;1;45;45004;1;1;1;6;D2060 PR 26 + 33;;
536575047;27;6;2024;13:42;1;57;57180;2;1;1;6;25 Rue de Gosselming;;
536575048;11;6;2024;07:45;1;57;57179;2;1;7;6;Rue du Château d'Eau;;
536575049;19;7;2024;01:10;3;44;44055;2;9;1;6;Chemin des Chênes;;
536575050;10;6;2024;10:45;1;57;57465;1;1;1;6;Route de Distroff;;
536575051;19;7;2024;15:09;1;35;35238;2;6;1;3;CANADA (AVENUE DU);;
536575052;26;8;2024;14:40;1;976;97611;2;1;1;3;m'tsapere-Nationale 2 (route);;
536575053;19;7;2024;09:55;1;35;35238;2;1;1;6;SERGENT MAGINOT (AVENUE);;
536575054;26;8;2024;17:30;1;69;69388;2;1;1;4;Rue Marius Berliet;;
536575055;26;8;2024;10:15;1;69;69389;2;3;1;3;Quai Raoul Carrié;;
536575057;26;8;2024;15:36;1;2B;2B037;1;9;1;2;TOUTES RUES;;
536575058;18;7;2024;13:25;1;32;32013;2;1;1;6;TOULOUSE (ROUTE DE);;
536575059;19;7;2024;11:39;1;29;29039;2;1;1;6;Quai Carnot;;
536575060;25;8;2024;21:16;3;971;97105;2;1;1;1;FLAMBOYANTS (ALLEE DES);;
536575061;18;7;2024;20:55;1;29;29019;2;3;1;3;rue Jean Jaurès;;
536575062;26;8;2024;16:20;1;91;91657;2;9;1;3;AV HENRI BARBUSSE;;
536575063;18;7;2024;15:44;1;29;29019;2;1;1;6;48 rue du Château;;
536575064;21;8;2024;21:45;5;87;87085;2;1;1;7;SAINT MARTIAL (QUAI);;
536575065;23;8;2024;22:06;5;87;87085;2;1;1;6;BLANC LOUIS (BOULEVARD);;
536575066;19;7;2024;12:50;1;19;19031;2;1;1;3;MOULIN (BOULEVARD JEAN) COTE POMPIERS;;
536575067;24;8;2024;01:55;5;87;87050;1;2;1;3;RD947;;
536575068;20;7;2024;00:05;5;18;18279;2;1;1;7;11 Avenue de la République;;
536575069;23;8;2024;15:45;1;85;85194;2;1;1;6;Quai george V;;
536575070;19;7;2024;20:30;1;17;17415;1;1;1;2;route nationale 141;;
536575071;26;8;2024;10:40;1;83;83062;2;1;1;6;JAURES (AVENUE JEAN);;
536575073;24;8;2024;13:30;1;83;83061;2;1;1;1;RUE DES COMBATTANTS D'AFRIQUE DU NORD;;
536575074;18;7;2024;11:00;1;15;15014;2;1;1;7;Rue des Freres;;
536575075;26;8;2024;17:00;1;78;78490;1;1;1;1;CHEVREUSE (AVENUE DE);;
536575076;19;7;2024;19:16;1;13;13071;2;1;1;1;PENNES AUX PINS ( CHEMIN DES );;
536575077;25;5;2024;05:20;2;13;13039;1;1;1;2;RN 568;;
536575078;26;8;2024;19:00;1;77;77350;2;1;1;3;AV DU GENERAL DE GAULLE;;
536575079;19;7;2024;00:01;5;13;13216;2;1;1;6;RABELAIS (RUE);;
536575080;26;8;2024;15:50;1;77;77243;2;6;1;3;D418;;
536575081;25;8;2024;18:20;1;73;73065;2;1;1;6;ORADOUR SUR GLANE (RUE);;
536575082;26;8;2024;01:50;5;72;72181;2;1;1;6;ESTIENNE D'ORVES (BD D');;
536575083;25;8;2024;15:25;1;72;72181;2;1;1;6;MAC JEAN (AV) N° PAIRS 2 A 82;;
536575084;30;9;2024;18:45;1;11;11069;2;1;1;6;29 Boulevard Omer Sarraut;;
536575085;25;8;2024;07:10;1;72;72181;1;1;2;7;PREMIERE DIVISION FRANCAISE (BD);;
536575086;19;7;2024;18:10;1;13;13028;2;3;1;3;ROUMANILLE (AVENUE JOSEPH);;
536575087;26;8;2024;17:16;1;69;69290;2;1;1;4;Boulevard de la Porte des Alpes;;
536575088;18;7;2024;13:51;1;10;10343;2;1;7;6;Rue de la Coopérative;;
536575089;30;9;2024;17:40;1;11;11069;2;6;1;3;RD 6113;;
536575090;19;8;2024;17:48;1;68;68066;2;6;1;3;Avenue Joseph Rey;;
536575091;1;10;2024;17:15;1;09;09225;2;1;1;1;ARIEGE AVENUE DE L';;
536575092;18;7;2024;14:57;1;10;10387;2;1;1;3;Avenue Anatole France;;
536575093;25;8;2024;22:35;5;67;67447;2;3;1;3;GENERAL DE GAULLE (ROUTE DU);;
536575095;30;9;2024;16:15;1;07;07102;2;6;1;3;Chemin des MULETS;;
536575096;18;7;2024;16:10;1;06;06088;2;1;1;1;215 Promenade des Anglais;;
536575097;26;8;2024;11:40;1;64;64129;2;1;1;1;SAINT EXUPERY;;
536575098;26;8;2024;00:24;5;64;64129;1;6;1;6;BAYONNE DE;;
536575099;26;8;2024;18:13;1;64;64102;2;3;1;3;URSUYA (AVENUE DE L');;
536575100;19;7;2024;19:55;1;75;75116;2;1;1;6;BD PERIPHERIQUE EXTERIEUR;;
536575101;26;8;2024;18:00;1;62;62193;2;1;1;6;Rue de Constantine;;
536575102;1;10;2024;19:10;2;06;06027;1;1;1;3;Avenue de Cannes;;
536575103;25;8;2024;19:50;1;60;60665;2;6;1;6;D 202;;
536575104;19;7;2024;08:30;1;75;75118;2;1;1;7;BD PERIPHERIQUE EXTERIEUR;;
536575105;26;8;2024;23:00;5;59;59646;2;9;1;3;MARNE (AVENUE DE LA);;
536575106;1;10;2024;18:25;1;06;06027;2;3;1;6;Rue Louis Négro;;
536575107;18;7;2024;22:30;5;75;75120;2;1;1;2;BD PERIPHERIQUE INTERIEUR;;
536575108;26;8;2024;22:00;5;59;59183;2;1;1;6;COLAERT JEAN - ALLEE;;
536575109;30;9;2024;12:15;1;06;06123;2;1;1;3;930 Route des Vespins;;
536575110;18;7;2024;17:45;1;75;75112;2;1;1;2;BD PERIPHERIQUE INTERIEUR;;
536575111;1;10;2024;14:45;1;75;75119;2;1;1;2;BOULEVARD PERIPHERIQUE INTERIEUR NORD;;
536575112;26;8;2024;21:14;5;56;56260;2;2;1;3;Boulevard de la Paix;;
536575113;18;7;2024;17:30;1;75;75115;2;1;1;4;BD PERIPHERIQUE INTERIEUR;;
536575114;30;9;2024;19:30;5;75;75118;2;1;1;5;BD PERIPHERIQUE EXTERIEUR;;
536575115;19;7;2024;15:20;1;75;75119;2;1;1;2;BD PERIPHERIQUE INTERIEUR;;
536575116;25;8;2024;19:30;1;54;54357;2;2;1;3;Avenue du Général de Gaulle;;
536575117;19;7;2024;04:45;5;75;75118;2;7;1;3;PLACE HEBERT;;
536575118;1;10;2024;19:16;5;75;75106;2;7;1;3;PLACE EDMOND ROSTAND;;
536575119;25;8;2024;11:00;1;51;51454;2;3;1;3;ARNOULD (BOULEVARD CHARLES);;
536575120;30;9;2024;22:45;5;75;75120;2;1;1;1;BOULEVARD MORTIER;;
536575121;19;7;2024;17:05;1;75;75117;2;1;1;1;AVENUE DE VILLIERS;;
536575122;1;10;2024;10:20;1;75;75117;2;1;1;3;RUE POUCHET;;
536575123;23;8;2024;17:35;1;49;49099;1;6;1;7;RD160;;
536575124;17;7;2024;20:05;1;75;75114;2;4;1;3;AVENUE JEAN MOULIN;;
536575125;1;10;2024;18:45;1;75;75116;2;5;1;3;AVENUE GEORGES LAFONT;;
536575127;19;7;2024;18:30;1;75;75112;2;2;1;3;BOULEVARD DE BERCY;;
536575128;1;10;2024;19:30;2;75;75110;2;1;1;3;AVENUE CLAUDE VELLEFAUX;;
536575129;30;9;2024;18:30;1;75;75108;2;2;2;7;RUE DU GENERAL FOY;;
536575130;19;7;2024;13:05;1;75;75109;2;3;1;2;RUE SAINT LAZARE;;
536575131;25;8;2024;19:30;1;44;44109;2;1;1;5;243 Route de Saint Joseph;;
536575132;1;10;2024;19:25;1;94;94074;2;9;1;6;Rue de la Sablonniere;;
536575133;19;7;2024;13:15;1;75;75108;2;2;1;6;RUE DES MATHURINS;;
536575134;1;10;2024;17:20;1;94;94033;2;6;1;6;Avenue de Lattre de Tassigny;;
536575135;19;7;2024;08:50;1;94;94081;2;3;1;3;Rue Eugene Henaff;;
536575136;24;8;2024;18:20;1;41;41018;2;1;1;3;WILSON (AVENUE DU PRESIDENT);;
536575137;30;9;2024;09:00;1;94;94015;2;3;2;7;Avenue du Général Leclerc;;
536575138;19;7;2024;17:05;1;94;94074;2;1;9;6;Avenue Julien Duranton;;
536575139;1;10;2024;16:30;1;93;93046;2;1;1;6;JACOB RUE ET PLACE;;
536575140;18;7;2024;10:26;1;94;94068;2;2;1;3;Rue Elias Howe;;
536575141;26;8;2024;15:55;1;37;37233;2;1;1;3;DUCLOS (AVENUE JACQUES);;
536575142;30;9;2024;17:20;1;93;93047;2;1;1;6;ARTS  (AVENUE DES);;
536575143;19;7;2024;15:25;1;94;94046;2;2;1;3;Rue Chevreul;;
536575144;1;10;2024;12:00;1;93;93057;2;1;1;3;BRIAND (AV. ARISTIDE) 2 A 132;;
536575145;26;8;2024;19:00;1;33;33318;2;1;1;3;Avenue du Bourgailh (accès garage Dacia);;
536575146;1;10;2024;07:50;1;93;93010;2;2;1;3;ALICE (AL.);;
536575147;19;7;2024;20:20;1;94;94076;2;9;1;3;Avenue de la Division Leclerc;;
536575149;1;10;2024;11:50;1;93;93008;2;1;1;6;HUIT MAI 1945 (RUE DU);;
536575150;19;7;2024;11:20;1;94;94021;2;6;1;3;Avenue des pépinières;;
536575151;1;10;2024;20:45;5;93;93005;2;9;1;6;MAXIMILIEN ROBESPIERRE (RUE);;
536575152;26;8;2024;19:25;1;30;30007;2;9;1;3;NIMES (ROUTE DE);;
536575153;19;7;2024;18:15;1;94;94033;2;1;1;3;Avenue Foch;;
536575154;1;10;2024;10:55;1;92;92073;2;4;1;3;JAURES (AVENUE JEAN);;
536575155;25;8;2024;11:25;1;29;29019;2;6;1;3;rue de Kerabécam;;
536575156;19;7;2024;14:15;1;94;94028;2;1;1;2;16 Rue des Mèches;;
536575157;1;10;2024;11:00;1;92;92063;2;1;1;3;HOPITAL STELL (BOULEVARD DE L');;
536575158;25;8;2024;18:28;1;19;19031;2;2;1;3;RIBOT (AVENUE);;
536575159;18;7;2024;13:45;1;94;94011;2;1;1;2;Quai du Rancy;;
536575160;23;9;2024;08:00;1;92;92051;2;1;2;6;ARGENSON (BOULEVARD, N° 24 AU 48);;
536575161;17;7;2024;10:02;1;94;94028;2;1;1;6;Avenue des Compagnons de la Libération;;
536575162;26;8;2024;12:25;1;17;17415;2;2;1;3;ORMEAU DE PIED RUE DE L';;
536575163;1;10;2024;07:34;2;92;92048;2;1;1;6;PARIS (RUE DE) N° 1 A 15BIS;;
536575164;1;10;2024;01:45;4;37;37093;2;1;1;7;Rue Rabelais;;
536575165;19;7;2024;09:00;1;94;94071;2;2;1;3;Rue Antoine Baron;;
536575166;26;8;2024;06:15;2;14;14699;2;3;1;1;1 Rue des Bateliers;;
536575167;27;9;2024;21:15;3;84;84044;1;1;1;7;Route de Mollans sur Ouvèze;;
536575168;25;8;2024;22:30;5;14;14333;2;1;1;7;48 Rue Bourdet;;
536575169;14;7;2024;02:45;5;94;94002;2;1;1;6;99 Rue Véron;;
536575170;1;10;2024;09:35;2;31;31113;2;1;1;6;D57;;
536575171;26;8;2024;23:51;5;13;13208;2;2;1;3;PRADO (AVENUE DU);;
536575172;19;7;2024;12:30;1;93;93053;2;1;1;3;Rue Paul Vaillant Couturier;;
536575173;26;8;2024;06:50;2;13;13213;2;1;1;2;BARA (BOULEVARD);;
536575174;1;10;2024;21:30;3;54;54135;1;1;2;6;A31;;
536575175;19;7;2024;17:45;1;93;93031;2;2;1;3;Avenue de la République / Avenue de Lattre de Tassigny / Rue de Paris;;
536575176;22;8;2024;21:40;5;13;13206;2;2;1;3;LIEUTAUD (COURS);;
536575177;1;10;2024;15:50;1;22;22084;1;1;1;6;RN 12 PK 22+650 dans le sens RENNES vers SAINT BRIEUC;;
536575178;19;7;2024;11:21;1;93;93031;2;1;1;2;Boulevard Foch;;
536575179;1;10;2024;20:45;3;83;83091;1;1;1;1;14;;
536575180;19;7;2024;18:20;1;93;93029;2;1;1;3;Avenue Jean Jaures;;
536575181;24;8;2024;15:58;1;10;10081;2;2;1;2;Avenue du Général Sarrail;;
536575182;1;10;2024;12:00;1;01;01033;2;9;2;6;avenue saint-exupéry  (Bellegarde-sur-Valserine);;
536575183;26;8;2024;07:26;1;06;06123;1;1;1;6;25 Avenue Pierre et Marie Curie;;
536575184;18;7;2024;17:50;1;93;93027;2;1;1;3;Rue de Saint-Denis;;
536575185;1;10;2024;20:30;3;62;62600;1;1;3;1;D90;;
536575186;26;8;2024;09:15;1;75;75117;2;1;1;4;BD PERIPHERIQUE INTERIEUR;;
536575187;19;7;2024;04:45;5;93;93008;2;9;1;3;Avenue Henri Barbusse / Rue de la République;;
536575188;2;10;2024;05:15;5;57;57628;2;1;2;6;Rue Jean Moulin;;
536575189;26;8;2024;07:00;1;75;75120;2;1;1;2;BD PERIPHERIQUE EXTERIEUR;;
536575190;19;7;2024;11:00;1;92;92040;2;2;1;3;AUGUSTE GERVAIS;;
536575191;30;9;2024;08:30;1;51;51193;2;2;2;3;Rue Flaubert;;
536575192;25;8;2024;20:35;1;75;75116;2;1;1;2;BD PERIPHERIQUE EXTERIEUR;;
536575193;30;9;2024;18:58;1;19;19190;1;1;1;1;D93;;
536575194;18;7;2024;14:20;1;92;92036;2;3;1;3;LOUIS ROCHE (AVENUE) (1/45);;
536575195;26;8;2024;01:38;5;75;75115;2;2;1;3;RUE DE LA CROIX NIVERT;;
536575196;1;10;2024;16:55;1;56;56113;1;2;1;3;Rue des Hortensias;;
536575197;19;7;2024;01:53;5;92;92024;2;2;1;3;MARTRE (RUE) DE (59 A 109)   (58 A 120);;
536575199;19;7;2024;18:45;1;92;92004;2;9;1;6;VOLTAIRE ( BD 16 A FIN );;
536575200;26;8;2024;16:20;1;75;75118;2;1;1;2;BOULEVARD PERIPHERIQUE INTERIEUR;;
536575201;1;10;2024;11:00;1;2B;2B343;2;1;1;2;DICEPPO - RT10;;
536575202;19;7;2024;11:40;1;60;60338;1;1;1;6;D98;;
536575203;1;10;2024;15:00;1;71;71263;2;3;3;6;Chemin des Salines;;
536575204;19;7;2024;21:01;1;60;60338;1;1;1;1;D98;;
536575205;26;8;2024;07:30;1;75;75117;2;2;1;3;BOULEVARD MALESHERBES;;
536575206;1;10;2024;15:40;1;63;63372;1;1;2;1;pk 16 D224;;
536575207;26;8;2024;05:00;5;75;75115;2;1;1;6;BOULEVARD DE GRENELLE;;
536575208;2;10;2024;12:15;1;49;49200;2;1;1;6;Rue de Juigné;;
536575209;25;8;2024;21:42;1;75;75108;2;2;1;6;AVENUE DES CHAMPS ELYSEES;;
536575210;18;6;2024;11:06;1;77;77209;2;1;1;2;PASTEUR  (RUE   );;
536575211;1;10;2024;22:20;3;12;12182;1;2;2;5;Ld OUNS;;
536575212;26;8;2024;01:10;5;75;75104;2;1;1;6;QUAI DE L HOTEL DE VILLE;;
536575213;26;8;2024;14:35;1;94;94081;2;1;1;6;Avenue de l'Abbé Roger Derry;;
536575214;18;6;2024;11:00;1;76;76351;2;3;2;3;VALLEE (RUE DE LA);;
536575215;1;10;2024;17:00;1;46;46228;2;4;1;6;rue de la brasserie;;
536575216;26;8;2024;17:03;1;94;94058;2;1;1;3;27bis Rue Henri Navarre;;
536575217;18;6;2024;15:05;1;74;74012;2;9;1;6;FOSSARD (RUE DU);;
536575218;1;10;2024;20:20;3;68;68139;1;1;3;1;D432;;
536575219;26;8;2024;15:10;1;93;93070;2;1;1;6;DOCTEUR BAUER(RUE DU) :N° 1 AU 73;;
536575220;18;6;2024;13:55;1;73;73065;1;4;1;2;Av de la Boisse;;
536575221;26;8;2024;18:30;1;93;93066;2;3;1;6;CITE GABRIEL PERI;;
536575222;1;10;2024;18:15;2;39;39526;2;2;3;3;Avenue de Friesenheim;;
536575223;26;8;2024;18:32;1;93;93073;2;6;1;3;Rue de l’Ile de France / Avenue Blaise Pascal;;
536575224;18;6;2024;10:50;1;67;67482;2;1;1;2;SCHIRMECK (ROUTE DE);;
536575225;2;10;2024;14:50;1;29;29259;2;1;1;1;Rue de Kerivarch;;
536575226;25;8;2024;22:20;5;93;93014;2;6;1;3;Allée Romain Rolland / Allée Anatole France;;
536575227;17;6;2024;17:00;1;67;67043;2;3;1;3;BISCHWILLER (ROUTE DE);;
536575228;1;10;2024;16:15;1;03;03075;1;1;3;2;RD987;;
536575229;30;9;2024;13:30;1;03;03239;1;1;1;7;D 263 - PK 003+100;;
536575230;17;6;2024;13:50;1;64;64483;2;6;1;2;ITHURRALDE ANDRE (AVENUE);;
536575231;26;8;2024;16:15;1;93;93001;2;1;1;2;Rue de Saint-Denis;;
536575232;26;8;2024;09:30;1;92;92025;2;1;1;6;PAUL BERT (RUE);;
536575233;2;10;2024;08:30;1;58;58095;1;1;1;5;Route de Moulins;;
536575234;18;6;2024;16:20;1;64;64445;2;6;1;3;BIE MOULIE;;
536575235;27;8;2024;07:45;1;76;76710;1;2;7;3;Rue de la Hetraie;;
536575236;28;9;2024;01:18;3;72;72044;1;1;8;3;D 12;;
536575237;17;6;2024;15:30;1;61;61006;2;2;1;3;Voie Communale;;
536575238;27;8;2024;07:35;1;974;97415;2;3;1;3;Rue Gabriel Martin;;
536575239;1;10;2024;23:30;3;14;14500;1;1;2;6;Route de Pont-l'Évêque;;
536575240;17;6;2024;13:25;1;61;61006;2;6;1;3;D926;;
536575241;27;8;2024;05:55;2;69;69287;1;1;1;5;Rue de la Fraternite;;
536575242;2;10;2024;17:25;1;50;50273;1;4;1;3;Route de Hotot - Coigny;;
536575243;20;8;2024;19:15;1;40;40296;1;1;1;6;Route de Bergeron;;
536575244;18;6;2024;09:05;1;59;59599;2;1;1;3;Avenue Gustave Dron;;
536575245;25;8;2024;13:12;1;974;97422;2;1;1;6;138 Rue Hubert Delisle;;
536575246;18;6;2024;19:50;1;59;59646;2;3;2;3;SARTRE (AVENUE JEAN PAUL);;
536575247;29;9;2024;16:05;1;83;83007;1;1;1;1;RD 957 - PK 019+200;;
536575248;24;8;2024;15:50;1;63;63388;1;1;2;7;D62;;
536575249;17;6;2024;17:04;1;54;54431;1;1;1;6;D910B;;
536575250;1;10;2024;18:45;1;40;40117;2;1;2;7;7bis Avenue de Mont-de-marsan;;
536575251;17;6;2024;18:15;1;54;54547;1;1;1;6;Boulevard Louis Barthou;;
536575252;27;8;2024;01:00;3;19;19274;1;1;1;2;autoroute A 20;;
536575253;18;6;2024;10:45;1;54;54323;2;1;1;6;Rue Mercy;;
536575254;26;8;2024;16:15;1;30;30221;1;1;1;7;D976;;
536575255;1;10;2024;14:00;1;30;30062;1;3;1;3;D40;;
536575256;20;3;2024;09:00;1;87;87001;2;1;1;6;Avenue du Président Wilson;;
536575257;17;6;2024;14:10;1;51;51172;2;7;1;4;ALSACE LORRAINE (BOULEVARD);;