Num_Acc;jour;mois;an;hrmn;lum;dep;com;agg;int;atm;col;adr;lat;long
536575588;30;9;2024;06:10;3;06;06149;1;1;1;7;237 Route de Laghet;;
536575589;1;10;2024;14:47;1;02;02615;1;1;8;7;A26;;
536575590;16;6;2024;23:30;3;973;97302;2;1;2;7;SOURCE DE BADUEL (CHEMIN DE LA);;
536575591;4;11;2024;19:00;5;06;06030;2;9;1;3;49 Avenue Maurice Jeanpierre;;
536575592;27;9;2024;16:45;1;63;63305;2;1;2;6;Route d'Orcival;;
536575593;16;6;2024;22:15;5;973;97302;2;3;2;1;BOUDINOT (AUGUSTE) CITE THEMIRE;;
536575594;1;10;2024;14:00;1;22;22243;1;3;7;3;Intersection  rd 787 / rd 99,  pr 31+482 le pont du bourg neuf;;
536575595;16;6;2024;17:39;1;973;97302;2;1;2;3;SOURCE DE BADUEL (CHEMIN DE LA);;
536575596;30;9;2024;09:05;1;59;59162;1;1;2;2;17 Voie Romaine;;
536575597;5;11;2024;17:30;5;75;75120;2;1;1;3;BOULEVARD PERIPHERIQUE INTERIEUR NORD;;
536575598;17;6;2024;08:57;1;69;69383;1;1;1;3;Cours Lafayette;;
536575599;30;9;2024;17:13;1;34;34282;1;1;1;3;A750;;
536575600;17;6;2024;17:50;1;69;69149;2;9;1;6;137 Rue Emile Zola;;
536575601;1;10;2024;17:20;1;41;41238;1;1;1;7;D5;;
536575602;5;11;2024;15:12;1;75;75114;2;1;1;2;BOULEVARD PERIPHERIQUE EXTERIEUR SUD;;
536575603;30;9;2024;11:50;1;56;56190;2;1;2;6;Rue du Général de Gaulle;;
536575604;5;11;2024;07:45;1;75;75118;2;1;1;7;ECHANGEUR SAINT OUEN;;
536575605;30;9;2024;10:10;1;31;31541;1;6;1;1;Chemin Bel Air;;
536575606;5;11;2024;14:00;1;75;75108;2;3;1;6;RUE DE SAINT PETERSBOURG;;
536575607;1;10;2024;06:30;2;71;71190;1;1;8;6;Route de Molinot;;
536575608;17;6;2024;13:23;1;2B;2B120;1;1;1;3;11 - RT;;
536575609;28;9;2024;22:45;3;89;89306;1;1;1;6;D606;;
536575610;5;11;2024;06:54;5;75;75112;2;3;1;6;BOULEVARD DE BERCY;;
536575611;30;9;2024;23:15;5;12;12208;2;1;1;6;300 Route de Couat;;
536575612;17;6;2024;19:00;1;91;91201;2;1;2;3;AV DES LILAS;;
536575613;5;11;2024;08:25;2;75;75115;2;2;8;6;RUE DU THEATRE;;
536575614;30;9;2024;16:05;1;47;47306;1;1;1;3;550 route de lembrun;;
536575615;15;6;2024;23:05;5;87;87085;2;1;1;6;BLANC LOUIS (BOULEVARD);;
536575616;18;9;2024;18:40;1;41;41016;1;2;2;1;D956;;
536575617;17;6;2024;08:55;1;77;77350;1;1;1;6;DEPARTEMENTALE 1004;;
536575618;1;10;2024;11:00;1;86;86083;2;1;3;7;D611;;
536575619;4;11;2024;13:40;1;75;75114;2;1;1;3;RUE D ALESIA;;
536575620;16;6;2024;21:30;2;77;77251;2;1;2;3;AV RENE CASSIN;;
536575621;30;9;2024;18:15;1;25;25320;1;1;8;1;route départementale 9;;
536575622;17;6;2024;19:30;1;77;77449;2;1;3;6;CRS DU DANUBE;;
536575623;16;6;2024;02:10;5;76;76351;2;1;1;6;GUILLEMARD;;
536575624;23;9;2024;13:53;1;29;29068;1;1;3;6;Route de Saint Thegonnec;;
536575625;5;11;2024;19:38;5;75;75108;2;1;1;3;RUE LA BOETIE;;
536575626;15;6;2024;11:25;1;76;76351;2;1;1;1;POMMIERS (DES);;
536575627;30;9;2024;14:30;1;29;29117;1;1;1;1;Lieu Dit Keruzal;;
536575628;15;6;2024;17:50;1;76;76270;1;1;3;2;RD 6382;;
536575629;30;9;2024;21:50;3;31;31399;1;1;1;6;Route de Toulouse;;
536575630;5;11;2024;09:00;1;75;75108;2;1;1;3;RUE DE COURCELLES;;
536575631;16;6;2024;17:15;1;72;72181;2;2;2;3;LATHAM HUBERT (RUE);;
536575632;30;9;2024;16:50;1;83;83007;2;1;1;1;109 Route de Verignon;;
536575633;30;9;2024;18:00;2;64;64160;1;1;1;1;RD 932;;
536575634;17;6;2024;12:30;1;71;71309;2;1;1;5;CHANOINE LAFOREST (GRANDE RUE);;
536575635;4;11;2024;15:30;1;75;75108;2;2;1;6;RUE DE L ARCADE;;
536575636;30;9;2024;19:20;2;18;18054;2;1;1;3;17 Route de Cornusse;;
536575637;16;6;2024;01:35;5;69;69259;2;3;1;6;Boulevard Irène Joliot Curie;;
536575639;17;6;2024;15:15;1;69;69091;2;1;1;6;1 Quai Georges Lévy;;
536575640;1;10;2024;10:00;1;36;36088;2;6;2;7;Rue d’Estienne d’Orves;;
536575641;4;11;2024;12:00;1;75;75103;2;7;1;3;RUE DU TEMPLE;;
536575642;30;9;2024;18:00;1;07;07346;2;1;1;6;Faubourg Saint Jacques;;
536575643;17;6;2024;23:50;5;67;67447;2;2;1;3;PIERRE MENDES FRANCE (AVENUE);;
536575644;3;11;2024;20:14;5;75;75101;2;2;1;3;BOULEVARD DE SEBASTOPOL;;
536575645;11;12;2024;01:00;3;38;38185;1;1;1;2;AUTOROUTE A 480;;
536575646;17;6;2024;08:35;1;66;66136;2;1;1;6;Boulevard John-Fitzgerald Kennedy;;
536575647;11;12;2024;13:25;1;35;35238;2;9;8;3;ROOSEVELT (BD FRANKLIN);;
536575648;4;11;2024;14:45;1;94;94068;2;2;1;1;Boulevard des Corneilles;;
536575649;17;6;2024;13:35;1;64;64445;2;1;1;2;PAIX;;
536575650;11;12;2024;08:00;5;35;35051;2;1;1;6;DOMLOUP (ROUTE DE);;
536575651;14;6;2024;16:30;1;59;59390;2;1;1;6;D645;;
536575652;4;11;2024;11:07;1;94;94022;2;8;1;3;Avenue Gambetta;;
536575653;11;12;2024;08:10;5;35;35238;2;4;1;3;MONNAIE ( DE LA);;
536575654;5;11;2024;08:50;2;94;94017;2;1;1;6;Rue de Verdun;;
536575655;11;12;2024;18:20;5;34;34129;2;1;1;5;EUROPE (AVENUE DE L');;
536575656;5;11;2024;16:00;1;93;93072;2;1;1;3;ARISTIDE BRIAND (AVENUE) COTE DES N°1A87;;
536575657;10;12;2024;13:55;1;34;34032;2;1;1;7;CLEMENCEAU GEORGES (AVENUE);;
536575658;14;6;2024;07:40;1;59;59574;2;1;1;6;FRANCE ANATOLE(RUE);;
536575660;4;11;2024;22:50;5;93;93071;2;1;1;5;BALLANGER ROBERT (AVENUE);;
536575661;16;6;2024;01:15;3;55;55505;2;1;1;7;CHEMINOTS (DES );;
536575662;11;12;2024;13:10;1;31;31555;2;2;8;3;CHE HENRI BESSEMER;;
536575663;5;11;2024;09:30;1;93;93070;2;1;1;3;MICHELET (AVE) : DU 1 AU 103;;
536575664;16;6;2024;21:45;2;54;54395;2;2;3;6;Avenue Général Leclerc;;
536575665;10;12;2024;14:20;1;29;29019;2;9;1;2;rue Yves Collet;;
536575666;5;11;2024;17:32;5;93;93055;2;1;1;6;JEAN LOLIVE (AVENUE)(1/55 2/60);;
536575667;15;6;2024;15:00;1;54;54304;2;1;1;6;Avenue Pierre Curie;;
536575668;5;11;2024;14:19;1;93;93049;2;2;8;3;MEAUX (CHEMIN);;
536575669;11;12;2024;07:50;1;25;25056;2;1;1;6;BREGILLE  PONT;;
536575670;5;11;2024;06:30;5;93;93010;2;2;5;3;GALLIENI (AV.) DE 1 A 109;;
536575671;13;6;2024;12:20;1;50;50502;2;6;1;6;TORTERON (rue);;
536575672;11;12;2024;16:45;1;13;13209;2;3;1;3;AVENUE DE LATTRE DE TASSIGNY-RD 17-;;
536575673;16;6;2024;13:25;1;49;49007;1;1;2;3;CHAMBRE AUX DENIERS RUE ET CHEM;;
536575674;11;12;2024;14:00;1;13;13056;2;1;1;1;KLEBER QUAI JEAN BAPTISTE;;
536575675;5;11;2024;15:10;1;93;93005;2;3;1;3;EDGAR DEGAS (RUE);;
536575676;11;12;2024;19:02;5;13;13206;2;1;1;3;PRADO (AVENUE DU);;
536575677;17;6;2024;18:30;1;45;45284;2;1;1;3;114 Avenue Charles Péguy;;
536575678;5;11;2024;07:15;2;92;92073;2;9;5;2;ROOSVELT (AVENUE FRANKLIN);;
536575679;11;12;2024;10:15;1;13;13210;2;1;1;1;L ARMEE D AFRIQUE (CHEMIN DE L');;
536575680;17;6;2024;09:40;1;45;45068;2;1;2;4;35 Rue Kléber;;
536575681;4;11;2024;17:30;5;92;92050;2;1;1;4;QUENTIN JULES AVENUE;;
536575682;11;12;2024;19:05;5;13;13047;2;1;1;1;BELLONS CHEMIN DES;;
536575683;17;6;2024;10:50;1;43;43157;2;9;1;6;Avenue D 'Aiguilhe;;
536575684;9;12;2024;14:40;1;75;75118;2;1;1;7;BD PERIPHERIQUE INTERIEUR;;
536575685;4;11;2024;11:50;1;92;92036;2;1;1;6;FOSSE BLANC (RUE DU) (1/145);;
536575686;11;12;2024;08:05;2;75;75106;2;1;2;6;RUE D ASSAS;;
536575687;16;6;2024;19:00;1;37;37261;2;9;1;6;GRAMMONT (AVENUE DE);;
536575688;5;11;2024;18:40;5;92;92023;2;1;1;6;SCHNEIDER (AVENUE);;
536575689;11;12;2024;18:00;5;75;75120;2;1;1;2;BOULEVARD DAVOUT;;
536575690;5;11;2024;13:35;1;92;92012;2;1;1;7;OUEST (RUE DE L');;
536575691;17;6;2024;20:35;1;35;35278;1;1;1;6;PORTE DE ST MALO;;
536575692;5;11;2024;19:45;5;92;92002;2;1;1;6;RAYMON ARON (AVENUE);;
536575693;15;6;2024;06:00;2;34;34032;2;1;1;2;VOIE DOMITIENNE (AVENUE DE LA);;
536575694;17;6;2024;19:05;1;32;32013;1;1;1;7;ROQUELAURE (CHEMIN DE);;
536575696;11;12;2024;08:25;2;75;75117;2;3;2;6;BOULEVARD DE COURCELLES;;
536575697;17;6;2024;23:00;5;31;31555;2;1;1;3;REVEL (RTE DE) DU 2AU 306;;
536575698;5;11;2024;13:05;1;24;24521;2;1;1;6;route de perigueux;;
536575699;5;11;2024;16:00;1;09;09268;2;1;1;3;D3;;
536575700;10;12;2024;08:25;1;75;75114;2;2;1;6;RUE RAYMOND LOSSERAND;;
536575701;4;11;2024;17:00;1;63;63026;2;1;1;6;route des puys d'aydat;;
536575702;11;12;2024;00:55;5;75;75113;2;1;2;2;BOULEVARD DU GENERAL JEAN SIMON;;
536575703;3;11;2024;18:05;3;21;21642;1;1;1;4;A6;;
536575704;5;11;2024;08:55;1;30;30209;1;6;1;7;D377;;
536575705;31;10;2024;15:40;1;37;37122;1;9;1;1;m37;;
536575706;10;12;2024;17:40;5;75;75112;2;3;2;4;PONT DE TOLBIAC;;
536575707;11;12;2024;09:20;1;75;75117;2;1;2;6;BOULEVARD DU FORT DE VAUX;;
536575708;5;11;2024;17:43;3;91;91679;1;3;1;1;Rue des Graviers;;
536575709;11;12;2024;09:00;1;75;75107;2;3;2;3;BOULEVARD SAINT GERMAIN;;
536575710;11;12;2024;09:05;1;94;94028;2;1;2;3;Rue Viet;;
536575711;11;12;2024;07:00;3;94;94011;2;1;2;3;Route de Stains;;
536575712;6;11;2024;06:30;2;59;59074;1;1;2;1;Rue de Busigny;;
536575713;11;12;2024;18:45;2;94;94019;2;3;1;6;Avenue Georges;;
536575714;5;11;2024;20:30;3;56;56255;2;1;5;1;Rue des Bruyères;;
536575715;11;12;2024;16:10;1;93;93059;2;9;1;3;LENINE (AVENUE) N°2A34 ET 1A43;;
536575716;11;12;2024;07:25;5;93;93071;2;1;2;6;LUCIEN SPORTISS (RUE);;
536575717;5;11;2024;19:39;3;56;56147;1;1;5;1;Trelay;;
536575718;9;12;2024;05:25;5;93;93066;2;1;1;2;WILSON (AVENUE DU PRESIDENT);;
536575719;11;12;2024;19:30;5;93;93053;2;1;1;3;MERLAN (RUE DE) N° 1 A 31 - 2 A 50;;
536575720;11;12;2024;06:30;5;93;93063;2;1;2;1;AVENUE GASTON ROUSSEL;;
536575721;6;11;2024;05:50;3;59;59189;1;1;1;2;D933;;
536575722;10;12;2024;17:40;2;93;93027;2;1;2;3;JOLLOIS (RUE);;
536575723;11;12;2024;22:55;5;93;93001;2;1;1;3;JEAN JAURES  (AVE)  157 A 213;;
536575724;11;12;2024;18:21;5;93;93001;2;1;1;6;ANDRE KARMAN (RUE)  => 136/143;;
536575725;10;12;2024;16:36;2;93;93001;2;1;2;6;VICTOR HUGO (AVE)  => 120;;
536575726;5;11;2024;17:35;5;76;76312;2;2;1;1;N31;;
536575727;11;12;2024;18:30;5;92;92075;2;2;1;6;BARBES (RUE);;
536575728;6;11;2024;13:50;1;71;71013;1;2;7;3;D373;;
536575729;11;12;2024;17:29;5;92;92046;2;2;1;3;DOUZE FEVRIER 1934 (AVENUE DU);;
536575730;11;12;2024;18:27;5;92;92026;2;9;1;1;COLOMBES;;
536575731;2;11;2024;09:20;1;71;71340;1;3;5;3;74 Route de Charolles;;
536575732;11;12;2024;08:25;1;92;92076;2;3;2;6;CAZES;;
536575733;11;12;2024;17:35;5;92;92049;2;3;1;6;VERDIER AVENUE N°1 A 23;;
536575734;6;11;2024;08:00;1;49;49308;1;1;5;1;Route Départementale N°127 de St Melaine à Mûrs-Érigné;;
536575735;5;11;2024;17:45;2;12;12254;1;1;1;1;La Vayssière;;
536575736;10;12;2024;20:50;5;92;92049;2;3;2;1;DORMOY AVENUE MARX N°102 A FIN;;
536575737;6;11;2024;14:30;1;12;12056;1;1;1;6;N88;;
536575738;11;12;2024;18:50;5;92;92012;2;1;1;6;ANATOLE FRANCE (BOULEVARD) 1/4BIS;;
536575739;5;11;2024;18:45;3;29;29039;2;1;1;3;57 Rue Yves Trichard;;
536575740;9;12;2024;17:45;3;92;92004;2;1;2;2;DOCTEUR DERVAUX  ( QUAI DU );;
536575741;11;12;2024;11:45;1;92;92014;2;1;2;6;VICTOR HUGO (AVENUE);;
536575742;6;11;2024;01:15;3;02;02445;1;1;5;6;D31;;
536575743;7;12;2024;20:20;5;67;67535;2;1;1;1;Rue Principale;;
536575744;5;11;2024;20:30;3;58;58215;1;1;5;6;D243;;
536575745;5;11;2024;07:20;3;72;72109;1;1;5;1;D304;;
536575746;12;12;2024;05:30;2;988;98812;2;1;1;6;parking piscine naturelle;;
536575747;4;11;2024;18:40;5;72;72241;2;3;1;1;7 Rue des Violettes;;
536575748;12;12;2024;12:30;1;83;83019;1;1;1;3;3933 Avenue Lou Mistraou;;
536575749;3;11;2024;19:10;3;36;36010;1;1;8;6;Le Grand Village;;
536575750;11;12;2024;05:28;5;59;59400;2;1;1;6;110 rue du général DE GAULLE;;
536575751;6;11;2024;18:00;3;21;21054;1;1;1;1;D113;;
536575752;12;12;2024;19:50;3;67;67420;1;1;1;1;D1420;;
536575753;5;11;2024;23:00;3;24;24117;2;1;5;7;457 Route des Pins;;
536575754;12;12;2024;09:10;1;82;82038;2;1;1;6;Avenue du Père Evariste Huc;;
536575755;6;11;2024;12:30;1;27;27198;2;1;5;6;24 rue de Bel Air;;
536575756;10;12;2024;17:01;5;61;61293;2;1;2;6;VC;;
536575757;11;12;2024;18:15;3;61;61421;1;1;1;6;149 Route de la Sélune;;
536575758;4;11;2024;19:30;3;37;37021;1;3;5;5;RD 766;;
536575759;12;12;2024;07:35;2;12;12208;2;1;1;6;Avenue Jean Jaurès;;
536575760;6;11;2024;05:45;3;13;13044;1;3;1;3;D69;;
536575761;4;12;2024;14:00;1;34;34106;1;1;1;1;Route de Millau;;
536575762;11;11;2024;21:30;3;25;25328;1;9;9;1;N83;;
536575763;6;11;2024;12:55;1;974;97408;1;1;1;7;N1;;
536575764;11;12;2024;15:50;1;29;29007;2;1;1;7;Rue des Ecoliers;;
536575765;6;11;2024;06:25;1;973;97306;1;1;1;1;RN1 PK181;;
536575766;12;12;2024;15:00;2;02;02379;1;2;5;1;D946;;
536575767;12;12;2024;03:20;3;03;03021;2;1;1;6;4 Les Lilas Rouzat;;
536575768;4;11;2024;13:50;1;45;45028;2;1;1;1;D917 PR 0 + 639;;
536575769;12;12;2024;07:40;1;26;26115;1;9;1;2;Route de Montelimar;;
536575770;5;11;2024;09:45;1;77;77235;1;2;5;5;D3;;
536575771;12;12;2024;07:57;2;14;14592;1;3;1;3;3 Route de Condé;;
536575772;3;11;2024;21:15;5;77;77183;2;6;1;7;D402;;
536575773;12;12;2024;14:15;1;30;30006;1;4;1;1;D265;;
536575774;9;10;2024;14:10;1;78;78206;1;4;3;1;RUE DE LA REPUBLIQUE;;
536575775;12;12;2024;06:30;4;30;30284;2;1;1;7;Chemin de Bouzac;;
536575777;5;11;2024;20:45;3;2B;2B298;2;9;1;3;Route du pont de fer;;
536575778;6;11;2024;17:20;1;83;83042;2;3;1;3;Avenue Saint Maur;;
536575779;10;12;2024;16:55;1;13;13049;1;1;1;3;A7, PK 227+400 (direction LYON);;
536575780;11;12;2024;23:59;3;34;34022;1;6;1;7;NATIONALE 113;;
536575781;5;11;2024;19:40;5;83;83042;2;1;1;1;43 Rue Marceau;;
536575782;6;11;2024;12:45;1;13;13027;2;1;1;2;820 Boulevard Ernest Genevet;;
536575783;11;12;2024;12:05;1;68;68063;2;3;1;2;Faubourg de Belfort;;
536575784;11;12;2024;17:00;5;68;68063;2;1;1;3;3 Rue Gustave Eiffel;;
536575785;12;12;2024;18:00;3;26;26358;1;1;1;7;Route de Montoison;;
536575786;12;12;2024;07:30;2;60;60668;1;1;2;4;RD 149;;
536575788;7;12;2024;21:35;5;59;59481;2;3;2;6;Avenue de la Gare;;
536575789;5;11;2024;16:30;1;62;62865;2;2;1;1;RD39E1;;
536575790;10;12;2024;17:19;3;59;59466;2;4;1;3;Rue Nationale;;
536575792;5;11;2024;16:15;1;59;59057;1;3;2;6;Pont à Pierres;;
536575793;9;12;2024;09:00;1;59;59566;1;1;1;3;AUTOROUTE A25;;
536575794;12;11;2024;17:55;3;62;62193;1;1;1;7;A16;;
536575795;5;11;2024;17:50;4;59;59653;1;6;2;2;RN 41;;
536575796;11;12;2024;09:19;1;91;91661;1;1;1;2;AUTOROUTE A10;;
536575797;5;11;2024;08:00;5;13;13212;1;1;1;2;A507 sens Marseille - Aubagne;;
536575798;11;12;2024;07:45;2;91;91521;1;1;1;4;AUTOROUTE A6;;
536575799;2;11;2024;21:05;3;69;69266;1;1;1;3;Boulevard Périphérique Laurent Bonnevay;;
536575800;11;12;2024;08:50;2;95;95582;1;1;2;2;D170;;
536575802;10;12;2024;18:35;3;92;92036;1;1;2;1;AUTOROUTE A15;;
536575804;10;12;2024;01:45;3;95;95252;1;1;1;6;A15;;
536575806;9;12;2024;21:50;3;93;93005;1;1;1;2;AUTOROUTE A3;;
536575807;5;11;2024;02:37;3;59;59403;1;1;1;6;AUTOROUTE A23;;
536575808;9;12;2024;08:10;1;95;95563;1;1;1;7;A115;;
536575809;9;12;2024;07:50;3;95;95572;1;1;2;7;A15;;
536575810;9;12;2024;05:30;3;93;93066;1;1;1;7;AUTOROUTE A1;;
536575811;14;11;2024;17:15;5;44;44109;2;1;1;3;26 Boulevard René Cassin;;
536575812;3;11;2024;20:45;3;62;62528;1;1;1;6;A21;;
536575813;9;11;2024;12:00;1;44;44109;2;1;1;7;16 Quai Henri Barbusse;;
536575814;8;11;2024;20:35;5;44;44109;2;3;1;7;1 Avenue des Epicéas;;
536575815;4;11;2024;19:00;5;92;92064;1;1;1;2;A13;;
536575816;8;11;2024;10:59;1;44;44109;2;2;1;3;6 Place du Sanitat;;
536575817;4;11;2024;18:30;5;92;92050;1;1;1;4;A14;;
536575818;6;11;2024;12:42;1;44;44109;2;1;1;6;21 allée d'Orléans;;
536575819;28;9;2024;17:20;1;50;50267;2;1;1;3;Rue des Tanguiers;;
536575820;4;11;2024;10:28;1;92;92025;1;1;1;2;A86;;
536575821;2;12;2024;10:15;1;44;44109;2;1;1;2;69 Boulevard du Tertre;;
536575822;4;11;2024;22:20;3;77;77372;1;1;1;6;A104;;
536575823;26;9;2024;08:15;1;91;91179;1;3;8;1;N7;;
536575824;4;11;2024;08:30;1;94;94017;1;1;1;2;A4;;
536575825;20;9;2024;15:30;1;91;91405;1;6;1;3;Rond point D837 / D1;;
536575826;4;11;2024;08:10;2;94;94052;1;1;1;2;A86;;
536575827;28;6;2024;04:30;3;73;73236;1;1;1;6;Route de la plaine;;
536575828;9;12;2024;10:35;1;62;62846;2;6;8;3;D943;;
536575829;29;3;2024;09:30;1;73;73227;2;6;8;6;Rue des tovets;;
536575831;28;6;2024;23:00;3;34;34150;2;1;1;6;Quai des batelliers;;
536575832;9;7;2024;19:17;1;77;77527;1;1;1;4;N4;;
536575833;27;7;2024;23:05;2;14;14488;2;1;1;1;32 Rue de l'Yser;;
536575834;18;8;2024;05:15;5;40;40088;2;1;1;2;ORTHEZ (ROUTE D');;
536575835;4;11;2024;06:20;1;974;97411;2;6;1;3;JAURES (BOULEVARD JEAN);;
536575836;9;12;2024;16:30;1;974;97416;1;1;1;3;RN3 (2);;
536575837;4;11;2024;15:55;1;973;97302;2;1;1;3;MONTABO (ROUTE DE) 2;;
536575838;9;12;2024;12:10;1;974;97407;2;9;1;1;SACRE COEUR (RD POINT) -RIV. DES GALETS;;
536575839;5;11;2024;20:15;5;69;69383;2;1;1;6;Boulevard Marius Vivier-Merle;;
536575840;9;12;2024;22:08;5;973;97302;2;9;1;3;MONTABO (ROUTE DE) 3;;
536575841;4;11;2024;19:00;5;69;69383;2;2;1;3;Rue Paul Bert;;
536575842;9;12;2024;18:20;2;973;97302;2;2;1;6;ZEPHIR (ROCADE);;
536575843;4;11;2024;12:58;1;972;97209;2;1;1;6;VICTOR SEVERE (RUE);;
536575844;9;12;2024;11:20;1;973;97302;2;2;1;1;CONSTANT CHLORE(RUE);;
536575845;4;11;2024;20:47;5;2B;2B037;2;9;1;6;D 82;;
536575846;3;11;2024;21:20;4;971;97101;1;1;1;1;BESSON;;
536575847;10;12;2024;05:00;5;69;69386;2;2;1;3;Rue des Emeraudes;;
536575848;9;12;2024;21:53;5;972;97213;1;1;1;6;ROUTE DEPARTEMENTALE 13;;
536575849;3;11;2024;05:21;2;971;97113;1;3;1;3;RN4 - SECTION RIVIERA;;
536575850;10;12;2024;14:10;1;971;97101;1;1;1;1;ROUTE DE BOISVINS;;
536575851;4;11;2024;12:00;1;971;97105;2;6;1;6;BOLOGNE (ROUTE DE);;
536575852;10;12;2024;08:00;1;971;97101;2;9;1;6;BAIMBRIDGE (ROUTE DE);;
536575853;4;11;2024;09:00;1;2A;2A004;2;1;1;2;#Boulevard Abbe Recco#;;
536575854;10;12;2024;18:08;5;95;95555;2;6;2;6;D109;;
536575855;9;12;2024;17:15;5;95;95218;2;1;2;6;CHALLE POURPRE (LA);;
536575856;4;11;2024;08:40;1;95;95563;2;2;1;3;D502;;
536575857;10;12;2024;08:10;2;91;91161;1;1;1;6;RUE HELENE BOUCHER;;
536575858;4;11;2024;06:28;5;91;91457;2;1;1;6;RUE VICTOR HUGO;;
536575859;4;11;2024;18:40;3;91;91027;2;1;1;3;BD DE PROVENCE;;
536575860;9;12;2024;21:20;5;91;91657;2;3;1;6;AV HENRI BARBUSSE;;
536575861;31;10;2024;12:09;1;87;87114;2;1;1;6;CARNOT (AVENUE PRESIDENT-SADI-);;
536575862;10;12;2024;13:00;1;91;91228;2;1;1;6;MONSEIGNEUR ROMERO (COURS) N° PAIR;;
536575863;31;10;2024;09:22;1;87;87085;1;1;1;2;AUTOROUTE A20;;
536575864;6;12;2024;14:04;1;87;87085;2;1;1;3;BERNARD LATHIERE (RUE);;
536575865;6;12;2024;10:30;1;85;85194;2;1;1;3;RD949;;
536575866;4;11;2024;13:30;1;83;83090;1;1;1;1;GORGES (ROUTE DES);;
536575867;10;12;2024;22:48;5;84;84007;2;4;1;6;C.DE GAULLE (ROCADE);;
536575868;4;11;2024;12:45;1;83;83062;2;1;1;6;BARBUSSE (AVENUE HENRI);;
536575869;3;11;2024;18:45;3;83;83069;1;1;1;5;PIERREFEU (ROUTE DE) RD 12;;
536575870;10;12;2024;12:25;1;77;77373;1;1;1;7;D1004;;
536575871;4;11;2024;13:50;1;78;78403;2;1;1;2;CHATEAUBRIAND (AVENUE);;
536575872;9;12;2024;09:40;1;77;77114;2;1;2;6;RD 471;;
536575873;4;11;2024;21:40;3;78;78423;1;1;1;6;NATIONALE 10 (ROUTE);;
536575874;10;12;2024;18:10;3;77;77276;1;1;2;4;RD 360;;
536575875;9;12;2024;18:20;5;77;77284;2;1;1;6;BOUVIN (AV.JEAN);;
536575876;31;10;2024;15:50;2;77;77445;2;1;1;6;D151;;
536575877;9;12;2024;17:21;5;77;77284;2;1;2;6;BOUVIN (AV.JEAN);;
536575878;3;11;2024;01:56;3;77;77122;2;1;1;6;RUE SERMONOISE;;
536575879;10;12;2024;08:10;1;77;77048;1;1;1;6;D 607;;
536575880;4;11;2024;16:30;1;77;77143;2;1;1;6;EMILE ZOLA (RUE);;
536575881;8;12;2024;21:05;5;76;76484;2;1;2;6;Avenue d'Anderten;;
536575882;4;11;2024;08:40;1;77;77237;2;2;1;3;TOURNAN (ROUTE DE );;
536575883;9;12;2024;11:27;1;76;76351;2;3;1;6;AUGUSTIN NORMAND;;
536575884;4;11;2024;13:50;1;76;76157;1;1;1;6;Route de Sahurs;;
536575885;9;12;2024;17:40;3;73;73065;1;1;1;2;N201;;
536575886;3;11;2024;04:20;5;76;76351;2;1;1;6;PIERRE MENDES FRANCE;;
536575887;8;12;2024;15:45;1;69;69276;1;6;2;3;Route de Lyon;;
536575888;31;10;2024;18:20;2;76;76351;2;3;1;6;Quai de Southampton;;
536575889;10;12;2024;17:05;5;67;67482;2;2;1;6;SCHOEPFLIN (QUAI);;
536575890;10;12;2024;01:45;5;67;67482;2;1;1;3;ALSACE (AVENUE D );;
536575891;4;11;2024;11:15;1;73;73065;2;2;1;3;GAMBETTA LEON (BOULEVARD);;
536575892;9;12;2024;11:47;1;67;67482;2;9;8;6;ORANGERIE (BOULEVARD DE L );;
536575893;4;11;2024;07:55;1;72;72181;2;1;1;2;DURAND GEORGES (AV) N° IMP 199 AU N° 311;;
536575894;9;12;2024;11:10;1;67;67482;2;1;8;7;GROSSROETHIG (CHEMIN DU);;
536575895;3;11;2024;13:20;1;69;69259;2;3;1;6;8 Avenue du 8 Mai 1945;;
536575896;9;12;2024;14:52;1;67;67180;1;1;1;1;RD 27;;
536575897;2;11;2024;21:10;5;68;68224;2;2;1;3;SCHUMAN (AVENUE ROBERT);;
536575898;9;12;2024;17:50;4;64;64260;2;1;2;3;SAINT JACQUES (ACCES AU PONT);;
536575899;10;12;2024;09:15;1;64;64348;2;1;8;7;MARTYRS DU PONT LONG DES;;
536575900;1;11;2024;03:20;4;65;65047;2;2;1;2;Avenue Jean Jaurès;;
536575901;4;11;2024;18:00;1;64;64102;2;1;1;3;SABALCE (CHEMIN DE);;
536575902;9;12;2024;18:15;3;64;64269;2;1;2;4;BIGORRE;;
536575903;4;11;2024;16:45;1;64;64024;2;1;1;4;BAB (BOULEVARD DU);;
536575904;9;12;2024;07:20;5;64;64445;2;6;2;3;YITZHAK RABIN;;
536575905;10;12;2024;06:50;2;64;64102;2;1;1;7;PAUL PRAS (AVENUE);;
536575906;4;11;2024;16:17;1;62;62250;2;1;1;6;Rue Urianne Sorriaux;;
536575907;3;11;2024;00:25;5;62;62724;2;1;1;7;Rue Pablo Picasso;;
536575908;10;12;2024;07:30;2;63;63113;2;3;1;6;rue de Chalonnax / rue de la Fontaine du Large;;
536575909;1;11;2024;05:45;5;62;62753;2;1;2;6;D258;;
536575910;10;12;2024;14:05;1;60;60159;1;1;1;6;Carrefour de Mercières;;
536575911;4;11;2024;07:40;2;59;59508;1;9;5;2;BILLEMONT (RUE);;
536575913;4;11;2024;15:45;1;59;59512;2;1;1;6;ALMA (RUE DE L');;