Num_Acc;jour;mois;an;hrmn;lum;dep;com;agg;int;atm;col;adr;lat;long
536576228;14;1;2024;15:50;1;63;63290;1;1;8;7;A89, PK 337+650;;
536576229;13;5;2024;07:45;2;34;34014;1;1;7;5;D68;;
536576230;5;4;2024;14:45;1;45;45004;2;1;1;3;196 Rue du Maréchal Juin;;
536576231;24;2;2024;20:15;5;34;34172;2;3;1;3;CASTELNAU (AVENUE DE);;
536576232;7;5;2024;06:55;2;51;51627;2;1;1;6;32 Rue Pierre Renault;;
536576233;13;1;2024;14:19;1;51;51329;1;1;1;1;D 944 PK 8+100;;
536576234;5;4;2024;01:00;5;44;44184;2;6;1;6;Rond point Océanis;;
536576235;13;5;2024;19:45;1;77;77187;2;1;1;6;17 Rue Nonat;;
536576236;24;2;2024;01:55;5;34;34198;2;1;1;2;D21  ROUTE DE CARNON;;
536576237;5;4;2024;20:15;1;43;43046;2;1;1;2;26 Avenue des Champs Élysées;;
536576238;9;5;2024;16:30;1;2A;2A098;2;9;1;7;D155;;
536576239;13;1;2024;21:10;3;76;76367;1;1;1;6;D121;;
536576240;23;2;2024;20:00;3;34;34172;1;1;1;2;JOUHAUX (AVENUE LEON);;
536576241;22;3;2024;15:20;1;42;42218;2;2;1;3;Rue des Francs Macons;;
536576242;13;1;2024;16:25;1;82;82112;2;1;1;3;98 Avenue du Chasselas;;
536576243;23;2;2024;19:00;5;34;34172;2;1;1;3;PAVELET (AVENUE DU COLONEL);;
536576244;14;5;2024;15:45;1;81;81185;1;1;1;6;D36 PK 8+100;;
536576246;5;4;2024;23:45;4;42;42127;2;7;1;1;Rue Jean de la Fontaine;;
536576247;13;5;2024;18:30;1;89;89297;1;1;1;6;D958;;
536576248;14;1;2024;06:50;3;89;89136;1;1;1;6;D606;;
536576249;23;2;2024;19:12;5;34;34172;2;1;1;6;TELEMAQUE (BOULEVARD);;
536576250;5;4;2024;18:50;1;42;42184;2;9;1;1;Rue Jules Faron;;
536576251;13;5;2024;18:00;1;63;63368;1;1;1;7;Départementale D310;;
536576252;14;1;2024;19:00;3;63;63317;1;1;1;6;D12;;
536576253;27;2;2024;16:10;1;34;34003;2;1;2;6;JANIN (G15 A K16;;
536576254;5;4;2024;13:15;1;37;37261;2;1;8;6;WAGNER (BOULEVARD RICHARD);;
536576255;13;5;2024;23:00;3;42;42134;1;1;2;6;Route de Boën;;
536576256;5;4;2024;10:00;1;34;34129;2;1;1;3;D116;;
536576257;14;5;2024;19:15;1;68;68062;1;1;1;2;D16;;
536576258;13;1;2024;14:30;1;12;12185;2;1;9;7;La Lande;;
536576260;3;4;2024;08:00;1;34;34032;2;1;1;3;KENNEDY PRESIDENT (BD DU);;
536576261;14;5;2024;04:55;3;29;29175;1;3;8;1;Pont Kerhoaden;;
536576262;12;1;2024;21:30;3;42;42135;1;1;1;6;D1082;;
536576264;26;2;2024;21:00;5;33;33063;2;1;2;6;CRS JULES LADOUMEGUE;;
536576265;14;1;2024;06:03;3;68;68091;1;1;5;7;départementale 3 bis;;
536576267;27;4;2024;17:10;1;29;29056;1;2;1;3;D159;;
536576268;7;1;2024;20:35;4;01;01029;2;1;8;1;100 Rue Principale;;
536576271;13;5;2024;19:00;1;29;29173;1;1;9;1;Route de Douarnenez;;
536576274;15;3;2024;22:15;3;30;30189;2;3;1;3;POMPIDOU GEORGES (AVENUE);;
536576275;13;1;2024;18:50;3;06;06129;2;1;1;5;PK 21+800 RM 2205;;
536576276;12;5;2024;18:20;1;10;10153;1;1;3;6;D374;;
536576277;13;1;2024;15:20;1;50;50082;1;1;1;7;Route de Carteret. (Le Vrétot);;
536576278;13;5;2024;16:30;1;36;36088;2;1;1;6;Avenue du Colombier;;
536576280;5;4;2024;08:55;1;29;29019;2;6;1;6;rue Jean Macé;;
536576282;13;1;2024;19:20;3;36;36018;2;4;9;3;Rue de la Trimouille;;
536576284;4;4;2024;19:55;1;29;29019;2;3;1;6;rue du Carpon;;
536576285;13;1;2024;22:30;3;24;24286;1;1;5;6;Route des Coteaux;;
536576286;12;5;2024;16:11;1;17;17224;2;2;7;1;Départementale 121;;
536576287;5;4;2024;10:58;1;14;14366;2;1;1;7;62 Rue Henry Chéron;;
536576288;14;5;2024;05:50;3;37;37124;1;1;2;6;D976;;
536576290;5;4;2024;21:45;3;13;13019;2;3;1;3;D60 A;;
536576291;13;5;2024;20:20;2;67;67212;1;1;1;1;M400;;
536576292;14;1;2024;11:00;1;45;45247;1;1;8;7;A77 PR 24 + 600;;
536576293;14;1;2024;11:30;1;77;77306;1;1;1;6;Autoroute A Barrière de péage des Eprunes direction PARIS;;
536576294;5;4;2024;23:05;5;13;13103;2;3;1;3;AVENUE JUIN - DU 18 ... 1940;;
536576295;13;5;2024;17:00;1;06;06085;1;1;1;4;A8;;
536576297;27;1;2024;20:00;3;976;97604;1;1;1;1;D4;;
536576298;5;4;2024;16:00;1;13;13209;2;3;1;3;MICHELET (BOULEVARD);;
536576299;14;1;2024;08:40;1;03;03297;1;1;9;2;Autoroute A71 Pk 276+700;;
536576300;21;2;2024;18:20;1;33;33063;2;2;1;3;CRS VICTOR HUGO;;
536576301;12;5;2024;14:31;1;73;73008;1;1;1;5;A41;;
536576302;2;4;2024;16:25;1;11;11069;2;1;1;5;ROCADE EST RD 6113;;
536576303;13;1;2024;11:35;1;38;38193;2;3;1;3;Rue du Lans;;
536576305;5;4;2024;20:20;5;06;06088;2;1;1;6;15 Promenade des Anglais;;
536576306;13;5;2024;14:00;1;69;69242;1;1;1;2;Autoroute 6;;
536576307;14;1;2024;08:30;1;03;03186;1;1;8;4;A 71 PK 317+900;;
536576308;5;4;2024;15:30;1;06;06029;2;1;1;3;33 Boulevard de la Croisette;;
536576310;13;5;2024;17:30;1;28;28372;1;1;1;1;D4;;
536576311;14;1;2024;18:00;3;64;64125;1;1;2;6;A63, PK 187.500;;
536576312;3;4;2024;19:18;1;05;05061;2;2;1;3;FRANCOIS MITTERAND (AVENUE);;
536576314;13;5;2024;14:25;1;21;21292;2;3;1;6;Av de la 1ere Armee Francaise;;
536576315;27;2;2024;10:52;1;32;32013;2;1;2;7;PYRENEES (AVENUE DES);;
536576316;5;4;2024;00:35;5;75;75112;2;1;1;4;BD PERIPHERIQUE INTERIEUR;;
536576317;13;5;2024;19:20;1;57;57561;2;1;1;1;Rue de Schmittviller;;
536576318;28;2;2024;20:00;3;31;31555;2;1;1;2;21 DEMOISELLES  (PERIPH OUEST A620);;
536576319;4;4;2024;00:35;5;75;75116;2;1;1;2;BD PERIPHERIQUE INTERIEUR;;
536576320;14;1;2024;20:35;3;988;98803;1;3;1;3;RT1/Route de Nessadiou;;
536576321;27;2;2024;18:30;2;31;31555;2;1;2;3;AV PIERRE G LATECOERE;;
536576322;3;4;2024;17:30;1;75;75116;2;1;1;3;BD PERIPHERIQUE EXTERIEUR;;
536576323;26;2;2024;20:20;5;31;31555;2;4;2;3;AV LOUIS BAZERQUES;;
536576324;13;5;2024;12:30;1;38;38072;2;1;1;2;Place de France;;
536576325;4;4;2024;11:30;1;75;75105;2;2;3;3;RUE SAINT JACQUES;;
536576326;24;2;2024;00:19;5;31;31555;1;1;1;7;VA008493 LA CRABE A624 Sortie 2;;
536576327;2;1;2024;14:16;1;77;77505;1;1;6;7;D19;;
536576328;13;5;2024;13:58;1;38;38085;2;1;1;2;Route de Lyon;;
536576329;5;4;2024;16:20;1;75;75117;2;3;2;6;RUE CARDINET;;
536576330;5;4;2024;04:30;5;75;75114;2;1;1;7;AVENUE DU GENERAL LECLERC;;
536576331;13;1;2024;16:30;1;78;78597;1;1;1;1;D928;;
536576332;14;5;2024;08:20;1;46;46015;1;1;2;1;lieu dit pont de veyre;;
536576333;4;4;2024;09:00;1;75;75112;2;3;2;6;BOULEVARD DIDEROT;;
536576334;20;2;2024;19:30;2;31;31555;2;1;1;3;ETATS UNIS (AV DES) DU 1AU 281;;
536576335;13;5;2024;18:55;1;17;17304;1;1;1;7;le chail;;
536576336;5;4;2024;15:30;1;75;75110;2;1;1;2;BOULEVARD DE LA CHAPELLE;;
536576337;20;2;2024;17:52;2;31;31555;2;1;1;3;RTE DE NARBONNE;;
536576339;5;4;2024;10:05;1;75;75108;2;3;2;6;RUE LA BOETIE;;
536576341;19;2;2024;23:23;4;31;31555;1;1;1;3;VA007440 LES MINIMES A620 Sortie 31;;
536576342;14;5;2024;15:20;1;22;22086;1;1;1;1;D7;;
536576343;13;1;2024;16:15;1;84;84003;1;1;1;1;Route de Marseille;;
536576344;4;4;2024;17:05;1;94;94042;2;1;1;2;Rue Hippolyte Pinson;;
536576345;10;5;2024;19:25;1;83;83137;1;1;1;4;A57;;
536576346;4;4;2024;16:30;1;94;94058;2;2;1;3;Rue Laterale au Viaduc / Rue de l'Yser;;
536576347;18;2;2024;17:37;1;31;31555;1;1;1;5;24 EMPALOT  (PERIPH OUEST A620);;
536576348;26;4;2024;13:00;1;69;69259;1;1;1;3;Route Départementale 301;;
536576349;5;4;2024;13:50;1;94;94041;2;1;1;3;Quai Marcel Boyer;;
536576350;14;1;2024;00:01;5;54;54199;2;1;9;6;9 Place du 18 Septembre 1944;;
536576352;20;2;2024;23:50;3;30;30189;1;1;1;1;4639-4455 Avenue Kennedy;;
536576353;5;4;2024;16:30;1;94;94022;2;2;1;3;Avenue Georges Halgoult / Avenue du 25 Aout 1944;;
536576354;6;5;2024;20:40;1;62;62498;1;1;1;7;A21;;
536576355;13;1;2024;21:35;5;38;38481;1;1;1;7;Chemin du Grillet;;
536576356;5;4;2024;03:00;5;94;94073;2;1;1;6;Avenue de Versailles;;
536576357;13;5;2024;11:40;1;91;91064;1;1;1;3;RN 118;;
536576358;27;2;2024;08:55;1;29;29232;2;1;1;6;Avenue Pierre Mendes-France;;
536576359;14;1;2024;16:00;1;81;81105;1;4;1;6;Chemin de la Vayssière;;
536576360;5;4;2024;18:31;1;94;94017;2;1;1;6;ALEXANDRE FOURNY;;
536576361;14;1;2024;01:30;4;47;47094;1;1;1;7;D6;;
536576362;11;5;2024;21:00;2;92;92048;1;1;1;2;N118;;
536576363;23;2;2024;11:55;1;29;29232;1;1;2;2;Rd 365 - Avenue du Morbihan;;
536576364;5;4;2024;15:50;1;93;93064;2;5;1;3;Boulevard Gabriel Péri / Avenue du Général de Gaulle;;
536576365;13;5;2024;16:55;1;93;93005;1;9;1;3;A3;;
536576366;13;1;2024;18:50;3;35;35012;1;2;8;1;La Filouzais;;
536576367;4;4;2024;19:10;1;93;93077;2;3;1;6;Avenue de Rosny / Rue Poussin;;
536576368;22;2;2024;14:00;1;29;29232;2;3;2;3;Rue Yves Philippe;;
536576369;8;2;2024;16:30;1;75;75120;2;2;2;6;50 rue Orfila;;
536576370;14;1;2024;05:45;3;35;35244;1;1;1;6;Beau Soleil;;
536576371;5;4;2024;16:51;1;93;93051;2;1;1;2;Rue du Marechal Juin;;
536576372;12;5;2024;17:00;1;974;97416;1;1;1;7;CD 26;;
536576373;21;2;2024;20:45;5;29;29232;2;3;3;3;Rue Saint Julien;;
536576374;14;1;2024;05:15;3;02;02391;1;1;9;6;le coq banni;;
536576375;5;4;2024;07:15;2;93;93050;2;2;1;3;Rue Marx Dormoy / Rue de l'Amiral Courbet;;
536576376;12;5;2024;17:50;2;974;97411;2;1;1;1;LITTORAL (ROUTE 2 DU);;
536576377;14;1;2024;07:40;5;59;59036;2;1;9;7;Rue des Pres;;
536576378;20;2;2024;08:01;1;29;29232;2;1;2;2;1 Rue de Kerivoal;;
536576379;5;4;2024;19:00;1;93;93010;2;2;1;3;Avenue Galliéni / Avenue Pasteur;;
536576380;20;2;2024;07:30;5;29;29232;2;3;2;3;Rue de Benodet;;
536576381;12;1;2024;11:40;1;83;83144;1;1;1;4;A57;;
536576382;12;5;2024;12:45;1;972;97209;2;2;1;3;MARTIN LUTHER KING (RUE);;
536576383;5;4;2024;14:20;1;93;93010;2;3;1;6;Avenue Jean Lebas / Avenue Suzanne Buisson;;
536576384;13;1;2024;00:05;5;69;69142;1;1;1;2;Route de Métropole 7;;
536576385;24;2;2024;14:40;1;29;29039;2;3;1;2;LE LAY ( AVENUE ALAIN );;
536576386;11;5;2024;20:30;5;972;97209;2;3;1;3;ENTRAIDE (ROUTE DE L');;
536576387;5;4;2024;12:20;1;92;92064;2;9;1;3;MAGENTA PLACE;;
536576389;5;4;2024;09:20;1;92;92047;1;1;2;2;AUTOROUTE A 13;;
536576390;22;2;2024;16:45;1;29;29019;2;2;1;3;rue de Narvik;;
536576391;12;5;2024;19:38;1;69;69382;2;7;1;3;Rue Président Edouard Herriot;;
536576392;5;4;2024;13:50;1;92;92051;2;2;1;1;WINSTON CHURCHILL (PLACE);;
536576393;10;5;2024;23:55;5;971;97107;2;1;1;7;FRONT DE MER ( BOULEVARD);;
536576394;20;2;2024;21:25;5;29;29019;2;3;1;6;rue de Gouesnou;;
536576396;4;4;2024;15:20;1;92;92050;2;1;1;2;VAILLANT COUTURIER PAUL RUE;;
536576397;12;5;2024;22:00;5;91;91345;2;2;1;3;L YVETTE (RUE DE);;
536576398;24;2;2024;07:20;3;28;28134;2;9;1;5;RN 12 (ARCHE DU GAZON);;
536576399;4;4;2024;20:35;2;92;92035;2;3;1;2;National ( boulevard );;
536576400;12;5;2024;07:00;1;91;91027;2;1;1;2;RTE NATIONALE 7;;
536576401;22;2;2024;02:10;5;28;28404;2;6;2;7;DE GAULLE (ROND POINT CHARLES);;
536576403;12;5;2024;04:00;5;91;91223;2;1;1;6;NEUVE ST-GILLES (RUE);;
536576404;4;4;2024;17:05;1;92;92024;2;1;1;3;HENRI BARBUSSE (RUE) DE (1 A 73)   (2 A;;
536576405;12;1;2024;22:04;3;91;91235;1;1;1;6;RN 104;;
536576406;25;2;2024;14:10;1;27;27681;2;1;2;7;DE LATTRE DE TASSIGNY (AVENUE DU MAL);;
536576407;12;5;2024;02:30;5;89;89338;2;9;1;2;REPUBLIQUE (RUE DE LA);;
536576409;6;4;2024;18:32;1;2A;2A249;2;1;1;6;Avenue Napoleon III;;
536576410;27;2;2024;17:35;1;27;27229;2;3;1;3;VERNON (RUE DE);;
536576411;12;1;2024;20:40;3;78;78133;1;1;1;4;A13;;
536576412;6;4;2024;08:30;1;51;51423;2;1;1;1;Rue Neuve;;
536576413;23;2;2024;15:50;1;27;27229;2;1;1;3;CITES UNIES (BOULEVARD DES);;
536576414;13;1;2024;02:15;4;93;93066;1;1;1;2;AUTOROUTE A1;;
536576415;12;5;2024;13:24;1;83;83137;2;2;1;4;BROSSET (BD GENERAL);;
536576416;12;1;2024;16:00;1;974;97411;2;1;1;6;COCOTIERS (AVENUE DES);;
536576417;20;2;2024;15:38;1;27;27229;2;1;1;2;GAMBETTA (BOULEVARD);;
536576418;5;4;2024;17:00;1;01;01090;1;2;1;3;D90a;;
536576419;12;1;2024;11:50;1;973;97302;2;1;1;2;TIGRE (ROUTE DU);;
536576420;5;4;2024;12:10;1;68;68277;1;3;1;2;D1B;;
536576421;12;1;2024;13:50;1;69;69386;2;4;8;3;50 Rue Juliette Récamier;;
536576422;4;4;2024;21:30;5;972;97225;2;1;1;4;Rue Bouille;;
536576423;27;2;2024;20:10;5;25;25056;2;1;1;1;LEDOUX RUE DOCTEUR EMILE;;
536576424;12;1;2024;16:55;1;972;97213;1;4;1;3;ACAJOU PROLONGEE;;
536576425;6;4;2024;15:00;1;76;76616;2;4;1;6;Rue André Mabire;;
536576426;12;1;2024;23:35;5;69;69381;2;3;1;6;19 Quai André Lassagne;;
536576428;5;4;2024;20:15;2;67;67485;1;1;1;1;D341;;
536576429;12;1;2024;11:24;1;2B;2B033;2;6;1;6;11 - RT;;
536576430;24;2;2024;16:45;1;25;25056;2;1;1;3;DOLE RUE DE (sup 200);;
536576431;5;4;2024;16:15;1;74;74272;2;1;1;3;404 Route d'Epagny;;
536576432;11;1;2024;21:35;5;971;97101;1;1;1;7;Frédéric JALTON;;
536576434;22;2;2024;12:27;1;25;25056;2;1;6;6;MONTBOUCONS CHEMIN DES;;
536576435;11;1;2024;11:40;1;95;95427;2;1;1;6;JULES FERRY (RUE);;
536576436;5;4;2024;08:00;1;42;42231;2;3;1;3;219 Rue de Persigny;;
536576437;10;5;2024;17:50;1;78;78551;1;2;7;3;RN 184;;
536576439;12;1;2024;18:35;2;95;95063;2;3;1;3;D392;;
536576440;12;5;2024;16:35;1;77;77379;1;1;8;3;Route Départementale 74 A;;
536576442;12;1;2024;19:15;3;91;91103;1;1;1;3;DEVI RD 19;;
536576443;6;4;2024;09:30;1;59;59015;2;1;1;6;Arleux;;
536576444;20;2;2024;06:40;5;19;19275;2;6;8;3;PRE PASCAL (AVENUE);;
536576445;12;1;2024;18:30;5;91;91191;2;1;1;6;Jean Jaures (Avenue);;
536576446;12;5;2024;16:40;1;77;77373;2;6;1;1;rue de la République;;
536576447;24;2;2024;17:00;1;19;19031;2;9;8;3;Rue Georges Braque;;
536576448;10;5;2024;12:35;1;76;76545;1;1;1;3;RD 154E;;
536576449;5;4;2024;20:50;3;30;30034;1;3;1;1;D38;;
536576450;12;5;2024;02:40;5;73;73008;2;1;1;6;MARLIOZ AVENUE DE;;
536576451;13;1;2024;01:45;3;85;85194;2;9;1;6;Rue du 8 mai 1945;;
536576452;6;4;2024;15:05;1;04;04161;1;1;1;7;piste de vautreuil;;
536576453;22;2;2024;13:20;1;19;19031;2;3;1;3;VOLTAIRE (BOULEVARD);;
536576454;6;4;2024;16:50;1;91;91577;2;1;1;3;194 Route de Melun;;
536576455;12;5;2024;21:20;1;69;69282;1;6;1;3;Rue de la République;;
536576456;11;1;2024;10:20;1;83;83098;1;9;2;1;FOUX (CHEMIN DE LA);;
536576457;6;4;2024;13:25;1;74;74278;2;1;1;7;1851 Avenue des vallées;;
536576458;20;2;2024;19:05;5;19;19031;2;1;1;1;DUBAYLE (RUE ANTOINE);;
536576459;12;5;2024;20:15;1;69;69266;2;1;1;6;Route de Genas;;
536576460;12;1;2024;10:40;1;83;83069;2;2;1;6;CAWELL (AVENUE EDITH);;
536576461;18;2;2024;03:40;4;19;19031;2;1;1;6;SEMARD (AVENUE PIERRE) JUSQU'A N° 73 - 6;;
536576462;6;4;2024;18:10;1;82;82178;1;2;1;3;Route du Burgaud;;
536576463;12;5;2024;16:37;1;63;63300;1;1;2;7;RD 2009;;
536576464;12;1;2024;20:45;5;83;83118;2;4;1;3;RUE DE CHÂTEAUDUN;;
536576465;11;5;2024;09:30;1;62;62528;1;1;7;6;Rue du Grand Mont;;
536576466;16;2;2024;20:45;5;19;19031;2;2;1;3;BRUNE (BOULEVARD);;
536576468;12;1;2024;20:50;5;80;80021;2;1;1;6;Place Vogel;;
536576469;5;4;2024;17:30;1;32;32372;2;1;6;7;D654;;
536576472;12;5;2024;17:30;1;61;61001;2;1;1;2;D438;;
536576473;6;4;2024;14:38;1;71;71410;2;1;1;6;D978;;
536576474;12;1;2024;18:30;3;76;76681;2;4;1;6;Rue du Madrillet;;
536576475;23;2;2024;16:15;1;17;17306;2;1;2;3;FRONT DE MER (PROMENADE DE);;
536576476;6;4;2024;11:40;1;63;63426;1;4;1;3;RD922 / impasse Saraille;;
536576477;12;5;2024;18:15;1;59;59279;2;3;1;3;BARBUSSE (RUE HENRI);;
536576478;6;4;2024;07:40;1;55;55498;1;1;1;7;D21;;
536576479;22;2;2024;12:25;1;17;17306;2;6;6;3;HEDDE (AVENUE DANIEL);;
536576480;12;5;2024;04:07;5;59;59599;2;3;1;3;MARNE (AVENUE DE LA);;
536576481;6;4;2024;16:49;1;12;12160;1;3;1;3;D907;;
536576482;19;2;2024;18:00;1;16;16015;2;8;1;6;BORDEAUX (ROUTE DE N° IMPAIRS);;
536576483;5;4;2024;13:37;1;42;42137;1;1;1;1;Chemin du Pont;;
536576484;12;5;2024;11:30;1;58;58194;2;3;1;3;MARZY;;
536576485;27;2;2024;07:20;1;15;15014;2;6;1;6;RN 122 carrefour de l 'europe;;
536576486;6;4;2024;14:45;1;42;42028;1;1;1;7;Chemin de Moulin Ferrand;;
536576487;5;4;2024;17:30;1;46;46083;1;1;1;6;D840;;
536576488;12;5;2024;10:00;1;57;57463;2;2;1;3;AUGUSTE PROST (RUE);;
536576489;26;2;2024;13:10;1;15;15014;2;5;2;1;Rue Robert Garric;;
536576490;27;3;2024;17:44;1;34;34332;1;4;1;3;D612;;
536576491;12;5;2024;13:10;1;54;54254;2;1;1;3;Rue de la Seine;;
536576492;6;4;2024;05:50;2;39;39478;2;1;1;6;28 Rue Saint-blaise;;
536576493;24;2;2024;08:55;1;14;14366;2;1;1;7;64 Avenue Victor Hugo;;
536576494;6;4;2024;15:00;1;25;25161;1;3;1;3;D39;;
536576495;22;2;2024;16:16;1;14;14366;2;1;2;3;1 Avenue du Président René Coty;;
536576496;12;5;2024;00:13;3;54;54367;1;1;1;3;RN 52;;
536576497;5;4;2024;15:05;1;29;29274;1;1;2;5;Lieu Dit Celeriou;;
536576498;12;5;2024;11:42;1;54;54028;2;1;1;1;Rue de Metz;;
536576499;27;2;2024;08:39;1;14;14118;2;3;8;3;Boulevard Maréchal Juin;;
536576500;11;5;2024;18:25;1;51;51663;2;1;1;6;ALFRED ANATOLE THEVENET (AVENUE);;
536576501;6;4;2024;15:15;1;31;31040;1;1;1;3;D125;;
536576502;24;2;2024;19:41;3;14;14566;1;3;8;3;11 Route de Rosel;;
536576503;6;4;2024;14:30;1;38;38108;1;1;1;1;D531;;
536576504;22;2;2024;14:50;1;14;14118;2;6;2;3;4 Rue d'Auge;;
536576505;12;5;2024;19:26;2;45;45234;2;1;7;6;41 Boulevard Guy-Marie Riobé;;
536576506;6;4;2024;21:15;3;02;02111;1;1;1;6;1 Rue de la Croix Blanche;;
536576507;27;2;2024;17:45;1;13;13117;2;1;1;3;ROUTE NATIONALE 113 - AGNEAU;;
536576508;5;4;2024;12:05;1;72;72219;2;9;1;3;Rue de Neuvy;;
536576509;12;5;2024;17:00;1;45;45234;2;1;1;2;D2020 PR 36 + 6870;;
536576510;6;4;2024;14:45;1;14;14326;1;1;1;1;Route de Cormeilles;;
536576511;27;2;2024;08:15;1;13;13054;2;2;1;3;FIGUERES (RUE DES );;
536576512;12;5;2024;18:06;1;38;38185;2;1;1;3;COURS JEAN JAURÈS;;
536576513;30;3;2024;14:30;1;64;64191;2;4;1;3;Route de Bénéjacq;;
536576514;24;2;2024;18:40;1;13;13054;2;1;1;1;D9 (BRETELLE);;
536576515;6;4;2024;18:10;1;07;07307;1;1;1;7;D203;;
536576516;11;5;2024;09:40;1;38;38053;2;6;1;3;ISLE D'ABEAU (ROUTE DE);;
536576517;27;2;2024;21:45;3;13;13103;1;2;2;3;RN 113;;
536576518;3;4;2024;17:05;1;40;40217;1;1;1;5;Route de Parentis;;
536576519;12;5;2024;10:05;1;34;34172;2;1;1;7;MAS ARGELLIERS (AVENUE DU);;
536576520;22;2;2024;13:45;1;13;13103;2;1;1;3;BOULEVARD LEDRU ROLLIN;;
536576521;5;4;2024;19:35;2;17;17324;1;2;1;3;Le Pérou;;
536576523;21;2;2024;10:00;1;13;13103;2;1;1;1;BOULEVARD LEDRU ROLLIN;;
536576524;16;2;2024;09:10;1;13;13056;1;1;1;6;RN 568;;
536576526;6;4;2024;14:10;1;09;09239;1;1;1;6;Le Capelier;;
536576528;27;2;2024;20:00;5;13;13205;2;1;2;1;BAILLE (BOULEVARD);;
536576529;4;4;2024;10:30;1;976;97603;1;1;1;5;N3 Nyambadao;;
536576530;12;5;2024;07:30;1;31;31555;2;1;1;1;AV PIERRE G LATECOERE;;
536576531;26;2;2024;23:52;5;13;13205;2;3;2;6;JEAN MOULIN (BOULEVARD);;
536576532;6;4;2024;03:00;3;34;34172;1;1;1;6;autoroute A709 pk 014+100 direction Nîmes;;
536576533;12;5;2024;07:30;1;31;31555;2;4;1;3;ECHANGEUR BORDELONGUE (A64/A620);;
536576534;24;2;2024;14:50;1;13;13207;2;9;1;3;CORDERIE (BOULEVARD DE LA);;
536576535;12;5;2024;02:10;3;31;31555;2;1;1;3;AV DE REYNERIE;;
536576536;24;2;2024;00:01;5;13;13205;2;9;1;2;JEAN MOULIN (BOULEVARD);;
536576537;11;5;2024;17:00;1;31;31149;2;1;1;2;Bd VICTOR HUGO;;
536576538;22;2;2024;19:00;5;13;13212;2;2;2;3;GASTON FLOTTE (RUE);;
536576539;6;4;2024;05:30;2;988;98814;1;1;1;7;Thuahaik (Tribu);;
536576540;12;5;2024;02:15;5;30;30007;2;1;1;6;DE GAULLE (AVE DU GENERAL);;
536576541;19;2;2024;18:30;5;13;13209;2;6;1;3;JULES ISAAC (RUE);;
536576542;11;5;2024;07:35;1;28;28134;1;1;1;7;D152.4;;
536576543;5;4;2024;03:30;3;971;97128;1;1;1;7;Route Cambourg - Grands-Fonds;;
536576544;23;2;2024;14:10;1;13;13047;2;9;1;3;RAYMOND FILIPPI AVENUE;;
536576545;5;4;2024;23:20;3;91;91654;1;1;1;6;D153;;
536576546;10;5;2024;18:20;1;22;22113;2;1;1;7;TROROZEC (RUE DE);;
536576547;22;2;2024;20:30;3;13;13047;1;1;1;1;R.N 569;;
536576548;5;4;2024;19:30;1;78;78443;2;1;1;6;Route de Thoiry;;
536576549;12;5;2024;11:11;1;13;13206;2;2;1;3;DRAGON (RUE);;
536576550;26;2;2024;15:47;1;13;13005;2;1;1;4;LAGUNAS (AVENUE SIMON);;
536576551;6;4;2024;13:25;1;34;34327;1;1;1;1;Rn 113;;
536576552;23;2;2024;07:45;1;13;13005;2;1;1;3;CANIERS (AVENUE DES);;
536576553;12;5;2024;23:00;5;13;13001;2;6;1;3;BROSSOLETTE PIERRE (AV);;
536576554;5;4;2024;16:07;1;84;84122;2;8;1;1;Route de Vacqueyras;;
536576555;20;2;2024;13:40;1;13;13005;2;9;1;2;CAMP DE SARLIER ROUTE DE GEMENOS;;
536576557;12;5;2024;03:01;4;08;08409;2;6;1;6;GARE (PLACE DE LA);;
536576558;26;2;2024;23:00;5;13;13004;2;2;1;1;BD DES LICES;;
536576559;12;5;2024;08:45;1;06;06069;2;1;1;6;58 Route de la Marigarde;;
536576560;17;7;2024;13:15;1;01;01362;1;2;1;3;D6;;
536576561;27;2;2024;08:40;1;13;13001;1;6;8;6;ROQUEFAVOUR (RTE DE);;
536576562;12;5;2024;17:53;1;01;01289;1;1;1;3;LENT ( ROUTE DE );;
536576563;26;2;2024;20:30;5;13;13001;2;3;2;3;PETIT BARTHELEMY (AV DU);;
536576564;6;4;2024;10:50;1;13;13014;1;1;1;4;D113;;
536576565;24;2;2024;03:18;5;13;13001;2;1;1;1;PLATRIERES (CH DES);;
536576566;12;5;2024;16:15;1;75;75113;2;1;6;3;BD PERIPHERIQUE INTERIEUR;;
536576567;20;7;2024;13:55;1;80;80806;1;1;1;6;Autoroute A16 pk 196+2;;
536576568;6;4;2024;06:50;2;70;70279;1;1;1;6;D67;;
536576569;21;2;2024;12:30;1;13;13001;1;2;1;1;GARDANNE (ROUTE DE );;
536576570;20;7;2024;00:13;3;68;68188;1;1;1;7;D430;;
536576571;11;5;2024;03:35;5;75;75117;2;1;1;2;BD PERIPHERIQUE EXTERIEUR;;
536576572;5;4;2024;23:49;3;69;69009;2;1;1;6;Route de Lucenay;;
536576573;12;5;2024;19:15;1;75;75120;2;1;1;3;Avenue Cartellier;;
536576574;18;2;2024;06:15;5;12;12145;2;3;1;3;KENNEDY J.F (AVENUE);;
536576576;12;5;2024;17:20;1;75;75119;2;1;2;3;RUE CURIAL;;
536576577;22;2;2024;13:40;1;12;12089;2;1;1;6;LAROMIGUIERE;;
536576578;12;5;2024;11:12;1;75;75119;2;1;1;6;AVENUE JEAN JAURES;;
536576579;6;4;2024;10:15;1;09;09334;1;1;1;1;D8;;
536576581;12;5;2024;09:50;1;75;75119;2;1;1;6;AVENUE DE LAUMIERE;;