Num_Acc;jour;mois;an;hrmn;lum;dep;com;agg;int;atm;col;adr;lat;long
536577587;4;11;2024;16:20;1;93;93049;2;1;1;6;PASTEUR (RUE);;
536577588;9;12;2024;08:30;1;974;97416;1;1;1;2;RN3 (2);;
536577589;21;9;2024;11:15;1;44;44109;2;3;1;3;42 Rue de Gigant;;
536577590;4;11;2024;10:45;1;92;92078;2;1;1;3;VERDUN (AVENUE) (N° PAIRS 40 A 90);;
536577591;9;12;2024;07:15;1;974;97416;2;6;1;2;BANK (BOULEVARD);;
536577592;4;11;2024;08:30;1;92;92026;2;1;1;3;MARECHAL JOFFRE (QUAI DU);;
536577593;3;5;2024;16:32;1;19;19275;2;1;3;6;CARNOT (AVENUE) N° PAIRS;;
536577594;21;9;2024;08:40;2;44;44114;2;1;1;6;360 Route de Vannes;;
536577595;9;12;2024;13:20;1;974;97409;2;1;1;2;ILE DE FRANCE(AVENUE);;
536577596;4;11;2024;09:10;1;92;92023;2;3;1;3;SCHNEIDER (AVENUE);;
536577597;20;9;2024;08:40;2;44;44190;2;6;1;3;Rue de la Libération;;
536577598;5;11;2024;14:19;1;95;95675;1;1;5;7;D317;;
536577599;9;12;2024;06:05;2;973;97302;1;6;3;3;MARINGOUINS (ROND-POINT);;
536577600;19;9;2024;15:15;1;44;44162;2;1;1;2;Rue du Souvenir Français;;
536577601;4;11;2024;18:50;5;95;95250;2;1;1;6;D922;;
536577602;8;12;2024;19:50;5;973;97302;2;1;1;6;BASSIERE (LEON) CITE THEMIRE;;
536577603;3;11;2024;19:00;5;63;63354;2;1;1;6;D534;;
536577604;18;5;2024;23:28;3;62;62757;1;1;1;3;D206;;
536577605;8;12;2024;06:30;1;973;97302;2;2;1;3;JADFARD (RENE);;
536577606;4;11;2024;19:20;3;01;01288;1;1;8;2;ROUTE DÉPARTEMENTALE 984;;
536577607;31;10;2024;17:30;2;62;62473;1;1;1;6;D186;;
536577608;7;12;2024;11:45;1;973;97302;2;1;1;3;CABASSOU (ROUTE DE);;
536577609;28;7;2024;21:50;5;74;74133;2;2;1;3;JURA (RUE DU);;
536577610;2;11;2024;02:53;3;59;59525;1;1;1;6;Rue du Pont de Sains;;
536577611;8;12;2024;02:00;5;971;97113;1;1;2;6;SECTION COCOYER;;
536577612;28;9;2024;11:15;1;974;97416;2;2;1;3;GANDHI (RUE DU MAHATMA);;
536577613;5;11;2024;17:23;1;76;76141;1;1;1;3;Route de la Gare;;
536577614;9;12;2024;08:05;1;2A;2A004;2;1;8;1;#Route de Mezzavia#;;
536577615;28;9;2024;20:00;3;974;97407;1;1;1;6;OWENS JAMES;;
536577616;27;10;2024;00:10;5;2A;2A139;2;2;1;3;#Strada Sampieru Corsu#;;
536577617;9;12;2024;16:15;1;95;95219;2;3;8;3;MARECHAL DE LATTRE DE TASSIGNY (RUE DU);;
536577618;28;9;2024;10:45;1;974;97407;2;6;1;3;ROUTE DU SACRE COEUR;;
536577619;3;11;2024;11:10;1;2B;2B123;1;1;1;3;Piste cyclable - D144 - route de la mer;;
536577620;9;12;2024;18:45;5;91;91549;2;1;2;6;LIBERTE (AVENUE DE LA);;
536577621;5;11;2024;08:15;1;80;80328;1;1;5;1;D3;;
536577622;28;9;2024;17:00;1;973;97302;2;2;1;3;MERE THERESA (rue);;
536577623;30;11;2024;17:50;5;91;91201;2;3;2;2;BD HENRI BARBUSSE;;
536577624;5;11;2024;07:30;2;80;80092;1;2;5;3;D97;;
536577625;28;9;2024;11:25;1;973;97302;2;1;1;2;GALMOT (AVENUE);;
536577626;9;12;2024;12:45;1;91;91223;2;1;1;3;MAI 1945 (AVENUE DU 8);;
536577627;4;11;2024;18:12;3;89;89304;1;1;1;1;D176;;
536577628;7;12;2024;11:21;1;90;90008;2;1;3;3;BELFORT (RUE DE);;
536577629;28;9;2024;04:30;5;69;69387;2;2;1;4;Avenue Debourg;;
536577630;3;11;2024;17:35;2;12;12248;2;1;1;1;Avenue D Albi;;
536577631;8;12;2024;19:06;5;87;87085;2;1;2;6;BABYLONE (RUE DE);;
536577632;28;9;2024;10:54;1;2A;2A004;2;3;1;3;#26 Boulevard Madame Mère#;;
536577633;7;12;2024;18:00;2;80;80021;2;1;1;7;Rue du Commandant Défontaine;;
536577634;24;10;2024;07:30;1;29;29189;2;6;1;3;avenue Charles de Gaulle;;
536577635;28;9;2024;18:00;1;91;91549;2;2;1;3;CHARMES (ALLEE DES);;
536577637;3;11;2024;15:05;1;22;22087;1;1;5;6;D31;;
536577638;9;12;2024;18:30;5;78;78138;2;1;2;6;DE GAULLE (AVENUE CHARLES);;
536577639;28;9;2024;10:55;1;91;91027;2;1;1;3;AV MARCEL SEMBAT;;
536577640;5;11;2024;12:15;1;44;44152;2;1;1;2;8 Place de l'Eglise;;
536577641;8;12;2024;17:30;5;78;78172;2;6;2;6;PERI (AVENUE GABRIEL);;
536577642;27;9;2024;08:40;1;78;78621;2;2;1;6;REPUBLIQUE (RUE DE LA);;
536577643;5;11;2024;15:18;1;45;45296;1;1;1;5;D955 PR 17 + 639;;
536577644;28;9;2024;19:30;2;78;78123;2;3;1;6;EUROPE (RN 190) AVENUE DE L';;
536577646;3;11;2024;09:45;1;40;40273;2;1;1;6;1980 Avenue du Quartier-neuf;;
536577647;8;12;2024;17:40;3;77;77258;2;3;2;6;MANDINET (BOULEVARD DU);;
536577648;3;11;2024;16:10;1;40;40320;1;1;1;1;D 834;;
536577649;8;12;2024;19:30;5;77;77251;1;1;2;6;ALL DE L'AIR DU TEMPS;;
536577650;28;9;2024;15:00;1;77;77268;2;1;1;4;RUE DU PRE DE BRAY;;
536577651;4;11;2024;16:33;1;04;04209;2;3;1;6;21 Place du Tivoli;;
536577652;9;12;2024;18:35;5;77;77042;2;2;1;3;CHARLES DE GAULLE (AVENUE);;
536577653;28;9;2024;15:07;1;77;77333;2;1;1;3;RUE DE PARIS;;
536577654;4;11;2024;14:06;1;04;04049;2;1;1;6;Avenue du General de Gaulle;;
536577655;9;12;2024;20:45;5;76;76410;2;1;2;1;Avenue du Val aux Dames;;
536577656;27;9;2024;17:30;1;77;77333;2;1;2;3;AV DU ROCHER VERT;;
536577657;9;12;2024;08:40;2;76;76429;2;1;8;6;Route de Paris;;
536577658;28;9;2024;08:15;1;77;77070;2;1;1;7;CD 37;;
536577659;4;11;2024;14:45;1;85;85111;1;3;1;3;RD938t;;
536577660;30;10;2024;18:45;3;87;87140;1;1;1;1;Route des Séguines;;
536577661;28;9;2024;11:20;1;69;69282;2;1;8;1;Avenue de Verdun;;
536577662;8;12;2024;20:47;5;72;72181;2;1;3;2;DURAND GEORGES (AV) N° PAIRS 112 AU 164;;
536577664;28;9;2024;11:18;1;68;68066;2;1;2;6;Grand'Rue;;
536577665;9;12;2024;13:35;1;71;71040;2;3;8;3;CHASSAGNE (RUE DE LA);;
536577666;5;11;2024;09:30;1;34;34058;2;1;1;6;Avenue de Montpellier;;
536577667;5;11;2024;14:30;1;83;83047;2;1;1;6;Rue Renaude;;
536577668;9;12;2024;06:53;5;69;69029;2;3;8;6;Avenue Pierre Brossolette;;
536577669;28;9;2024;18:35;1;65;65100;1;3;1;3;9 Route de Bordeaux;;
536577670;26;10;2024;13:55;1;13;13067;1;1;1;1;Chemin de Bazarde;;
536577671;9;12;2024;08:45;2;64;64189;2;4;2;3;JAURES JEAN  (AVENUE);;
536577672;28;9;2024;11:00;1;64;64445;2;6;1;3;GENERAL DE GAULLE DU;;
536577673;4;11;2024;18:20;5;13;13086;2;3;1;1;Avenue du Repos;;
536577674;28;9;2024;02:15;5;64;64445;2;1;3;6;CATHERINE DE BOURBON;;
536577675;9;12;2024;10:12;1;64;64348;2;1;2;3;TONKIN DU;;
536577676;4;11;2024;15:50;1;21;21390;2;2;1;1;Route des Grands Crus;;
536577677;28;9;2024;21:22;5;63;63113;2;2;1;3;Jaurès / Dormoy;;
536577678;9;12;2024;09:40;1;59;59599;2;3;1;6;HAVRE (RUE D');;
536577679;1;11;2024;17:10;2;68;68315;1;1;1;6;D431;;
536577680;19;9;2024;11:00;1;62;62525;2;1;1;6;Rue de Lumbres;;
536577681;5;11;2024;10:20;1;38;38565;1;1;1;7;D3;;
536577682;27;9;2024;16:30;1;60;60159;2;1;1;6;Rue Saint-Lazare;;
536577684;9;12;2024;07:54;2;51;51454;2;6;1;3;VASNIER (BOULEVARD HENRI) COTE IMPAIR;;
536577685;28;9;2024;08:25;1;59;59299;1;1;1;7;CD 700;;
536577686;8;12;2024;16:10;2;51;51454;2;1;2;7;LECLERC (BOULEVARD DU GENERAL);;
536577688;28;9;2024;19:00;1;54;54395;2;4;1;3;Rue de Malzéville;;
536577690;9;12;2024;10:20;1;51;51108;2;3;8;3;SAINTE MENEHOULD (AVE DE);;
536577691;28;9;2024;12:50;1;51;51454;2;3;7;3;PAIX (BOULEVARD DE LA);;
536577692;6;12;2024;07:34;5;49;49007;2;1;1;7;CAMUS BOULEVARD;;
536577693;27;9;2024;12:15;1;51;51454;2;1;1;7;VAL DE VESLE (BOULEVARD);;
536577694;3;11;2024;18:15;3;35;35347;1;2;1;5;la Grande Haie d'Izé;;
536577695;8;12;2024;14:20;1;47;47027;2;1;2;3;BORDEAUX (avenue de);;
536577696;29;9;2024;00:30;5;50;50218;2;3;1;3;MATIGNON (AV DES);;
536577697;4;11;2024;02:20;3;13;13215;1;1;1;7;A7-Sens Lyon vers Marseille;;
536577698;9;12;2024;11:15;1;43;43157;1;1;3;3;Chemin des Gardes;;
536577699;27;9;2024;15:30;1;47;47001;1;1;2;1;STALINGRAD (AVENUE DE );;
536577700;4;11;2024;18:10;3;91;91174;1;1;1;2;RN 104;;
536577701;9;12;2024;20:15;5;42;42123;2;1;1;1;Rue Adèle Bourdon;;
536577702;28;9;2024;04:15;5;44;44109;2;1;1;6;19 Boulevard de Stalingrad;;
536577703;4;11;2024;12:10;1;94;94003;1;1;1;2;A6B;;
536577704;28;9;2024;03:30;3;36;36044;1;1;3;6;route de velles;;
536577705;4;11;2024;04:27;3;91;91589;1;1;1;7;AUTOROUTE A6;;
536577706;9;12;2024;21:35;5;37;37261;2;3;1;3;PASCAL (RUE BLAISE);;
536577707;27;4;2024;00:30;3;32;32191;1;1;2;7;D931;;
536577708;28;9;2024;13:45;1;35;35238;1;1;1;2;ROCADE;;
536577709;8;12;2024;12:00;1;37;37261;2;1;1;2;MALRAUX (QUAI ANDRE);;
536577710;25;2;2024;03:00;3;73;73227;2;4;1;6;Rue des Tovets / Rue de la Croisette;;
536577711;9;12;2024;05:30;5;34;34172;2;2;1;3;MOULINS (AVENUE DES;;
536577712;3;11;2024;13:10;1;973;97302;2;2;1;3;11 NOVEMBRE;;
536577713;28;9;2024;22:10;5;34;34108;2;6;1;3;DE GAULE GENERAL (AVENUE DU);;
536577714;8;12;2024;07:10;5;34;34198;2;2;1;3;MAUGUIO (ROUTE DE);;
536577715;3;11;2024;10:38;1;973;97302;2;6;1;3;MANDELA  (BOULEVARD);;
536577716;28;9;2024;01:58;5;34;34172;2;1;1;5;BRINGUIER (AVENUE PAUL);;
536577717;6;12;2024;18:20;2;34;34336;1;1;1;2;ROUTE DEPARTEMENTALE 612B;;
536577718;28;9;2024;12:10;1;34;34003;2;1;1;7;SETE ( ROUTE);;
536577719;3;11;2024;09:15;1;973;97302;1;1;1;7;ROUTE NATIONALE 1;;
536577721;2;11;2024;23:20;5;972;97209;2;9;1;6;VERDUN (BOULEVARD DE );;
536577722;3;11;2024;17:20;2;95;95427;2;1;1;2;D193;;
536577724;2;11;2024;18:00;5;91;91027;2;3;1;3;VC QUAI DE L'INDUSTRIE;;
536577726;9;12;2024;08:12;3;24;24037;2;1;1;2;FEYRY (AVENUE MARCEAU);;
536577727;3;11;2024;19:05;5;76;76540;2;2;1;1;Route de Neufchâtel;;
536577728;2;12;2024;18:00;2;14;14118;2;1;8;2;Avenue de Courseulles;;
536577729;3;11;2024;14:45;1;71;71306;2;1;1;3;ALOUETTES (AVENUE DES);;
536577730;9;12;2024;06:50;5;13;13215;2;1;1;3;LE CHATELIER;;
536577731;3;11;2024;18:20;5;69;69266;2;1;1;3;Cours Emile Zola;;
536577732;9;12;2024;08:37;1;11;11262;2;1;8;6;3 Rue des Primeveres;;
536577733;8;12;2024;21:50;5;10;10387;2;1;2;7;PAIX (RUE DE LA);;
536577734;2;11;2024;19:25;2;65;65440;2;3;1;3;CRONSTADT (RUE DE);;
536577735;9;12;2024;16:50;5;06;06069;2;6;1;3;Rd point des Quatre Chemins;;
536577736;2;11;2024;11:20;1;65;65251;2;1;1;3;Rue des Evades de France;;
536577737;9;12;2024;13:20;1;06;06069;2;9;1;6;42 Boulevard Victor Hugo;;
536577738;3;11;2024;14:15;1;64;64102;2;9;1;3;BEDAT (CITE AV 14 AVRIL);;
536577739;5;12;2024;22:10;3;06;06004;2;1;1;3;1170 Route de Nice;;
536577741;27;11;2024;10:41;1;05;05061;2;3;1;6;Rue du Stade;;
536577742;2;11;2024;01:00;3;59;59585;1;1;2;2;Rue du Général De Gaulle;;
536577743;3;11;2024;18:10;5;54;54323;2;1;1;1;Avenue Raymond Poincaré;;
536577744;7;12;2024;17:20;2;75;75116;2;1;2;4;BOULEVARD PERIPHERIQUE INTERIEUR OUEST;;
536577745;9;12;2024;15:30;1;75;75106;2;3;1;3;RUE SAINT PLACIDE;;
536577747;2;11;2024;22:20;5;37;37261;2;1;1;6;FUYE( RUE DE LE );;
536577748;9;12;2024;18:25;5;75;75108;2;7;1;6;PLACE DES TERNES;;
536577749;3;11;2024;14:35;1;36;36044;2;1;1;2;Avenue Gédéon Duchateau;;
536577750;8;12;2024;19:10;5;75;75117;2;3;2;3;AVENUE DE LA GRANDE ARMEE;;
536577752;9;12;2024;18:10;5;75;75116;2;7;2;3;PLACE VICTOR HUGO;;
536577754;9;12;2024;14:10;1;75;75116;2;7;1;3;PLACE VICTOR HUGO;;
536577755;24;10;2024;11:44;1;22;22215;2;1;1;3;VILLES MOISAN (RUE DES);;
536577756;9;12;2024;13:45;1;75;75110;2;1;1;3;RUE DU FAUBOURG SAINT MARTIN;;
536577757;2;11;2024;18:10;5;19;19031;2;1;1;1;BUY (PONT DU);;
536577758;9;12;2024;18:20;5;75;75109;2;2;2;3;RUE LA FAYETTE;;
536577759;3;11;2024;03:20;5;17;17380;2;2;8;7;EGLISE (DE L');;
536577760;2;11;2024;11:50;1;14;14333;2;1;8;6;Jetée de l'Est;;
536577761;9;12;2024;17:40;5;94;94077;2;2;1;3;Avenue le Foll;;
536577762;3;11;2024;14:30;1;13;13043;2;1;1;3;GEORGES POMPIDOU (AV );;
536577763;8;12;2024;16:15;1;94;94002;2;1;2;2;Quai Blanqui;;
536577764;3;11;2024;13:00;1;13;13056;2;1;1;2;KLEBER QUAI JEAN BAPTISTE;;
536577765;3;11;2024;16:10;1;13;13209;2;1;1;2;MARÉCHAL DE LATTRE (AVENUE);;
536577766;8;12;2024;15:00;1;93;93070;2;1;2;3;MICHELET (AVE) : DU 1 AU 103;;
536577767;3;11;2024;10:45;1;13;13211;2;1;1;2;PEINTRES ROUX (avenue);;
536577768;9;12;2024;18:15;5;93;93066;2;1;2;2;DE PRESSENSE FRANCIS;;
536577769;29;10;2024;10:00;1;13;13214;2;1;1;2;ALEX ANSALDI (RUE);;
536577770;9;12;2024;17:45;5;93;93050;2;1;2;6;LEON BLUM (AVENUE);;
536577771;3;11;2024;14:15;1;13;13001;1;1;1;6;PUYRICARD (RTE);;
536577772;9;12;2024;18:00;5;93;93048;2;2;2;3;CHANZY (BOULEVARD);;
536577773;3;11;2024;16:45;1;11;11262;2;9;1;3;25 Avenue Elie Sermet;;
536577774;9;12;2024;17:30;5;93;93064;2;1;2;6;QUATRIEME ZOUAVES (RUE DU);;
536577775;23;10;2024;16:35;1;11;11262;2;6;1;6;27 Avenue des Pyrenees;;
536577776;9;12;2024;12:20;1;93;93064;2;2;1;6;ROSNY (RUE DE);;
536577777;3;11;2024;16:45;5;75;75116;2;1;1;2;BOULEVARD PERIPHERIQUE EXTERIEUR OUEST;;
536577778;9;12;2024;15:15;1;93;93029;2;6;8;3;SAINT-STENAY;;
536577779;3;11;2024;15:35;1;75;75119;2;1;1;6;RUE DE L AISNE;;
536577780;9;12;2024;08:15;2;93;93027;2;1;2;6;VAILLANT-COUTURIER (AVENUE PAUL);;
536577781;3;11;2024;13:00;1;75;75119;2;2;1;3;BOULEVARD DE LA VILLETTE;;
536577782;9;12;2024;18:00;5;93;93010;2;3;2;6;VAILLANT (RUE EDOUARD) 1 A 25;;
536577783;3;11;2024;12:05;1;75;75118;2;1;8;2;BOULEVARD NEY;;
536577784;9;12;2024;16:19;2;93;93005;2;7;2;6;ANDRE CITROEN (BOULEVARD);;
536577785;3;11;2024;04:30;5;75;75118;2;2;1;6;BOULEVARD NEY;;
536577786;9;12;2024;18:45;5;92;92036;2;9;2;6;LUCIEN LANTERNIER (AVENUE) (19/65);;
536577787;2;11;2024;05:10;5;75;75114;2;1;1;6;RUE DU DEPART;;
536577788;2;11;2024;08:50;1;75;75109;2;4;1;6;RUE DE MAUBEUGE;;
536577789;9;12;2024;21:03;3;92;92012;2;3;1;3;GENERAL LECLERC (AVENUE DU) 1/33 - 2/58;;
536577790;2;11;2024;23:20;5;94;94038;2;1;1;3;52 Bd Paul Vaillant Couturier;;
536577791;9;12;2024;10:25;1;92;92012;2;2;8;3;GALLIENI (RUE) 159/FIN;;
536577792;3;11;2024;19:35;3;93;93073;1;1;1;7;CHAPIT RE ( RUE DU);;
536577793;9;12;2024;17:10;3;09;09164;1;1;3;6;D117 PK 075.000;;
536577794;3;11;2024;16:00;1;93;93070;2;1;1;3;DOCTEUR BAUER(RUE DU) :N° 1 AU 73;;
536577795;10;12;2024;11:15;1;60;60646;1;1;8;2;D901;;
536577796;3;11;2024;17:40;5;93;93066;2;1;1;3;VOLTAIRE;;
536577797;8;12;2024;10:40;1;06;06161;1;1;1;7;2841 Route de Grasse;;
536577798;3;11;2024;10:10;1;93;93031;2;3;1;1;DE LATTRE DE TASSIGNY (1 A 51);;
536577799;3;11;2024;08:20;1;92;92051;2;1;1;6;CHARLES DE GAULLE (AVENUE, N°27 A 129);;
536577800;2;11;2024;21:50;5;92;92040;2;1;1;6;GENERAL LECLERC;;
536577801;3;11;2024;22:00;5;92;92024;2;6;1;6;GENERAL LECLERC (BD DU) (9 A 59)   (4 A;;
536577802;3;11;2024;07:30;2;92;92024;2;2;1;3;GENERAL LECLERC (BD DU) (9 A 59)   (4 A;;
536577803;9;11;2024;17:35;2;72;72231;1;1;2;1;la ceverie;;
536577804;3;11;2024;06:45;5;35;35236;2;2;8;6;Rue Jacques Cartier;;
536577805;10;12;2024;16:02;1;51;51568;1;1;8;1;D944;;
536577806;4;11;2024;07:00;2;47;47048;1;1;1;1;Lamandigue;;
536577807;10;12;2024;07:45;3;51;51597;1;3;1;5;D3;;
536577808;2;11;2024;19:50;3;972;97207;1;1;1;6;D5;;
536577809;10;12;2024;13:30;1;56;56040;2;6;1;7;Rue Anne de Bretagne;;
536577810;3;11;2024;17:10;1;972;97210;1;3;1;1;N6;;
536577811;4;11;2024;01:50;3;86;86223;1;1;1;6;D5;;
536577812;9;12;2024;18:45;3;56;56185;1;1;1;4;le Vieux Moulin;;
536577813;10;12;2024;18:00;5;56;56240;2;1;1;6;Rue Adrien Regent;;
536577814;10;12;2024;07:40;2;77;77109;1;1;1;7;Départementale 75;;
536577815;4;11;2024;14:20;1;50;50535;1;1;5;6;A84;;
536577816;2;11;2024;14:42;1;62;62036;1;1;1;6;D94;;
536577817;10;12;2024;18:00;3;76;76367;1;1;2;6;Route des longs Vallons;;
536577818;9;12;2024;19:20;3;65;65373;1;1;3;6;Route des Pyrenees;;
536577819;3;11;2024;17:15;1;35;35024;1;1;1;1;Bel Air;;
536577820;3;11;2024;02:15;4;56;56165;2;6;1;6;Bd Yves Carof;;
536577822;3;11;2024;06:40;3;56;56148;1;1;1;6;Lieu Dit Kerguinio;;
536577823;9;12;2024;19:27;3;71;71490;1;1;1;2;N70;;
536577824;3;11;2024;17:05;1;56;56008;1;1;1;7;Kerihhuel;;
536577825;9;12;2024;20:20;3;49;49029;1;2;2;1;D751;;
536577826;9;12;2024;15:10;1;22;22241;1;1;2;3;Porcollois;;
536577827;4;11;2024;08:40;2;76;76199;1;3;5;3;Le Vergenet;;
536577828;10;12;2024;06:50;3;35;35027;1;1;1;3;La Cloture;;
536577829;3;11;2024;12:00;1;80;80815;1;1;1;1;D1001;;
536577830;9;12;2024;08:00;2;29;29293;2;1;8;6;Route de Lambell;;
536577831;3;11;2024;19:50;3;61;61440;1;1;5;6;24 Lieu Dit Blondeliere;;
536577832;9;12;2024;15:00;1;29;29279;1;1;3;6;D58;;
536577833;4;11;2024;18:00;2;42;42181;2;9;1;6;Route de Lyon;;
536577834;9;12;2024;17:45;5;31;31246;2;2;2;3;Chemin la Lanne;;
536577835;2;11;2024;16:39;1;42;42289;1;4;5;3;Route de Lyon;;
536577836;16;11;2024;02:35;3;02;02086;1;1;1;6;D56;;
536577837;28;10;2024;16:20;1;42;42249;2;4;7;1;Avenue de Bellevue;;
536577838;9;12;2024;12:05;1;84;84089;1;1;1;7;Route de la Bonde;;
536577839;4;11;2024;08:20;1;34;34142;2;1;1;6;Avenue Joseph Vallot;;
536577840;9;12;2024;12:45;1;26;26304;1;1;1;7;Chemin du vignal;;
536577841;22;10;2024;11:40;1;22;22158;1;1;5;2;N164;;
536577842;9;12;2024;17:55;5;06;06079;2;1;1;2;145 boulevard de la libération;;
536577843;4;11;2024;15:57;1;38;38027;1;1;1;2;Route de la Gache;;
536577844;9;12;2024;16:45;1;14;14326;2;1;8;2;Route de Cormeilles;;
536577845;2;11;2024;17:00;2;15;15215;1;1;1;6;Chemin des Melicomps;;
536577846;4;11;2024;14:45;1;01;01113;2;1;1;6;D26;;
536577847;10;12;2024;16:10;1;50;50562;1;1;6;6;La Bijude;;
536577848;3;11;2024;12:15;1;66;66148;1;1;1;6;Paulilles RD 914;;
536577849;10;12;2024;14:00;1;16;16404;1;9;1;3;La Grande Petoulle;;
536577850;3;11;2024;16:55;2;50;50030;2;1;1;3;Rue Alfred Rossel;;
536577851;3;11;2024;14:50;1;90;90052;2;1;1;7;Faubourg de France;;
536577852;9;12;2024;18:25;3;53;53096;1;1;1;1;La Petite Grange;;
536577853;1;11;2024;15:14;1;43;43051;1;1;1;3;Route de la Suchère;;
536577854;7;12;2024;10:40;1;40;40264;1;1;2;1;Route de Houndouban;;
536577855;4;11;2024;15:10;1;07;07329;1;1;1;7;Route de Saint-Martin;;
536577856;7;12;2024;14:15;1;85;85026;1;1;1;6;D12;;
536577857;4;11;2024;08:20;1;07;07343;1;3;5;3;D104;;
536577859;3;11;2024;10:45;1;40;40022;1;2;1;5;pk 0 D451;;
536577860;9;12;2024;15:56;1;52;52332;1;1;8;6;Avenue de Haute Meuse;;
536577861;3;11;2024;16:05;1;17;17008;1;1;1;7;Route départementale 112;;
536577862;10;12;2024;07:18;1;13;13051;1;1;1;5;D10;;
536577863;4;11;2024;06:35;1;37;37061;1;2;5;3;D41;;
536577864;10;12;2024;08:15;1;06;06085;2;1;1;4;2053 Route de la Roquette;;
536577865;2;11;2024;17:10;1;987;98734;2;2;1;3;RT1, PK 38+200;;
536577866;4;11;2024;06:02;1;974;97418;1;2;1;1;gare routière DUPARC, sortie 1;;
536577867;9;12;2024;13:50;1;27;27091;1;1;1;1;A13;;
536577868;3;11;2024;23:57;5;06;06152;2;6;1;6;20 Route des Dolines;;
536577869;9;12;2024;07:55;1;76;76484;1;1;1;4;D18E BRETELLE;;
536577870;24;10;2024;02:00;3;01;01276;1;1;1;2;A432;;
536577871;7;12;2024;20:30;4;973;97357;2;1;1;7;Gaan Siton;;
536577872;9;12;2024;23:20;3;971;97107;1;1;2;5;N1;;
536577873;4;11;2024;12:51;1;38;38401;1;1;1;7;A43, Pk 47,5;;
536577875;4;11;2024;16:45;1;78;78349;1;1;1;2;A10, PK019+000, Direction Province;;
536577876;10;12;2024;07:15;3;95;95308;1;1;2;1;D927;;
536577877;3;11;2024;16:50;1;976;97608;2;1;1;1;31 Rue du Commerce;;
536577878;9;12;2024;07:00;3;34;34128;1;1;1;6;RD 986;;
536577879;27;11;2024;11:30;1;70;70205;1;1;1;6;d16;;
536577880;2;11;2024;07:45;1;77;77474;1;3;1;6;Route nationale 3;;
536577881;2;11;2024;04:00;3;66;66093;1;1;1;6;route de laroque des alberes;;
536577882;10;12;2024;15:05;1;89;89380;1;1;1;2;autoroute A6 pk 110.500;;
536577883;4;11;2024;11:25;1;66;66037;2;3;1;1;avenue des arenes;;
536577884;3;12;2024;18:15;5;51;51250;2;2;2;3;Rue du Jeu de Paume;;
536577885;3;11;2024;17:50;2;30;30156;1;1;1;1;chemin;;
536577886;10;12;2024;08:15;2;68;68063;1;1;1;2;D83;;
536577887;3;11;2024;16:25;1;34;34344;2;1;1;7;Avenue Marechal Leclerc;;
536577888;2;11;2024;07:40;2;13;13004;1;1;1;7;Route de Faraman;;
536577889;3;11;2024;15:55;1;13;13027;2;1;7;3;Boulevard Ernest Genevet;;
536577890;3;11;2024;19:35;3;70;70248;1;1;1;6;35 Rue de Chenebier;;
536577891;28;10;2024;15:25;1;67;67458;2;1;1;7;Rue du Moulin;;
536577892;2;11;2024;10:30;1;26;26313;1;2;5;6;RD 171;;
536577893;1;11;2024;14:15;1;01;01012;1;1;1;1;D102;;
536577894;1;11;2024;20:25;3;09;09049;1;1;1;6;D17;;
536577895;3;11;2024;12:30;1;14;14762;1;1;1;6;Lieu dit La Mauduitière;;
536577896;3;11;2024;20:05;3;13;13211;1;1;1;2;A50-Sens Aubagne vers Marseille;;
536577897;29;10;2024;16:04;1;13;13211;1;1;1;2;Sens Aubagne vers Marseille;;
536577898;1;11;2024;17:00;1;13;13106;1;1;1;4;A7-Sens Lyon vers Marseille;;
536577899;3;11;2024;19:00;3;91;91689;1;1;1;4;AUTOROUTE A6;;
536577900;3;11;2024;15:00;1;94;94021;1;1;1;2;A6B;;
536577901;3;11;2024;19:05;3;78;78362;1;1;1;2;A13;;
536577902;2;11;2024;20:10;3;78;78133;1;1;1;4;A13;;
536577903;2;11;2024;19:47;3;78;78640;1;1;1;2;N118;;
536577904;3;11;2024;03:00;3;95;95277;1;1;1;3;A104;;
536577905;3;11;2024;02:05;3;77;77121;1;1;1;6;A4;;
536577906;2;11;2024;07:29;1;94;94065;1;1;1;2;A86;;
536577907;9;5;2024;22:50;5;73;73011;2;1;1;7;CHASSEURS ALPINS (AV.)C. VILLE VERS AV.J;;
536577908;14;1;2024;02:15;3;73;73181;1;1;1;6;N90;;
536577909;22;10;2024;16:50;2;44;44109;2;1;1;1;264 Avenue du Séquoia;;
536577910;22;10;2024;16:35;2;44;44109;2;1;1;6;5 Rue de Strasbourg;;
536577911;19;10;2024;13:50;1;44;44143;2;1;1;6;29 Avenue de la Libération;;
536577912;9;7;2024;14:45;1;62;62040;1;9;2;2;D942;;
536577913;26;6;2024;19:15;1;62;62758;2;2;1;3;D96;;
536577914;18;10;2024;01:00;5;44;44162;2;6;1;6;Rond Point de la Porte d'Armor;;
536577915;11;1;2024;16:00;1;76;76351;1;1;1;2;RD 6382;;
536577916;12;1;2024;18:00;5;72;72181;2;1;1;6;FRESNAYE ROGER DE LA (RUE);;
536577917;11;1;2024;11:40;1;71;71270;2;6;1;6;Carrefour Europe - Av Edouard Herriot;;
536577918;12;1;2024;07:30;5;69;69290;2;1;8;6;Rue Jules Ferry;;
536577921;12;1;2024;13:50;1;64;64445;2;2;1;3;GASTON LACOSTE;;