Num_Acc;jour;mois;an;hrmn;lum;dep;com;agg;int;atm;col;adr;lat;long
536577922;12;1;2024;07:55;2;64;64269;1;1;8;4;D938;;
536577923;13;1;2024;23:35;5;64;64102;2;1;5;7;DARRIGRAND (AVENUE JEAN);;
536577924;12;1;2024;05:50;5;59;59650;2;2;9;3;Rue des Patriotes;;
536577925;10;1;2024;14:05;1;58;58194;2;1;1;7;SAULAIES (ROUTE);;
536577926;12;1;2024;15:50;1;51;51454;2;2;8;6;JUIN (AVENUE DU MARECHAL);;
536577927;12;1;2024;15:50;1;49;49007;2;1;1;3;BIRGE BOULEVARD;;
536577928;11;1;2024;19:00;5;49;49015;1;1;1;2;MEIGNANNE ROUTE DE LA;;
536577929;11;1;2024;19:00;5;49;49007;2;5;1;3;PRE PIGEON;;
536577930;12;1;2024;05:35;5;45;45234;2;3;1;3;D2020 PR 36 + 8200;;
536577931;12;1;2024;16:10;1;44;44109;2;2;1;6;24 Rue Racine;;
536577932;12;1;2024;13:50;1;37;37261;2;1;1;3;DE GAULLE (AVENUE DU GENERAL);;
536577933;12;1;2024;07:35;5;37;37261;2;1;1;2;GANCE (BOULEVARD ABEL);;
536577934;9;1;2024;18:20;5;35;35238;2;2;1;6;JANVIER (AVENUE JEAN);;
536577935;12;1;2024;08:35;1;34;34301;2;1;1;3;BLANC CAMILLE (BOULEVARD);;
536577938;10;1;2024;16:46;1;33;33281;2;1;2;1;Rue de Beaudesert;;
536577939;12;1;2024;16:40;1;31;31555;1;1;8;5;VA007379 BAYLAC  A624 Sortie 1;;
536577940;12;1;2024;11:00;1;30;30007;2;1;1;7;AVEJAN (RUE D');;
536577942;12;1;2024;07:50;5;29;29019;2;6;1;3;rue Anatole France;;
536577943;12;1;2024;07:50;5;29;29019;2;1;1;6;avenue Maréchal Foch;;
536577944;11;1;2024;20:00;5;29;29019;2;2;1;6;rue de la Villeneuve;;
536577945;11;1;2024;19:00;5;29;29019;2;3;1;3;PLYMOUTH (ENTRE POINT DU JOUR ET 19 MARS;;
536577946;12;1;2024;05:55;5;27;27562;2;1;1;3;PRES (RUE DES);;
536577947;12;1;2024;12:45;1;27;27229;2;1;1;3;BRIAND (AVENUE ARISTIDE);;
536577948;12;1;2024;10:20;1;26;26198;2;1;1;1;Avenue du Marechal Juin;;
536577949;12;1;2024;22:50;3;25;25056;2;1;1;6;RN 1057 (CH. EPITAPHE-CH. MONTBOUCONS);;
536577950;12;1;2024;01:10;4;23;23096;2;1;1;6;LEROUX (AVENUE PIERRE);;
536577951;10;1;2024;16:05;1;19;19031;2;1;4;2;Avenue Jean Charles Rivet;;
536577952;12;1;2024;18:50;3;17;17380;2;3;8;3;VIOLETTES (DES);;
536577953;12;1;2024;13:00;1;13;13215;2;1;1;5;LITTORAL (CHEMIN DU);;
536577954;12;1;2024;08:05;1;13;13005;2;1;8;3;CAMP DE SARLIER ROUTE DE GEMENOS;;
536577957;12;1;2024;09:42;1;10;10387;2;6;1;3;ST DOMINIQUE (MAIL);;
536577958;11;1;2024;09:59;1;10;10343;2;2;7;3;boulevard de Dijon;;
536577959;11;1;2024;00:35;5;75;75118;2;1;1;2;BD PERIPHERIQUE INTERIEUR;;
536577960;12;1;2024;17:00;2;75;75119;2;2;1;3;RUE DE LA HAIE COQ;;
536577961;12;1;2024;09:30;1;75;75117;2;3;1;6;RUE GALVANI;;
536577962;12;1;2024;07:00;5;75;75117;2;3;1;3;AVENUE DE LA PORTE DE CHAMPERRET;;
536577963;12;1;2024;07:30;5;75;75112;2;3;1;7;PONT DE TOLBIAC;;
536577964;12;1;2024;03:45;5;75;75112;2;2;1;6;AVENUE LEDRU ROLLIN;;
536577965;12;1;2024;10:45;1;75;75110;2;3;8;6;BOULEVARD SAINT MARTIN;;
536577966;11;1;2024;20:12;5;75;75110;2;2;1;6;BOULEVARD DE MAGENTA;;
536577967;12;1;2024;19:20;5;75;75108;2;3;1;3;BOULEVARD MALESHERBES;;
536577968;12;1;2024;01:12;5;75;75114;2;3;8;3;RUE VERCINGETORIX;;
536577969;12;1;2024;16:33;1;94;94078;2;1;1;6;11 Rue de Crosne;;
536577970;12;1;2024;09:05;1;94;94022;2;3;8;6;Boulevard de Stalingrad / Bretelle A86;;
536577971;11;1;2024;14:50;1;94;94079;2;9;1;3;Boulevard de Friedberg / Boulevard Jean Monnet;;
536577972;12;1;2024;16:30;2;93;93039;2;2;1;3;Rue Méchin / Rue du Bocage;;
536577973;12;1;2024;09:00;1;93;93050;2;3;1;6;Avenue Jean Jaurès / Avenue Jean Stéphan;;
536577974;12;1;2024;22:25;5;93;93048;2;2;1;3;Rue de Rosny / Avenue Walwein;;
536577975;12;1;2024;14:11;1;93;93079;2;9;1;3;Avenue de la Division Leclerc;;
536577976;12;1;2024;08:00;5;93;93031;2;1;1;6;Avenue de la République;;
536577977;12;1;2024;11:26;1;93;93014;2;1;1;1;Allée Jules Vallès;;
536577978;10;1;2024;23:24;5;92;92072;2;9;1;3;MANUFACTURE NATIONALE (PLACE DE LA);;
536577979;11;1;2024;21:35;5;92;92063;2;1;1;7;BONS RAISINS (RUE DES);;
536577980;12;1;2024;16:45;1;92;92062;2;2;8;6;GENERAL DE GAULLE (AV) DU 44 AU 106;;
536577981;12;1;2024;07:50;5;92;92051;2;2;1;3;PERRONET (RUE, N° 93 A 149 ET 112 A 182);;
536577982;12;1;2024;15:20;1;92;92036;2;1;1;2;GRESILLONS (AVENUE DES) (47/101);;
536577983;12;1;2024;18:20;5;92;92025;2;7;1;6;GARE CENTRALE;;
536577984;11;1;2024;21:25;5;92;92024;2;1;1;6;CLICHY (QUAI DE) DE (8 A 60);;
536577985;12;1;2024;15:45;1;92;92007;2;1;8;6;PETIT (AVENUE ALBERT) N° 28 A FIN;;
536577987;13;1;2024;16:00;1;26;26334;1;1;1;3;D179 - chemin des dames;;
536577988;13;1;2024;18:05;5;86;86174;1;6;8;3;D161;;
536577989;4;4;2024;15:15;1;67;67043;2;3;2;3;PERIGUEUX (AVENUE DE);;
536577990;13;1;2024;11:45;1;41;41167;1;9;8;3;D1;;
536577991;13;1;2024;11:50;1;28;28073;1;1;5;6;autoroute A11 PK 045+000;;
536577992;4;4;2024;14:45;1;67;67482;2;9;2;3;PLAINE DES BOUCHERS (RUE DE LA);;
536577993;13;1;2024;08:25;2;86;86165;2;1;8;1;Route de Lussac;;
536577994;4;4;2024;17:02;1;65;65440;2;1;1;6;Avenue de la Marne;;
536577995;12;1;2024;12:50;1;21;21652;1;1;1;2;Autoroute A6;;
536577996;11;1;2024;20:15;5;62;62529;1;2;8;3;D72;;
536577997;3;4;2024;17:00;1;65;65286;2;3;1;3;Avenue Eugène Duviau;;
536577998;13;1;2024;01:20;5;971;97132;1;1;2;3;rn1;;
536577999;3;4;2024;18:35;1;64;64102;2;1;1;2;MAIGNON (ROUTE DE);;
536578000;13;1;2024;15:15;1;59;59653;1;1;1;1;Rue Anatole France;;
536578001;3;4;2024;11:43;1;64;64102;2;1;1;2;SOULT (AVENUE MARECHAL);;
536578002;11;1;2024;16:40;1;44;44009;2;1;1;6;Rue Kerguélen;;
536578003;3;4;2024;08:00;1;64;64024;2;1;1;3;LOUILLOT (RUE DE);;
536578004;12;1;2024;03:05;4;51;51030;1;1;1;7;Départementale 9;;
536578005;12;1;2024;09:00;1;65;65299;1;1;1;1;D53;;
536578006;12;5;2024;14:50;1;80;80632;1;1;1;4;A29, PK 183.940;;
536578007;3;4;2024;16:00;1;61;61001;2;1;1;2;Place Point du Jour;;
536578008;11;1;2024;16:40;1;42;42173;1;2;8;3;Route des Treyves;;
536578009;12;5;2024;17:46;1;47;47191;1;1;8;7;A62 PK67.000;;
536578010;3;4;2024;16:25;1;58;58194;2;3;2;6;GONZAGUE;;
536578011;12;5;2024;21:20;3;13;13087;1;1;1;6;autoroute a8 point kilométrique 033.150;;
536578012;13;1;2024;18:25;5;44;44146;2;1;1;1;10 Rue du Haut Beauvais;;
536578013;12;1;2024;21:00;3;03;03019;1;1;1;6;Lieu Dit les Communes;;
536578014;18;2;2024;11:07;1;57;57221;1;1;8;3;D13;;
536578015;13;5;2024;06:50;1;987;98750;1;1;1;1;PK 14,300 faaroa;;
536578016;13;1;2024;03:25;3;72;72172;2;9;1;6;Rue Louis Fernand Courcier;;
536578017;4;4;2024;12:25;1;56;56260;2;1;1;6;MANAC'H(RUE CHARLES);;
536578018;13;1;2024;00:30;5;06;06153;2;1;1;6;M2565 au PKR 45+700 (ST DALMAS);;
536578019;13;1;2024;02:35;3;05;05017;1;1;1;6;route de Briançon;;
536578020;12;5;2024;19:09;5;973;97305;2;1;1;2;pk 28 route nationale 1;;
536578021;3;4;2024;18:10;1;51;51454;2;1;1;6;NICE (RUE DE);;
536578022;13;5;2024;09:50;1;2B;2B193;1;1;1;6;RT20;;
536578024;3;4;2024;09:25;1;51;51454;2;1;1;6;MURS (RUE);;
536578025;13;1;2024;05:10;3;64;64202;2;1;1;7;D11;;
536578026;13;1;2024;03:50;5;10;10367;2;1;5;6;Route d’Orleans;;
536578027;12;5;2024;16:44;1;30;30145;1;1;1;7;départementale 500;;
536578028;12;5;2024;18:00;1;34;34135;1;9;1;6;Route de Fleury;;
536578030;3;4;2024;16:49;1;49;49007;2;1;1;3;BERANGER;;
536578032;4;4;2024;15:55;1;45;45284;2;6;2;3;D2152 PR 68 + 902;;
536578033;12;5;2024;12:15;1;84;84078;2;3;1;3;Route de Pont Saint Esprit;;
536578034;12;1;2024;13:50;1;53;53040;1;2;8;5;la brecinière;;
536578035;4;4;2024;14:10;1;42;42275;2;1;1;6;Rue de la Piot;;
536578036;13;5;2024;03:15;3;89;89053;1;1;1;6;autoroute A6;;
536578037;13;1;2024;12:45;1;04;04001;1;6;7;3;N85;;
536578038;25;3;2024;17:40;1;42;42218;2;1;1;3;Rue Charles Cholat;;
536578039;13;1;2024;17:50;5;13;13069;2;3;1;3;Route de Lambesc;;
536578040;11;5;2024;18:15;1;71;71583;2;6;1;2;2127 route des allemands;;
536578041;4;4;2024;08:55;1;35;35238;2;1;1;1;LORIENT (DE);;
536578042;12;1;2024;10:15;1;68;68300;1;1;4;2;A36;;
536578044;4;4;2024;13:10;1;34;34108;2;1;1;6;CALMETTE (AVENUE DES);;
536578045;12;5;2024;04:50;3;07;07136;1;1;1;6;D906;;
536578046;4;4;2024;07:50;1;34;34301;2;9;1;1;MASSAULT PAUL (ECHANGEUR);;
536578047;12;5;2024;22:30;3;69;69289;1;4;1;1;Route Départementale 153;;
536578048;13;1;2024;16:40;1;38;38516;2;2;1;5;D1090;;
536578050;13;1;2024;10:10;1;77;77185;1;1;5;2;Autoroute A6, au point kilométrique 048.700 dans le sens PARIS vers LYON;;
536578051;11;5;2024;17:00;1;17;17375;2;1;1;7;Rue de Fontpourry;;
536578052;4;4;2024;14:15;1;34;34198;2;6;1;3;ROND-POINT DE LA CAPITELLE;;
536578053;12;1;2024;21:30;3;988;98817;1;1;1;6;RPS1;;
536578054;3;4;2024;14:40;1;34;34172;2;1;1;6;MOULIN DE SEMALEN (RUE DU);;
536578055;12;5;2024;11:30;1;64;64551;2;2;8;7;rue des pyrénées;;
536578056;13;1;2024;00:35;3;971;97129;1;1;2;6;N2;;
536578058;13;1;2024;03:00;3;84;84034;1;1;1;2;D900;;
536578059;10;5;2024;18:45;1;27;27644;2;1;1;6;Route de Gisors;;
536578060;3;4;2024;14:05;1;34;34003;2;1;1;2;SAINT CHRIST (M7 A H11;;
536578061;11;1;2024;10:50;1;21;21464;2;1;7;6;51 Rue Caumont Bréon;;
536578063;12;1;2024;12:45;1;68;68226;2;1;4;6;29 Rue du Gal de Lattre de Tassigny;;
536578064;12;5;2024;19:13;1;62;62705;1;2;1;3;D191;;
536578066;12;1;2024;17:26;2;29;29119;1;3;1;3;Le Guilly;;
536578068;11;5;2024;20:00;1;13;13214;1;1;1;2;A7-Sens Marseille vers Lyon;;
536578069;12;1;2024;17:42;2;22;22093;1;1;1;1;D768;;
536578070;11;5;2024;15:55;1;13;13216;1;1;1;6;A55-Sens Martigues vers Marseille;;
536578071;12;1;2024;16:25;1;35;35066;1;1;8;1;Route départementale 44;;
536578072;11;5;2024;12:30;1;13;13211;1;1;1;6;A50-Sens Aubagne vers Marseille;;
536578075;12;5;2024;15:25;1;83;83035;1;1;1;6;A50;;
536578077;12;5;2024;05:35;5;69;69259;1;1;1;4;Route Départementale 383;;
536578078;11;1;2024;08:45;1;13;13211;1;1;3;2;A50-Sens Aubagne vers Marseille;;
536578079;12;5;2024;07:40;1;91;91471;1;1;1;6;RN 118;;
536578081;12;1;2024;09:00;1;69;69270;1;1;8;4;Autoroute 46;;
536578083;12;5;2024;09:00;1;92;92064;1;1;1;4;A13;;
536578085;12;5;2024;19:05;1;95;95277;1;1;2;7;A3;;
536578086;4;4;2024;06:00;5;29;29232;2;1;2;7;Rue du 19 Mars 1962;;
536578087;11;5;2024;14:05;1;93;93027;1;1;1;4;A86;;
536578088;4;4;2024;16:30;1;29;29232;2;1;2;2;Route de Benodet;;
536578089;11;5;2024;01:00;3;95;95277;1;1;1;5;A3;;
536578090;4;4;2024;13:20;1;29;29232;2;9;2;3;Rue Jean Jaures;;
536578091;12;5;2024;20:55;4;77;77438;1;1;1;3;RN104;;
536578093;3;4;2024;18:30;1;29;29232;2;1;2;2;Route de Douarnenez;;
536578094;28;2;2024;22:35;3;45;45042;1;1;1;2;Route de Gien;;
536578095;12;5;2024;14:25;1;77;77514;1;1;1;6;A104;;
536578096;8;1;2024;03:45;4;59;59196;1;1;1;2;AUTOROUTE A25;;
536578097;12;5;2024;08:00;1;94;94046;1;1;1;6;A86;;
536578098;4;4;2024;08:10;1;29;29039;1;1;2;2;RD 70 (route départementale);;
536578099;28;2;2024;15:18;1;2B;2B188;1;1;8;1;D82;;
536578100;12;5;2024;07:50;1;94;94022;1;1;1;6;A86;;
536578101;12;1;2024;18:05;3;91;91434;1;1;1;3;AUTOROUTE A6;;
536578102;1;3;2024;17:10;2;74;74295;1;1;2;1;D902;;
536578103;12;1;2024;09:20;1;91;91377;1;1;1;4;AUTOROUTE A10;;
536578104;28;2;2024;23:45;3;71;71074;1;1;1;6;Route de Julienas;;
536578105;26;3;2024;12:40;1;28;28085;2;9;2;6;INTERMARCHE (RUE DU GORD);;
536578106;27;2;2024;11:10;1;74;74269;1;1;8;5;D992;;
536578107;24;2;2024;22:00;5;74;74307;2;1;1;6;D2;;
536578108;4;4;2024;08:30;1;27;27681;2;9;2;2;GISORS (ROUTE DE);;
536578109;12;1;2024;10:20;1;91;91687;1;1;1;4;AUTOROUTE A6;;
536578110;12;1;2024;07:40;3;91;91471;1;1;1;6;CHEVREUSE (BRETELLE DE);;
536578111;4;4;2024;10:35;1;27;27681;1;3;2;3;IVRY (ROUTE D');;
536578112;29;2;2024;06:55;2;01;01262;2;1;1;6;Faubourg de Lyon;;
536578113;21;2;2024;10:35;1;74;74009;1;1;1;2;A41;;
536578114;12;1;2024;00:17;3;91;91235;1;1;1;6;RN 104;;
536578115;4;4;2024;16:55;1;25;25204;2;1;1;3;Sylve  (rue de la);;
536578116;4;2;2024;04:15;3;74;74074;1;1;5;6;1206;;
536578117;28;2;2024;09:10;1;85;85100;1;1;2;7;RD6;;
536578118;12;1;2024;18:15;3;78;78043;1;9;1;4;A13Y;;
536578119;3;4;2024;14:05;1;24;24037;2;2;1;3;DOUMER (AVENUE PAUL);;
536578120;23;2;2024;14:45;1;14;14209;1;1;2;6;Rue de Bayeux;;
536578121;28;2;2024;14:49;1;76;76506;1;1;2;6;Departementale 97;;
536578122;4;4;2024;09:05;1;17;17380;2;6;1;3;VERDUN (AVENUE DE);;
536578123;12;1;2024;17:45;4;92;92050;1;1;1;2;A86;;
536578124;12;1;2024;10:20;1;14;14173;1;1;9;7;Rue de Glatigny;;
536578125;23;2;2024;08:29;1;13;13071;1;1;1;3;A5501G-Sens Mlle Vieux Port vers A7-Lyon;;
536578126;3;3;2024;12:19;1;17;17306;2;1;1;2;GALIOTE (DE LA);;
536578127;11;1;2024;23:00;5;92;92050;1;1;1;3;A86;;
536578128;4;4;2024;13:15;1;14;14118;2;3;1;3;90 Rue de Falaise;;
536578129;19;2;2024;10:00;1;77;77083;2;6;1;3;PYRAMIDES (AVENUE DES);;
536578130;28;2;2024;06:05;3;13;13117;1;1;1;2;A7-Sens Marseille vers Lyon;;
536578131;3;4;2024;08:00;1;14;14118;2;1;8;7;95 Rue Chemin Vert;;
536578132;11;5;2024;07:45;1;974;97416;1;1;1;3;RN3 (ANCIENNE ROUTE);;
536578133;11;1;2024;18:15;3;92;92064;1;1;1;4;A13;;
536578134;4;4;2024;09:35;1;13;13106;2;9;1;3;APT (ROUTE D');;
536578135;10;5;2024;15:10;1;974;97416;2;1;1;6;STEPHANE(CHEMIN);;
536578136;4;4;2024;14:15;1;13;13201;2;1;1;2;LIEUTAUD (COURS)      2 A 52;;
536578137;3;4;2024;18:10;1;13;13202;2;9;1;3;LAZARET (QUAI DU);;
536578138;23;2;2024;18:24;4;59;59606;1;1;3;4;AUTOROUTE A2;;
536578139;12;1;2024;12:30;1;93;93029;1;1;1;4;A86;;
536578140;11;5;2024;08:10;1;974;97407;2;6;1;3;SACRE COEUR (RD POINT) -RIV. DES GALETS;;
536578141;3;4;2024;17:20;1;13;13028;1;1;1;1;CRETES (ROUTES DES);;
536578142;28;2;2024;17:00;1;91;91521;1;1;1;2;AUTOROUTE A6;;
536578143;12;1;2024;08:00;1;94;94004;1;1;1;3;RN19;;
536578144;4;4;2024;11:45;1;13;13005;2;3;1;3;CAMP DE SARLIER ROUTE DE GEMENOS;;
536578145;28;2;2024;07:10;2;78;78545;1;1;1;6;A12 Y;;
536578146;11;5;2024;11:17;1;973;97302;2;1;3;3;MADELEINE (ROUTE DE LA);;
536578147;12;1;2024;04:25;2;988;98818;2;1;1;6;PROMENADE PIERRE VERNIER;;
536578148;3;4;2024;18:00;1;12;12145;2;1;1;3;MARTEL EDOUARD ALFRED (AVENUE);;
536578149;27;2;2024;11:09;1;92;92072;1;1;8;3;N118;;
536578150;3;4;2024;11:06;1;11;11069;2;9;1;6;Avenue du Marechal Foch;;
536578151;11;1;2024;17:54;1;973;97302;2;9;1;3;SOURCE DE BADUEL (CHEMIN DE LA);;
536578152;10;5;2024;01:10;5;973;97302;2;2;2;3;MALOUET;;
536578153;29;3;2024;22:20;5;10;10357;2;1;2;7;MARECHAL DE LATTRE DE TASSIGNY (RUE DU);;
536578154;4;4;2024;05:10;5;07;07102;2;1;1;7;Jean MOULIN (Rue);;
536578155;11;5;2024;18:35;1;69;69383;2;1;1;3;Route de Genas;;
536578156;11;1;2024;16:27;1;973;97302;2;3;1;3;TIGRE (ROUTE DU);;
536578157;27;2;2024;06:30;3;92;92063;1;1;8;4;A86;;
536578158;4;4;2024;18:20;1;06;06027;2;1;1;3;Promenade de l'Hippodrome;;
536578159;11;5;2024;17:40;1;69;69386;2;2;1;6;Rue Garibaldi;;
536578160;11;1;2024;14:10;1;973;97302;2;1;1;7;LIBERTE (AVENUE DE LA);;
536578161;27;2;2024;07:15;1;95;95527;1;1;1;6;A3;;
536578162;4;4;2024;07:07;1;06;06027;2;1;8;3;Avenue de Grasse;;
536578163;11;5;2024;17:50;1;69;69149;2;1;1;3;103 Rue Emile Zola;;
536578164;3;4;2024;17:15;1;06;06004;2;9;1;1;849 Chemin des Combes;;
536578165;27;2;2024;07:00;2;95;95582;1;1;1;2;D170;;
536578166;11;5;2024;09:30;1;69;69385;2;4;1;6;Rue Commandant Charcot;;
536578167;11;1;2024;08:15;1;973;97302;2;1;1;3;MANGUIERS (CITE);;
536578168;4;4;2024;12:50;1;04;04070;2;1;1;3;THIERS (BD);;
536578169;26;2;2024;22:00;3;93;93078;1;1;2;6;A104;;
536578170;11;1;2024;13:15;1;972;97213;2;1;1;2;AUTOROUTE A1;;
536578171;10;5;2024;23:50;5;971;97113;2;1;1;3;MONTAUBAN (SECTEUR);;
536578172;4;4;2024;08:05;1;75;75116;2;1;2;4;BD PERIPHERIQUE EXTERIEUR;;
536578173;26;2;2024;19:00;3;95;95572;1;1;2;2;A15;;
536578174;4;4;2024;12:30;1;75;75117;2;2;8;6;RUE GUY MOQUET;;
536578175;10;5;2024;13:40;1;971;97113;1;1;1;3;SECTION MATHURIN;;
536578176;11;1;2024;07:30;5;69;69034;2;9;8;1;Montée des Soldats;;
536578177;26;2;2024;16:55;1;95;95277;1;1;2;6;A3;;
536578178;11;5;2024;19:40;1;95;95268;2;1;1;6;PIERRE LESCOT (RUE);;
536578179;4;4;2024;07:10;2;75;75104;2;3;3;3;QUAI DES CELESTINS;;
536578180;11;1;2024;17:40;5;2B;2B037;1;1;1;2;TOUTES RUES;;
536578181;11;5;2024;18:20;1;95;95277;1;1;1;1;GONESSE A VILLEPINTE (CHEMIN DE);;
536578182;26;2;2024;17:20;2;95;95582;1;1;2;4;D170;;
536578183;4;4;2024;00:10;5;75;75113;2;3;1;2;QUAI PANHARD ET LEVASSOR;;
536578184;11;5;2024;13:50;1;95;95197;2;1;1;2;D928;;
536578185;10;1;2024;23:20;5;2B;2B033;2;3;2;3;AV DE LA LIBERATION;;
536578186;3;4;2024;19:30;2;75;75120;2;2;1;6;RUE D AVRON;;
536578187;27;2;2024;16:15;1;75;75105;2;7;1;6;RUE MOUFFETARD;;
536578188;11;1;2024;14:10;1;971;97105;2;1;1;2;VICTOR HUGUES (RUE);;
536578189;4;4;2024;17:35;1;75;75119;2;3;1;6;AVENUE MATHURIN MOREAU;;
536578190;11;5;2024;20:27;2;91;91657;2;1;1;6;HENRI BARBUSSE (AVENUE);;
536578191;26;2;2024;17:20;1;75;75118;2;1;8;3;Avenue de la Porte de Montmartre;;
536578192;11;5;2024;19:30;1;91;91434;2;1;1;6;SAINT-HUBERT (AVENUE);;
536578193;4;4;2024;11:05;1;75;75117;2;7;2;2;PLACE DES TERNES;;
536578194;11;1;2024;15:10;1;91;91477;2;2;1;3;BLAISE PASCAL (RESIDENCE);;
536578195;27;2;2024;15:30;1;75;75117;2;3;1;6;BOULEVARD GOUVION SAINT CYR;;
536578196;11;5;2024;14:00;1;91;91433;1;1;1;2;R.D. 20;;
536578197;4;4;2024;09:15;1;75;75116;2;4;3;7;AVENUE FOCH;;
536578198;10;1;2024;17:10;2;91;91201;2;3;1;3;ALPHONSE DAUDET (RUE);;
536578199;11;5;2024;21:50;2;80;80021;2;1;1;7;Avenue Roger Dumoulin;;
536578200;27;2;2024;00:55;5;75;75116;2;1;2;6;ALLEE DE LA REINE MARGUERITE;;
536578201;3;4;2024;09:00;1;75;75114;2;2;2;3;AVENUE ERNEST REYER;;
536578202;11;1;2024;04:36;5;87;87085;2;1;8;7;MONTPLAISIR (RUE);;
536578203;2;4;2024;19:00;1;75;75114;2;2;8;2;RUE DES PLANTES;;
536578204;26;2;2024;21:25;5;75;75114;2;2;3;3;AVENUE ERNEST REYER;;
536578205;4;4;2024;07:55;1;75;75112;2;1;2;3;QUAI DE BERCY;;
536578206;10;1;2024;16:00;1;84;84007;2;1;2;6;MORIERES (Route de );;
536578207;26;2;2024;22:09;5;75;75112;2;3;2;6;BOULEVARD SOULT;;
536578208;4;4;2024;15:50;1;75;75111;2;2;1;6;AVENUE LEDRU ROLLIN;;
536578209;10;5;2024;10:50;1;74;74118;1;6;1;3;REIGNIER (ROUTE DE);;
536578210;10;1;2024;18:30;5;83;83062;2;3;2;3;DUCLOS (AVENUE JACQUES);;
536578211;11;5;2024;19:20;1;69;69275;2;6;1;6;Rue Emile Zola;;
536578212;27;2;2024;19:05;5;75;75116;2;7;1;1;PLACE CHARLES DE GAULLE;;
536578213;11;5;2024;12:40;1;69;69264;2;6;1;3;Rue de Belleroche;;
536578214;11;1;2024;21:10;5;78;78440;2;9;1;6;PAUL RAOULT (AVENUE);;
536578215;4;4;2024;09:06;1;75;75110;2;3;3;2;BOULEVARD DE BONNE NOUVELLE;;
536578216;27;2;2024;10:50;1;75;75108;2;7;1;7;PLACE DES TERNES;;
536578217;4;4;2024;01:30;5;75;75109;2;1;1;6;BOULEVARD HAUSSMANN;;
536578218;11;5;2024;09:20;1;64;64373;2;1;1;6;GENERAL DE GAULLE DU;;
536578219;11;1;2024;09:10;1;76;76681;2;2;8;6;Rue Leon Salva;;
536578220;4;4;2024;17:00;1;75;75108;2;2;1;6;BOULEVARD MALESHERBES;;
536578221;27;2;2024;19:22;5;75;75107;2;2;1;2;AVENUE EMILE POUVILLON;;
536578222;11;1;2024;08:40;1;76;76216;2;3;1;6;Rue du Président Roosevelt;;
536578223;11;5;2024;06:00;1;54;54395;2;1;1;6;Avenue Raymond Pinchard;;
536578224;20;2;2024;16:45;1;75;75107;2;2;1;6;AVENUE CHARLES FLOQUET;;
536578225;11;1;2024;10:20;1;76;76351;2;3;1;3;STRASBOURG (BD);;
536578226;4;4;2024;09:30;1;75;75108;2;3;3;6;BOULEVARD MALESHERBES;;
536578227;27;2;2024;21:30;5;75;75102;2;2;1;7;RUE VIVIENNE;;
536578228;10;1;2024;13:25;1;76;76351;2;1;1;2;Avenue du Mont Le Comte;;
536578229;4;4;2024;01:20;5;75;75107;2;1;1;7;QUAI BRANLY;;
536578230;10;1;2024;17:55;5;76;76351;2;1;1;7;PIERRE MENDES FRANCE;;
536578231;27;2;2024;17:30;1;94;94073;2;1;1;2;avenue Franklin Roosevelt;;
536578232;11;5;2024;18:20;1;54;54197;1;2;1;3;Route de Lupcourt;;
536578233;4;4;2024;08:50;1;75;75104;2;2;2;6;QUAI DE L HOTEL DE VILLE;;
536578234;11;1;2024;07:45;1;73;73008;1;3;1;3;D1201 - ROOSEVELT FRANKLIN AVENUE;;
536578235;4;4;2024;12:30;1;94;94081;2;1;2;4;Avenue Jean Jaurès;;
536578236;26;2;2024;11:00;1;94;94011;2;2;2;3;Route de Stains / Route de l’Ile Barbiere;;
536578237;10;1;2024;19:25;5;72;72181;2;1;1;3;CUGNOT NICOLAS (BD);;
536578238;3;4;2024;15:25;1;94;94081;2;1;2;6;Avenue Paul Vaillant Couturier;;
536578239;11;5;2024;18:15;1;45;45286;2;2;1;3;7 Rue de Rosette;;
536578240;10;1;2024;18:20;3;71;71306;2;1;1;6;LOGE (RUE DE LA);;
536578241;26;2;2024;08:50;1;94;94060;2;1;2;4;Route du Pont Banneret;;
536578242;4;4;2024;14:30;1;94;94041;2;5;1;6;Rue Lénine / Rue Molière;;
536578243;11;1;2024;20:15;5;69;69266;2;2;2;6;Rue Gabriel Péri;;
536578244;26;2;2024;15:50;1;93;93073;1;1;2;6;Rue du Chapitre;;
536578245;10;1;2024;18:30;5;69;69266;2;3;2;3;119 Rue Alexis Perroncel;;
536578246;4;4;2024;07:40;2;94;94038;2;2;3;6;Avenue Flouquet / Avenue Larroumes;;
536578248;10;1;2024;18:05;5;69;69264;2;6;2;3;Avenue de l’Europe;;
536578249;4;4;2024;15:30;1;94;94077;2;1;1;6;Chemin de la Butte;;
536578250;27;2;2024;14:00;1;93;93055;2;3;1;3;Avenue Jean Lolive / Route de Noisy;;
536578252;11;1;2024;18:00;2;65;65417;2;1;1;6;Rue du Docteur Guinier;;
536578253;4;4;2024;14:20;1;94;94018;2;1;1;3;146 Rue de Paris;;
536578254;27;2;2024;07:00;2;93;93048;2;1;1;6;Rue Lenain de Tillemont;;
536578255;11;5;2024;03:15;3;31;31555;1;9;1;2;30 PONTS JUMEAUX  (PERIPH OUEST A620);;
536578256;11;1;2024;20:20;5;64;64102;2;1;2;7;FORGUES FERNAND (AVENUE);;
536578257;5;1;2024;17:35;5;62;62523;2;1;2;6;Rue de l'Abbaye;;
536578258;11;5;2024;15:20;1;29;29232;1;1;1;6;RN 165;;
536578259;4;4;2024;13:25;1;93;93073;2;6;1;7;Avenue du Parc / Rue du 8 Mai 1945;;