Num_Acc;jour;mois;an;hrmn;lum;dep;com;agg;int;atm;col;adr;lat;long
536578260;26;2;2024;16:01;1;93;93027;2;2;2;6;Rue de la Convention / Avenue de la République;;
536578261;10;1;2024;15:45;1;60;60057;2;1;1;3;Avenue Montaigne;;
536578262;4;4;2024;17:35;1;93;93066;2;3;1;3;Rue de la Montjoie / Rue Jeumont;;
536578263;26;2;2024;14:30;1;93;93027;2;1;2;3;Avenue Henri Barbusse;;
536578264;11;5;2024;02:40;3;29;29232;1;1;1;3;Chemin de Kerequellou;;
536578265;11;1;2024;08:10;2;59;59350;2;1;1;6;Rue Henri Lestienne;;
536578266;11;5;2024;16:20;1;29;29039;2;1;1;6;Rue du Poteau Vert;;
536578267;3;4;2024;22:40;5;93;93066;2;1;1;3;Boulevard Anatole France;;
536578268;11;1;2024;08:18;2;57;57463;2;1;1;6;MOULIN (RUE DU );;
536578269;27;2;2024;17:45;1;93;93005;2;4;1;2;Boulevard Georges Braque / D932;;
536578270;11;5;2024;18:25;1;29;29019;2;3;1;3;rue Fréminville;;
536578271;4;4;2024;06:50;4;93;93005;2;1;3;6;Rue Jean Charcot;;
536578272;11;1;2024;08:35;1;54;54526;2;1;1;2;Boulevard Jean Jaures;;
536578273;27;2;2024;16:50;1;92;92022;2;9;1;3;SALENGRO (AVENUE ROGER);;
536578274;11;1;2024;16:57;2;54;54099;2;9;1;7;Avenue Marguerite Puhl Demange;;
536578275;4;4;2024;09:40;1;92;92051;2;1;2;2;GENERAL LECLERC (BOULEVARD DU, N° 1 A 27;;
536578276;27;2;2024;20:36;5;92;92026;2;1;1;7;COEUR DEFENSE;;
536578277;11;5;2024;05:10;5;25;25056;2;3;1;3;KENNEDY  BOULEVARD J.F.;;
536578278;3;4;2024;18:45;1;92;92050;2;1;1;3;HAVRE BOULEVARD DU;;
536578279;11;1;2024;07:00;3;52;52121;1;1;1;3;R.D. 65;;
536578280;26;2;2024;18:00;5;92;92051;2;2;8;6;BINEAU (BOULEVARD, N°133 A 217 ET 134 A;;
536578281;11;5;2024;22:55;5;19;19031;2;1;1;3;LYAUTEY (BOULEVARD MARECHAL);;
536578282;2;4;2024;16:30;1;92;92050;2;9;1;6;VAILLANT COUTURIER PAUL RUE;;
536578283;11;1;2024;08:15;1;51;51454;2;1;1;6;CHALET (RUE);;
536578284;27;2;2024;18:10;5;92;92020;2;1;1;3;PERI RUE GABRIEL;;
536578285;3;4;2024;20:00;1;92;92044;2;1;1;3;CHARLES PASQUA (QUAI) 58 A90;;
536578286;11;5;2024;01:05;5;18;18205;2;6;1;7;Route d'Orléans;;
536578287;11;1;2024;08:40;1;49;49007;2;1;4;7;BASSE CHAINE PONT;;
536578288;27;2;2024;17:45;1;92;92040;2;1;8;3;JEAN JAURES (AVENUE);;
536578289;11;5;2024;21:20;1;17;17306;2;3;1;7;MATISSE HENRI;;
536578290;4;4;2024;14:50;1;92;92040;2;2;1;6;SEVERINE;;
536578291;11;1;2024;08:39;2;49;49007;2;1;2;7;COUBERTIN BOULEVARD;;
536578292;26;2;2024;19:10;5;92;92025;2;1;1;6;GENERAL LECLERC (PLACE DU);;
536578293;11;1;2024;16:50;1;45;45068;2;1;1;6;D740 PR 5 + 250;;
536578294;3;4;2024;18:17;1;92;92024;2;4;1;6;RUE DU 08 MAI 1945;;
536578295;11;5;2024;19:34;1;15;15014;2;2;7;3;Avenue de Tronquières;;
536578296;27;2;2024;11:55;1;92;92019;2;3;1;3;BOIS (AVENUE DU);;
536578297;4;4;2024;20:30;5;92;92012;2;9;1;6;FERME (RUE DE LA) - COTE IMPAIR;;
536578298;10;1;2024;18:50;5;44;44184;2;2;1;3;261 Rue de Pornichet;;
536578299;10;5;2024;15:55;1;15;15014;2;1;1;6;RN 122;;
536578300;4;4;2024;21:20;4;49;49092;2;9;1;1;Rue de l'Europe (Chemillé);;
536578301;27;2;2024;04:00;5;92;92012;2;1;1;6;GENERAL LECLERC (AVENUE DU) 1/33 - 2/58;;
536578302;10;1;2024;11:10;1;38;38179;2;1;8;2;REPUBLIQUE (PLACE DE LA);;
536578303;22;2;2024;19:50;5;06;06114;2;1;2;6;Quai de la Banquiere;;
536578304;3;4;2024;15:45;1;42;42294;1;1;1;1;N7;;
536578305;11;1;2024;10:00;1;37;37261;2;1;1;2;RN 76 - Route de St Avertin;;
536578306;27;2;2024;13:35;1;16;16186;1;1;1;6;Sonneville;;
536578307;10;5;2024;10:48;1;14;14304;1;3;1;2;D579;;
536578308;5;4;2024;06:35;2;52;52366;1;1;1;7;a31;;
536578309;28;2;2024;10:50;1;45;45213;1;1;1;7;Etang de Torcy;;
536578310;10;1;2024;23:18;5;37;37261;2;3;1;3;BERANGER (BOULEVARD);;
536578311;10;5;2024;10:05;1;14;14333;1;1;1;2;Route de Trouville;;
536578312;28;2;2024;12:49;1;36;36230;1;1;1;6;Avenue de la Sentinelle;;
536578313;5;4;2024;17:00;1;67;67312;1;1;1;1;D70;;
536578314;28;2;2024;16:55;1;974;97405;2;1;1;2;58 Rue de l'Anse;;
536578315;10;1;2024;08:15;2;37;37261;2;2;1;3;HEURTELOUP (BOULEVARD);;
536578316;4;4;2024;23:35;3;62;62571;2;1;1;1;D940;;
536578317;11;5;2024;10:00;1;30;30032;1;3;1;3;saint gilles route de D38;;
536578318;23;2;2024;07:20;1;972;97222;1;1;1;3;N1;;
536578319;11;1;2024;08:15;2;35;35278;2;1;1;3;SCHUMAN (BOULEVARD R);;
536578320;25;3;2024;09:20;1;83;83017;2;1;1;6;chemin du vallon;;
536578321;11;5;2024;15:00;1;13;13103;2;1;1;3;AVENUE DE LA PATROUILLE DE FRANCE-RN 538;;
536578322;11;1;2024;08:24;1;34;34172;2;1;2;6;PIC SAINT LOUP (AVENUE DU);;
536578323;4;4;2024;14:20;1;37;37166;1;1;1;2;A10 PK 184+900 SENS PARIS-BORDEAUX;;
536578324;11;5;2024;22:40;5;13;13212;2;1;1;1;SAINT PIERRE (RUE);;
536578325;27;2;2024;11:00;1;63;63374;1;1;5;3;D996;;
536578327;11;5;2024;17:00;1;13;13211;2;1;1;6;DOCTEUR HECKEL (RUE DU);;
536578328;3;4;2024;12:15;1;74;74123;1;4;2;5;D1508;;
536578329;22;2;2024;06:55;2;49;49218;2;9;3;6;Avenue de l'Èvre (St Pierre-Montlimart);;
536578330;5;4;2024;01:15;5;76;76159;2;1;2;6;Route d'Ocqueville;;
536578331;27;2;2024;11:55;1;68;68155;2;1;1;7;1 Route de Colmar;;
536578332;5;4;2024;11:50;1;80;80598;1;1;1;6;D111;;
536578333;11;5;2024;09:35;1;13;13205;2;1;1;2;SAINT PIERRE (RUE);;
536578334;11;1;2024;17:10;2;33;33063;2;2;1;5;Boulevard Albert 1er;;
536578335;27;2;2024;14:05;1;29;29241;1;1;1;3;D70;;
536578337;4;4;2024;17:15;1;32;32121;1;1;1;7;D634;;
536578338;27;2;2024;18:12;2;84;84089;2;1;1;6;Boulevard Jean Guigues;;
536578339;27;2;2024;11:30;1;07;07117;2;1;1;6;92 Route de Joyeuse;;
536578340;27;2;2024;13:57;1;87;87078;1;1;1;7;D675;;
536578341;28;2;2024;13:50;1;31;31488;1;1;1;2;A68 PK 004 + 100;;
536578343;10;5;2024;17:00;1;13;13028;2;1;1;3;LAMARTINE (BOULEVARD JEAN);;
536578344;3;4;2024;12:15;1;63;63214;2;3;1;3;RD751 / rue des Roches;;
536578345;27;2;2024;14:55;1;06;06018;1;1;2;3;225 Rue Fernand Léger;;
536578346;11;1;2024;18:35;3;31;31555;1;9;1;1;CHE DES ETROITS;;
536578347;31;3;2024;17:20;1;61;61222;1;1;1;6;D257;;
536578348;28;2;2024;09:45;1;06;06149;1;1;1;2;A8, PK 205.000 chaussée nord;;
536578349;30;3;2024;19:30;2;61;61093;1;1;1;6;D229;;
536578350;11;1;2024;08:55;1;31;31555;2;1;8;2;RUE MONTOULIEU VELANE;;
536578351;11;5;2024;22:31;5;06;06088;2;3;1;3;147 Avenue Simone Veil;;
536578352;27;2;2024;18:25;2;987;98729;1;1;1;1;PK 34.700 à HAAPITI;;
536578353;17;3;2024;18:12;1;49;49339;1;1;1;1;D108;;
536578354;11;1;2024;02:30;5;31;31555;2;6;8;6;AV DE TABAR;;
536578355;10;5;2024;13:40;1;05;05061;1;1;1;1;VEYNES ( ROUTE DE );;
536578356;4;4;2024;17:34;1;46;46182;1;1;1;6;Cevenne de Caix;;
536578357;18;7;2024;20:03;1;93;93046;2;5;1;3;Avenue Aristide Briand / Boulevard Jean Moulin;;
536578358;10;5;2024;14:45;1;01;01344;1;1;1;7;DOMBES (AVENUE DE LA);;
536578359;11;1;2024;15:35;1;29;29232;1;1;1;2;CONCARNEAU ROUTE DE;;
536578360;27;2;2024;22:00;5;21;21515;2;1;1;7;Avenue de Bourgogne;;
536578361;5;4;2024;10:45;1;22;22013;2;2;1;3;Rue Pont Jilez;;
536578362;18;7;2024;08:40;1;93;93045;2;5;1;3;Boulevard Eugène Decros / Rue de la Convention;;
536578363;11;5;2024;12:15;1;75;75112;2;1;1;3;BD PERIPHERIQUE EXTERIEUR;;
536578364;28;2;2024;09:15;1;78;78615;1;1;1;3;D30;;
536578365;11;5;2024;20:30;1;75;75120;2;1;1;6;COURS DE VINCENNES;;
536578366;2;4;2024;07:55;1;38;38394;1;3;7;2;D21;;
536578367;18;7;2024;07:50;1;93;93010;2;1;1;6;Route d'Aulnay;;
536578368;10;5;2024;16:15;1;75;75119;2;3;1;6;RUE DE BELLEVILLE;;
536578369;2;2;2024;11:20;1;34;34157;2;4;1;6;Rue Calendal;;
536578370;10;1;2024;16:47;1;16;16102;2;1;8;1;GROIE (RUE DE LA);;
536578371;5;4;2024;18:30;1;03;03043;2;4;1;3;Rue des 3 Ormeaux;;
536578372;18;7;2024;09:23;1;93;93005;2;1;1;2;Rue Joseph-marie Jacquard;;
536578373;10;5;2024;14:45;1;75;75118;2;3;1;6;RUE ANDROUET;;
536578374;1;4;2024;19:10;2;58;58010;1;1;3;6;Les Pasquelins;;
536578375;27;2;2024;15:10;1;67;67339;1;1;1;3;D344;;
536578376;11;1;2024;11:00;1;14;14220;2;6;7;7;Route des Createurs;;
536578377;17;7;2024;16:00;1;92;92073;2;5;1;3;LIBERTE (RUE DE LA);;
536578378;5;4;2024;15:30;1;72;72344;1;3;1;3;route du parc;;
536578379;11;5;2024;20:30;1;75;75116;2;2;1;7;RUE DE BOULAINVILLIERS;;
536578380;12;1;2024;00:02;5;13;13208;2;2;1;3;ROUET (RUE DU);;
536578381;26;2;2024;16:55;1;57;57596;2;1;1;3;Rue Nationale;;
536578382;4;4;2024;16:45;1;09;09265;2;2;1;2;Rue du 14 Juillet;;
536578383;11;5;2024;13:00;1;75;75115;2;2;1;3;RUE SAINT CHARLES;;
536578384;27;2;2024;16:10;1;69;69204;2;1;1;6;76 Rue des Collonges;;
536578385;4;4;2024;14:00;1;45;45333;1;1;8;2;D8 PR 5 + 877;;
536578386;11;5;2024;16:20;1;75;75113;2;3;1;6;BOULEVARD ARAGO;;
536578387;18;7;2024;18:07;1;92;92051;2;3;1;3;CHARLES DE GAULLE (AVENUE, N° 18 A 116);;
536578388;27;2;2024;09:50;1;35;35240;1;1;1;6;route nationale 24;;
536578389;5;4;2024;17:20;1;64;64037;1;2;1;2;D2;;
536578390;11;1;2024;17:10;5;13;13211;2;1;1;1;SAINT MENET (MONTEE);;
536578391;11;5;2024;15:25;1;94;94078;2;3;1;3;Av du Pdt J Fitzgerald Kennedy / Rue des Acacias;;
536578392;5;4;2024;09:12;3;64;64198;1;1;1;7;11 Route de Pau;;
536578393;27;2;2024;15:24;1;76;76759;1;3;1;7;Route des Sablons;;
536578394;18;7;2024;10:10;1;92;92049;2;2;1;2;PERI RUE GABRIEL N°2 A 36;;
536578395;11;5;2024;19:00;1;94;94076;2;1;1;6;49 Avenue de Paris;;
536578396;11;1;2024;16:10;1;13;13203;2;1;1;1;PLOMBIERES (BOULEVARD DES);;
536578397;27;2;2024;16:40;1;33;33281;1;1;1;7;ROCADE A 630;;
536578398;18;7;2024;20:16;1;92;92040;2;9;1;6;ABBE GREGOIRE (DE L');;
536578400;26;2;2024;23:45;3;59;59328;1;1;8;6;ROUTE METROPOLITAINE 652;;
536578401;11;5;2024;14:10;1;94;94017;2;2;1;3;Avenue du Parc / Avenue Paul Venzac;;
536578402;4;4;2024;11:24;1;36;36088;2;9;1;2;55 Route de Bourges;;
536578403;18;7;2024;08:10;1;92;92026;2;1;1;3;PRÉSIDENT PAUL DOUMER (QUAI DU);;
536578404;11;1;2024;14:35;1;13;13206;2;3;2;3;ROME (RUE DE);;
536578405;26;2;2024;20:00;3;92;92047;1;1;2;2;A13;;
536578406;10;5;2024;22:30;3;94;94017;2;1;1;2;Avenue Salvador Allendé;;
536578407;17;7;2024;19:45;1;92;92025;2;1;1;2;GABRIEL PERI (RUE);;
536578408;5;4;2024;13:30;1;07;07048;2;1;1;6;rue du Temple;;
536578409;26;2;2024;09:30;1;92;92063;1;1;1;6;A86;;
536578410;11;1;2024;13:20;1;13;13001;1;1;1;6;PREMIERE DIV FRANCAISE LIB (AV);;
536578411;10;5;2024;20:30;1;93;93078;2;1;1;3;Boulevard Robert Ballanger;;
536578412;18;7;2024;03:15;5;92;92012;2;1;1;6;GENERAL LECLERC (AVENUE DU) 35/FIN - 60/;;
536578413;3;4;2024;17:15;1;40;40224;2;1;1;3;Chemin de la Plaine;;
536578414;27;2;2024;15:00;1;95;95277;1;1;1;4;A3;;
536578416;11;5;2024;19:56;1;93;93066;2;2;1;2;Avenue de Stalingrad / Avenue Roger Sémat;;
536578417;3;4;2024;17:02;1;67;67506;2;1;1;6;Rue de la Gare;;
536578418;19;7;2024;14:36;1;60;60587;2;2;1;1;Rue de Paris;;
536578419;11;1;2024;08:40;1;11;11262;2;1;2;6;Rue Ancienne Porte de Béziers;;
536578420;11;5;2024;18:55;1;93;93064;2;1;1;6;Avenue du Général de Gaulle;;
536578421;27;2;2024;09:40;1;93;93063;1;1;1;5;A3;;
536578422;10;5;2024;23:50;5;93;93031;2;1;1;7;Avenue Joffre;;
536578423;18;7;2024;09:15;1;37;37010;1;2;1;3;la grande épinière;;
536578425;26;2;2024;09:00;1;92;92036;1;1;2;2;AUTOROUTE A86;;
536578426;5;4;2024;08:45;1;42;42279;2;1;1;3;515 Route de Chavagneux;;
536578427;10;5;2024;22:30;5;93;93047;2;3;1;2;Rue de Coubron / Avenue Herschell;;
536578428;11;1;2024;19:45;5;06;06069;2;1;1;7;Route de Cannes;;
536578429;18;7;2024;11:18;1;67;67222;1;3;1;3;D919;;
536578430;4;4;2024;20:30;5;987;98712;1;1;1;1;PK 17 - district de TIVA;;
536578431;26;2;2024;09:15;1;93;93053;1;1;2;2;A3;;
536578432;11;1;2024;17:25;2;06;06069;2;1;1;2;Route de Draguignan;;
536578433;11;5;2024;11:15;1;93;93071;2;3;1;3;Allée des Peupliers / Allée de Surièges;;
536578434;18;7;2024;08:10;1;52;52535;2;1;1;6;63 Grande Rue;;
536578435;27;2;2024;08:45;1;94;94017;1;1;1;3;A4;;
536578436;18;7;2024;10:55;1;22;22177;1;1;1;6;D9;;
536578437;4;4;2024;18:30;1;44;44069;1;6;1;5;4 la depeche;;
536578438;11;1;2024;15:15;1;06;06069;2;1;7;3;MADELEINE;;
536578439;11;5;2024;14:30;1;93;93001;2;5;1;6;Avenue de la République / Avenue Victor Hugo;;
536578440;26;2;2024;14:50;1;94;94017;1;1;2;2;A4;;
536578441;5;4;2024;16:20;1;51;51097;1;1;2;7;Autoroute A4 - PK187.200;;
536578442;9;7;2024;13:40;1;85;85223;2;1;1;6;59 Route de la Roche-sur-Yon;;
536578443;9;1;2024;07:50;2;06;06069;2;1;2;7;Avenue Sidi Brahim;;
536578444;12;5;2024;17:50;1;60;60531;1;1;1;7;Rue de Canly;;
536578445;18;7;2024;16:35;1;41;41256;1;1;1;7;A71;;
536578446;26;2;2024;20:40;5;75;75118;2;2;2;6;RUE DAMREMONT;;
536578448;11;1;2024;17:45;5;75;75114;2;1;1;4;BD PERIPHERIQUE EXTERIEUR;;
536578449;18;7;2024;16:27;1;01;01109;1;3;1;3;intersection RD 984 / RD 1206;;
536578450;5;4;2024;14:15;1;976;97607;1;1;1;6;route nationale 3;;
536578451;12;5;2024;17:35;1;28;28141;1;1;1;4;autoroute a11 pk 072+000;;
536578452;26;2;2024;08:20;1;75;75118;2;3;2;2;BOULEVARD BARBES;;
536578453;11;1;2024;10:25;1;75;75119;2;1;1;2;BD PERIPHERIQUE INTERIEUR;;
536578454;10;5;2024;19:00;2;83;83067;1;1;1;6;A57;;
536578455;18;7;2024;21:55;3;974;97413;1;1;1;1;Rue Georges Pompidou;;
536578456;11;2;2024;18:45;2;974;97417;2;1;2;3;Route Nationale 2 Baril;;
536578457;26;2;2024;17:00;1;75;75117;2;2;2;3;RUE DES DAMES;;
536578458;17;7;2024;08:45;1;23;23235;1;1;1;6;Souvelinges;;
536578459;10;5;2024;11:50;1;28;28196;1;2;1;3;D921;;
536578460;5;4;2024;21:15;5;974;97415;1;1;8;6;Route Nationale 1;;
536578461;18;7;2024;00:20;3;56;56205;1;1;1;7;La Croix Lasne;;
536578462;26;2;2024;09:00;1;75;75116;2;4;2;2;QUAI SAINT EXUPERY;;
536578463;12;5;2024;17:50;1;67;67063;1;1;1;2;D57;;
536578464;4;4;2024;16:00;1;971;97118;2;1;1;2;Prise d'Eau;;
536578465;17;7;2024;19:30;1;2A;2A130;2;1;1;1;#1355 Boulevard Marie-Jeanne Bozzi#;;
536578466;26;2;2024;16:20;1;75;75115;2;6;2;6;PLACE CAMBRONNE;;
536578467;5;4;2024;11:00;1;77;77099;2;1;2;6;1 Rue de la Gare;;
536578468;17;7;2024;13:20;1;2A;2A271;2;1;1;1;T20;;
536578469;11;5;2024;19:15;1;35;35085;1;3;1;3;D895;;
536578470;26;2;2024;15:45;1;75;75113;2;3;2;6;RUE DE TOLBIAC;;
536578471;18;7;2024;10:28;1;82;82027;1;1;1;1;Chemin de la Mothe;;
536578472;5;4;2024;07:45;2;78;78305;1;1;1;6;route de boulemont;;
536578473;11;5;2024;13:05;1;41;41201;1;1;1;1;Le Coteau de la Herse;;
536578474;26;2;2024;11:00;1;75;75101;2;3;2;6;BOULEVARD DE SEBASTOPOL;;
536578475;19;7;2024;00:15;3;65;65288;2;1;1;6;6 CHEMIN DE CASTETS;;
536578476;22;3;2024;11:30;1;2B;2B313;2;1;1;6;Moriani Plage;;
536578477;11;5;2024;04:20;3;89;89240;1;1;1;1;D660;;
536578478;5;4;2024;18:35;1;30;30027;1;1;1;7;D24;;
536578479;11;5;2024;12:00;1;91;91573;2;9;1;6;6 Avenue Fernand Sastre;;
536578481;25;2;2024;08:17;1;94;94081;2;2;2;3;Avenue Rouget de Lisle / Rue Watteau;;
536578482;11;5;2024;23:50;3;19;19123;2;1;1;6;avenue Pierre et marie currie;;
536578483;5;4;2024;18:30;1;84;84117;2;2;1;3;D 51;;
536578484;25;2;2024;01:55;5;94;94081;2;3;1;6;Quai Jules Guesde / Rue Rosa Parks;;
536578485;7;5;2024;18:15;1;65;65055;2;1;2;6;39 Chemin de Pouey Castet;;
536578486;5;4;2024;03:30;5;84;84036;2;1;1;6;Chemin de la Traverse;;
536578487;12;5;2024;12:00;1;71;71146;2;1;1;7;Chemin des Berthet;;
536578488;26;2;2024;12:25;1;94;94074;2;1;2;6;80 Rue du Colonel Fabien;;
536578489;5;5;2024;08:30;2;63;63223;1;1;1;6;chateau gaillard;;
536578490;15;1;2024;08:50;1;83;83023;1;3;1;7;DN7 - ROUTE DE MARSEILLE;;
536578491;26;2;2024;06:02;5;94;94068;2;5;2;6;Rue de la Varenne / Avenue Godefroy Cavaignac;;
536578492;19;7;2024;08:40;1;71;71305;1;2;1;2;Route de Pont de Vaux;;
536578493;12;5;2024;07:45;1;63;63149;1;1;1;1;D224;;
536578494;25;2;2024;07:50;2;94;94068;2;3;8;6;Rue du Pont de Créteil / Boulevard de Créteil;;
536578495;5;4;2024;18:15;1;04;04143;1;1;1;2;D4b;;
536578496;11;5;2024;10:50;1;76;76638;1;2;7;3;PK54 sur la RD1314 au carrefour avec la C406;;
536578497;26;2;2024;20:11;5;94;94042;2;5;2;3;Avenue du Général Galliéni / Rue Chapsal;;
536578498;11;5;2024;18:45;1;55;55053;1;1;7;7;D16;;
536578499;20;3;2024;07:35;2;13;13003;2;3;1;3;Avenue du Marechal Juin;;
536578500;23;2;2024;12:00;1;94;94065;1;1;2;2;N186;;
536578501;3;4;2024;19:30;1;13;13030;1;3;1;1;D8n;;
536578502;26;2;2024;07:30;2;94;94033;2;3;8;6;Avenue Jean Moulin / Avenue Victor Hugo;;
536578503;18;7;2024;19:02;1;61;61040;1;3;1;3;RD118;;
536578504;5;4;2024;08:55;1;54;54397;2;2;7;6;Rue du Capitaine Caillon;;
536578505;26;2;2024;17:50;2;94;94069;2;1;2;6;Quai de la République;;
536578506;12;5;2024;08:54;1;12;12238;1;1;1;1;D911 lieu-dit bois du four;;
536578507;5;4;2024;13:25;1;26;26072;2;1;1;6;Rue des Ecoles;;
536578508;10;5;2024;14:50;1;29;29220;2;6;1;7;Route de Saint Jean Trolimon;;
536578509;25;2;2024;16:05;1;94;94018;2;1;2;4;Rue des Bordeaux;;
536578510;4;4;2024;22:00;3;26;26074;1;1;1;6;Route départementale 103;;
536578511;11;5;2024;15:45;1;29;29284;1;1;1;7;Chemin des Dunes;;
536578512;5;4;2024;08:45;1;01;01376;1;1;1;1;Chemin de la Chevrotte;;
536578513;26;2;2024;09:40;1;93;93073;1;1;2;5;CHAPIT RE ( RUE DU);;
536578514;12;5;2024;19:55;1;38;38495;1;3;1;1;D71;;
536578515;5;4;2024;19:30;5;69;69278;2;1;1;1;Chemin de la Caraudière;;
536578516;11;5;2024;23:32;5;02;02295;2;1;1;6;21 rue du general de gaulle;;
536578517;26;2;2024;17:45;1;93;93066;2;1;2;2;Rue Henri Delaunay;;
536578518;18;7;2024;18:30;1;55;55527;1;1;1;5;RD 38 PK 6+664;;
536578519;4;4;2024;17:30;1;31;31135;2;2;1;3;Avenue de Toulouse;;
536578520;12;5;2024;20:40;1;02;02128;1;9;2;6;D516;;
536578521;19;7;2024;15:50;1;49;49222;1;6;1;3;RD 160;;
536578522;26;3;2024;13:10;1;72;72264;2;1;3;6;Rue du Clos du Bois;;
536578523;11;5;2024;16:15;1;03;03118;2;1;7;1;7 Rue de Saint Etienne;;
536578524;2;4;2024;18:40;1;14;14762;2;1;2;6;9 Square Georges Pompidou;;
536578525;18;7;2024;13:35;1;46;46028;1;3;7;3;D20;;
536578526;11;5;2024;22:15;3;03;03161;2;4;1;1;Lieu Dit Conjarette;;
536578527;26;2;2024;14:30;1;93;93066;2;2;3;3;Avenue des Arts et Métiers / Rue du Landy;;
536578528;3;4;2024;17:30;1;13;13106;1;1;1;4;A7-Sens Lyon vers Marseille;;
536578529;17;7;2024;10:00;1;29;29137;1;1;1;3;route de l'Argoat;;
536578530;11;5;2024;11:00;1;15;15027;1;1;1;7;RD 19;;
536578531;26;2;2024;08:10;2;93;93066;2;1;2;3;Avenue Paul Vaillant-Couturier;;
536578532;18;7;2024;21:15;1;68;68380;1;1;1;3;Rue de Kiffis;;
536578533;11;5;2024;19:05;1;01;01265;2;1;1;2;rue de savoies;;
536578534;3;4;2024;16:10;1;13;13071;1;1;1;2;A55 - Sens Marseille vers Martigues;;
536578535;25;2;2024;19:45;5;93;93077;2;2;2;3;Boulevard du Général de Gaulle / Rue Pottier;;
536578536;18;7;2024;07:56;1;25;25370;1;1;1;3;D438;;
536578537;12;5;2024;12:15;1;01;01040;1;3;7;3;D26;;
536578538;3;4;2024;17:45;1;83;83137;1;1;1;4;A50 TUNNEL TUBE SUD;;
536578539;12;5;2024;11:10;1;26;26111;1;1;1;3;D70;;
536578540;26;2;2024;12:40;1;93;93063;2;2;2;6;Rue de la République / Rue de Benfleet;;
536578541;19;7;2024;14:15;1;29;29193;2;1;1;2;Rue d'Armor;;
536578542;25;2;2024;22:40;3;93;93032;2;7;2;3;Avenue Jean Jaurès / Place de la Gare;;
536578543;18;7;2024;21:10;1;15;15148;1;1;1;6;RD 44;;
536578544;2;4;2024;18:05;1;83;83137;1;1;1;2;BRETELLE17  ACCES TOULON CENTRE N -T;;
536578545;26;2;2024;19:05;5;93;93010;2;1;2;6;Avenue Anatole France;;
536578546;12;5;2024;11:00;1;58;58306;2;1;1;3;Le Moulin Mouillé;;
536578547;4;4;2024;18:40;1;93;93005;1;1;1;7;A3;;
536578548;26;2;2024;09:15;1;93;93005;2;2;2;2;JACQUES DUCLOS (RUE);;
536578549;19;7;2024;09:20;1;70;70428;2;4;1;3;87 Rue Gustave Courtois;;
536578550;4;4;2024;17:45;1;95;95488;2;1;1;2;A15;;
536578551;11;5;2024;22:00;3;50;50058;1;1;1;6;la liette;;
536578552;26;2;2024;12:49;1;92;92035;2;1;2;3;Général de Gaulle  ( avenue du );;
536578553;12;5;2024;08:45;1;50;50239;1;2;1;3;Le Chatel;;
536578554;3;4;2024;16:50;1;93;93027;1;1;1;4;A86;;
536578556;26;2;2024;13:40;1;92;92024;2;2;3;3;VICTOR HUGO (BD);;
536578557;3;4;2024;06:20;3;95;95277;1;1;3;6;A3;;
536578558;11;5;2024;16:10;1;45;45095;2;3;7;3;D109 PR 4 + 506;;
536578559;26;2;2024;13:10;1;92;92024;2;3;3;6;GESNOUIN (RUE);;
536578560;19;7;2024;14:10;1;05;05011;1;1;1;6;D942;;
536578561;2;4;2024;20:00;1;95;95218;1;1;2;4;A15;;
536578562;26;2;2024;09:15;1;92;92019;2;3;2;3;JUSTICE (CHEMIN);;
536578563;18;7;2024;19:45;1;83;83082;1;1;1;6;Route Departementale 955;;
536578564;10;5;2024;13:55;1;73;73204;2;1;1;2;D1006;;
536578565;2;4;2024;09:40;1;95;95678;1;1;1;2;N104;;
536578566;19;7;2024;13:20;1;73;73010;1;1;1;6;D911 Route des Bauges;;
536578567;27;2;2024;15:55;1;974;97415;2;1;1;3;Chemin de la Poudriere;;
536578568;11;5;2024;15:05;1;40;40094;2;9;1;3;D63;;
536578569;3;4;2024;11:30;1;94;94052;1;1;3;3;A86;;
536578570;26;2;2024;10:35;1;43;43080;2;1;1;3;D9;;
536578571;12;5;2024;07:00;1;24;24094;1;1;2;6;la tuilière;;
536578572;17;7;2024;17:10;1;36;36018;2;1;1;3;Rue Saint Lazare;;
536578573;9;5;2024;08:30;1;85;85127;2;1;1;6;963 Avenue du Docteur Mathevet;;
536578574;27;2;2024;07:05;1;974;97422;2;6;1;6;Avenue de l'Europe;;
536578575;3;4;2024;18:38;5;988;98818;2;1;1;6;VE1 sens Sud/Nord;;
536578576;10;5;2024;19:10;1;85;85128;2;3;7;1;Rue du président de gaulle;;
536578577;28;3;2024;13:35;1;974;97411;2;9;1;3;CHAUDRON  (BLD 1 DU);;
536578578;19;7;2024;17:30;1;07;07330;2;3;1;3;Route des Gorges;;
536578579;26;2;2024;19:25;3;21;21501;1;1;1;4;Auroroute A6 Pk 263+766;;
536578580;3;4;2024;19:05;1;973;97302;2;3;1;1;NEGRES MARONS (RUE DES) CITE BONHOMME;;
536578581;18;7;2024;23:33;3;53;53163;1;1;1;7;D140;;