Num_Acc;jour;mois;an;hrmn;lum;dep;com;agg;int;atm;col;adr;lat;long
536578582;12;5;2024;07:20;1;27;27074;1;1;1;5;D613;;
536578583;27;2;2024;11:50;1;62;62261;2;1;1;6;Boulevard de Berck;;
536578584;3;4;2024;08:27;1;973;97302;1;6;1;2;CATAYEE (JUSTIN);;
536578585;10;5;2024;20:20;1;28;28227;1;1;1;6;D906;;
536578586;18;7;2024;17:20;1;24;24218;1;3;1;1;la Jarousse;;
536578587;26;2;2024;17:00;1;30;30334;2;1;1;7;1 Place des Cordeliers;;
536578588;2;4;2024;13:30;1;973;97302;1;3;1;3;COLLERY (ZONE INDUSTRIELLE);;
536578589;12;5;2024;11:46;1;87;87116;1;6;2;3;pk 39 N147;;
536578590;18;7;2024;14:30;1;04;04055;1;1;1;3;N85;;
536578591;3;4;2024;07:50;1;971;97105;2;1;7;6;BOLOGNE (ROUTE DE);;
536578592;12;5;2024;10:30;1;37;37134;1;1;2;7;Rue des Jardins;;
536578593;11;5;2024;18:20;1;88;88128;2;1;1;6;Chemin de Chenaux;;
536578594;24;8;2024;19:30;1;77;77284;2;1;2;1;GALLIENI (AVENUE);;
536578595;18;7;2024;23:20;3;85;85234;1;1;1;1;D38b;;
536578596;25;2;2024;07:30;2;91;91225;1;1;2;2;N6;;
536578597;3;4;2024;16:49;1;84;84080;2;2;1;3;CARPENTRAS ROUTE DE;;
536578598;12;5;2024;00:30;4;88;88124;2;1;1;1;Rue Lecomte;;
536578599;24;8;2024;10:00;1;71;71105;2;1;1;6;DAVAYE (ROUTE DE);;
536578600;23;2;2024;16:15;1;51;51152;1;1;2;6;"Chemin rural N°12 dit ""de Ludes au Moulin""";;
536578601;19;7;2024;08:00;1;17;17396;1;1;1;1;D115;;
536578602;27;2;2024;01:30;3;51;51231;1;1;2;6;D3;;
536578603;19;7;2024;07:00;1;23;23013;1;1;1;6;2 Rue du Moulin Pointu;;
536578604;11;5;2024;21:45;3;01;01265;1;1;1;6;A 404 PK 007+700 direction Oyonnax;;
536578605;18;7;2024;13:15;1;48;48094;1;1;1;7;RD 32;;
536578606;26;2;2024;16:50;1;56;56177;1;2;1;3;Les Quatre Chemins;;
536578607;10;5;2024;10:30;1;78;78455;2;1;1;6;30 Residence de l?Oree de Marly;;
536578608;24;8;2024;00:30;5;67;67447;2;3;1;3;GENERAL DE GAULLE (ROUTE DU);;
536578609;17;7;2024;11:50;1;48;48193;1;1;1;7;D49;;
536578610;27;2;2024;11:50;1;76;76560;2;1;1;7;Route du Parc Languet;;
536578611;18;7;2024;12:30;1;48;48043;1;1;1;6;Route nationale 88;;
536578612;11;5;2024;12:50;1;63;63236;1;1;1;6;D983;;
536578613;27;2;2024;19:00;5;63;63430;2;3;2;1;Rue du Ruisseau;;
536578614;24;8;2024;03:50;5;64;64445;2;9;1;6;boulevard du Cami Salie;;
536578615;3;4;2024;01:05;3;74;74118;2;1;1;6;18 AOUT (RUE DU);;
536578616;27;2;2024;15:52;1;61;61007;1;1;1;6;D229 PR6+900;;
536578617;19;7;2024;12:00;1;88;88165;2;1;7;3;Avenue Charles de Gaulle;;
536578618;10;5;2024;14:30;1;13;13067;1;1;1;4;A7 - PK 216+100 - SNES N/S;;
536578619;23;2;2024;19:50;3;49;49178;1;1;2;6;La Porterie;;
536578620;19;7;2024;15:00;1;24;24331;1;1;1;6;1772 Route de Cyrano;;
536578621;10;5;2024;19:45;1;66;66008;2;6;1;3;D618;;
536578622;24;8;2024;02:10;3;63;63300;1;1;1;6;RD 2009;;
536578623;5;2;2024;03:25;3;978;97801;1;1;1;7;RN7 belle plaine;;
536578624;26;2;2024;15:30;1;46;46090;1;2;2;3;lieu dit le Cornouiller RD 802;;
536578625;11;5;2024;21:00;3;84;84034;1;1;1;6;D25;;
536578626;11;5;2024;15:15;1;68;68294;2;1;1;6;10 Rue Maurice Burrus;;
536578627;2;4;2024;09:50;1;71;71076;2;3;1;3;DELIRY (RUE PIERRE);;
536578628;19;7;2024;13:46;1;77;77360;1;1;1;1;D 231;;
536578629;26;2;2024;17:45;1;86;86139;1;1;2;5;D150;;
536578630;10;5;2024;18:02;1;67;67400;1;1;1;7;D264;;
536578631;22;8;2024;12:15;1;63;63300;2;1;1;6;Parking magasin Aldi;;
536578632;10;5;2024;16:27;1;88;88324;1;9;1;7;Rue de la Chouée;;
536578633;18;7;2024;22:46;3;69;69086;1;1;1;6;Autoroute 89;;
536578634;27;2;2024;10:58;1;35;35299;1;3;1;3;Departementale 76;;
536578635;12;5;2024;16:50;1;55;55553;1;1;1;7;D958;;
536578636;26;2;2024;21:10;4;29;29163;2;6;1;6;Route de Morlaix;;
536578637;3;4;2024;09:10;1;69;69256;2;2;3;1;Avenue Salvador Allende;;
536578638;27;2;2024;03:50;3;29;29123;1;1;1;6;N164;;
536578639;11;5;2024;10:30;1;63;63247;1;3;1;2;route départementale 5;;
536578640;18;7;2024;07:00;1;987;98747;1;3;1;2;route du belvedere, intersection CFPA;;
536578641;24;8;2024;14:50;1;63;63308;2;6;1;3;JAURES (AVENUE JEAN);;
536578642;27;2;2024;18:50;3;72;72375;1;1;1;7;Route Departementale 323;;
536578643;3;4;2024;01:05;5;69;69259;2;2;1;1;Boulevard Ambroise Croizat;;
536578644;24;8;2024;09:30;1;63;63113;2;1;1;6;BESSE (RUE GEORGES);;
536578645;2;4;2024;23:15;5;69;69259;1;9;1;6;Boulevard Laurent Bonnevay;;
536578646;24;8;2024;04:50;3;62;62126;2;1;2;7;D72;;
536578647;27;2;2024;08:45;2;50;50181;1;1;7;2;le marais;;
536578648;3;4;2024;00:10;5;64;64024;2;1;1;7;LAPORTE (AVENUE JEAN LEON);;
536578649;12;5;2024;12:30;1;42;42065;1;1;1;2;Route de Roanne;;
536578650;2;7;2024;21:40;3;988;98831;1;1;1;7;lieu dit bébé polo fatanaoué;;
536578651;24;8;2024;05:40;2;59;59512;2;9;1;3;Boulevard de Fourmies;;
536578652;27;2;2024;16:45;1;64;64096;1;1;2;3;PK 072+500 - RD 936;;
536578653;2;3;2024;19:45;3;62;62217;1;1;3;6;D341;;
536578654;10;5;2024;14:20;1;26;26064;1;1;1;1;D68;;
536578655;27;2;2024;05:30;5;10;10358;2;3;1;1;D671;;
536578656;23;8;2024;15:30;1;59;59041;2;9;1;2;EDMOND HAVRET (RUE);;
536578657;12;5;2024;12:00;1;50;50041;1;1;1;6;Route de Sainte-croix;;
536578658;3;4;2024;10:38;1;56;56260;2;6;1;6;MONSABERT(BOULEVARD DU GENERAL DE);;
536578659;28;4;2024;14:10;1;22;22389;1;2;2;3;Avenue de Saint-Brieuc;;
536578660;27;2;2024;15:58;1;07;07010;2;1;8;7;Viaduc Daniel Aimé (Pont);;
536578661;18;7;2024;23:40;3;13;13104;2;1;1;3;Avenue Albert Camus;;
536578662;11;5;2024;20:15;1;76;76250;1;9;1;3;Route d'Etretat;;
536578663;2;4;2024;18:33;1;56;56121;2;1;2;4;D465 Desserte Portuaire;;
536578664;16;7;2024;11:48;1;91;91179;2;9;1;3;Rue du Bois de l'Ecu;;
536578665;26;2;2024;20:05;3;85;85146;1;1;3;1;RD23;;
536578666;24;8;2024;06:45;1;59;59350;2;1;1;3;Avenue de Dunkerque (Lomme);;
536578667;27;2;2024;11:30;1;03;03256;1;1;8;6;A 71 PK 310+800;;
536578668;10;5;2024;13:30;1;80;80212;2;1;1;3;Rempart des Poissonniers;;
536578669;19;7;2024;12:50;1;30;30080;1;1;1;1;D52;;
536578670;2;4;2024;15:15;1;54;54395;2;3;1;6;Rue des Brice;;
536578671;9;5;2024;17:10;1;59;59212;2;6;1;2;Rue de Merville;;
536578672;24;8;2024;17:00;1;54;54395;2;2;1;3;Rue de Tomblaine;;
536578673;19;7;2024;11:30;1;84;84105;1;1;1;1;Route Departementale 900;;
536578674;10;5;2024;18:35;1;13;13070;1;1;1;2;A50-Sens Aubagne vers Marseille;;
536578675;2;4;2024;11:15;1;54;54395;2;2;1;3;Rue Charles Sadoul;;
536578676;19;7;2024;18:40;1;83;83064;1;1;1;1;Route Departementale 64;;
536578677;10;5;2024;18:20;1;13;13211;1;1;1;2;A50-Sens Aubagne vers Marseille;;
536578678;24;8;2024;16:32;1;51;51454;2;6;1;3;CHAMPAGNE   (  AVENUE DE);;
536578679;29;3;2024;08:53;1;49;49007;2;1;1;2;CHAUMIN BOULEVARD;;
536578680;18;7;2024;15:12;1;13;13082;1;1;1;7;D543;;
536578681;24;8;2024;14:00;1;50;50218;2;1;3;7;ANTILLES (BOULEVARD DES);;
536578682;3;4;2024;13:40;1;43;43157;2;3;1;1;Rue Burel;;
536578684;18;7;2024;17:47;1;70;70046;1;1;1;5;Route de Vy-les-lure;;
536578685;23;8;2024;21:55;3;42;42305;1;1;1;6;Rue Jean Rostand;;
536578686;11;5;2024;19:55;1;75;75113;1;1;1;6;A6B;;
536578687;19;7;2024;00:10;3;63;63417;1;1;1;7;Sayat;;
536578688;23;2;2024;08:20;1;55;55097;2;2;1;3;rue principale / Rue de l'eglise;;
536578689;27;2;2024;11:00;1;51;51278;1;1;2;6;A26 pk299+500;;
536578690;18;7;2024;15:00;1;73;73051;1;1;1;6;D42 Route du Relais;;
536578691;11;5;2024;08:45;1;91;91692;1;1;1;7;AUTOROUTE A10;;
536578692;2;4;2024;15:35;1;38;38185;2;1;1;6;RUE ABBÉ GRÉGOIRE;;
536578693;11;5;2024;07:00;1;91;91377;1;1;1;3;RD 188;;
536578694;14;7;2024;10:30;1;42;42168;2;1;1;3;Rue du Stade;;
536578695;26;2;2024;17:55;2;73;73257;1;3;1;3;D117;;
536578696;3;4;2024;19:20;1;34;34172;2;1;1;2;MAURIN (AVENUE DE;;
536578697;11;5;2024;15:21;1;92;92048;1;1;1;2;N118;;
536578698;26;2;2024;19:45;5;33;33199;2;1;1;3;26 Cours de Verdun;;
536578699;19;7;2024;16:10;1;07;07297;1;1;1;1;D219;;
536578700;11;5;2024;19:10;1;93;93006;1;1;1;3;A3;;
536578701;29;3;2024;17:00;1;29;29232;2;1;1;6;Rue Paul Borrossi;;
536578702;26;2;2024;19:00;5;77;77437;2;1;2;6;11 Rue du Maréchal Galliéni;;
536578703;23;2;2024;14:45;1;77;77273;1;1;2;6;D41;;
536578704;13;7;2024;16:55;1;07;07322;2;1;1;1;370 Avenue des Platanes;;
536578705;24;8;2024;09:10;1;31;31555;2;3;1;3;RTE DE NARBONNE;;
536578706;11;5;2024;00:15;5;93;93006;1;1;1;5;A3;;
536578707;24;8;2024;06:16;1;31;31555;1;9;1;6;RUE CAUSSADE;;
536578708;18;7;2024;23:05;3;69;69197;1;1;1;1;Route du Terrier;;
536578709;11;5;2024;15:20;1;94;94018;1;1;1;2;A4;;
536578710;27;2;2024;15:15;1;2B;2B350;1;1;2;1;RT 20;;
536578711;3;4;2024;19:15;1;27;27681;2;1;1;2;FOCH (AVENUE DU MARECHAL);;
536578712;18;7;2024;14:50;1;69;69116;1;1;7;7;Route du Mont Verdun;;
536578713;26;2;2024;07:50;1;42;42165;1;1;8;1;Chemin de chez paradis;;
536578714;24;8;2024;11:00;1;17;17415;1;1;1;2;route nationale 141;;
536578715;11;5;2024;13:20;1;77;77249;1;1;1;4;RN104;;
536578716;2;4;2024;09:04;1;21;21231;2;1;1;6;Rue Jean Moulin;;
536578717;10;6;2024;17:15;1;09;09160;2;1;1;6;Place du 19 Mars 1962;;
536578718;22;2;2024;14:00;1;81;81150;1;9;1;3;D630;;
536578719;11;5;2024;13:03;1;94;94033;1;1;1;4;A86;;
536578720;24;8;2024;11:15;1;17;17333;2;1;1;6;FOCH (DU MARECHAL);;
536578721;18;7;2024;16:50;1;31;31187;2;1;1;6;Avenue du Château d'eau;;
536578722;2;4;2024;17:18;1;18;18279;2;1;1;3;63 Rue Jules Louis Breton;;
536578723;26;2;2024;17:20;1;85;85151;2;9;2;4;RD149;;
536578724;8;5;2024;18:30;3;987;98736;1;1;1;6;HAMUTA (CHEMIN)-PIRAE;;
536578725;24;2;2024;22:15;3;72;72016;1;1;2;7;Lieu Dit La Gravetiere;;
536578726;23;8;2024;16:45;1;14;14220;2;1;2;7;43 Avenue Strassburger;;
536578727;19;7;2024;09:50;1;64;64315;1;1;1;1;d217;;
536578728;2;4;2024;16:40;1;18;18279;2;1;1;3;84 Avenue Edouard Vaillant;;
536578729;10;5;2024;10:40;1;974;97411;2;2;1;6;CHATEL (JEAN);;
536578730;24;8;2024;22:50;5;14;14117;2;1;1;6;21 Avenue des Tulipes;;
536578731;13;4;2024;18:00;5;974;97411;2;1;1;6;PALMIERS (ROUTE DES);;
536578733;27;2;2024;13:30;1;59;59419;1;1;1;3;19 Route de Douai;;
536578734;10;5;2024;17:20;1;974;97407;2;1;1;6;ROND POINT CITE RN4;;
536578735;2;4;2024;08:48;1;14;14574;1;3;1;3;30 Route de la Pommeraye;;
536578736;16;7;2024;12:50;1;72;72154;2;6;1;3;Boulevard du Québec;;
536578737;24;8;2024;10:45;1;13;13202;2;1;1;3;SAINTE BARBE (RUE);;
536578738;26;2;2024;00:30;5;13;13214;1;1;2;2;A507 sens Marseille - Aubagne;;
536578739;10;5;2024;06:10;2;974;97407;1;1;1;3;ROUTE NATIONALE N° 1;;
536578740;2;4;2024;20:15;1;07;07281;2;1;1;7;COUBERTIN (RUE PIERRE DE);;
536578741;26;2;2024;12:30;1;91;91161;1;1;2;2;AUTOROUTE A6;;
536578742;19;7;2024;11:10;1;50;50444;1;9;1;3;La Croix au Coq;;
536578743;9;5;2024;05:20;5;973;97302;2;3;2;6;MERE THERESA (rue);;
536578744;26;2;2024;08:00;1;92;92050;1;1;2;3;A86;;
536578745;19;7;2024;18:30;1;22;22214;1;1;1;7;Route du Petit Train;;
536578746;24;8;2024;10:33;1;13;13005;2;1;1;5;CHARREL A FENESTRELLE CHEMIN DU;;
536578747;25;2;2024;13:05;1;95;95212;1;1;1;4;A1;;
536578748;18;7;2024;18:05;1;27;27568;2;1;1;7;D140;;
536578749;25;2;2024;09:50;1;95;95212;1;1;8;7;ARPENTEUR (ROUTE DE L');;
536578750;24;2;2024;21:58;3;94;94015;1;1;2;2;A4;;
536578751;18;7;2024;16:10;1;80;80156;1;2;7;3;D1;;
536578752;17;7;2024;02:36;3;13;13211;1;1;1;2;A50-Sens Aubagne vers Marseille;;
536578753;24;2;2024;04:00;3;94;94017;1;1;2;2;A4;;
536578754;21;8;2024;16:45;1;12;12176;1;1;1;5;D888;;
536578755;25;2;2024;06:25;2;75;75118;2;1;1;6;BD PERIPHERIQUE INTERIEUR;;
536578756;9;7;2024;16:45;1;54;54123;1;1;1;4;Autoroute A 33;;
536578757;25;2;2024;06:45;5;75;75117;2;1;1;2;BD PERIPHERIQUE INTERIEUR;;
536578758;25;2;2024;00:15;5;75;75116;2;1;2;7;ECHANGEUR MAILLOT;;
536578760;25;2;2024;20:45;5;75;75116;2;9;2;6;BOULEVARD EXELMANS;;
536578761;25;2;2024;17:00;1;75;75116;2;4;3;3;BOULEVARD DE MONTMORENCY;;
536578762;14;7;2024;04:30;2;62;62186;1;1;1;2;A21;;
536578763;23;8;2024;15:59;1;10;10357;2;1;1;4;Avenue du General de Gaulle;;
536578764;24;2;2024;20:00;5;75;75115;2;3;8;7;BOULEVARD VICTOR;;
536578765;18;7;2024;18:50;1;91;91340;1;1;1;4;RN 104;;
536578766;24;8;2024;04:00;5;07;07102;2;1;1;7;REPUBLIQUE (AV. DE LA) [DU N° AU N°];;
536578767;25;2;2024;02:20;5;75;75113;2;3;1;5;QUAI D AUSTERLITZ;;
536578768;18;7;2024;11:31;1;91;91174;1;1;1;3;RN 104;;
536578769;25;2;2024;13:10;1;75;75111;2;3;8;3;RUE FAIDHERBE;;
536578770;17;7;2024;09:45;1;75;75114;1;1;1;7;A6A;;
536578771;25;2;2024;14:45;1;75;75108;2;7;2;1;PLACE DE LA CONCORDE;;
536578772;24;8;2024;19:15;1;01;01053;2;1;1;2;DE GAULLE ( BD GAL) IMPAIR;;
536578773;18;7;2024;11:45;1;93;93007;1;1;1;4;AUTOROUTE A1;;
536578774;25;2;2024;14:30;1;93;93077;2;1;2;3;Avenue du Général Galliéni;;
536578775;25;2;2024;20:25;5;93;93055;2;3;2;6;Rue Sainte Marguerite / Rue Henri Martin;;
536578776;17;7;2024;14:05;1;93;93066;1;1;1;2;AUTOROUTE A1;;
536578777;23;8;2024;18:30;1;75;75118;2;1;1;4;BD PERIPHERIQUE EXTERIEUR;;
536578778;25;2;2024;03:30;5;93;93008;2;7;3;7;Avenue Paul Vaillant - Couturier / Pont de Bondy;;
536578779;17;7;2024;17:15;1;77;77121;1;1;1;4;A4;;
536578780;27;4;2024;10:55;1;29;29232;2;1;1;6;Avenue de la France Libre;;
536578782;9;7;2024;07:55;1;44;44162;2;6;1;3;22 Boulevard du Massacre;;
536578783;9;7;2024;23:10;5;44;44109;2;6;8;6;Rue Gaston Michel;;
536578784;25;2;2024;14:00;1;92;92046;2;2;2;3;JULE FERRY;;
536578785;25;2;2024;12:15;1;92;92077;2;1;2;3;VERSAILLES (RUE DE);;
536578786;24;8;2024;15:10;1;75;75120;2;2;1;2;RUE DES PYRENEES;;
536578787;4;5;2024;10:15;1;74;74123;1;4;1;2;Route d'annecy;;
536578788;25;2;2024;17:35;2;92;92063;2;1;2;3;DIX-HUIT JUIN 1940 (AVENUE DU) EST;;
536578789;30;4;2024;23:10;3;74;74116;1;1;1;7;1133 Route de Cruseilles;;
536578790;25;2;2024;16:30;1;92;92048;2;1;3;3;MAL DE LATTRE DE TASSIGNY (AVENUE);;
536578791;26;6;2024;17:00;1;44;44190;2;1;1;6;63 Rue de la Fontaine;;
536578792;25;2;2024;15:45;1;92;92004;2;1;2;6;REDOUTE ( AVENUE DE LA  );;
536578793;24;8;2024;12:40;1;75;75116;2;3;1;3;AVENUE FOCH;;
536578794;25;2;2024;13:40;1;76;76279;1;3;3;3;Route de la Gare;;
536578795;10;5;2024;10:30;1;74;74224;2;3;1;3;Rue de la patience;;
536578796;23;8;2024;23:10;5;75;75115;2;2;1;1;RUE DE LA PROCESSION;;
536578797;24;2;2024;17:23;1;14;14710;1;9;1;3;Route de Pierrepont;;
536578798;1;5;2024;17:36;1;74;74267;1;3;1;5;Route du col de leschaux;;
536578799;23;8;2024;18:45;1;75;75115;2;1;1;6;AVENUE EMILE ZOLA;;
536578800;14;2;2024;17:50;1;86;86221;2;1;2;2;Rue de Volmerange les Mines;;
536578801;1;5;2024;14:39;1;74;74148;1;1;1;6;D110;;
536578802;25;2;2024;23:10;3;67;67133;1;1;2;6;Départementale 122 graufthal;;
536578803;25;2;2024;12:15;1;973;97362;2;1;1;7;chemin de la source;;
536578804;23;4;2024;09:50;1;74;74010;1;1;1;2;A41;;
536578805;23;2;2024;07:55;1;68;68315;2;9;1;3;Route d'Issenheim;;
536578806;21;4;2024;15:55;1;45;45155;2;2;1;3;96 Rue Jean Moulin;;
536578807;24;2;2024;17:30;1;22;22305;1;1;2;1;Kergoet;;
536578808;23;2;2024;16:48;1;59;59037;2;9;7;6;Rue sadi carnot;;
536578809;24;8;2024;17:45;1;75;75112;2;1;2;4;QUAI DE BERCY;;
536578810;22;3;2024;07:46;1;01;01160;2;6;7;3;Rue de Meyrin;;
536578811;26;2;2024;00:30;3;67;67311;1;1;2;7;RD 721;;
536578812;24;2;2024;16:30;1;2B;2B150;1;1;3;6;T30;;
536578813;25;2;2024;17:20;1;81;81070;2;3;8;7;Avenue Jean Berenguier;;
536578814;16;7;2024;15:09;1;987;98736;2;2;1;1;CHARLES DE GAULLE (AV);;
536578815;24;8;2024;09:30;1;75;75111;2;2;1;3;AVENUE DE LA REPUBLIQUE;;
536578816;26;2;2024;18:25;2;71;71261;1;2;2;6;257 Rue du Chandelier;;
536578817;16;7;2024;16:35;1;987;98735;2;1;1;7;TIPAERUI (CV);;
536578818;26;2;2024;16:20;1;71;71149;2;1;1;1;Rue de la Varenne;;
536578819;17;7;2024;15:28;1;973;97302;2;1;1;3;RABAN (ROUTE DE);;
536578820;24;8;2024;11:03;1;75;75109;2;3;1;6;RUE DU FAUBOURG MONTMARTRE;;
536578821;17;7;2024;00:45;3;973;97309;2;1;1;1;TROUBIRAN (CHEMIN DE);;
536578822;26;2;2024;12:15;1;71;71550;2;2;1;3;Rue de la Barre;;
536578823;17;7;2024;04:05;5;971;97113;2;1;1;6;SECTEUR DAMPIERRE;;
536578824;19;2;2024;08:08;1;41;41080;1;2;8;3;D976;;
536578825;17;7;2024;07:40;1;2A;2A004;2;1;1;2;RECCO ABBE BOULEVARD;;
536578826;24;8;2024;02:05;5;75;75109;2;2;1;6;RUE DE DOUAI;;
536578827;11;2;2024;18:30;2;44;44185;2;1;1;6;74 Avenue  Jean Burel;;
536578828;24;2;2024;05:45;3;31;31341;1;1;2;6;route departementale 17;;
536578829;24;8;2024;19:09;1;94;94073;2;1;1;3;Rue Romain Gary;;
536578830;17;7;2024;22:30;4;95;95018;2;3;1;3;D41;;
536578831;26;2;2024;14:10;1;26;26234;1;1;1;2;D164;;
536578832;24;8;2024;14:15;1;94;94022;2;2;1;6;Rue Robert Peary;;
536578833;18;7;2024;23:50;5;91;91027;2;2;1;7;AV FRANCOIS MITTERRAND;;
536578834;17;7;2024;12:50;1;91;91027;2;2;1;1;AV HENRI DUNANT;;
536578835;24;8;2024;12:45;1;93;93066;2;1;1;4;Avenue du Général de Gaulle;;
536578836;17;7;2024;17:00;1;91;91228;2;3;1;3;RUE HENRI ROCHEFORT;;
536578837;23;8;2024;23:10;5;93;93077;2;1;1;6;Rue Marcel Douret;;
536578838;16;7;2024;14:55;1;86;86194;2;1;1;3;Rue de Bignoux;;
536578839;17;5;2024;15:08;1;84;84031;2;9;1;6;WILSON AVENUE;;
536578840;24;8;2024;22:45;5;93;93057;2;5;1;1;Avenue Aristide Briand / Avenue Jules Guesde;;
536578841;17;7;2024;14:00;1;84;84007;2;2;1;1;TRILLADE (avenue de la );;
536578842;24;8;2024;16:15;1;92;92050;2;1;1;6;CLEMENCEAU GEORGES AVENUE N°IMPAIR;;
536578843;17;7;2024;19:50;1;83;83137;2;3;1;3;PICOT (AVE DU COLONEL);;
536578844;24;8;2024;13:40;1;92;92007;2;2;1;3;VAILLANT-COUTURIER (AVENU PAUL);;
536578845;17;7;2024;08:22;1;83;83062;2;6;1;6;CRETES (CHEMON DES);;
536578846;16;7;2024;23:55;5;83;83144;2;9;1;6;LIBERATION (AVE DE LA);;
536578847;24;8;2024;12:30;1;92;92014;2;1;1;7;FONTENAY (RUE);;
536578848;14;7;2024;17:10;1;83;83034;2;6;1;6;BOULEVARD DE LA LIBERTÉ;;
536578849;24;8;2024;10:48;1;974;97415;2;1;1;3;route des premiers français;;
536578850;16;7;2024;01:20;3;77;77373;2;1;1;7;RUE DE MONTHETY;;
536578851;15;7;2024;16:00;1;76;76351;2;2;1;1;MARC BLOCH;;
536578852;17;7;2024;07:40;1;72;72181;2;1;1;6;GENESLAY FELIX (AV) N° IMP 1 A 151;;
536578853;24;8;2024;17:31;1;68;68097;1;4;1;3;D11iii;;
536578854;17;7;2024;19:55;1;68;68066;2;1;1;6;Rue Edmond Marin la Meslée;;
536578855;24;8;2024;22:45;5;28;28088;2;1;6;6;32a Rue de Nivouville;;
536578856;24;8;2024;02:45;3;85;85245;1;1;1;6;RD66;;
536578858;25;8;2024;15:25;1;23;23245;1;1;1;6;N145;;
536578859;17;7;2024;20:15;1;64;64260;2;6;1;6;BAIE DE CHINGUDY (AVENUE DE LA);;
536578860;17;7;2024;18:45;1;64;64041;2;1;1;3;LABIELLE DE;;
536578861;24;8;2024;16:45;1;01;01322;1;4;1;3;D6;;
536578862;16;7;2024;10:20;1;64;64024;2;6;1;2;JORLIS (ROND POINT DE);;
536578863;17;7;2024;09:30;1;63;63113;2;1;1;3;LIONDARDS (RUE DES);;
536578864;25;8;2024;06:00;3;12;12131;1;1;1;3;RD 1088;;
536578865;14;7;2024;23:30;4;62;62133;2;9;1;6;Rue Jules Mathieu;;
536578866;17;7;2024;19:10;1;59;59350;2;1;1;1;Boulevard Montebello;;
536578867;25;8;2024;12:35;1;01;01173;1;1;8;1;D1005;;
536578868;12;7;2024;17:15;1;59;59637;2;1;1;6;NAVIE(RUE DE LA);;
536578869;24;8;2024;17:45;1;34;34014;1;1;1;1;D68;;
536578870;17;7;2024;14:50;1;54;54099;2;6;1;6;D346;;
536578871;25;8;2024;09:40;1;30;30047;2;1;1;7;Rue Joseph d'Arbaud;;
536578872;25;8;2024;14:15;1;51;51128;1;1;1;6;Bievre;;
536578873;16;7;2024;18:45;1;51;51454;2;3;1;3;FABIEN (RUE DU COLONNEL);;
536578874;16;6;2024;19:45;1;83;83107;2;1;1;6;avenue Gabriel Peri;;
536578875;2;2;2024;20:40;3;2A;2A017;1;3;1;3;24 Strada di San Ghjuvanni;;
536578877;15;6;2024;15:30;1;68;68063;2;1;1;3;18 Rue Raymond Poincare;;
536578878;25;8;2024;17:40;1;80;80714;2;1;1;1;Route de Saint Valery;;
536578879;16;7;2024;18:41;1;51;51454;2;2;1;4;MARCHANDEAU (AVENUE PAUL);;
536578880;24;8;2024;19:05;1;81;81220;2;1;2;3;6609B Avenue de l'Hermitage;;
536578881;16;6;2024;17:15;1;68;68269;1;1;1;1;D106;;
536578882;13;6;2024;14:14;1;73;73099;1;6;1;3;D925;;
536578883;17;7;2024;03:40;3;47;47031;2;1;1;2;DOCTEUR NOGUES (AV DU);;
536578884;14;6;2024;15:00;1;38;38455;2;1;1;6;235 Chemin du Mollard;;
536578885;24;8;2024;23:10;3;89;89382;2;1;1;5;1 Rue d'Auxerre;;
536578886;15;7;2024;14:52;1;38;38151;1;1;1;3;A.480;;
536578887;17;6;2024;14:20;1;38;38205;2;1;1;3;65 Route de Villard;;
536578888;23;8;2024;23:00;3;63;63380;1;1;1;1;Route de Sapchat;;
536578889;17;7;2024;08:15;1;34;34172;2;1;1;6;JUSSIEU (RUE ANTOINE-LAURENT);;
536578890;16;6;2024;18:25;1;26;26347;2;1;1;1;Place du Taurobole;;
536578891;14;7;2024;03:40;4;27;27229;2;1;1;6;VERNON (RUE DE);;
536578892;17;6;2024;17:00;1;26;26074;1;1;1;7;route de vassieux;;
536578893;17;7;2024;13:25;1;25;25056;2;1;1;6;faubourg tarragnoz;;
536578894;13;6;2024;08:20;1;07;07042;1;3;1;3;D4;;
536578895;25;8;2024;06:00;3;49;49364;1;4;1;4;D347;;
536578896;17;7;2024;23:45;5;17;17300;2;1;1;2;REPUBLIQUE   BOULEVARD DE LA;;
536578897;16;6;2024;23:10;5;65;65059;2;1;1;6;Rue Georges Lassalle;;
536578898;16;6;2024;23:35;3;65;65059;2;1;1;6;Route de Toulouse;;
536578899;25;8;2024;11:05;1;49;49180;1;4;1;1;D79 PR9+340;;
536578900;5;6;2024;19:30;1;31;31395;2;1;1;6;55 Avenue des Pyrénées;;
536578901;17;7;2024;00:40;5;13;13211;2;2;1;1;VICINAL DE LA MILLIERE (CHEMIN);;
536578902;24;8;2024;18:10;1;47;47086;1;1;1;6;770 Route de Miramont;;
536578903;17;6;2024;08:20;1;64;64304;1;3;1;1;Route de l'Adour;;
536578906;25;8;2024;15:50;1;68;68018;2;1;1;1;10 Rue du 27 Novembre;;
536578908;16;6;2024;19:15;1;72;72378;1;2;1;3;Le Petit Gruau;;
536578909;24;8;2024;21:30;3;44;44082;1;1;1;1;Le Chapeau Rouge;;
536578910;16;6;2024;02:00;3;14;14258;1;1;2;6;D511;;