Num_Acc;jour;mois;an;hrmn;lum;dep;com;agg;int;atm;col;adr;lat;long
536579236;10;12;2024;17:35;5;69;69255;2;1;1;6;14 Avenue Docteur Sérullaz;;
536579237;28;9;2024;13:30;1;92;92063;2;9;1;6;FOUILLEUSE (AVENUE DE);;
536579238;22;8;2024;17:12;1;75;75120;2;1;1;4;BD PERIPHERIQUE INTERIEUR;;
536579239;15;6;2024;12:10;1;83;83049;2;1;1;6;82 Rue Charles Gounod;;
536579240;10;12;2024;07:45;3;31;31004;2;1;1;6;Route de Ticaille;;
536579242;28;9;2024;19:05;2;92;92012;2;1;1;3;SILLY (RUE DE) 1/87 - 2/88;;
536579243;23;8;2024;02:15;5;75;75117;2;2;1;1;AVENUE DE LA PORTE D ASNIERES;;
536579244;23;8;2024;01:55;5;75;75108;2;1;1;7;COURS LA REINE;;
536579245;9;12;2024;14:29;1;44;44198;2;1;1;1;48 Rue du Champ Fleuri;;
536579246;23;8;2024;10:30;1;75;75116;2;1;1;3;AVENUE PRUDHON;;
536579247;25;9;2024;12:30;1;78;78575;2;1;2;1;rue de Versailles, D 938;;
536579248;7;12;2024;09:45;1;44;44215;1;1;1;1;Boulevard de Vendée;;
536579249;15;6;2024;05:20;3;26;26325;2;3;3;3;59 Rue de Marseille;;
536579250;23;8;2024;18:30;1;75;75110;2;3;1;6;QUAI DE VALMY;;
536579251;16;6;2024;02:25;3;974;97413;1;9;3;6;Route Nationale 1;;
536579252;23;8;2024;00:45;5;75;75109;2;2;1;3;RUE D AMSTERDAM;;
536579253;10;12;2024;18:14;2;35;35012;1;1;1;1;RD 777;;
536579254;15;6;2024;22:35;3;2B;2B143;1;1;1;6;T10;;
536579255;9;12;2024;22:00;3;35;35047;1;1;2;6;D177, PK 29+800, SENS RENNES VERS REDON;;
536579256;15;6;2024;20:30;2;30;30117;2;1;1;7;La fabrique;;
536579257;23;8;2024;19:20;1;94;94081;2;9;1;6;Boulevard de Stalingrad;;
536579258;27;9;2024;23:20;3;95;95353;1;1;2;3;A16;;
536579259;9;12;2024;17:20;5;76;76758;2;1;2;6;2 Avenue du Marechal Foch;;
536579260;23;8;2024;16:25;1;94;94074;2;1;1;3;Avenue Julien Duranton;;
536579261;29;9;2024;13:45;1;62;62254;1;1;1;6;D157;;
536579262;10;12;2024;05:45;3;60;60473;1;1;8;7;Route de Nanteuil;;
536579263;15;6;2024;15:00;1;57;57742;1;1;1;5;D96;;
536579264;22;8;2024;15:00;1;94;94068;2;2;1;3;Rue Delerue;;
536579266;16;6;2024;13:30;1;56;56123;1;1;1;1;la ville clero;;
536579267;23;8;2024;13:50;1;94;94073;2;2;8;3;Rdpt d'Espagne;;
536579268;15;6;2024;18:25;1;56;56154;1;1;1;1;Le Pont d'Oust;;
536579269;28;9;2024;21:00;5;95;95205;1;1;1;3;D316;;
536579270;30;11;2024;02:40;3;59;59544;1;1;1;2;AUTOROUTE A2;;
536579271;22;8;2024;10:15;1;94;94017;2;1;1;4;63 Avenue Marx Dormoy;;
536579272;15;6;2024;15:20;1;82;82113;1;1;1;3;Route Départementale 20;;
536579273;29;9;2024;10:45;1;86;86236;1;1;1;7;Lieu Dit la Rabateliere;;
536579274;9;12;2024;18:47;3;91;91432;1;1;2;3;AUTOROUTE A6;;
536579275;10;6;2024;19:35;2;81;81055;1;1;1;6;RD 629;;
536579276;23;8;2024;00:35;5;93;93013;2;3;1;7;Rue Albert Thomas / Avenue de la Division Leclerc;;
536579277;8;12;2024;22:20;3;91;91661;1;1;2;2;AUTOROUTE A10;;
536579278;29;9;2024;19:30;3;83;83049;2;1;1;6;Avenue des Bousquets;;
536579279;15;6;2024;12:10;1;32;32462;2;1;1;7;Rue des Moulins à Vent;;
536579280;23;8;2024;12:30;1;93;93014;2;1;8;3;Boulevard Emile Zola;;
536579281;8;12;2024;13:15;1;92;92072;2;1;9;6;N118;;
536579282;28;9;2024;22:45;3;42;42322;1;1;1;6;Route de la Croix de Chaubouret;;
536579283;23;8;2024;00:40;5;93;93057;2;1;1;3;Avenue Aristide Briand;;
536579285;8;12;2024;10:55;1;78;78551;1;1;1;2;A14;;
536579286;23;8;2024;08:37;2;93;93008;2;1;1;6;Avenue Karl Marx;;
536579287;28;9;2024;10:30;1;51;51535;2;1;1;6;Route de Troyes;;
536579288;16;6;2024;00:50;3;61;61301;1;1;2;6;D438;;
536579289;23;8;2024;18:30;1;92;92036;2;1;2;3;MOULIN CAGE (QUAI);;
536579290;8;12;2024;09:08;1;92;92047;1;1;2;3;A13;;
536579291;27;9;2024;06:30;3;19;19288;1;1;2;6;Les hagats;;
536579292;15;6;2024;11:34;1;22;22015;1;1;8;2;la ville marque;;
536579293;22;8;2024;09:20;1;92;92025;2;1;1;6;BOURNARD (RUE DU);;
536579294;7;12;2024;18:35;3;78;78498;1;1;2;7;A13;;
536579295;9;12;2024;01:00;5;95;95582;1;1;1;7;A15;;
536579296;23;8;2024;19:28;1;92;92023;2;6;1;3;GENERAL DE GAULLE (AV DU) N°440 A 544 ET;;
536579298;23;8;2024;10:20;1;60;60553;1;1;1;7;D1017;;
536579299;28;9;2024;14:20;1;56;56240;1;3;1;6;Route de Kerlevenan;;
536579300;8;12;2024;22:30;3;92;92036;1;1;2;3;AUTOROUTE A15;;
536579301;16;6;2024;02:40;3;25;25262;1;1;1;6;Mont de Fuans;;
536579302;23;8;2024;12:15;1;05;05161;2;1;1;6;2 Chemin de Rivo;;
536579303;8;12;2024;15:30;1;95;95572;1;1;2;6;A15;;
536579304;29;9;2024;16:55;1;76;76363;1;1;1;7;D7;;
536579305;24;8;2024;02:50;3;972;97214;1;4;1;6;RD1;;
536579306;16;6;2024;18:20;1;25;25315;1;1;1;3;voie communale n°7;;
536579307;8;12;2024;13:05;1;92;92036;1;1;3;3;AUTOROUTE A15;;
536579308;23;8;2024;07:00;1;972;97231;1;1;1;1;Route nationale 5, château gaillard;;
536579309;29;9;2024;17:30;1;76;76443;1;1;8;6;D3;;
536579311;8;12;2024;14:30;1;93;93078;1;1;3;6;AUTOROUTE A104;;
536579312;29;9;2024;02:40;3;2B;2B283;1;1;1;6;RT 10;;
536579313;15;6;2024;16:40;1;44;44120;2;6;2;6;72 Rue de la Jaunaie;;
536579314;8;12;2024;08:45;1;95;95028;1;1;3;6;N104;;
536579316;28;9;2024;09:30;1;80;80443;2;2;7;3;Rue de la Place à TRONCHOY;;
536579317;8;12;2024;10:30;1;95;95678;1;1;3;6;N184;;
536579318;15;6;2024;12:20;1;03;03236;2;1;1;3;rue Pierre Semard;;
536579319;7;12;2024;17:10;3;95;95572;1;1;1;2;N184;;
536579320;29;9;2024;16:00;1;32;32237;1;1;1;6;département 924;;
536579321;15;6;2024;16:50;1;83;83013;1;1;1;2;Route du logis du Pin - RD 21;;
536579322;7;12;2024;14:30;1;93;93007;1;1;1;3;AUTOROUTE A1;;
536579323;28;9;2024;22:01;3;61;61043;1;1;1;2;D955;;
536579324;16;6;2024;03:05;3;83;83032;1;1;1;6;535 Route de Lorgues;;
536579325;7;12;2024;13:05;1;93;93008;1;1;1;6;AUTOROUTE A86;;
536579326;16;6;2024;00:01;3;83;83095;1;1;1;6;585 Route de Draguignan;;
536579327;6;12;2024;17:40;3;95;95394;1;1;1;2;N184;;
536579328;29;9;2024;02:15;3;61;61243;1;1;1;6;D241;;
536579329;15;6;2024;16:45;1;09;09032;1;1;1;6;N20- pk 83+600;;
536579330;6;12;2024;12:30;1;95;95678;1;1;1;4;N184;;
536579332;28;9;2024;17:24;1;86;86082;1;9;1;3;Rue Marcel Renault;;
536579333;9;12;2024;17:15;3;94;94028;1;1;2;3;A86;;
536579334;16;6;2024;15:45;1;07;07009;1;1;7;6;D370b;;
536579335;9;12;2024;16:00;1;94;94042;1;1;1;2;A4;;
536579336;9;12;2024;09:00;1;94;94028;1;1;2;2;N406;;
536579337;28;9;2024;04:45;3;86;86097;1;1;1;6;Lieu Dit la Lande;;
536579338;15;6;2024;13:50;1;07;07055;2;6;1;3;D11/RUE DU PLAN D'EAU;;
536579339;10;7;2024;15:25;1;972;97213;2;9;1;3;AEROPORT (ROND POINT DE L');;
536579340;16;6;2024;15:30;1;85;85234;2;1;1;1;RD38;;
536579341;15;6;2024;16:40;1;85;85042;1;1;1;3;RD137 - 65 Rue nationale;;
536579342;4;7;2024;12:35;1;972;97213;1;1;1;4;AUTOROUTE A1;;
536579343;1;7;2024;19:55;3;972;97213;1;1;2;6;ROUTE NATIONALE 5;;
536579345;15;6;2024;12:17;1;87;87154;1;1;2;3;route nationale 141;;
536579346;1;5;2024;18:20;1;75;75106;2;3;1;6;RUE DE L ECOLE DE MEDECINE;;
536579347;15;6;2024;10:00;1;67;67460;1;1;1;6;Autoroute A4 - P 456+000;;
536579348;17;10;2024;23:45;5;44;44109;2;6;1;6;62 Rue des Hauts Pavés;;
536579350;28;9;2024;17:53;1;29;29059;1;2;1;3;Lieu Dit Kerjean;;
536579351;21;9;2024;14:10;1;74;74010;2;2;1;3;Route des creuses (Seynod);;
536579352;29;9;2024;15:15;1;29;29211;1;1;2;6;Kerseach;;
536579353;16;6;2024;12:30;1;69;69115;1;1;1;6;Autoroute 6;;
536579354;7;10;2024;08:45;1;74;74105;2;3;1;3;14 Rue des vignes de bachelard;;
536579355;29;9;2024;11:20;1;38;38278;1;1;1;1;D201;;
536579356;16;6;2024;17:30;2;988;98803;1;1;1;6;RT1;;
536579357;26;9;2024;21:15;3;70;70433;1;1;9;6;D76;;
536579358;6;9;2024;22:40;3;74;74086;2;1;1;1;52 Route du chef lieu;;
536579359;16;6;2024;02:30;5;973;97304;2;1;1;1;25 Rue Justin Catayée;;
536579360;28;9;2024;19:15;2;26;26345;1;1;1;7;Route de St Paul;;
536579361;23;7;2024;17:00;1;74;74241;2;1;1;1;Route de Marignier;;
536579362;16;6;2024;01:14;3;66;66225;1;1;1;1;D61a;;
536579363;28;9;2024;16:30;1;26;26365;1;1;1;1;RD 538, Route de chabeuil, quartier  les massonnes;;
536579364;6;6;2024;03:00;3;77;77534;1;1;1;1;D619;;
536579365;15;6;2024;09:25;1;34;34146;1;1;1;3;Route Nationale 113;;
536579366;16;6;2024;15:30;1;84;84054;1;1;1;6;1020 Route de Fontaine-de-vaucluse;;
536579367;28;9;2024;23:45;5;72;72138;1;1;1;2;lieu dit le sablon;;
536579368;30;7;2024;16:00;1;13;13066;1;1;1;1;D28;;
536579369;15;10;2024;09:45;1;44;44109;2;1;1;3;Boulevard Emile Gabory;;
536579370;15;6;2024;06:00;1;83;83019;1;1;1;6;D98;;
536579371;7;12;2024;03:09;5;987;98735;2;1;1;1;POMARE (BVD);;
536579372;30;6;2024;15:00;1;14;14658;1;1;1;1;1 Rue de la Basinière;;
536579373;15;6;2024;16:52;1;13;13030;1;1;1;6;Route Nationale 8;;
536579374;28;9;2024;20:30;2;72;72201;1;2;1;3;Lieu Dit La Grande Croix;;
536579375;7;12;2024;23:30;5;974;97416;2;9;1;3;PISCINE (ALLEE DE LA);;
536579376;31;10;2024;12:35;1;69;69382;2;3;1;6;Rue de la Charité;;
536579377;16;6;2024;00:01;3;13;13080;1;3;1;3;Route Rd 561;;
536579378;8;12;2024;16:50;1;974;97411;1;1;3;3;MONTAGNE (ROUTE DE LA);;
536579379;8;8;2024;17:15;1;74;74010;2;3;1;3;ALERY (AVENUE D');;
536579380;15;6;2024;18:30;1;13;13048;1;1;1;7;CD 11, plateau de Bèdes;;
536579381;29;9;2024;09:30;1;72;72103;1;2;1;3;D177;;
536579382;8;12;2024;13:00;1;69;69386;2;2;2;3;Rue de Sèze;;
536579383;2;11;2024;11:10;1;987;98735;1;1;1;3;PIERRE LOTI (ALLEE);;
536579384;13;6;2024;19:10;1;68;68012;2;1;1;3;23 Route de Thann;;
536579385;28;9;2024;18:00;1;90;90041;2;1;1;7;Rue d'Eloie;;
536579386;8;12;2024;11:55;1;69;69386;2;2;2;6;Rue Garibaldi;;
536579387;15;6;2024;17:20;1;68;68334;2;1;1;1;Place de la Halle des Sports;;
536579388;15;9;2024;06:30;3;64;64160;1;1;1;7;Chemin Hardoya;;
536579389;2;11;2024;20:15;5;974;97411;2;4;1;7;MAZAGRAN (RUE);;
536579390;7;12;2024;04:30;3;972;97213;1;1;1;6;ROUTE NATIONALE 5;;
536579391;15;6;2024;19:20;1;68;68379;2;1;1;7;2 Rue de la Gare;;
536579392;10;9;2024;17:40;1;87;87046;1;1;1;7;la lande du dolmen;;
536579393;2;11;2024;09:10;1;974;97409;2;1;1;3;Lefaguyes (chemin);;
536579394;28;9;2024;02:04;3;37;37015;1;1;2;6;Route de la Gare;;
536579395;1;11;2024;15:00;1;974;97407;2;1;2;6;ROND POINT BUTTE CITRONNELLE;;
536579396;15;6;2024;20:45;2;67;67137;2;4;1;2;M83;;
536579397;8;12;2024;17:20;2;972;97209;2;1;1;3;RD 41 (ROCADE);;
536579398;28;9;2024;16:40;1;48;48178;2;1;1;6;RN 106;;
536579399;8;12;2024;21:00;3;2B;2B033;2;1;2;6;PAOLI DU NR 21 AU 45 -BLD;;
536579400;2;11;2024;19:35;5;973;97302;2;3;1;3;TROUBIRAN (CHEMIN DE);;
536579401;16;6;2024;00:52;3;57;57701;2;1;1;2;D6;;
536579402;2;11;2024;14:30;1;971;97101;1;1;3;7;BLANCHARD;;
536579403;28;9;2024;16:30;1;48;48082;1;1;1;1;Route nationale 88 lieu dit la pierre plantée;;
536579404;8;12;2024;11:15;1;971;97101;2;1;1;2;RN1 ROCADE DE CHAUVEL;;
536579405;14;6;2024;11:30;1;03;03034;2;1;1;6;10 route du stade;;
536579406;2;11;2024;22:45;5;2A;2A004;2;9;1;3;#1 Cours du Prince Imperial#;;
536579407;8;12;2024;13:15;1;95;95277;2;1;3;3;D170;;
536579408;29;9;2024;05:55;5;10;10295;1;9;5;6;Route Departementale 452;;
536579409;8;12;2024;19:15;5;95;95582;2;1;2;6;7 CHARLES DE GAULLE (BOULEVARD);;
536579410;1;11;2024;15:05;1;95;95539;2;1;1;1;LUAT (CHEMIN DU);;
536579411;16;6;2024;05:30;2;73;73150;1;1;8;5;N90;;
536579412;10;9;2024;15:50;1;31;31424;2;1;1;5;Rue des Fauvettes;;
536579413;8;12;2024;20:10;3;91;91339;1;1;8;7;RTE NATIONALE 20;;
536579414;1;11;2024;09:10;1;91;91425;2;1;1;2;RTE D ORLEANS RN 20;;
536579415;8;12;2024;21:20;5;91;91691;2;1;9;6;MARECHAL JUINI(RUE);;
536579416;2;11;2024;16:00;1;91;91286;2;1;8;6;CORBEIL (ROUTE DE);;
536579417;16;6;2024;16:20;1;38;38557;1;1;1;7;D517;;
536579418;8;12;2024;23:30;5;91;91687;2;1;2;7;VICTOR SCHOELCHER (AVENUE);;
536579419;16;6;2024;01:00;3;26;26315;1;1;1;7;D103;;
536579420;28;9;2024;01:55;3;67;67506;1;1;2;2;Autoroute A4 - PK 472.750 - Sens STRASBOURG vers PARIS;;
536579421;2;11;2024;12:43;1;91;91521;2;2;1;1;AV DE L AUNETTE;;
536579422;7;12;2024;16:45;2;88;88383;2;1;3;1;JONCHERIE;;
536579423;15;6;2024;10:05;1;07;07232;1;1;8;1;D19;;
536579424;29;9;2024;07:40;2;77;77508;1;1;1;1;pk 45 D231;;
536579425;29;10;2024;17:15;1;84;84031;2;7;1;4;ROGIER BOULEVARD ALFRED;;
536579426;9;12;2024;00:05;3;84;84072;1;1;1;1;ROUTE DE BEDOIN;;
536579427;15;6;2024;17:20;1;07;07279;1;1;1;3;1045 les baraques;;
536579428;28;9;2024;01:39;3;77;77177;1;1;1;6;D21;;
536579429;2;11;2024;22:55;5;78;78208;2;4;1;6;HELSINKI (BOULEVARD);;
536579430;6;12;2024;11:10;1;80;80001;2;1;1;3;Rue Jean Mennesson;;
536579431;16;6;2024;14:30;1;01;01275;1;1;1;6;chemin de la baraka;;
536579432;28;9;2024;11:00;1;2B;2B298;1;1;1;7;Route de Fornali;;
536579434;28;9;2024;22:41;5;84;84078;1;2;1;5;N7;;
536579435;2;11;2024;12:20;1;77;77276;2;1;1;3;COTE DE LA JUSTICE (ROUTE);;
536579436;28;9;2024;21:00;5;84;84129;2;1;1;6;2105 Avenue d'Orange;;
536579437;15;6;2024;17:05;1;01;01064;2;3;1;3;Route du Pont;;
536579438;29;9;2024;10:05;1;89;89206;2;2;1;2;Rue de la Porte Percy;;
536579439;16;6;2024;03:45;3;85;85238;2;1;3;6;6 Rue sainte-anne;;
536579440;1;11;2024;13:05;1;73;73065;1;4;1;3;BOISSE (AVENUE DE LA);;
536579441;29;9;2024;12:00;1;42;42296;1;1;1;6;Route de Lyon;;
536579442;2;11;2024;08:34;1;72;72181;2;2;1;6;MOULIN JEAN (BD) N° IMP;;
536579443;8;6;2024;05:35;2;76;76041;2;1;1;1;Route des Tôts;;
536579444;2;11;2024;03:40;5;72;72003;2;1;2;6;RATERIE (CHE DE LA);;
536579445;29;9;2024;14:50;1;42;42147;1;4;1;3;Rue de Saint Anthème;;
536579446;14;6;2024;07:52;1;13;13117;1;1;8;2;A7-Sens Lyon vers Marseille;;
536579447;28;9;2024;12:50;1;38;38565;1;6;2;6;Route de l'Isère (Pont);;
536579448;8;12;2024;18:50;3;77;77369;1;6;1;3;D405;;
536579449;2;11;2024;19:00;5;69;69286;1;1;2;3;Route de Fontaines;;
536579450;8;12;2024;18:39;5;76;76498;2;2;8;6;Avenue des Allies;;
536579451;29;9;2024;17:20;1;69;69106;1;2;1;3;Route Départementale 76;;
536579452;12;4;2024;16:00;1;69;69290;1;1;1;4;Autoroute 43;;
536579453;2;11;2024;12:00;1;67;67482;2;1;1;4;SCHIRMECK (ROUTE DE);;
536579454;8;12;2024;18:30;5;69;69266;2;1;3;1;Place Wilson;;
536579456;2;11;2024;11:19;1;64;64483;2;1;7;3;ITHURRALDE ANDRE (AVENUE);;
536579457;27;9;2024;22:15;3;53;53082;1;1;1;6;131 route des pommiers;;
536579458;8;12;2024;04:20;5;69;69266;2;6;3;3;Allée du Frère Benoit;;
536579459;27;9;2024;16:50;1;59;59256;2;1;2;6;Rue Calmette Guerin;;
536579460;3;11;2024;00:45;5;59;59350;2;2;1;3;Rue du Maréchal de Lattre de Tassigny;;
536579461;28;9;2024;15:05;1;13;13106;1;1;1;3;A7-Sens Marseille vers Lyon;;
536579462;7;12;2024;18:15;5;69;69013;1;3;2;3;Avenue de Joux;;
536579463;31;10;2024;18:38;1;56;56083;2;1;1;3;Avenue de la République;;
536579464;27;9;2024;14:35;1;13;13212;1;1;1;2;A507 sens Aubagne- Marseille;;
536579465;8;12;2024;18:55;5;66;66136;2;2;1;3;Avenue Maréchal Juin;;
536579466;2;11;2024;19:05;5;51;51454;2;3;1;6;VAILLANT COUTURIER (RUE PAUL) N°1 A 103;;
536579467;29;10;2024;10:40;1;51;51663;2;1;1;3;ALFRED ANATOLE THEVENET (AVENUE);;
536579468;8;12;2024;13:35;1;64;64129;2;3;2;3;SAINT EXUPERY;;
536579470;2;11;2024;18:41;5;45;45004;1;1;1;2;D2060 PR 26 + 337;;
536579471;8;12;2024;13:00;1;64;64132;2;1;2;6;COMMANDANT RENE MOUCHOTTE DU;;
536579472;28;9;2024;14:20;1;94;94021;1;1;1;3;A6B;;
536579473;2;11;2024;15:30;2;44;44143;2;3;1;6;Rue Victor Fortun;;
536579474;7;12;2024;18:00;5;62;62119;2;1;3;1;Rue Copernic;;
536579475;2;11;2024;23:32;5;42;42187;2;9;1;6;Rue Lucien Sampaix;;
536579476;28;9;2024;01:20;3;91;91553;1;1;8;6;RN 104;;
536579477;2;11;2024;20:11;5;42;42187;2;3;1;3;Rue Mulsant;;
536579478;7;12;2024;12:15;1;51;51453;1;1;8;2;RN 44;;
536579479;27;9;2024;16:45;1;95;95277;1;1;1;2;A3;;
536579480;2;11;2024;16:30;1;42;42044;2;4;1;6;Rue Grenette;;
536579481;28;9;2024;15:35;1;93;93051;1;1;1;2;A4;;
536579482;6;12;2024;15:00;1;47;47323;2;6;1;3;CAYREL JEAN-CLAUDE (AVENUE);;
536579483;28;9;2024;01:15;3;77;77249;1;1;2;7;RN104;;
536579484;2;11;2024;04:20;5;37;37261;2;2;2;3;HEURTELOUP (BOULEVARD);;
536579485;6;12;2024;16:05;1;45;45068;2;1;1;3;10 Rue du Gué aux Biches;;
536579486;2;11;2024;12:50;1;35;35238;2;1;1;3;GROS MALHON (AVENUE);;
536579487;27;9;2024;23:20;3;94;94065;1;1;2;4;A86;;
536579488;8;12;2024;18:55;5;41;41018;2;1;2;3;BESNARD (QUAI ULYSSE);;
536579489;2;11;2024;19:25;5;34;34172;2;2;1;3;LIBERTE (AVENUE DE LA;;
536579490;27;9;2024;15:50;1;77;77337;1;1;2;3;A4;;
536579491;8;12;2024;16:55;1;34;34172;2;1;1;1;MAURIN (AVENUE DE;;
536579492;2;11;2024;21:20;5;33;33063;2;3;1;6;Place de la Ferme de Richemont;;
536579493;7;12;2024;17:25;5;34;34172;2;1;1;7;VALERY (BOULEVARD PAUL;;
536579494;28;9;2024;09:30;1;988;98818;2;1;1;6;RUE ARMAND OHLEN;;
536579495;2;11;2024;06:15;5;31;31149;1;1;1;2;3 COLOMIERS EST (A624);;
536579496;27;9;2024;18:05;2;974;97416;1;9;1;6;RN 01;;
536579497;2;11;2024;18:10;2;13;13213;2;3;1;3;ALPHONSE DAUDET (RUE);;
536579498;8;12;2024;20:00;5;25;25031;2;1;1;1;SELONCOURT (RUE DE);;
536579499;27;9;2024;12:40;1;974;97416;1;1;1;3;ANCIENNE RN 1;;
536579500;2;11;2024;09:23;1;06;06088;2;4;1;6;2 Boulevard Pierre Sola;;
536579501;7;12;2024;21:15;5;18;18279;2;2;3;1;Rue Jeanne Labourbe;;
536579502;27;9;2024;08:00;1;974;97416;1;1;1;5;RN3 (2);;
536579503;2;11;2024;12:45;1;04;04112;2;3;1;3;SAINT LAZARE (AV.);;
536579504;1;11;2024;16:00;1;75;75113;2;1;1;2;BOULEVARD PERIPHERIQUE INTERIEUR SUD;;
536579505;26;9;2024;11:53;1;973;97302;2;1;1;3;MONTABO (ROUTE DE) 1;;
536579506;8;12;2024;02:30;3;13;13019;1;1;1;5;D9;;
536579508;1;11;2024;12:20;1;75;75117;2;7;1;3;PLACE DE VERDUN;;
536579509;8;12;2024;05:00;5;13;13209;2;1;1;6;LÉON LACHAMP (ROUTE);;
536579510;2;11;2024;18:40;5;75;75111;2;1;1;6;RUE JEAN PIERRE TIMBAUD;;
536579511;26;9;2024;20:40;3;973;97302;2;1;1;2;MADELEINE (ROUTE DE LA);;
536579512;8;12;2024;13:20;1;13;13211;2;1;1;5;LÉON BANCAL (RUE);;
536579513;2;11;2024;17:56;2;75;75110;2;1;1;6;RUE DE SAMBRE ET MEUSE;;
536579514;26;9;2024;12:30;1;973;97302;2;1;1;1;BECKER (LIEUTENANT);;
536579515;2;11;2024;18:20;5;75;75101;2;1;1;6;RUE DE RIVOLI;;
536579516;8;12;2024;13:30;1;13;13004;2;1;1;1;BD EMILE COMBES;;
536579517;25;9;2024;20:20;5;973;97302;2;1;1;2;MONTABO (ROUTE DE) 1;;
536579518;27;11;2024;08:30;1;06;06104;2;1;1;3;86 Avenue Jean Jaurès;;
536579519;1;11;2024;04:05;5;75;75101;2;2;1;3;RUE DE RIVOLI;;
536579520;27;9;2024;10:55;1;69;69383;2;3;7;6;Cours Lafayette;;
536579521;2;11;2024;11:30;1;93;93066;2;1;1;3;BRICHE NR 69 A 77;;
536579522;8;12;2024;16:40;5;06;06029;2;1;1;1;34 Boulevard du Midi Louise Moreau;;
536579523;25;9;2024;11:21;1;69;69387;2;3;1;6;Avenue Berthelot;;
536579524;2;11;2024;07:50;2;93;93046;2;1;8;6;PRESIDENT FITZERALD KENNEDY (AV DU);;
536579525;8;12;2024;15:00;1;06;06030;2;1;7;6;275 Chemin Saint - Joseph;;
536579526;26;9;2024;08:55;1;69;69384;2;1;3;6;Cours d'Herbouville;;
536579527;7;12;2024;17:30;3;06;06123;2;1;1;1;1307 Chemin des Iscles;;
536579528;27;9;2024;11:23;1;971;97101;1;4;1;1;ALBERT LEOGANE - TERRASSON (RUE);;
536579529;2;11;2024;18:20;5;93;93006;2;1;1;6;PASTEUR AV.;;
536579531;27;9;2024;16:45;1;2A;2A004;2;1;1;1;6 Boulevard Lantivy;;
536579532;8;12;2024;16:52;2;01;01053;2;9;2;6;BARBEROT Paul  (avenue);;
536579533;2;11;2024;18:20;5;93;93063;2;3;1;3;NORMANDIE-NIEMEN RUE;;
536579534;27;9;2024;11:00;1;95;95563;2;2;1;3;D502;;
536579535;7;12;2024;02:37;5;75;75109;2;2;3;6;RUE DES MARTYRS;;
536579536;2;11;2024;17:35;5;92;92036;2;1;1;6;GABRIEL PERI (AVENUE) (101/129);;
536579537;27;9;2024;06:27;5;95;95018;2;2;9;3;D392;;
536579538;8;12;2024;19:10;5;75;75116;2;7;2;6;PLACE DE LA PORTE MAILLOT;;
536579539;1;11;2024;23:25;5;92;92036;2;3;1;3;GABRIEL PERI (AVENUE) (2/58);;
536579540;7;12;2024;13:30;1;75;75115;2;7;1;6;RUE LINOIS;;
536579541;2;11;2024;13:15;1;92;92025;2;2;8;7;CHARLES DE GAULLE (BD);;
536579542;27;9;2024;04:55;5;91;91161;2;9;8;5;RTE DE LONGJUMEAU;;
536579543;1;11;2024;20:35;5;92;92025;2;1;1;3;PAUL BERT (RUE);;
536579544;7;12;2024;23:50;5;75;75114;2;3;2;3;AVENUE DU GENERAL LECLERC;;
536579545;27;9;2024;21:42;5;91;91514;2;1;1;6;RUE DE BOISSY ST LEGER;;
536579546;2;11;2024;14:52;1;92;92007;2;1;1;6;PLUCHET (RUE ALPHONSE);;
536579547;26;9;2024;14:30;1;91;91691;2;1;3;2;RAYMOND POINCARE(RUE);;
536579548;8;12;2024;04:00;5;94;94042;2;2;2;2;Avenue du Général Galliéni;;
536579549;2;11;2024;18:20;2;47;47069;1;6;1;3;rond point de camelat;;
536579550;31;10;2024;20:20;5;14;14409;2;1;1;3;30 Avenue Alexandre de Lavergne;;
536579551;27;9;2024;23:00;5;91;91687;2;1;3;3;GENERAL DE GAULLE (AVENUE DU);;
536579552;8;12;2024;18:20;5;94;94043;2;3;2;6;Rue de l'Avenir;;
536579553;2;11;2024;14:50;1;63;63307;1;1;1;7;Chemin sans nom longeant la D785;;
536579554;8;12;2024;03:20;5;94;94028;2;1;2;3;Av du Mal de Lattre de Tassigny;;
536579555;29;10;2024;13:20;1;62;62495;1;1;1;6;D341;;
536579556;25;9;2024;17:25;1;87;87085;2;3;2;6;MONTJOVIS (AVENUE);;
536579557;31;10;2024;23:10;5;52;52088;2;1;1;6;58 Hameau la Greve;;
536579558;7;12;2024;18:51;5;94;94071;2;1;3;6;Avenue Winston Churchill;;
536579559;27;9;2024;09:50;1;84;84035;2;6;1;3;EUROPE (BOULEVARD DE L');;
536579560;2;11;2024;14:00;1;76;76624;2;1;1;6;Chemin de la Chasse;;
536579561;7;12;2024;21:30;5;94;94028;2;3;2;6;Boulevard John Kennedy / Impasse François Rude;;
536579562;3;11;2024;12:25;1;974;97412;2;1;1;3;47 Route de la Grande Corniche;;
536579563;24;9;2024;17:43;1;84;84031;2;3;1;3;GLAIEULS DES;;
536579564;8;12;2024;13:47;1;93;93005;2;9;2;6;MARC CHAGALL (BOULEVARD);;
536579565;3;11;2024;15:30;1;83;83070;2;3;1;1;Avenue Paul Valéry;;
536579566;27;9;2024;17:04;1;84;84007;2;1;1;6;PAUL PAMARD (RUE);;