Num_Acc;jour;mois;an;hrmn;lum;dep;com;agg;int;atm;col;adr;lat;long
536579567;7;12;2024;21:00;5;93;93005;2;9;2;6;FERME (CARREFOUR DE LA);;
536579569;22;6;2024;15:50;1;83;83034;2;3;1;2;AVENUE VALERANE;;
536579570;7;12;2024;21:20;5;93;93046;2;2;1;3;GAMBETTA AVENUE;;
536579571;2;11;2024;16:40;1;56;56002;1;1;8;7;Lande de Corbouin;;
536579572;27;9;2024;16:35;1;83;83069;2;9;1;6;VICTORIA (AVENUE);;
536579573;7;12;2024;21:00;5;93;93031;2;1;2;6;ALLENDE (AVENUE SALVADOR);;
536579575;27;9;2024;12:22;1;81;81065;1;1;2;5;ALBI (RD612 - RTE D');;
536579576;8;12;2024;17:00;5;93;93057;2;9;2;4;ROME (AV.);;
536579577;2;11;2024;15:50;1;63;63322;1;1;1;5;D210;;
536579578;27;9;2024;19:00;1;80;80021;2;1;2;7;QUATORZE JUILLET 1789 (AVENUE DU);;
536579580;7;12;2024;23:25;5;93;93008;2;3;2;7;SEMARD (RUE PIERRE);;
536579581;27;9;2024;16:25;1;78;78551;2;2;1;3;BERLIOZ (BD HECTOR);;
536579582;3;11;2024;13:00;1;63;63353;1;4;1;1;RD300;;
536579583;8;12;2024;06:30;5;92;92026;2;1;2;2;JOFFRE ( DE 52 A FIN ET DE 61 A FIN );;
536579584;2;11;2024;21:30;3;61;61375;1;1;1;2;D958;;
536579585;27;9;2024;13:25;1;78;78440;2;2;1;3;ILE DE FRANCE (ALLEE DE L');;
536579586;26;9;2024;12:10;1;77;77487;2;1;2;6;14 JUILLET (PLACE DU);;
536579587;2;11;2024;15:40;1;35;35027;2;1;1;2;26 Rue Théodore Botrel;;
536579588;8;10;2024;18:15;1;66;66009;2;1;1;1;Avenue Alsina Rodona;;
536579589;24;9;2024;19:25;5;77;77268;2;1;3;6;RUE DES LABOURS;;
536579590;2;11;2024;18:40;3;29;29037;1;6;1;3;D44;;
536579591;8;12;2024;01:45;5;971;97114;1;3;2;3;La Rose;;
536579592;27;9;2024;13:40;1;76;76681;2;6;8;1;Place Voltaire;;
536579593;24;10;2024;17:00;1;31;31183;1;1;1;3;D26;;
536579594;1;12;2024;14:30;1;22;22206;1;9;1;6;Kerbouillen (Embranchement d'autoroute);;
536579595;27;9;2024;13:30;1;73;73065;1;1;1;6;N201;;
536579596;3;11;2024;00:25;4;38;38413;2;1;1;6;N85;;
536579597;8;12;2024;19:30;5;974;97412;2;3;1;5;Rue Marcel Pagnol;;
536579598;27;9;2024;21:38;5;73;73011;2;1;8;6;HOTEL DE VILLE (COURS DE);;
536579599;3;11;2024;19:20;3;02;02011;1;1;5;6;N31;;
536579600;27;9;2024;03:25;5;72;72181;2;1;8;6;BOURG BELE (RUE DU)  N° IMP 1 A 59;;
536579602;30;10;2024;13:35;1;15;15096;1;1;1;6;RD 60;;
536579603;8;12;2024;23:10;3;57;57620;1;1;1;7;Autoroute A4 PK 303.3 sens Paris vers Metz;;
536579604;27;9;2024;23:30;5;69;69282;2;2;1;3;Avenue de Verdun;;
536579605;3;11;2024;02:00;3;01;01348;2;1;1;6;Rue de Crénans;;
536579606;2;11;2024;21:00;3;70;70317;1;2;1;6;D486;;
536579607;8;12;2024;04:00;3;01;01189;2;1;4;2;Hameau le Poteau;;
536579608;27;9;2024;18:10;2;69;69271;2;3;7;1;Route de Lyon;;
536579609;2;11;2024;21:45;5;70;70482;2;6;1;6;2 Rue Armand Paulmard;;
536579610;27;9;2024;10:50;1;69;69290;2;1;1;1;Rue Colette;;
536579611;3;11;2024;10:30;1;06;06073;1;1;1;7;M97;;
536579612;8;12;2024;18:25;3;34;34118;1;5;1;3;D109;;
536579613;27;9;2024;10:00;1;69;69290;1;1;1;1;Chemin de Saint Bonnet de Mure;;
536579614;9;12;2024;10:20;1;57;57544;1;1;8;6;D96c;;
536579615;2;11;2024;22:15;3;14;14516;2;2;1;3;17 Rue du Général Leclerc;;
536579616;26;9;2024;14:45;1;69;69259;2;3;3;5;Avenue Francis de Pressensé;;
536579617;8;12;2024;19:22;5;59;59164;1;3;2;3;Rue de Solesmes;;
536579618;3;11;2024;00:45;3;14;14601;1;1;1;1;Route de Lisieux;;
536579619;27;9;2024;09:00;1;68;68224;2;2;2;6;Rue du Fil;;
536579620;2;11;2024;07:45;1;50;50359;1;1;8;7;Rue de l'Abbaye Blanche;;
536579621;4;12;2024;20:00;3;56;56078;2;1;1;1;les Cinq Chemins;;
536579622;27;9;2024;20:10;5;61;61006;2;1;2;6;D958;;
536579623;2;11;2024;06:00;3;40;40055;1;1;1;3;D824;;
536579624;8;12;2024;20:00;3;80;80191;1;1;2;7;D39;;
536579625;19;6;2024;10:00;1;61;61038;2;1;1;6;Voie Communale;;
536579626;2;11;2024;20:00;3;17;17043;1;1;1;1;RD 939;;
536579627;27;9;2024;14:55;1;61;61001;2;6;2;3;Voie Communale;;
536579628;2;11;2024;13:45;1;87;87089;1;1;1;7;D942;;
536579629;9;12;2024;12:00;1;12;12266;1;1;1;3;D95, Lieu-dit Montels Cance;;
536579630;2;11;2024;11:50;1;24;24348;1;1;1;6;d25;;
536579631;27;9;2024;08:50;1;51;51454;2;2;1;3;BOYER (Rue Gaston);;
536579632;7;12;2024;08:20;1;44;44169;1;1;1;1;53quater Route du fleuve;;
536579633;3;11;2024;05:15;3;13;13044;1;1;1;1;D69;;
536579634;26;9;2024;13:21;1;49;49007;2;1;1;3;BERANGER;;
536579635;7;12;2024;22:20;3;29;29212;1;1;6;6;route du Mengant;;
536579636;27;9;2024;18:10;1;44;44184;2;2;1;3;Rue du Maine;;
536579637;3;11;2024;00:55;3;06;06149;1;1;1;5;A8, PK205+550, chaussé nord;;
536579638;2;11;2024;13:20;1;988;98822;1;1;1;6;Tribu de Wagap;;
536579639;7;12;2024;16:00;1;29;29215;1;1;6;1;D784;;
536579640;27;9;2024;12:55;1;44;44162;2;1;3;3;Rue du Moulin de la Rousselière;;
536579641;1;11;2024;19:00;3;988;98821;1;1;1;3;VE2 sens Sud/Nord;;
536579642;9;12;2024;00:01;3;15;15142;1;1;1;6;RD 56;;
536579643;23;9;2024;14:00;1;42;42218;2;2;1;6;Rue Francisque Voytier;;
536579644;8;12;2024;21:25;3;58;58172;1;1;2;7;D979;;
536579645;3;11;2024;11:40;1;971;97117;1;1;1;7;Route de Bories;;
536579646;25;9;2024;12:55;1;41;41047;2;1;2;7;PASTEUR (RUE LOUIS);;
536579647;3;11;2024;03:50;4;95;95446;2;1;1;6;D79;;
536579648;9;12;2024;11:10;1;14;14622;1;1;2;6;Route de Tournières;;
536579649;5;12;2024;07:15;3;50;50215;1;1;2;7;RD650;;
536579650;1;11;2024;08:15;2;78;78597;1;1;5;1;Soindres;;
536579651;27;9;2024;17:55;1;38;38185;2;4;2;1;QUAI CLAUDE BERNARD;;
536579652;6;12;2024;11:15;1;50;50615;2;1;1;2;42 Rue de Poterie;;
536579653;3;11;2024;15:00;1;83;83016;1;1;1;1;Route Nationale 8;;
536579654;27;9;2024;01:09;4;37;37233;2;6;1;6;DUCLOS (AVENUE JACQUES);;
536579655;3;11;2024;10:55;1;89;89102;1;1;1;6;D1;;
536579656;7;12;2024;03:30;5;43;43152;2;1;2;6;20 Route de Polignac;;
536579657;27;9;2024;09:30;1;34;34172;2;1;1;3;MARES (AVENUE HENRI);;
536579658;8;12;2024;12:45;1;07;07185;1;1;2;7;Chemin de la Boutonnas;;
536579659;27;9;2024;20:14;5;31;31555;2;1;1;3;AV DES MINIMES;;
536579660;3;11;2024;13:30;1;88;88196;1;1;1;1;D486;;
536579661;25;11;2024;04:30;5;07;07010;2;6;1;3;Allée de Beauregard;;
536579662;3;11;2024;05:50;5;57;57058;2;1;1;6;Rue des Vergers;;
536579663;26;9;2024;19:20;2;28;28218;2;9;1;6;REPUBLIQUE (AVENUE DE LA);;
536579664;9;12;2024;17:45;5;52;52060;2;1;1;6;38 rue amiral pierre;;
536579665;27;9;2024;00:50;3;28;28209;1;1;1;7;RD 339;;
536579666;3;11;2024;18:15;5;07;07324;2;6;1;1;Avenue de nimes intersection avenue helene de tournon;;
536579667;8;12;2024;20:10;3;88;88385;1;2;1;1;D165;;
536579668;26;9;2024;07:24;5;27;27229;2;2;2;3;LEPOUZE (RUE);;
536579669;3;11;2024;12:44;1;07;07241;1;1;1;2;rn 102;;
536579670;2;11;2024;18:29;3;07;07241;1;1;1;7;Rue des Vignobles;;
536579671;8;12;2024;17:55;5;38;38553;2;3;2;6;Avenue du Drieve;;
536579672;27;9;2024;05:30;2;25;25462;2;2;1;3;BOULEVARD PASTEUR (DE 55 A LA FIN);;
536579673;2;11;2024;10:24;1;69;69009;2;3;8;6;636 Route de Lyon;;
536579674;27;9;2024;18:15;1;25;25056;2;1;1;6;SIFFERT  AVENUE CHARLES;;
536579675;9;12;2024;19:00;4;13;13001;1;1;1;4;A8;;
536579677;9;12;2024;18:45;3;13;13001;1;1;1;2;Parking;;
536579678;27;9;2024;13:45;1;13;13117;2;3;1;3;8 MAI 1945 (AVENUE);;
536579679;9;12;2024;18:30;4;13;13001;1;1;1;2;A8;;
536579680;1;11;2024;15:25;1;22;22282;1;3;1;3;D786;;
536579681;26;9;2024;17:20;1;11;11069;2;3;1;3;10 Allée d'Iéna;;
536579682;8;12;2024;14:00;1;83;83140;1;1;1;6;Autoroute A8 PK 66+100 direction AIX-EN-PROVENCE;;
536579683;18;10;2024;08:35;1;35;35240;2;9;1;3;75 Rue Nationale;;
536579684;27;9;2024;22:10;5;10;10362;2;1;2;1;NOES (RUE DES);;
536579685;3;12;2024;06:15;3;38;38193;1;1;1;2;A43, pk 29.00, aire d'avia l'isles d'abeau;;
536579686;3;11;2024;14:20;1;60;60612;2;1;1;6;Avenue du Général de Gaulle;;
536579687;25;9;2024;18:12;1;07;07102;2;1;1;3;REPUBLIQUE (AV. DE LA) [DU N° AU N°];;
536579688;7;12;2024;11:44;1;987;98747;1;1;1;3;PK 2+200 C/Montagne;;
536579689;23;11;2024;20:00;3;988;98807;1;1;3;6;Ouaré (Tribu);;
536579690;27;9;2024;18:24;1;06;06088;2;2;1;3;100 Boulevard René Cassin;;
536579691;9;12;2024;19:50;3;988;98817;1;3;1;7;RPS1/Rue de La Thi;;
536579692;27;9;2024;15:38;1;06;06088;2;1;1;6;2 Corniche André de Joly;;
536579693;2;11;2024;17:53;3;57;57487;1;1;1;5;Autoroute A31;;
536579694;6;12;2024;17:40;5;37;37027;2;1;1;2;3 Route de Tours;;
536579695;26;9;2024;10:10;1;06;06004;2;1;2;6;72 Boulevard Président Wilson;;
536579696;1;11;2024;22:18;3;77;77251;1;1;1;2;AUTOROUTE A5A;;
536579697;9;12;2024;13:00;1;06;06019;2;1;1;3;Route Departementale 2204;;
536579698;27;9;2024;16:00;1;75;75106;2;5;1;6;RUE DU VIEUX COLOMBIER;;
536579699;2;11;2024;09:05;1;78;78007;1;1;8;4;A13 Y;;
536579700;27;9;2024;14:46;1;75;75106;2;4;2;6;RUE DE RENNES;;
536579701;7;12;2024;16:35;1;89;89295;1;2;1;5;D158;;
536579702;1;11;2024;16:55;1;92;92036;1;1;1;3;A86;;
536579703;7;12;2024;05:35;5;88;88090;2;1;1;4;Rue René Didierjean;;
536579704;1;11;2024;23:31;3;78;78073;1;1;1;6;RN12 INT;;
536579705;27;9;2024;12:59;1;75;75120;2;7;1;6;RUE BELGRAND;;
536579706;8;12;2024;18:00;5;57;57752;2;1;1;6;27 Rue de Nancy;;
536579707;27;9;2024;14:00;1;75;75118;2;3;1;6;RUE DE L EVANGILE;;
536579708;2;11;2024;15:00;1;95;95212;1;1;1;4;A1;;
536579709;27;9;2024;15:50;1;75;75117;2;2;2;6;AVENUE NIEL;;
536579710;8;12;2024;20:15;3;38;38197;1;9;2;5;D517;;
536579711;2;11;2024;14:38;1;95;95277;1;1;1;2;A3;;
536579712;27;9;2024;15:20;1;75;75117;2;3;2;6;RUE BIOT;;
536579713;9;12;2024;09:40;1;69;69136;1;1;2;3;42 Route des Esses;;
536579714;2;11;2024;09:45;1;92;92036;1;1;1;2;AUTOROUTE A86;;
536579715;27;9;2024;09:15;1;75;75117;2;3;1;6;AVENUE DES TERNES;;
536579716;5;12;2024;21:30;3;81;81140;1;1;1;7;Route Pierre Fabre;;
536579717;2;11;2024;03:27;3;94;94028;1;1;2;2;A86;;
536579718;5;12;2024;18:50;3;14;14762;1;1;2;7;D577;;
536579719;27;9;2024;09:10;1;75;75116;2;3;1;3;QUAI SAINT EXUPERY;;
536579720;2;11;2024;02:20;3;94;94046;1;1;1;4;A86;;
536579721;8;12;2024;20:25;5;29;29058;2;1;1;5;Route de Quimper;;
536579722;26;9;2024;23:20;5;75;75115;2;3;1;1;RUE LINOIS;;
536579723;7;12;2024;01:15;3;27;27196;1;6;2;3;D77;;
536579724;31;10;2024;21:50;5;94;94033;1;1;1;4;A86;;
536579725;25;9;2024;21:35;5;75;75114;2;3;2;6;AVENUE RENE COTY;;
536579726;1;11;2024;16:10;1;988;98818;2;1;1;6;Allée du cimetière du 5èm KM;;
536579727;27;9;2024;16:45;1;75;75113;2;1;2;7;AVENUE DE LA PORTE D ITALIE;;
536579728;7;12;2024;02:12;5;60;60409;2;1;2;6;26 Rue de l'Avenir;;
536579729;26;9;2024;10:30;1;75;75112;2;2;1;6;RUE DE COTTE;;
536579730;9;12;2024;17:47;5;59;59092;2;1;2;6;191 Rue Léon Piérard;;
536579731;1;11;2024;08:45;1;974;97411;2;3;1;3;MONDON (RUE MONSEIGNEUR);;
536579732;25;9;2024;13:00;1;75;75112;2;1;2;3;AVENUE DAUMESNIL;;
536579733;1;11;2024;00:30;5;69;69387;2;1;1;2;Rue Jean Bouin;;
536579734;8;12;2024;17:45;2;59;59250;1;1;2;2;route nationale 41;;
536579735;27;9;2024;09:07;1;75;75107;2;2;1;3;BOULEVARD SAINT GERMAIN;;
536579736;1;11;2024;13:23;1;972;97213;1;1;1;3;ROUTE DEPARTEMENTALE 3;;
536579737;7;12;2024;20:00;3;13;13005;1;1;1;2;A50-Sens Marseille vers Aubagne;;
536579738;27;9;2024;18:40;1;75;75101;2;4;8;3;RUE DU LOUVRE;;
536579739;1;11;2024;00:05;5;69;69382;2;1;1;6;30 Cours de Verdun Perrache;;
536579740;7;12;2024;15:00;1;13;13081;1;1;2;6;A7-SENS MARSEILLE VERS LYON;;
536579741;1;11;2024;06:30;1;971;97120;2;2;1;6;Amitié des peuples;;
536579742;27;9;2024;10:00;1;94;94068;2;1;1;3;Rue de la Varenne;;
536579743;6;12;2024;15:33;1;13;13210;1;1;1;2;A507 sens Marseille - Aubagne;;
536579744;1;11;2024;07:40;1;971;97113;1;1;1;6;RN4-ROND POINT SAINT FELIX;;
536579745;27;9;2024;10:30;1;94;94042;2;5;1;3;Pont de Joinville;;
536579746;8;12;2024;04:10;3;83;83129;1;1;1;5;A50;;
536579747;27;9;2024;16:00;1;94;94021;2;2;2;6;Rue de Fresnes;;
536579748;31;10;2024;21:20;5;971;97101;2;3;1;5;BOISRIPEAUX;;
536579749;8;12;2024;02:20;3;69;69204;1;1;2;5;Autoroute 450;;
536579750;1;11;2024;15:52;1;95;95585;2;9;1;6;D316;;
536579751;7;12;2024;14:30;1;57;57480;1;1;8;2;Autoroute A31;;
536579752;1;11;2024;16:00;1;95;95018;1;1;1;2;D311;;
536579753;8;12;2024;21:30;3;91;91363;1;1;1;6;RN 118;;
536579754;1;11;2024;15:10;1;91;91097;2;1;1;3;AV DU GAL CHARLES DE GAULLE;;
536579755;8;12;2024;12:30;1;91;91086;1;1;3;2;RN 104;;
536579756;8;12;2024;07:02;3;91;91521;1;1;2;6;RN 104;;
536579757;1;11;2024;03:38;4;84;84007;2;3;1;3;LYON (ROUTE DE );;
536579758;18;9;2024;17:57;1;73;73307;1;1;1;1;D215A Route du Mont-Thabor;;
536579759;1;11;2024;19:15;2;80;80021;1;1;1;3;Place du Maréchal Joffre;;
536579760;23;8;2024;12:15;1;73;73256;1;1;1;4;D902 Route du Télégraphe;;
536579762;22;8;2024;17:18;1;73;73290;1;3;1;3;D1006;;
536579763;1;11;2024;11:55;1;77;77284;2;1;1;6;VICTOIRE (AV.DE LA);;
536579764;6;4;2024;02:22;5;07;07010;2;1;1;6;Place Gaston Nicod;;
536579765;1;11;2024;21:08;5;72;72181;2;2;5;3;GENESLAY FELIX (AV) N° IMP 1 A 151;;
536579766;23;9;2024;11:00;1;43;43046;2;1;7;6;Avenue Pierre de Coubertin;;
536579767;1;11;2024;11:25;1;71;71486;2;2;1;3;COLBERT (RUE);;
536579768;24;8;2024;15:20;1;43;43012;1;3;1;2;D46;;
536579769;10;8;2024;08:00;1;43;43262;1;1;1;6;la Bajasse;;
536579770;1;11;2024;08:30;2;71;71499;2;1;5;6;SAINT VALLIER (RUE DE);;
536579771;1;11;2024;15:30;1;69;69029;2;2;1;6;Avenue Camille Rousset;;
536579772;3;8;2024;17:28;1;43;43144;1;1;1;3;Route des Barthes;;
536579773;28;7;2024;23:25;3;43;43074;1;9;1;6;RN 102;;
536579774;31;10;2024;02:30;5;69;69029;2;3;1;1;314 Route de Genas;;
536579775;16;7;2024;20:45;1;43;43025;1;1;1;6;Pont de Confolent;;
536579776;1;11;2024;17:40;5;67;67482;2;3;1;3;CHARLES PEGUY (RUE);;
536579777;26;6;2024;12:45;1;77;77159;1;1;1;2;D403;;
536579778;31;10;2024;19:00;5;66;66136;2;6;1;1;Rue de Saint-André;;
536579779;22;7;2024;14:20;1;77;77219;1;1;1;5;D216;;
536579780;1;11;2024;16:15;1;64;64122;2;1;1;7;GEORGES CLEMENCEAU (PLACE);;
536579781;1;11;2024;07:25;1;62;62563;2;1;1;6;R943;;
536579782;6;10;2024;13:05;1;74;74012;2;6;1;3;ROMAGNY (RUE DE);;
536579783;2;11;2024;00:45;5;54;54526;2;2;2;2;Rocade Sud Est;;
536579784;5;10;2024;15:15;1;74;74012;2;6;1;2;LECLERC (AVENUE DU MARECHAL);;
536579785;1;11;2024;19:11;5;42;42071;2;1;1;6;Avenue de la Libération;;
536579786;12;9;2024;09:05;1;57;57240;2;1;1;6;Rue du 15 Février;;
536579787;1;11;2024;18:50;5;35;35238;2;1;5;3;CLEMENCEAU (BD GEORGES);;
536579788;6;12;2024;23:40;3;974;97416;1;1;1;6;CD 26;;
536579789;29;10;2024;18:00;2;35;35238;2;1;1;6;ARMORIQUE (BD D');;
536579790;7;12;2024;09:30;1;972;97213;1;1;1;6;Z I LA JAMBETTE;;
536579791;1;11;2024;14:00;1;34;34301;2;1;1;6;VERDUN (BOULEVARD DE);;
536579792;7;12;2024;22:44;5;2B;2B037;2;1;2;1;TOUTES RUES;;
536579793;31;10;2024;22:10;5;34;34172;2;2;1;3;MAURIN (AVENUE DE;;
536579794;7;12;2024;18:55;3;2B;2B033;2;1;3;5;AGLIANI - CHEMIN D';;
536579795;1;11;2024;06:20;5;31;31555;2;1;1;6;CHE DE LA SAUDRUNE;;
536579796;1;11;2024;21:00;5;25;25056;2;1;1;6;CORBUSIER I;;
536579797;7;12;2024;17:15;2;2B;2B120;2;1;1;2;11 - RT;;
536579798;1;11;2024;18:35;2;13;13054;2;1;1;2;SAINTE ANNE (AV );;
536579799;7;12;2024;09:15;1;971;97113;1;1;1;3;BAS DU FORT;;
536579800;1;11;2024;21:50;5;13;13071;2;1;1;3;PLAN DE CAMPAGNE (AVE. DE );;
536579801;6;12;2024;19:05;3;971;97101;1;1;9;6;Frédéric JALTON;;
536579802;1;11;2024;23:00;5;13;13208;2;9;1;3;PRADO (AVENUE DU);;
536579803;6;12;2024;16:50;5;2A;2A004;2;2;2;6;9a Rue Colonel Colonna d’Ornano;;
536579804;1;11;2024;06:40;2;13;13213;2;4;1;3;BOUGE (BOULEVARD);;
536579805;7;12;2024;16:18;1;95;95427;2;2;2;6;8 MAI 1945 (AVENUE DU);;
536579806;6;12;2024;16:10;1;91;91103;2;3;1;1;RUE DU POITOU;;
536579807;1;11;2024;02:25;5;13;13001;2;2;1;3;JUVENAL MAX (AV);;
536579808;7;12;2024;20:35;5;91;91421;2;1;3;6;JEAN JAURES (AVENUE);;
536579809;1;11;2024;17:50;2;11;11069;2;1;1;3;PYRENEES -DES-;;
536579810;6;12;2024;14:06;1;91;91201;2;1;1;6;RUE DU BOUT DES CREUSES;;
536579811;1;11;2024;03:00;5;02;02738;2;1;2;6;58 Chaussée Brunehaut (Vouël);;
536579812;1;11;2024;21:00;5;01;01053;2;2;5;3;MERCIER (AVENUE AMEDEE DU 45 AU FIN);;
536579813;1;11;2024;01:00;3;75;75116;2;1;2;7;ECHANGEUR AUTEUIL;;
536579814;1;11;2024;03:30;5;75;75116;2;3;1;3;AVENUE DE LA GRANDE ARMEE;;
536579815;1;11;2024;08:30;1;75;75116;2;2;1;3;AVENUE FERDINAND BUISSON;;
536579816;1;11;2024;01:00;5;75;75116;2;1;1;3;ALLEE DE LA REINE MARGUERITE;;
536579817;31;10;2024;22:01;5;75;75114;2;2;1;3;AVENUE DU MAINE;;
536579818;1;11;2024;13:50;1;75;75111;2;1;1;2;RUE DU FAUBOURG SAINT ANTOINE;;
536579819;1;11;2024;06:00;5;75;75107;2;2;1;2;QUAI D ORSAY;;
536579820;1;11;2024;03:55;5;94;94081;2;6;1;6;Quai Jules Guesde;;
536579821;1;11;2024;13:45;1;94;94041;2;1;1;6;Boulevard Paul Vaillant Couturier;;
536579822;1;11;2024;14:12;1;93;93072;2;1;1;2;STALINGRAD (AVENUE DE) DES N° 126 A 156;;
536579823;1;11;2024;18:30;5;93;93064;2;1;1;4;PERI (BOULEVARD GABRIEL) 39 / 44 - FIN;;
536579824;1;11;2024;20:30;5;93;93005;2;9;1;3;PIERRE JOUHET (AVENUE);;
536579825;1;11;2024;14:15;1;92;92049;2;1;8;6;BRIAND AVENUE ARISTIDE N°1 A 129;;
536579826;1;11;2024;11:12;1;92;92049;2;2;1;3;JAURES AVENUE JEAN N°53 A FIN;;
536579827;1;11;2024;20:50;5;92;92025;2;6;1;6;CHARLES DE GAULLE (BD);;
536579828;1;11;2024;10:47;1;92;92019;2;9;8;1;GALILEE (AVENUE);;
536579829;1;11;2024;02:15;3;92;92023;1;1;5;6;GENERAL EISENHOWER (AVENUE);;
536579830;2;11;2024;09:58;1;54;54125;1;1;1;7;D590;;
536579832;2;11;2024;14:15;1;84;84069;1;1;1;1;D974;;
536579833;30;10;2024;12:10;1;31;31446;2;1;1;6;6 Rue Hermes;;
536579834;1;11;2024;17:05;1;83;83004;2;3;1;6;Rue Carnot - Boulevard Marcel Audibert;;
536579835;1;11;2024;18:55;3;26;26160;1;3;8;3;Avenue de Champblain;;
536579836;1;11;2024;12:50;1;30;30030;1;1;1;2;D981;;
536579837;1;11;2024;22:50;3;34;34270;2;1;1;3;ZI de la Lauze;;
536579838;2;11;2024;17:00;1;82;82030;1;1;1;6;Chemin de Peyrole;;
536579839;1;11;2024;18:15;2;82;82075;1;3;1;5;Route d’Agen;;
536579840;1;11;2024;15:20;1;69;69217;1;1;1;3;Route Départementale 98;;
536579841;2;11;2024;12:45;1;63;63328;1;1;1;1;103 route des deux ponts;;
536579843;2;11;2024;00:24;3;55;55138;1;1;5;6;route departementale 6;;
536579844;2;11;2024;02:30;3;41;41175;1;1;5;6;Allée des Bouleaux;;
536579845;30;10;2024;17:30;3;41;41159;1;1;5;6;D922;;
536579846;25;10;2024;17:34;1;39;39526;2;3;1;3;182 Avenue de la République;;
536579847;2;11;2024;15:50;1;25;25578;2;1;1;6;Place Roger Arnoux;;
536579848;2;11;2024;04:00;3;29;29293;2;1;1;6;50 Rue de Pont-Aven;;
536579849;2;11;2024;08:56;1;84;84133;2;3;1;3;Chemin des Belouzes;;
536579850;1;11;2024;16:10;1;03;03145;1;1;1;2;D993;;
536579851;10;1;2024;22:55;5;75;75113;2;1;1;3;BD PERIPHERIQUE EXTERIEUR;;
536579852;11;1;2024;09:25;1;75;75120;2;3;1;3;RUE PELLEPORT;;
536579853;11;1;2024;20:30;5;75;75115;2;3;1;6;RUE DE LA CONVENTION;;
536579854;11;1;2024;09:30;1;75;75112;2;1;1;6;AVENUE DU TREMBLAY;;
536579855;11;1;2024;07:35;5;75;75111;2;3;1;6;RUE JEAN PIERRE TIMBAUD;;
536579856;10;1;2024;17:30;5;75;75110;2;3;1;6;AVENUE PARMENTIER;;
536579857;11;1;2024;16:11;1;75;75108;2;7;1;6;RUE TRONCHET;;
536579858;11;1;2024;08:30;1;94;94081;2;2;1;6;Avenue Anatole France / Rue Pierre Sémard;;
536579859;11;1;2024;12:00;1;94;94076;2;2;1;6;Rue Pasteur / Rue André Bru;;
536579860;11;1;2024;13:55;1;94;94073;1;1;1;3;N186B;;
536579861;10;1;2024;04:56;5;94;94028;2;3;1;1;Rue des Emouleuses / Avenue Georges Duhamel;;
536579862;11;1;2024;22:50;3;94;94073;2;2;1;2;Carrefour des Trois Communes / Avenue de la République;;
536579863;11;1;2024;01:40;5;94;94002;2;2;1;3;Quai Blanqui / Pont du Port à l'Anglais;;
536579864;11;1;2024;08:00;1;95;95527;1;1;1;2;L'ARPENTEUR (ROUTE DE);;
536579865;11;1;2024;06:40;4;95;95527;1;1;1;6;D902A;;
536579866;11;1;2024;21:37;5;93;93049;2;2;1;3;Rue Médéric / Avenue du Maréchal Joffre;;
536579867;11;1;2024;08:45;1;93;93049;2;3;1;2;Avenue du Président Kennedy / Allée Pierre Craon;;
536579868;11;1;2024;18:10;5;93;93048;2;9;1;6;Rue de Paris;;
536579869;11;1;2024;09:00;1;93;93074;2;3;1;3;Rue de Meaux / Rue de Verdun;;
536579870;11;1;2024;18:36;5;93;93063;2;6;1;3;Rue des Oseraies / Avenue de Berlioz;;
536579871;11;1;2024;14:42;1;93;93007;2;6;1;3;Rond Point Pablo Neruda / Avenue Albert Einstein;;
536579872;10;1;2024;17:00;5;93;93005;2;1;1;6;Avenue de Savigny;;
536579873;11;1;2024;13:00;1;92;92078;2;1;1;3;PROMENADE (VOIE) (90 A 114);;
536579874;11;1;2024;10:05;1;92;92035;2;1;1;3;National ( boulevard );;
536579875;11;1;2024;17:45;5;92;92026;2;2;1;3;MISSION MARCHAND (COTE IMPAIR);;
536579876;11;1;2024;20:45;5;92;92012;2;1;1;2;ANDRE MORIZET (AVENUE) - 49/FIN - 54/FIN;;
536579877;11;1;2024;22:20;3;27;27230;1;1;1;6;D68;;
536579878;11;1;2024;10:10;1;62;62261;2;6;7;6;Boulevard de Berck;;
536579879;11;1;2024;16:50;1;83;83019;1;1;1;5;d 98;;
536579880;11;1;2024;06:50;5;62;62770;2;6;9;1;D937;;
536579881;12;1;2024;05:20;3;62;62874;1;1;9;1;D7;;
536579882;3;1;2024;15:34;1;27;27056;2;2;2;3;intersection rue du ravin, rue de la concorde;;
536579883;11;1;2024;18:57;3;24;24372;1;1;1;1;RD 6089;;
536579884;10;1;2024;18:00;4;91;91617;1;1;1;1;D33;;
536579885;12;1;2024;10:20;1;80;80557;2;1;1;6;15 route nationale;;
536579886;12;1;2024;08:05;1;71;71292;2;1;1;6;648 Rue de la Libération;;
536579887;11;1;2024;22:20;3;49;49069;1;1;1;7;La Clergerie (St Laurent-des-Autels);;
536579888;11;1;2024;09:20;1;49;49307;1;1;9;1;Route Départementale N°952 d'Angers à Saumur;;
536579889;12;1;2024;07:35;2;47;47069;1;1;1;1;N1021;;
536579890;12;1;2024;02:30;3;14;14504;1;1;1;6;D51;;