Num_Acc;jour;mois;an;hrmn;lum;dep;com;agg;int;atm;col;adr;lat;long
536579891;11;1;2024;13:20;1;40;40313;1;1;1;7;RD 7;;
536579892;12;1;2024;17:00;1;17;17218;2;1;1;1;D137;;
536579893;11;1;2024;22:30;3;23;23093;1;1;1;7;Voueize;;
536579894;12;1;2024;13:45;1;01;01445;1;1;1;7;A 39;;
536579895;5;1;2024;08:05;2;69;69268;2;1;2;3;Avenue du General Brosset;;
536579896;11;1;2024;18:40;3;14;14301;1;1;1;5;A13;;
536579897;11;1;2024;17:45;5;38;38030;1;1;8;7;Route du Bain;;
536579898;1;1;2024;02:10;3;45;45067;1;1;5;7;A10 PK 105+140;;
536579899;2;1;2024;23:25;3;17;17044;1;1;8;7;Autoroute A 10 PK 454.500 sens Bordeaux/Paris;;
536579900;12;1;2024;10:30;1;971;97128;1;1;1;6;IMPASSE LOTISSEMENT DORE - DURIVAGE;;
536579901;8;1;2024;06:30;3;78;78520;1;1;1;1;D983;;
536579902;12;1;2024;17:30;2;2B;2B042;1;9;1;6;rte des marines de borgo;;
536579904;11;1;2024;15:50;1;06;06158;1;1;1;6;D6202;;
536579905;11;1;2024;17:25;2;52;52106;1;1;1;5;N19;;
536579906;12;1;2024;06:35;3;68;68255;1;1;9;2;RD83;;
536579908;12;1;2024;20:30;3;35;35054;1;1;9;6;Lieu Dit Morihan;;
536579909;12;1;2024;13:50;1;35;35212;1;2;8;3;La Potine;;
536579910;12;1;2024;10:00;1;27;27408;1;1;1;6;D117;;
536579911;11;1;2024;18:15;3;83;83069;1;1;1;4;RN98;;
536579912;11;1;2024;06:20;3;69;69285;1;1;5;4;Route Départementale 302;;
536579913;10;1;2024;01:10;3;54;54091;1;1;1;2;Autoroute A 31;;
536579914;7;1;2024;12:05;1;67;67049;1;1;1;2;M35;;
536579915;11;1;2024;02:45;3;93;93006;2;1;1;2;A3;;
536579916;11;1;2024;16:30;2;94;94069;1;1;1;2;A4;;
536579917;10;1;2024;19:45;5;974;97416;2;1;1;6;BOISSY(CHEMIN);;
536579918;10;1;2024;14:00;1;974;97411;2;1;1;6;TOURETTE (RUE);;
536579919;10;1;2024;17:33;1;973;97302;2;3;1;3;SOURCE DE BADUEL (CHEMIN DE LA);;
536579920;10;1;2024;08:15;1;973;97302;2;1;2;3;MADELEINE (ROUTE DE LA);;
536579921;10;1;2024;18:05;5;69;69383;2;2;2;3;Rue Maurice Flandin;;
536579922;10;1;2024;00:53;5;972;97209;1;1;1;6;BALATA (ROUTE DE);;
536579923;10;1;2024;23:50;5;69;69034;2;1;2;6;159 Rue Pasteur;;
536579924;9;1;2024;16:50;1;91;91433;1;1;4;1;RD 207;;
536579925;10;1;2024;08:57;1;87;87085;2;1;8;3;LEGENDRE (RUE CHARLES);;
536579926;10;1;2024;09:00;1;84;84087;2;2;1;1;DALADIER (BD EDOUARD);;
536579927;7;1;2024;20:45;5;80;80489;2;1;1;7;Avenue Henri Barbusse;;
536579928;10;1;2024;20:35;5;78;78401;2;1;1;1;RHIN ET DANUBE (PONT);;
536579929;10;1;2024;14:00;1;77;77243;2;3;1;3;SAINT DENIS  (RUE   );;
536579930;10;1;2024;05:35;5;76;76351;2;1;1;7;BELLOT;;
536579931;3;4;2024;16:20;1;06;06088;2;1;1;6;Avenue Henri Matisse;;
536579932;10;1;2024;08:15;2;69;69029;2;3;8;6;Avenue Pierre Brossolette;;
536579933;3;4;2024;14:15;1;06;06069;2;1;1;6;30 Boulevard Alice de Rothschild;;
536579934;9;1;2024;12:55;1;67;67447;2;1;1;4;EUROPE (AVENUE DE L );;
536579935;3;4;2024;09:54;1;06;06027;2;1;1;3;Promenade de la Plage;;
536579936;8;1;2024;21:40;5;67;67043;2;1;1;6;CHARLES DE GAULLE (AVENUE);;
536579937;3;4;2024;13:00;1;75;75116;2;1;1;3;BD PERIPHERIQUE EXTERIEUR;;
536579938;10;1;2024;13:20;1;67;67180;2;1;1;6;STRASBOURG (ROUTE DE);;
536579939;10;1;2024;16:40;2;66;66136;2;9;2;5;Avenue du LANGUEDOC;;
536579940;3;4;2024;14:00;1;75;75118;2;1;1;3;Avenue de la Porte de Clignancourt;;
536579941;2;4;2024;10:16;1;75;75116;2;2;1;6;BOULEVARD EXELMANS;;
536579942;10;1;2024;12:25;1;66;66136;2;2;1;3;Rue Pierre-jean de BERANGER;;
536579943;3;4;2024;21:20;5;75;75113;2;1;1;3;RUE DU JURA;;
536579944;10;1;2024;13:40;1;64;64348;2;2;8;3;BLERIOT;;
536579945;10;1;2024;20:10;3;63;63164;1;1;4;7;L EUROPE (BD DE);;
536579946;9;1;2024;00:40;3;60;60159;1;8;1;6;Route Nationale 31;;
536579947;3;4;2024;11:00;1;75;75113;2;3;2;6;BOULEVARD VINCENT AURIOL;;
536579948;10;1;2024;13:30;1;59;59426;2;9;8;1;SCHUMAN (RUE ROBERT);;
536579949;3;4;2024;08:15;2;75;75112;2;3;2;6;RUE DE WATTIGNIES;;
536579950;10;1;2024;16:25;1;59;59350;2;1;1;3;Rue des Postes;;
536579951;2;4;2024;23:17;5;75;75112;2;1;2;6;RUE DE BERCY;;
536579952;10;1;2024;12:30;1;59;59360;2;1;1;6;Rue du Général Leclerc;;
536579953;3;4;2024;08:45;1;75;75111;2;7;2;3;PLACE DE LA REPUBLIQUE;;
536579954;9;1;2024;19:00;5;54;54395;2;1;4;6;Rue de Saurupt;;
536579955;3;4;2024;20:40;5;75;75110;2;1;1;3;RUE DU FAUBOURG SAINT MARTIN;;
536579956;10;1;2024;18:30;5;51;51454;2;1;1;6;BEZANNES (ROUTE);;
536579957;10;1;2024;21:30;5;49;49099;2;2;1;3;JUIN (BOULEVARD DU MARECHAL);;
536579958;3;4;2024;10:45;1;75;75108;2;2;1;3;PLACE DE LA CONCORDE;;
536579959;10;5;2024;18:40;1;972;97213;1;1;1;1;ROUTE DEPARTEMENTALE 14;;
536579960;10;1;2024;07:40;5;45;45147;2;3;1;1;4 Place Jean Zay;;
536579961;3;4;2024;15:30;1;75;75107;2;2;1;3;RUE DU BAC;;
536579963;10;5;2024;22:00;5;95;95019;2;1;1;6;D84;;
536579964;3;4;2024;08:25;1;75;75104;2;2;2;3;BOULEVARD MORLAND;;
536579965;10;1;2024;00:01;3;34;34336;1;1;1;6;RD.64 (ROUTE DE VALRAS);;
536579966;10;5;2024;10:30;1;95;95252;2;1;1;6;CHEMIN NEUF (RUE DU);;
536579967;3;4;2024;00:05;5;94;94058;2;2;2;1;Avenue du 11 Novembre / Rue de la Paix;;
536579969;8;5;2024;04:15;3;95;95510;1;1;1;6;N14;;
536579970;9;1;2024;07:25;5;29;29019;2;1;1;6;boulevard Montaigne;;
536579971;10;1;2024;19:50;5;27;27562;2;9;1;6;CHAUMES (RUE DES);;
536579972;1;4;2024;16:25;1;94;94042;2;3;1;2;Avenue du Président Wilson / Avenue des Platanes;;
536579973;10;5;2024;16:00;1;91;91377;2;6;1;6;CARNOT (AVENUE);;
536579974;10;1;2024;12:40;1;27;27229;1;1;1;6;SEMARD (RUE PIERRE);;
536579975;3;4;2024;06:15;3;94;94028;2;1;3;1;Rue de Paris;;
536579976;10;5;2024;16:15;1;91;91521;2;7;1;1;MAI 1945 ( RUE DU 08);;
536579977;9;1;2024;20:20;5;26;26058;2;6;2;3;Rue de l'Ile Adam;;
536579978;3;4;2024;07:03;2;94;94019;2;3;2;1;Rue Aristide Briand / Avenue du Maréchal Leclerc;;
536579979;10;1;2024;17:13;1;26;26198;2;3;2;3;Avenue d'Espoulette;;
536579980;9;5;2024;02:00;5;85;85194;2;6;1;3;45 Avenue charles de gaulle;;
536579981;3;4;2024;16:50;1;93;93007;2;9;1;6;Avenue Descartes;;
536579982;10;5;2024;20:30;1;84;84035;1;9;1;3;NALIN (ALLEE GUY);;
536579983;10;1;2024;18:30;5;13;13214;2;1;1;2;AYGALADES (AVENUE DES);;
536579984;3;4;2024;20:20;2;92;92077;2;1;1;3;VERSAILLES (RUE DE);;
536579985;10;1;2024;07:45;2;13;13210;2;1;2;1;TOULON (AVENUE DE);;
536579986;10;5;2024;17:55;1;30;30351;2;3;1;3;ROUVIERE (RUE VINCENT);;
536579987;9;5;2024;10:35;1;83;83118;2;1;1;7;ROUTE DES GOLFS;;
536579988;10;1;2024;08:00;2;13;13214;2;4;2;1;ANATOLE DE LA FORGE (BOULEVARD);;
536579989;3;4;2024;17:05;1;92;92050;2;9;1;3;CLEMENCEAU GEORGES AVENUE N°IMPAIR;;
536579990;10;5;2024;11:40;1;80;80021;2;1;1;1;Boulevard Garibaldi;;
536579991;10;5;2024;15:50;1;78;78208;2;1;1;2;MONTFORT (ROUTE DE);;
536579992;2;4;2024;08:30;1;92;92050;2;7;1;3;GARCHES RUE DE;;
536579993;10;1;2024;12:15;1;13;13001;1;1;8;5;RN 296;;
536579994;10;5;2024;03:35;5;76;76351;2;1;1;6;LAFAYETTE ( COURS);;
536579995;8;5;2024;18:40;1;76;76552;2;3;1;6;VACQUERIE;;
536579996;3;4;2024;18:40;1;92;92036;2;1;1;2;BAS (RUE DES) (78   +);;
536579997;6;1;2024;15:40;1;12;12145;2;3;1;3;CAPUCINS (PLAN DES);;
536579998;10;5;2024;17:35;1;67;67218;2;1;1;6;FRANÇOIS MITTERRAND (ALLEE);;
536579999;2;4;2024;19:15;5;92;92035;2;1;8;6;République ( boulevard de la );;
536580000;10;1;2024;13:14;1;06;06088;2;2;1;6;TURIN (RTE DE);;
536580001;10;5;2024;06:45;2;67;67482;2;3;1;1;OBERHAUSBERGEN (ROUTE D );;
536580002;3;4;2024;20:12;1;92;92025;2;1;1;3;SAZIERES (RUE DES);;
536580003;4;1;2024;16:40;2;06;06069;2;1;1;3;Av Mal de Lattre de Tassigny;;
536580004;10;5;2024;07:50;1;66;66136;2;1;1;6;Avenue du Languedoc;;
536580005;3;4;2024;19:15;1;92;92012;2;1;1;3;ALPHONSE LE GALLO (QUAI) 1/34;;
536580006;8;5;2024;18:30;1;65;65226;1;1;1;3;AVENUE DU POUEY;;
536580007;10;1;2024;07:05;5;03;03185;2;9;8;6;parking centre hospitalier;;
536580008;10;5;2024;16:00;1;64;64122;2;1;1;3;DASSAULT MARCEL (BD);;
536580009;3;4;2024;14:10;1;92;92012;2;6;1;2;ANCIENS COMBATTANT (ROND - POINT DES);;
536580010;10;1;2024;15:20;1;75;75118;2;3;1;3;BOULEVARD ORNANO;;
536580011;10;5;2024;22:40;5;63;63113;2;1;1;6;HERMITAGE (RUE DE L');;
536580012;10;1;2024;11:20;1;75;75117;2;2;1;6;RUE DE ROME;;
536580013;3;4;2024;14:40;1;92;92004;2;1;2;4;LAURENT-CELY  ( AVENUE );;
536580014;10;5;2024;16:15;1;59;59350;2;1;1;3;Avenue Emile Zola;;
536580015;9;1;2024;17:30;5;75;75116;2;3;8;6;AVENUE HENRI MARTIN;;
536580016;9;5;2024;17:30;1;59;59178;2;1;1;3;RHIN ET DANUBE (RUE);;
536580017;2;4;2024;21:20;5;92;92004;2;9;8;3;PIERRE BROSSOLETTE;;
536580018;10;1;2024;19:10;5;75;75115;2;3;1;3;AVENUE DE LA PORTE DE LA PLAINE;;
536580019;4;4;2024;07:20;2;26;26092;1;1;1;6;Chemin du Mulet;;
536580020;10;1;2024;08:15;1;75;75115;2;3;8;6;RUE CORBON;;
536580021;6;5;2024;19:07;1;58;58194;2;3;1;2;ESTUTT DE TRACY;;
536580022;8;1;2024;15:50;1;75;75114;2;4;1;6;AVENUE REILLE;;
536580023;3;4;2024;13:50;1;40;40304;2;1;1;1;837 Avenue du Golf;;
536580024;9;5;2024;21:40;2;56;56083;2;1;1;6;KERIHOUAIS (CITE);;
536580025;10;1;2024;07:45;5;75;75110;2;2;1;3;BOULEVARD SAINT DENIS;;
536580026;30;3;2024;02:30;4;31;31454;2;6;1;6;Avenue de Toulouse;;
536580027;9;1;2024;15:45;1;75;75104;2;2;8;6;RUE DES ARCHIVES;;
536580028;8;5;2024;18:32;1;56;56121;2;1;1;1;BOLLARDIERE (RUE  GENERAL DE );;
536580029;4;4;2024;13:00;1;28;28327;1;1;2;3;A11 pk118+150;;
536580030;7;5;2024;16:30;1;54;54528;2;3;1;3;Boulevard de Pinteville;;
536580031;4;4;2024;12:02;1;88;88218;2;1;3;1;13 Rue P Ancel Seitz;;
536580032;7;5;2024;17:10;1;49;49328;2;1;1;6;Rue  Bouju;;
536580033;31;3;2024;07:00;1;29;29086;1;1;1;6;N165;;
536580034;9;1;2024;11:17;1;94;94058;2;1;1;2;Rue Charles Ollier;;
536580036;2;4;2024;13:15;1;62;62094;1;1;1;5;D901;;
536580038;3;4;2024;21:20;5;31;31203;2;1;1;6;11 Avenue Francois Mitterrand;;
536580039;9;1;2024;21:00;5;94;94028;2;3;1;3;Av du General Pierre Billotte / Rue Roland Oudot;;
536580040;10;5;2024;07:40;1;43;43046;2;1;1;7;22 Avenue des Champs Élysées;;
536580041;9;5;2024;23:10;5;43;43089;2;1;1;6;43 Avenue de la Mairie;;
536580042;10;1;2024;10:50;1;94;94054;2;3;1;6;Rue du Noyer Grenot / Villa Rose Andrée;;
536580043;4;4;2024;09:00;1;51;51507;1;1;3;7;D3;;
536580044;9;5;2024;21:40;5;38;38421;2;1;1;6;AVENUE JEAN JAURÈS;;
536580045;9;1;2024;11:30;1;94;94002;2;3;1;6;Rue Paul Vaillant Couturier / Rue Traversière;;
536580046;3;4;2024;17:30;1;67;67025;2;1;2;1;21 Route du Rhin;;
536580047;10;5;2024;12:30;1;34;34301;2;1;1;3;BLANC CAMILLE (BOULEVARD);;
536580048;10;1;2024;18:00;5;93;93066;2;8;1;6;Place de la Porte de Paris;;
536580049;4;4;2024;17:58;1;79;79061;1;3;1;3;d948;;
536580050;5;1;2024;10:20;1;93;93055;2;1;1;2;Avenue Jean Lolive;;
536580051;4;4;2024;21:56;1;32;32290;1;1;1;7;D15 PK 12+680;;
536580052;10;1;2024;10:15;1;93;93057;2;2;1;1;Avenue Jean Jaurès / Avenue Franklin;;
536580053;4;4;2024;00:30;3;89;89076;1;1;1;6;route departementale 905;;
536580054;9;1;2024;22:00;5;92;92075;2;1;1;3;JEAN BLEUZEN;;
536580055;4;5;2024;05:25;5;30;30189;2;4;1;2;SAINT GILLES (RUE);;
536580056;2;4;2024;21:56;3;47;47142;2;1;2;6;route de lauzun;;
536580057;10;1;2024;14:45;1;92;92062;2;1;1;3;GENERAL DE GAULLE (AV) DU 44 AU 106;;
536580058;9;5;2024;17:30;1;29;29019;2;2;1;3;rue Marcellin Duval;;
536580059;3;4;2024;15:00;1;66;66020;2;4;1;7;Avenue du Grand Termanal;;
536580060;10;1;2024;20:47;5;92;92050;2;9;1;3;LENINE VLADIMIR ILITCH AVENUE;;
536580061;10;5;2024;15:30;1;27;27229;2;3;1;3;MOULIN (RUE JEAN);;
536580062;10;5;2024;11:00;1;21;21054;1;6;1;2;BOISSEAUX (AVENUE ANDRE);;
536580063;10;5;2024;21:00;2;13;13212;2;1;1;5;POILUS (AVENUE DES);;
536580064;9;1;2024;07:15;2;92;92050;2;7;1;3;BOULE PLACE DE LA;;
536580065;3;4;2024;18:30;1;50;50402;1;2;1;7;RD23;;
536580066;10;5;2024;20:00;1;13;13215;2;1;1;3;MADRAGUE VILLE (chemin de la);;
536580067;10;5;2024;12:35;1;13;13213;2;1;1;3;JEAN PAUL SARTRE (AVENUE);;
536580068;8;1;2024;09:30;1;92;92050;2;1;8;6;JOLIOT CURIE F. ET IRENE AVENUE  N°PAIRS;;
536580069;3;4;2024;17:30;1;43;43137;1;1;1;2;Les Bruyères de Gournier;;
536580070;11;1;2024;18:55;2;974;97415;1;1;1;6;N1a;;
536580071;10;5;2024;03:12;5;13;13202;2;1;1;2;LAZARET (QUAI DU);;
536580072;3;4;2024;11:05;1;21;21288;1;1;2;6;R.D. 06;;
536580073;11;1;2024;07:30;2;21;21638;1;1;1;2;AUTOROUTE A 31 PK 065.600;;
536580074;10;5;2024;08:13;1;06;06088;2;1;1;3;83 Avenue Joseph Raybaud;;
536580075;6;5;2024;17:50;1;06;06069;2;1;1;6;13 Boulevard Carnot;;
536580076;11;1;2024;06:00;3;81;81115;2;1;4;6;183 Boulevard Carnot;;
536580078;4;4;2024;15:30;1;40;40006;1;1;1;6;Route de Villenave (Pont);;
536580079;9;5;2024;00:30;5;75;75119;2;1;1;6;RUE MANIN;;
536580080;11;1;2024;16:35;1;974;97422;2;1;1;1;62 Rue Frédéric Badré;;
536580081;10;5;2024;13:30;1;75;75119;2;3;1;3;RUE DE CRIMEE;;
536580082;3;4;2024;08:00;2;85;85284;2;1;2;7;Rue des tilleuls;;
536580083;11;1;2024;10:05;1;51;51085;2;1;8;6;D23;;
536580084;10;5;2024;01:15;5;75;75119;2;7;1;3;ECHANGEUR VILLETTE;;
536580085;10;5;2024;06:20;1;75;75117;2;7;1;3;PLACE DE CLICHY;;
536580086;3;4;2024;09:45;1;85;85128;2;1;2;7;6 Chemin de chanté-loup;;
536580087;9;1;2024;11:30;1;52;52147;1;1;1;7;A31 pk 107+500;;
536580088;9;5;2024;23:05;5;75;75114;2;3;1;3;AVENUE PAUL APPELL;;
536580089;11;1;2024;17:15;2;42;42307;1;1;8;1;Route de Givors;;
536580090;4;4;2024;17:45;1;85;85197;1;2;1;3;Rue du val de loire;;
536580091;10;1;2024;14:30;1;42;42210;1;1;4;7;Route du Barrage;;
536580092;10;5;2024;18:30;1;75;75104;2;1;1;6;RUE DU TEMPLE;;
536580093;9;1;2024;20:00;3;83;83026;1;1;2;6;D13;;
536580094;4;4;2024;07:30;2;27;27208;1;1;1;1;Route de Paris;;
536580095;11;1;2024;19:38;5;67;67342;2;1;1;6;28 Rue du Nideck;;
536580096;10;5;2024;12:10;1;75;75104;2;3;1;6;RUE DE RIVOLI;;
536580097;8;3;2024;17:50;1;68;68375;2;3;1;3;Rue de Reiningue;;
536580098;11;1;2024;09:07;2;80;80327;1;1;1;1;D928;;
536580099;10;1;2024;18:38;3;44;44022;1;1;8;1;4 l'Eraudiere;;
536580100;10;5;2024;10:15;1;75;75101;2;3;1;6;RUE CAMBON;;
536580101;3;4;2024;20:20;3;31;31117;1;1;1;6;A68, PK 007.800;;
536580102;11;1;2024;16:50;2;02;02095;2;1;1;6;Rue Victor Hugo;;
536580103;9;5;2024;17:00;1;94;94068;2;2;1;6;Avenue Victor Hugo / Avenue du Bois Guimier;;
536580104;11;1;2024;15:45;1;15;15243;1;1;1;7;D678;;
536580105;3;4;2024;07:23;1;978;97801;2;1;1;3;boulevard de grand case,;;
536580106;10;5;2024;22:00;5;94;94004;2;1;1;6;Place Charles-louis;;
536580107;3;4;2024;15:20;1;40;40156;1;1;1;2;A63 - PK064.500;;
536580108;11;1;2024;13:40;1;05;05164;1;1;1;5;RN 94;;
536580109;4;4;2024;10:00;1;13;13051;2;6;1;3;Chemin de Grans;;
536580110;10;5;2024;18:25;1;93;93071;2;1;1;6;Rue Gabriel Péri;;
536580111;3;4;2024;14:50;1;973;97309;2;1;1;5;1741 Route de Montjoly;;
536580112;10;5;2024;20:45;1;93;93045;2;2;1;6;Rue de Noisy-le-sec / Rue des Bruyères;;
536580113;11;1;2024;16:10;1;83;83028;1;2;1;3;Carrefour des quatre chemins RD 25 - RD 562;;
536580114;10;5;2024;07:30;1;93;93031;2;1;1;2;Rue Félix Merlin;;
536580115;11;1;2024;08:45;1;83;83082;1;1;2;3;Les domigons - RD955;;
536580116;10;5;2024;16:30;1;92;92026;2;1;1;2;MARECHAL JOFFRE (QUAI DU);;
536580117;4;4;2024;00:15;3;67;67180;1;1;1;7;D1340;;
536580118;10;1;2024;12:15;1;64;64306;1;1;1;6;Chemin de Vergez;;
536580119;9;5;2024;20:05;1;92;92025;2;1;1;3;PAUL BERT (RUE);;
536580120;10;5;2024;14:50;1;92;92007;2;1;1;7;BRIAND (AVENUE ARISTIDE) N° 162 A 300;;
536580121;8;1;2024;15:25;1;53;53185;2;1;1;6;zone artisanale du pré vert, 53140;;
536580122;9;5;2024;23:29;5;92;92007;2;9;1;6;BRIAND (AVENUE ARISTIDE) N° 162 A 300;;
536580123;28;3;2024;22:58;3;76;76705;1;1;1;6;A13;;
536580124;10;5;2024;16:25;1;92;92004;2;1;1;3;NANTERRE ( DE 01 A 45 );;
536580125;8;1;2024;06:30;3;85;85277;1;1;1;7;Rue des Sources;;
536580126;10;5;2024;23:35;3;41;41167;2;1;1;7;42 Rue d'Asnières;;
536580127;4;4;2024;15:00;1;60;60142;2;3;1;6;629bis Rue de Paris;;
536580128;11;5;2024;12:50;1;84;84137;1;1;1;2;75 Route d?Avignon;;
536580130;10;1;2024;15:10;1;27;27640;1;2;1;3;D32;;
536580131;10;5;2024;06:50;1;71;71270;1;1;1;2;A6 pk 381.144;;
536580132;3;4;2024;09:07;1;77;77270;1;2;2;3;Intersection D228 / rue de la bordé;;
536580134;10;5;2024;17:35;1;88;88181;2;1;1;1;Rue Eugène Mathis;;
536580135;4;4;2024;12:45;1;77;77195;1;3;1;1;D57;;
536580136;11;5;2024;06:00;2;12;12096;1;1;1;1;RD 920 - PK 004+300;;
536580137;10;1;2024;09:40;1;37;37211;1;2;1;3;D 50;;
536580138;11;5;2024;12:30;1;65;65256;2;1;1;6;D817;;
536580139;3;4;2024;20:00;2;34;34154;1;2;1;3;D24;;
536580140;26;2;2024;06:12;3;58;58202;1;1;1;1;D985;;
536580141;10;5;2024;13:40;1;30;30278;1;1;1;2;Route de Laudun;;
536580142;3;4;2024;14:40;1;58;58121;2;1;2;2;Avenue de la Paix;;
536580143;26;2;2024;07:50;1;54;54393;2;1;1;6;Route de Fraimbois;;
536580144;11;1;2024;08:30;1;13;13069;1;1;2;4;D572;;
536580145;10;5;2024;22:15;5;83;83073;2;1;1;6;D97;;
536580146;25;2;2024;18:10;2;06;06073;1;1;4;6;M97;;
536580147;4;4;2024;10:10;1;03;03125;1;1;1;6;route de ferr;;
536580148;4;1;2024;16:00;1;78;78571;1;1;1;1;D98;;
536580149;10;5;2024;18:00;1;83;83097;1;6;1;3;Dn7;;
536580150;26;2;2024;16:00;2;60;60372;1;1;2;6;rd 149;;
536580151;9;5;2024;13:10;1;91;91272;2;4;1;6;Route de la Noue;;
536580152;4;4;2024;08:20;1;73;73150;1;1;1;1;D223 - Route de Plagne Villages;;
536580153;10;1;2024;13:30;1;973;97304;1;3;1;3;Route Degrad Saramaca;;
536580154;25;2;2024;00:50;3;24;24320;1;1;8;6;D4e;;
536580155;10;5;2024;14:30;1;19;19099;1;1;1;7;route du planchât;;
536580156;10;5;2024;16:30;1;67;67187;2;3;1;3;12 Rue des Coquelicots;;
536580157;11;1;2024;11:15;1;26;26124;1;1;1;7;A7 - PK 082.600;;
536580158;3;4;2024;09:45;1;73;73064;2;1;2;2;D1006;;
536580159;15;2;2024;15:25;1;27;27198;1;1;1;1;Rue de Breteuil (Condé-sur-Iton);;
536580160;11;5;2024;10:00;1;82;82151;1;3;1;3;D7;;
536580161;4;4;2024;08:40;1;09;09157;2;1;1;6;13 Rue Victor Hugo;;
536580162;11;1;2024;03:45;3;73;73150;1;1;1;6;D224;;
536580163;11;5;2024;17:40;1;63;63194;1;1;1;1;D85;;
536580165;26;2;2024;09:30;1;28;28226;1;1;3;1;D939;;
536580166;11;5;2024;09:55;1;63;63268;1;2;1;3;RD 996 /rue de la Coste;;
536580167;3;4;2024;13:15;1;22;22070;2;6;1;3;Boulevard de la Marne;;
536580168;11;5;2024;14:20;1;46;46047;1;1;1;7;départementale 673;;
536580169;6;1;2024;00:55;5;69;69143;2;1;1;6;6 Avenue Carnot;;
536580170;26;2;2024;06:50;3;77;77100;1;1;1;6;Autoroute A5 PK 17+200 vers PARIS;;
536580171;11;5;2024;01:20;3;86;86271;1;1;1;6;Rigny;;
536580172;10;5;2024;19:58;1;68;68307;1;1;1;6;d466;;
536580173;25;2;2024;22:59;3;978;97801;1;1;1;6;RN7, Rue de Griselle, Baie Orientale, 50m de CADISCO;;
536580174;3;4;2024;06:25;3;76;76454;1;2;2;3;D929;;
536580175;11;5;2024;09:05;1;39;39128;2;1;1;6;27 Route de Longwy;;
536580176;11;1;2024;16:05;2;46;46015;1;1;2;1;larive;;
536580177;25;2;2024;18:50;3;67;67152;2;1;1;6;Rue de Hattisheim;;
536580178;10;5;2024;17:36;1;25;25367;1;1;1;6;Chemin des Paturages;;
536580179;3;4;2024;16:45;1;76;76462;2;2;1;1;Boulevard Marechal Joffre;;
536580180;8;5;2024;16:00;1;29;29155;1;1;1;7;Korz;;
536580181;26;2;2024;16:20;1;06;06152;1;1;8;3;Route de la Valmasque;;
536580182;10;1;2024;19:20;3;16;16330;1;1;2;5;RN 141;;
536580183;3;4;2024;19:52;1;76;76614;1;5;1;7;Ancienne route de Duclair;;
536580184;10;5;2024;23:40;5;38;38175;2;1;1;3;Boulevard Langevin;;
536580185;10;1;2024;16:50;1;29;29103;2;1;8;1;rue du Commandant Charcot;;
536580186;26;2;2024;10:10;1;83;83001;1;1;3;6;A8, PK 143.800 chaussée nord;;
536580187;3;4;2024;18:10;1;62;62001;2;1;1;1;D57;;
536580188;10;5;2024;16:23;1;15;15188;1;3;1;1;RD 909;;
536580189;6;1;2024;08:35;2;27;27132;1;3;1;6;Rue des Forrières;;
536580190;24;2;2024;17:55;1;971;97103;1;1;1;6;Lieu Dit Chantilly;;
536580191;10;5;2024;13:29;1;85;85084;1;1;1;2;A87;;
536580192;6;5;2024;12:00;1;14;14055;1;1;1;7;Route de Drubec;;
536580193;10;1;2024;17:20;2;13;13215;1;1;1;4;A7-Sens Marseille vers Lyon;;
536580195;10;5;2024;22:45;3;50;50236;2;9;1;6;Route des Forges;;
536580196;26;2;2024;17:15;2;77;77435;1;1;3;4;A6 PK 043+000 > LYON;;
536580198;29;3;2024;16:59;1;59;59609;1;1;1;2;AUTOROUTE A1;;
536580199;25;2;2024;10:33;1;987;98747;1;1;1;3;PK53 RT2 - FAAONE;;
536580201;11;5;2024;17:15;1;50;50499;1;3;7;6;10 Route du Mont Robert;;
536580202;3;3;2024;10:45;1;94;94034;1;1;2;2;A86;;
536580203;7;1;2024;18:45;4;62;62351;1;1;9;4;A21;;
536580204;3;4;2024;11:20;1;92;92019;1;9;8;7;RN 385;;
536580207;9;5;2024;18:15;1;07;07100;1;1;1;7;cd 901 - route de Villefort;;
536580208;25;2;2024;20:30;5;971;97129;2;1;1;6;rue du chemin de fer;;
536580209;3;4;2024;02:34;3;94;94021;1;1;2;6;A6B;;
536580210;10;1;2024;00:01;5;94;94043;1;1;1;2;A6B;;
536580211;25;2;2024;20:30;5;77;77261;1;1;3;6;Rue de la Motte;;
536580212;11;5;2024;07:50;1;24;24119;1;2;1;3;783 Route du Levant;;
536580213;9;1;2024;17:15;3;78;78217;1;1;1;5;A13;;
536580214;10;5;2024;11:20;1;85;85140;1;1;1;7;D43;;
536580215;26;2;2024;18:42;4;84;84129;2;6;1;3;D907;;
536580216;3;4;2024;19:20;2;92;92026;1;1;1;4;RN1014 Y;;
536580217;8;1;2024;20:45;3;78;78498;1;1;8;3;A13;;
536580219;25;2;2024;16:15;2;71;71251;1;2;2;3;D994;;
536580220;2;4;2024;07:15;1;78;78402;1;1;1;3;A13;;
536580221;25;2;2024;14:20;1;08;08081;2;1;1;7;35 Rue Bernisseaux;;
536580222;10;5;2024;20:15;1;29;29230;1;1;1;6;Chapelle Sainte Gertrude;;
536580223;2;4;2024;22:00;3;93;93053;1;1;2;2;A3;;
536580224;9;1;2024;00:01;3;92;92051;1;1;4;4;N13;;
536580225;17;7;2024;16:30;1;11;11257;1;4;1;2;Route départementale 3;;