Num_Acc;jour;mois;an;hrmn;lum;dep;com;agg;int;atm;col;adr;lat;long
536580901;22;2;2024;18:30;2;974;97414;1;1;2;3;RN 1;;
536580902;21;2;2024;11:20;1;58;58102;1;1;1;6;Route départementale 2;;
536580903;22;8;2024;20:17;1;78;78423;2;2;1;3;CENTRE (AVENUE DU);;
536580904;14;6;2024;14:38;1;63;63113;2;1;1;3;RECLUS (AVENUE ELISEE);;
536580905;15;7;2024;18:05;1;75;75112;2;1;1;5;PORTE DE CHARENTON;;
536580906;17;1;2024;12:40;1;83;83116;2;3;1;3;Chemin de l?Auvière;;
536580907;6;6;2024;17:25;1;62;62133;2;2;1;1;Rue Roger Salengro;;
536580908;16;7;2024;01:47;5;75;75106;2;3;1;2;QUAI DE CONTI;;
536580909;23;2;2024;10:00;1;62;62853;2;1;3;7;Rue du Centre;;
536580910;13;6;2024;10:20;1;62;62498;2;3;1;6;Rue de la Paix;;
536580911;22;8;2024;14:10;1;78;78005;1;9;1;3;RN 184;;
536580912;23;2;2024;08:40;1;56;56034;2;3;2;3;Rue du Ménec;;
536580913;15;7;2024;20:55;1;75;75120;2;2;1;6;RUE PELLEPORT;;
536580914;21;2;2024;10:50;1;76;76605;2;1;2;6;D75;;
536580915;16;7;2024;12:05;1;75;75119;2;3;1;6;AVENUE SIMON BOLIVAR;;
536580916;21;8;2024;10:10;1;77;77053;2;1;1;2;RUE DE L'INDUSTRIE;;
536580918;14;6;2024;00:35;3;60;60382;2;2;2;3;Rue Louis Barthou;;
536580919;22;8;2024;19:10;1;77;77111;2;1;1;7;RUE PASTEUR;;
536580920;15;7;2024;18:00;1;75;75119;2;4;1;6;BOULEVARD SERURIER;;
536580922;13;6;2024;07:45;1;60;60159;2;1;1;6;Rue Lavoisier;;
536580924;16;7;2024;08:45;1;75;75117;2;7;1;6;Place Paul Léautaud;;
536580925;22;8;2024;18:30;1;77;77449;2;1;1;1;RD 231;;
536580926;14;6;2024;15:50;1;59;59599;2;1;2;3;Chaussée Denis Papin;;
536580927;21;2;2024;19:10;3;31;31056;1;1;2;6;M924;;
536580928;21;8;2024;14:25;1;76;76351;2;1;1;6;STRASBOURG (BD);;
536580929;16;7;2024;12:30;1;75;75115;2;1;1;3;QUAI D ISSY LES MOULINEAUX;;
536580930;14;6;2024;16:10;1;59;59512;2;1;2;2;Boulevard de Metz;;
536580931;2;2;2024;20:35;3;47;47283;2;3;1;3;Avenue Gay -lussac;;
536580932;16;7;2024;10:50;1;75;75114;2;7;2;6;Place Victor et Hélène Basch;;
536580933;21;8;2024;13:30;1;72;72003;2;1;1;2;GAULLE CHARLES DE (AV);;
536580934;14;6;2024;09:30;1;59;59560;1;1;2;1;AVELIN ROUTE D;;
536580935;21;2;2024;22:44;5;01;01072;2;1;8;5;Avenue du Revermont;;
536580936;13;6;2024;13:40;1;57;57306;2;1;1;6;TOURNEUR (RUE);;
536580937;22;8;2024;09:00;1;67;67482;2;1;1;1;BALDNER (RUE);;
536580938;16;7;2024;14:10;1;75;75102;2;2;1;6;BOULEVARD DES CAPUCINES;;
536580939;23;2;2024;15:35;1;58;58095;2;1;1;3;allée marcel merle;;
536580940;14;6;2024;11:48;1;56;56260;2;6;2;3;Boulevard du Général de Monsabert;;
536580941;21;8;2024;21:25;5;64;64348;2;1;1;1;PERLIC DU;;
536580942;15;7;2024;15:41;1;75;75108;2;2;1;3;BOULEVARD HAUSSMANN;;
536580943;14;6;2024;10:50;1;54;54395;2;1;1;6;Rue de l'Armée Patton;;
536580944;22;8;2024;07:45;1;64;64122;2;1;1;2;BAB(BOULEVARD);;
536580945;15;7;2024;15:53;1;75;75108;2;2;1;7;PONT DE L ALMA;;
536580946;13;6;2024;12:20;1;54;54395;2;2;1;6;Boulevard Lobau;;
536580947;15;6;2024;00:30;5;51;51454;2;1;2;7;LUNDY (BOULEVARD);;
536580949;16;7;2024;13:00;1;75;75107;2;2;1;1;AVENUE DE VILLARS;;
536580950;14;6;2024;13:15;1;51;51454;2;1;1;7;WITRY (ROUTE DE);;
536580951;16;7;2024;14:05;1;94;94081;2;9;7;6;Avenue Rouget de Lisle;;
536580952;17;8;2024;16:15;1;62;62215;2;1;1;2;D919;;
536580953;14;6;2024;13:00;1;51;51454;2;1;1;6;JOLIOT-CURIE (RUE);;
536580954;21;8;2024;09:10;1;59;59360;2;1;7;6;PAINLEVE PAUL RUE;;
536580955;15;7;2024;22:20;5;94;94067;2;1;1;3;Avenue de Paris;;
536580956;14;6;2024;09:15;1;51;51454;2;1;1;2;LAMBERT (BOULEVARD VICTOR);;
536580957;20;8;2024;23:10;5;57;57672;2;1;3;1;ALLIES (PONT DES);;
536580958;15;7;2024;14:38;1;94;94068;2;7;1;3;Avenue Foch;;
536580959;14;6;2024;08:45;1;51;51108;2;1;1;1;SAINTE MENEHOULD (AVE DE);;
536580960;22;8;2024;13:00;1;57;57227;2;9;1;2;MARIENAU(RUE DE);;
536580961;14;6;2024;13:30;1;49;49007;2;1;1;6;PARMENTIER;;
536580962;14;6;2024;10:20;1;49;49007;2;1;1;3;BEDIER BOULEVARD;;
536580963;21;8;2024;17:09;1;50;50129;2;1;1;2;ABBAYE (RUE DE L');;
536580964;14;7;2024;13:05;1;94;94068;2;1;1;4;Avenue du Bac;;
536580965;21;8;2024;09:30;1;50;50129;2;1;1;6;EST (BOULEVARD DE L');;
536580966;13;6;2024;20:00;1;49;49007;2;1;1;3;BEDIER BOULEVARD;;
536580967;21;8;2024;17:05;1;49;49328;2;1;1;6;POMPIDOU (AVENUE GEORGES);;
536580968;16;7;2024;18:30;1;94;94052;2;1;8;5;Boulevard de Strasbourg;;
536580969;14;6;2024;09:05;1;45;45338;2;1;8;1;D961 PR 0 + 3311;;
536580970;22;8;2024;08:57;1;49;49015;1;1;1;7;BOUGUELIERES LIEU DIT LES;;
536580971;16;7;2024;17:05;1;94;94021;2;1;1;2;Av du Pdt Franklin Roosevelt;;
536580972;14;6;2024;22:15;5;43;43041;2;6;2;7;Avenue de la Gare;;
536580973;22;8;2024;08:45;1;45;45284;2;3;1;2;11 Rue de la Gare;;
536580974;16;7;2024;09:30;1;94;94022;2;1;2;6;Avenue du Général Leclerc;;
536580975;14;6;2024;11:45;1;43;43157;2;3;1;6;Boulevard Carnot;;
536580976;22;8;2024;17:10;1;42;42187;2;1;1;6;Place de l'Hotel de Ville;;
536580977;16;7;2024;13:05;1;94;94017;2;1;1;2;Boulevard de Stalingrad;;
536580978;14;6;2024;20:17;1;42;42187;2;1;1;7;Rue Albert Thomas;;
536580979;22;8;2024;19:40;1;38;38151;2;1;1;6;RUE NORMANDIE-NIEMEN;;
536580980;22;8;2024;08:15;1;37;37233;2;1;1;6;LANGEVIN (BOULEVARD PAUL);;
536580981;20;2;2024;17:25;1;39;39300;2;2;7;3;26 Avenue Camille Prost;;
536580982;16;7;2024;12:40;1;94;94075;2;3;1;2;Rue de Mandres;;
536580983;14;6;2024;11:39;1;38;38563;1;9;1;6;VERDIN (MONTEE DU);;
536580984;20;8;2024;16:32;1;34;34032;2;3;1;6;MARNE (AV DE LA);;
536580985;15;7;2024;17:34;1;94;94075;2;3;1;2;Rue de la Bourgogne;;
536580986;14;6;2024;12:50;1;37;37261;2;2;8;6;EUROPE (AVENUE DE L');;
536580988;16;7;2024;17:20;1;93;93078;2;1;1;2;Avenue des Nations;;
536580989;14;6;2024;07:40;1;37;37233;2;1;8;2;MOULIN (PONT JEAN);;
536580991;16;7;2024;12:00;1;93;93066;2;1;1;2;Avenue du Président Wilson;;
536580992;14;6;2024;01:19;5;37;37261;2;2;1;3;BERANGER (BOULEVARD);;
536580993;20;8;2024;22:20;3;31;31555;2;9;1;2;AV LOUIS BAZERQUE;;
536580994;16;7;2024;20:50;2;93;93051;2;2;1;3;Boulevard du Ru de Nesles / Avenue Médéric;;
536580995;14;6;2024;02:50;5;31;31555;2;9;1;3;RUE DU POLE;;
536580996;21;8;2024;18:05;1;27;27229;2;1;1;2;FOCH (AVENUE DU MARECHAL);;
536580997;14;6;2024;20:47;1;29;29232;2;2;1;3;Rue de Kerlerec;;
536580998;21;8;2024;18:00;1;26;26198;1;1;1;6;Avenue du Meyrol;;
536580999;16;7;2024;11:30;1;93;93048;2;5;1;2;Avenue de la Résistance / Rue Ernest Savart;;
536581000;11;6;2024;18:25;1;29;29232;2;1;1;3;Route de Coray;;
536581001;16;7;2024;16:45;1;93;93045;2;1;1;1;Boulevard Gen Leclerc de Hauteclocqu;;
536581002;22;8;2024;18:30;1;25;25462;2;3;1;3;REPUBLIQUE DE LA;;
536581003;12;6;2024;12:20;1;29;29039;2;1;1;7;RD 783;;
536581004;22;8;2024;03:50;5;25;25462;2;1;1;6;MOULIN PARNET DU;;
536581005;13;6;2024;02:00;4;27;27072;2;2;1;6;MOULIN (CHEMIN DU);;
536581006;15;7;2024;08:45;1;92;92075;2;1;1;6;ERNEST LAVAL (RUE);;
536581007;22;8;2024;11:07;1;25;25056;2;5;1;3;HELVETIE AVENUE D';;
536581008;14;6;2024;19:15;1;14;14167;2;2;1;3;32 Rue Jean Monnet;;
536581009;16;7;2024;00:40;5;92;92073;2;2;1;7;PAGES (RUE);;
536581010;22;8;2024;10:43;1;13;13056;1;3;1;3;COURONNE;;
536581011;10;6;2024;16:30;1;13;13204;2;9;1;6;ALEX. FLEMING (BOULEVARD);;
536581012;22;8;2024;03:10;5;13;13201;2;1;1;1;BELGES (QUAI DES);;
536581013;16;7;2024;09:09;1;92;92072;2;1;1;3;GRANDE RUE;;
536581014;22;8;2024;08:40;1;13;13001;2;9;1;6;POMPIDOU GEORGES (AVENUE);;
536581015;16;7;2024;08:13;1;92;92063;2;3;1;2;FOUILLEUSE (AVENUE DE);;
536581017;27;9;2024;13:05;1;94;94028;2;1;1;6;Boulevard John Kennedy;;
536581018;14;6;2024;06:40;2;13;13215;2;2;1;1;LITTORAL (CHEMIN DU);;
536581019;22;8;2024;10:15;1;11;11069;1;9;1;3;RD118;;
536581020;13;6;2024;07:40;1;13;13098;1;1;1;1;PORT DE BOUC ANCIEN ROUTE DE;;
536581021;22;8;2024;15:10;1;07;07281;1;1;1;7;C.D.533;;
536581022;14;6;2024;20:30;1;10;10387;2;3;1;3;Avenue Pierre Brossolette;;
536581023;17;7;2024;05:50;2;38;38107;1;1;1;2;Route de Gerbey;;
536581024;22;8;2024;11:00;1;06;06069;2;1;7;1;92 Boulevard du President Kennedy;;
536581025;27;9;2024;10:55;1;94;94059;2;3;1;3;avenue andré rouy;;
536581026;13;6;2024;08:00;1;06;06088;2;1;1;6;Voie Pénétrante du Paillon;;
536581027;17;8;2024;16:07;1;05;05061;2;1;1;2;Avenue Bernard Givaudan;;
536581028;16;7;2024;15:55;1;22;22237;1;1;1;7;la chapelette;;
536581029;13;6;2024;07:20;1;03;03095;2;2;7;2;BICENTENAIRE (BOULEVARD DU);;
536581030;25;7;2024;15:08;1;05;05061;2;1;1;2;Avenue de Provence;;
536581031;17;7;2024;11:40;1;85;85281;1;2;1;3;la chauvière;;
536581032;26;9;2024;19:00;1;94;94018;1;1;8;6;Pont de Charenton;;
536581033;14;6;2024;01:20;5;75;75115;2;1;1;2;BD PERIPHERIQUE EXTERIEUR;;
536581034;22;8;2024;13:20;1;75;75118;2;1;1;2;BD PERIPHERIQUE INTERIEUR;;
536581035;16;7;2024;18:00;2;972;97204;1;1;1;6;RN2;;
536581036;13;6;2024;08:50;1;75;75117;2;1;1;2;BOULEVARD PERIPHERIQUE EXTERIEUR OUEST;;
536581037;6;7;2024;17:50;1;01;01238;2;1;3;6;Avenue Lavoisier;;
536581038;13;6;2024;18:40;1;75;75106;2;3;1;7;RUE DE VAUGIRARD;;
536581039;22;8;2024;11:49;1;75;75114;2;7;1;3;PLACE DU VINGT CINQ AOUT 1944;;
536581040;26;9;2024;15:00;1;94;94075;2;3;3;2;Rue Edouard Branly;;
536581041;14;6;2024;12:40;1;75;75118;2;1;1;6;RUE DES PORTES BLANCHES;;
536581042;14;7;2024;00:54;3;01;01419;2;1;8;6;Rue de Fenières;;
536581043;14;6;2024;20:00;1;75;75116;2;1;8;6;RUE DE SIAM;;
536581044;22;8;2024;16:40;1;75;75119;2;1;1;6;AVENUE DE FLANDRE;;
536581046;25;9;2024;07:05;3;94;94071;2;3;1;6;Route de Bonneuil;;
536581047;21;8;2024;17:15;1;75;75117;2;3;1;6;PLACE TRISTAN BERNARD;;
536581048;14;6;2024;09:25;1;75;75115;2;3;2;3;RUE FALGUIERE;;
536581049;22;8;2024;02:20;5;75;75117;2;7;1;7;PLACE DE VERDUN;;
536581050;17;7;2024;08:00;1;21;21559;1;3;1;1;D905;;
536581051;27;9;2024;09:52;1;93;93055;2;1;1;6;JEAN LOLIVE (AVENUE)(137/FIN ET 134/FIN);;
536581052;16;7;2024;00:15;3;51;51339;1;1;1;7;D2;;
536581053;21;8;2024;20:38;1;75;75115;2;3;1;6;RUE DESNOUETTES;;
536581054;17;7;2024;06:50;1;56;56079;1;1;1;7;La Pyramide;;
536581055;14;6;2024;21:15;1;75;75112;2;2;2;6;RUE EMILIO CASTELAR;;
536581056;16;7;2024;22:30;5;56;56186;2;1;1;7;13 Boulevard du Goviro;;
536581057;27;9;2024;20:50;5;93;93049;2;1;2;6;MONTGOMERY (PLACE);;
536581058;21;8;2024;17:50;1;75;75114;2;3;1;3;RUE DIDOT;;
536581059;14;6;2024;01:00;3;75;75112;2;3;2;6;BOULEVARD DE REUILLY;;
536581060;14;7;2024;13:00;1;56;56258;2;2;1;3;Rue de Kervourden;;
536581061;14;6;2024;02:05;5;75;75110;2;1;2;6;QUAI DE JEMMAPES;;
536581062;27;9;2024;08:50;1;93;93047;2;9;1;3;GABRIEL PERI  (AVENUE);;
536581063;22;8;2024;06:35;1;75;75112;2;2;1;5;BOULEVARD SOULT;;
536581064;17;7;2024;01:40;5;2A;2A104;1;1;1;6;T40, plaine saint jean;;
536581065;14;6;2024;17:38;1;75;75107;2;2;1;3;RUE DE L UNIVERSITE;;
536581066;22;8;2024;08:13;1;75;75110;2;1;1;7;RUE DU FAUBOURG SAINT DENIS;;
536581067;27;9;2024;16:40;1;93;93010;2;1;1;6;GALLIENI (AV.) DE 98 A 130;;
536581068;14;7;2024;10:45;1;2B;2B343;2;1;1;4;Diceppo;;
536581069;14;6;2024;21:20;4;75;75103;2;3;2;7;RUE BEAUBOURG;;
536581070;21;8;2024;17:00;1;75;75108;2;2;1;2;AVENUE GEORGE V;;
536581071;27;9;2024;19:15;2;93;93008;2;1;2;6;ELUARD (AVENUE PAUL);;
536581072;17;7;2024;07:00;1;63;63066;1;1;1;1;Le Bouchet (Buse);;
536581073;14;6;2024;10:03;1;75;75104;2;2;1;6;RUE SAINT MERRI;;
536581074;27;9;2024;12:00;1;93;93005;2;1;2;6;HENRI MATISSE (RUE);;
536581075;16;7;2024;17:20;1;63;63338;2;7;1;6;place des équipages;;
536581076;22;8;2024;09:10;1;75;75107;2;2;1;3;RUE DE BELLECHASSE;;
536581077;17;7;2024;20:15;1;63;63250;1;1;1;6;D978;;
536581078;26;9;2024;21:55;5;92;92050;2;1;2;3;18 OCTOBRE 1961 RUE;;
536581079;22;8;2024;09:50;1;75;75103;2;3;1;6;RUE DES GRAVILLIERS;;
536581080;27;9;2024;01:05;5;92;92049;2;2;1;6;BROSSOLETTE AVENUE PIERRE;;
536581081;21;8;2024;17:50;1;75;75102;2;3;1;7;BOULEVARD DES ITALIENS;;
536581082;27;9;2024;16:55;1;92;92012;2;1;1;6;ANDRE MORIZET (AVENUE) 1/47 - 2/52;;
536581083;22;8;2024;19:15;1;94;94080;2;1;1;3;Avenue de Paris;;
536581084;22;8;2024;17:45;1;94;94065;2;1;1;6;Rue Notre-dame;;
536581085;26;9;2024;11:45;1;92;92012;2;1;8;6;REINE (ROUTE DE LA) 82/FIN - 107TER/FIN;;
536581086;13;6;2024;22:50;5;75;75101;2;2;1;3;BOULEVARD DE SEBASTOPOL;;
536581087;22;8;2024;10:20;1;93;93005;2;1;1;2;Route de Mitry;;
536581088;27;9;2024;16:30;1;38;38160;1;2;1;3;Montee de Chez Voisin;;
536581089;12;6;2024;15:46;1;75;75103;2;2;1;6;RUE BEAUBOURG;;
536581090;28;9;2024;12:15;1;973;97362;2;1;1;7;rue prosper AIATE;;
536581091;22;8;2024;11:28;1;93;93077;2;2;1;2;Avenue du Raincy / Rue Rene et Pierre Charton;;
536581092;22;8;2024;14:00;1;93;93010;2;1;1;1;Route de Villemomble;;
536581094;28;9;2024;03:15;3;71;71589;1;1;2;6;D979;;
536581095;14;6;2024;21:06;1;94;94081;2;3;2;5;Rue du Colonel Moll / Rue de l’Argonne;;
536581096;22;8;2024;14:00;1;93;93008;2;2;1;3;Avenue Henri Barbusse;;
536581097;28;9;2024;18:48;1;76;76624;2;1;1;7;2 Rue des Sorbiers;;
536581098;22;8;2024;01:45;5;92;92026;2;1;1;2;MISSION MARCHAND (COTE PAIR);;
536581099;13;6;2024;15:45;1;94;94016;2;3;1;3;Rue des Saussaies / Allee des Lours;;
536581100;27;9;2024;15:30;1;84;84137;2;1;1;3;Route d?Orange;;
536581101;21;8;2024;16:15;1;92;92025;2;1;1;3;PONT DE BEZONS;;
536581102;14;6;2024;08:50;1;94;94038;2;3;2;1;Rue Paul Hochart / Rue de Picardie;;
536581103;27;9;2024;03:00;3;52;52282;1;1;1;7;A5 PK216.800 sens Troyes vers Dijon;;
536581104;22;8;2024;17:20;1;37;37216;2;2;1;3;route de sainte catherine;;
536581105;27;9;2024;23:00;3;84;84037;1;1;1;6;ROUTE D'ORANGE;;
536581106;14;6;2024;02:30;5;94;94021;2;6;2;3;Avenue Georges Guynemer / Rue du Pont des Halles;;
536581107;23;8;2024;18:45;1;37;37058;1;1;1;6;19 Rue des Gravets;;
536581108;28;9;2024;06:15;3;50;50616;1;1;8;6;N175;;
536581109;23;8;2024;12:40;1;54;54345;1;1;6;7;D112;;
536581110;14;6;2024;05:50;2;94;94001;2;2;1;2;Avenue Gambetta / Route de Villeneuve;;
536581111;23;8;2024;18:30;1;86;86001;1;1;1;6;Lieu Dit la Gigardeau;;
536581112;28;9;2024;04:00;3;89;89411;1;1;2;3;D660;;
536581113;23;8;2024;10:30;1;43;43080;1;1;1;7;Route d'Usson;;
536581114;13;6;2024;18:15;1;94;94022;2;2;1;3;Avenue Victor Hugo / Rue d'Alsace-lorraine;;
536581115;21;8;2024;16:30;1;988;98812;1;1;1;6;Lieu-dit Karembé;;
536581116;26;9;2024;15:28;1;51;51560;1;1;2;4;2 Route de Maucreux;;
536581117;14;6;2024;08:15;1;94;94002;2;1;1;7;45 Quai Blanqui;;
536581118;23;8;2024;19:10;1;57;57469;2;1;1;3;Rue de Berthelming;;
536581119;27;9;2024;19:05;1;56;56140;1;1;1;3;Kerrozet;;
536581120;14;6;2024;09:00;1;93;93066;2;2;1;2;Avenue du Docteur Lamaze / Route de la Courneuve;;
536581121;23;8;2024;17:50;1;28;28139;1;1;1;6;A11;;
536581122;28;9;2024;12:55;1;11;11441;2;2;1;6;Rue du 1er Mai;;
536581123;12;6;2024;11:35;1;93;93066;2;1;1;2;Rue Ambroise Croizat;;
536581125;13;6;2024;01:45;5;93;93064;2;1;1;6;Avenue du Président John Kennedy;;
536581126;23;8;2024;06:00;3;35;35119;1;3;2;3;Lieu Dit L'Euche;;
536581127;25;9;2024;19:30;2;63;63170;1;1;1;6;Ballot;;
536581128;7;12;2024;19:15;5;91;91174;2;6;2;3;BD JEAN JAURES;;
536581129;23;8;2024;15:15;1;01;01109;1;1;1;6;D984;;
536581130;27;9;2024;11:15;1;61;61211;2;1;2;6;D976;;
536581131;14;6;2024;13:38;1;93;93032;2;1;1;3;Avenue Ronsard;;
536581132;7;12;2024;20:20;5;83;83137;2;3;6;1;MALON (AVE BENOIT);;
536581133;23;8;2024;13:00;1;22;22213;1;1;2;4;RN176 PK 001+400;;
536581134;14;6;2024;08:35;1;93;93027;2;1;1;6;Avenue Roger Salengro;;
536581135;27;9;2024;09:10;1;49;49018;2;3;7;6;Rue des Docteurs Thuau;;
536581136;7;12;2024;11:00;1;78;78440;2;3;6;3;ALBERT THOMAS (RUE);;
536581137;23;8;2024;14:30;1;42;42242;2;1;1;2;9 Rue du Bourg;;
536581138;14;6;2024;17:15;1;93;93014;2;1;1;3;Allée Maurice Audin;;
536581139;7;12;2024;14:10;1;78;78423;2;1;1;2;LECLERC (AVENUE DU  GENERAL);;
536581140;28;9;2024;11:50;1;25;25074;1;1;3;2;les fourgs;;
536581141;23;8;2024;14:30;1;83;83054;1;1;1;1;D554;;
536581142;7;12;2024;19:20;5;78;78498;2;1;2;6;FOCH AV;;
536581143;14;6;2024;07:30;1;93;93046;2;1;1;3;Avenue Aristide Briand;;
536581144;28;9;2024;17:20;1;25;25195;1;1;1;1;d673;;
536581145;23;8;2024;05:30;4;62;62880;2;1;1;6;D127;;
536581146;14;6;2024;08:25;1;93;93008;2;2;1;3;Avenue du Président Salvador Allende / Rue de la Folie;;
536581147;22;8;2024;12:00;1;51;51285;2;1;1;7;chemin;;
536581148;13;8;2024;06:15;2;44;44069;1;1;1;6;Route de la Madeleine;;
536581149;14;6;2024;11:10;1;93;93030;2;1;1;6;Avenue du 8 Mai 1945;;
536581150;6;12;2024;16:49;1;76;76259;2;7;1;3;LECLERC ( PLACE DU GENERAL);;
536581151;21;8;2024;13:50;1;51;51569;1;1;1;1;D27;;
536581152;28;9;2024;00:40;3;35;35049;1;3;1;6;Boulevard de Koh-chang;;
536581153;7;12;2024;04:45;5;73;73065;2;1;1;6;D14 LABIAZ (ROUTE DE);;
536581154;13;6;2024;17:20;1;92;92078;2;8;1;3;VERDUN (AVENUE) (IMPAIRS 27 AU 73);;
536581155;23;8;2024;16:52;1;80;80801;1;1;1;1;D1029;;
536581156;24;9;2024;11:30;1;31;31390;2;1;1;6;Avenue de Tarbes;;
536581157;7;12;2024;19:45;5;72;72181;2;1;1;6;Avenue François Mitterrand;;
536581158;14;6;2024;18:10;1;92;92064;2;9;1;1;REPUBLIQUE;;
536581159;6;12;2024;21:20;5;72;72181;2;1;1;1;PASTEUR (RUE);;
536581160;28;9;2024;16:30;1;54;54078;2;1;1;7;Route de Reillon;;
536581161;22;8;2024;23:45;3;65;65054;1;1;1;1;D79;;
536581162;14;6;2024;18:48;1;92;92063;2;1;2;6;COLMAR (AVENUE DE);;
536581163;6;12;2024;18:10;4;72;72181;2;1;1;2;LYAUTEY MARECHAL (AV) N° IMP;;
536581164;22;8;2024;11:30;1;11;11439;1;1;1;1;D213;;
536581165;28;9;2024;04:00;3;54;54312;1;1;2;7;D910;;
536581166;13;6;2024;18:39;1;92;92063;2;1;8;2;HABY SOMMER (RUE);;
536581167;6;12;2024;17:30;5;69;69013;1;1;1;2;Route Départementale 306;;
536581168;22;8;2024;23:27;3;89;89186;2;1;1;7;25 Route de Saint-florentin;;
536581169;27;9;2024;08:50;1;24;24520;2;6;8;3;Rond point D704 Avenue Edmond Rostand Avenue Simone Veil;;
536581170;14;6;2024;19:40;1;92;92049;2;1;2;3;REPUBLIQUE AV. N°27 A 105 ET 26 A 178;;
536581171;22;8;2024;15:15;1;61;61190;1;1;1;7;D212;;
536581172;7;12;2024;18:00;5;69;69290;2;1;1;2;Route de Grenoble;;
536581173;27;9;2024;12:15;1;48;48140;2;1;2;6;Avenue de Tatula;;
536581174;23;8;2024;06:00;2;55;55523;1;1;1;7;D905;;
536581175;14;6;2024;00:17;5;92;92020;2;3;2;6;PARIS AVENUE DE N°2 A82;;
536581176;7;12;2024;20:20;5;67;67482;2;3;2;1;RHIN (AVENUE DU);;
536581177;13;6;2024;08:30;1;92;92040;2;1;1;6;FRERES VOISIN (BOULEVARD DES);;
536581178;22;8;2024;21:24;3;44;44131;1;1;1;1;Les Grandes Landes;;
536581179;27;9;2024;21:30;3;52;52155;1;4;2;1;route départementale 51;;
536581180;15;8;2024;07:45;1;29;29287;2;1;1;6;Streat Nevez;;
536581181;13;6;2024;21:10;1;92;92025;2;3;1;3;BEAUSEJOUR (RUE   IMP);;
536581182;7;12;2024;15:40;1;67;67482;2;1;8;1;TOUR (RUE DE LA);;
536581183;22;8;2024;17:50;1;15;15030;1;2;1;3;RN 122;;
536581184;7;12;2024;04:55;5;67;67482;2;1;1;3;ROMAINS (ROUTE DES);;
536581185;17;8;2024;11:55;1;01;01118;1;1;1;7;D123;;
536581186;28;9;2024;17:35;1;13;13025;1;1;6;3;autoroute A8, pk 028.000;;
536581187;12;6;2024;07:45;1;92;92025;2;2;1;3;KLEBER (AV);;
536581188;28;9;2024;00:40;5;971;97103;1;1;1;6;la Jaille;;
536581189;22;8;2024;18:55;1;54;54121;1;1;1;7;D1c;;
536581190;7;12;2024;11:40;1;66;66136;1;1;1;4;Départementale 914;;
536581191;14;6;2024;09:00;1;92;92002;2;3;2;3;FRANCOIS SOMMER (AVENUE);;
536581192;23;8;2024;10:45;1;05;05012;2;4;1;3;ZA Entraigues;;
536581193;27;9;2024;18:20;1;60;60142;2;4;8;3;RD 924A;;
536581194;2;11;2024;11:10;1;70;70275;1;1;1;7;RD 474;;
536581195;15;6;2024;08:25;1;976;97610;2;1;1;6;rn1 boulemande;;
536581196;29;9;2024;00:37;3;988;98811;1;1;1;6;Route de Panaki - RM20;;
536581197;6;12;2024;18:00;5;66;66136;1;1;1;4;RD 914;;
536581198;22;8;2024;11:30;1;50;50029;1;3;1;3;RD 907;;
536581199;1;11;2024;20:00;3;26;26144;1;1;1;1;Route de Loriol;;
536581200;7;12;2024;21:18;5;64;64260;2;9;6;6;BEHOBIE (RUE DE);;
536581201;15;6;2024;02:55;3;80;80151;1;1;2;2;D929;;
536581202;30;10;2024;15:20;1;72;72295;1;1;1;6;D238;;
536581203;23;8;2024;13:10;1;90;90065;1;1;1;1;Route du Ballon d?Alsace;;
536581204;28;9;2024;13:05;1;973;97311;2;3;1;2;Rue Thiers;;
536581205;12;6;2024;07:15;1;62;62552;2;1;1;6;D349;;
536581206;7;12;2024;20:25;5;62;62510;2;9;2;6;Rue François Courtin;;
536581207;1;11;2024;10:38;1;06;06073;1;1;1;7;1300 Route Charles Rami;;
536581208;7;12;2024;05:45;3;62;62270;1;1;2;6;D301;;
536581209;28;9;2024;09:30;1;34;34058;2;2;1;3;Les Vignobles du Château;;
536581210;14;6;2024;14:30;1;17;17315;1;1;1;1;D108;;
536581211;2;11;2024;13:35;1;05;05163;1;1;1;7;D954;;
536581212;7;12;2024;21:01;5;61;61001;2;1;2;6;65 Avenue de Basingstoke;;
536581213;23;8;2024;11:05;1;36;36088;2;2;1;3;Rue des Alouettes;;
536581214;6;6;2024;17:00;1;31;31410;2;1;1;1;Route de Saint-Loup-Cammas - RD77;;
536581215;7;12;2024;16:40;1;60;60057;2;1;3;6;Boulevard Saint-André;;
536581216;27;9;2024;20:10;3;83;83016;1;1;1;1;route départementale dn8;;
536581217;22;8;2024;15:50;1;21;21016;2;1;1;2;Route de Fontaine-française;;
536581218;15;6;2024;16:55;1;81;81078;1;1;1;6;2665 Route de Lavaur;;
536581219;1;11;2024;22:20;3;60;60181;1;1;1;6;D932;;
536581220;23;8;2024;14:30;1;23;23008;2;1;1;6;35 Rue Jean Jaurés;;
536581221;6;12;2024;16:20;1;59;59350;2;3;1;3;Rue Bayard;;
536581222;15;6;2024;06:30;2;974;97404;1;1;2;2;N2001;;
536581223;28;9;2024;08:30;1;83;83006;1;1;1;3;Route de Rians;;
536581224;22;8;2024;23:05;3;87;87018;1;1;1;7;RD5 PK14;;