Num_Acc;jour;mois;an;hrmn;lum;dep;com;agg;int;atm;col;adr;lat;long
536584209;28;3;2024;22:00;5;75;75114;2;2;1;3;AVENUE DE LA PORTE DE CHATILLON;;
536584210;20;8;2024;16:00;1;09;09225;2;1;1;6;BELPECH ROUTE DE;;
536584211;6;1;2024;12:10;1;72;72181;2;9;1;3;GENESLAY FELIX (AV) N° IMP 171 A 263;;
536584212;15;7;2024;01:20;3;13;13014;1;2;1;3;D113;;
536584213;18;2;2024;19:45;5;93;93077;2;1;1;6;Grande Rue;;
536584214;29;3;2024;16:50;1;75;75113;2;3;2;6;RUE DU CHATEAU DES RENTIERS;;
536584215;19;8;2024;19:00;1;04;04112;2;1;1;6;GIONO (AV. J.);;
536584216;18;2;2024;00:30;5;93;93055;2;2;1;3;Avenue Anatole France / Avenue Jean Lolive;;
536584217;6;1;2024;18:30;5;69;69029;2;3;2;3;Avenue du 8 Mai 1945;;
536584218;11;6;2024;19:05;5;973;97302;1;6;1;2;MARINGOUINS (ROND-POINT);;
536584219;20;8;2024;16:00;1;75;75114;2;1;2;7;BD PERIPHERIQUE INTERIEUR;;
536584220;17;2;2024;21:50;5;93;93048;2;1;1;6;Avenue Pasteur;;
536584221;29;3;2024;20:00;5;75;75112;2;3;3;6;RUE ANTOINE JULIEN HENARD;;
536584222;11;6;2024;04:10;5;972;97213;1;1;1;6;ROUTE NATIONALE 5;;
536584223;5;1;2024;13:49;1;63;63300;2;9;1;2;COMMANDANT MADELINE (AVENUE DU);;
536584224;15;7;2024;16:20;1;38;38344;1;1;1;4;A7, PK 18.200, sens NORD / SUD;;
536584225;20;8;2024;12:15;1;75;75120;2;3;1;6;RUE DE MENILMONTANT;;
536584226;28;3;2024;12:45;1;75;75112;2;3;1;6;RUE DU FAUBOURG SAINT ANTOINE;;
536584227;18;2;2024;06:05;5;92;92064;2;1;1;2;MARECHAL JUIN;;
536584228;6;1;2024;18:25;5;59;59392;2;1;2;6;JEAN JAURES (AVENUE);;
536584229;30;3;2024;22:30;5;75;75111;2;7;1;2;AVENUE PARMENTIER;;
536584230;11;6;2024;21:30;5;972;97213;1;3;1;3;ROUTE DEPARTEMENTALE 3;;
536584231;20;8;2024;15:30;1;75;75116;2;2;1;1;PLACE DE LA PORTE MAILLOT;;
536584232;18;2;2024;15:30;1;92;92060;1;6;2;2;LA BOURSIDIERE;;
536584233;16;7;2024;09:08;1;89;89452;1;1;1;2;Départementale 606;;
536584234;5;1;2024;17:00;2;57;57631;2;2;1;6;LOUVAIN (CHAUSSEE);;
536584236;12;6;2024;11:45;1;972;97209;2;9;1;6;FELIX EBOUE (RUE);;
536584237;14;7;2024;02:32;3;89;89083;1;1;1;6;D89;;
536584238;30;3;2024;07:25;1;75;75111;2;3;2;3;AVENUE DE LA REPUBLIQUE;;
536584239;18;2;2024;12:30;1;92;92014;2;1;2;6;GALOIS (AVENUE);;
536584240;20;8;2024;12:39;1;75;75116;2;2;1;6;RUE MICHEL ANGE;;
536584241;6;1;2024;17:20;5;51;51454;2;1;2;2;BETHENY (RUE DE);;
536584242;19;8;2024;16:55;1;75;75114;2;7;1;7;PLACE DENFERT ROCHEREAU;;
536584243;11;6;2024;23:35;5;69;69382;2;1;1;2;22 Quai Tilsitt;;
536584244;15;7;2024;15:45;1;67;67010;1;1;1;3;Lilsbach;;
536584245;18;2;2024;09:00;2;72;72013;1;2;1;3;Route du Lude;;
536584246;29;3;2024;20:55;5;75;75111;2;3;2;6;RUE DAVAL;;
536584247;6;1;2024;22:56;5;45;45234;2;3;1;3;62 Rue Émile Zola;;
536584248;7;5;2024;17:10;1;91;91161;1;1;1;5;AUTOROUTE A126;;
536584249;9;6;2024;09:41;1;971;97101;1;1;1;7;NEREE;;
536584250;18;2;2024;18:55;3;86;86262;1;1;2;2;D727;;
536584251;20;8;2024;20:00;1;75;75107;2;3;1;3;AVENUE DE SUFFREN;;
536584252;29;3;2024;19:35;5;75;75111;2;2;3;6;BOULEVARD VOLTAIRE;;
536584253;5;1;2024;20:00;5;35;35238;2;2;2;6;BREST (DE);;
536584254;15;7;2024;15:25;1;88;88431;2;2;1;1;Rue du Breuil;;
536584255;12;6;2024;12:15;1;95;95598;2;1;1;6;GENERAL DE GAULLE (AVENUE DU);;
536584256;7;5;2024;13:00;1;92;92025;1;1;1;3;A86;;
536584257;20;8;2024;16:45;1;75;75107;2;2;3;7;PONT ALEXANDRE III;;
536584258;12;2;2024;17:30;1;51;51649;2;2;1;6;Avenue du Quai des Fontaines;;
536584259;7;1;2024;01:00;5;34;34172;2;1;1;3;LIBERTE (AVENUE DE LA;;
536584260;30;3;2024;21:03;5;75;75107;2;3;1;3;PONT ALEXANDRE III;;
536584261;16;7;2024;07:55;1;69;69074;1;2;1;3;Route de Montmelas;;
536584262;12;6;2024;20:40;1;91;91549;2;1;1;3;JACQUES DUCLOS (AVENUE);;
536584263;8;2;2024;15:10;1;84;84104;2;6;1;1;Route de Seguret;;
536584264;7;5;2024;16:12;1;93;93066;1;1;1;4;A86;;
536584265;16;7;2024;17:10;1;69;69219;1;1;1;7;Route de Mornant;;
536584266;6;1;2024;20:41;3;31;31555;1;1;1;4;A621 (SEPT DENIERS-ANCELY);;
536584267;20;8;2024;15:16;1;75;75101;2;2;1;3;BOULEVARD DE SEBASTOPOL;;
536584268;11;6;2024;16:52;1;86;86194;2;6;1;6;Route de Parthenay;;
536584269;29;3;2024;12:50;1;75;75108;2;4;1;3;AVENUE FRANKLIN D ROOSEVELT;;
536584270;15;7;2024;19:00;1;69;69117;2;1;1;7;7 Allée du Vieux Chêne;;
536584271;7;5;2024;11:30;1;95;95212;1;1;1;6;N104;;
536584272;19;2;2024;09:35;1;35;35139;1;1;1;2;rote nationale 137;;
536584273;6;1;2024;16:10;1;29;29019;2;1;1;4;rue des Farines;;
536584274;29;3;2024;08:15;1;75;75114;2;2;2;3;AVENUE DE LA PORTE DE CHATILLON;;
536584275;6;1;2024;06:00;3;25;25024;1;1;2;6;Route Départementale 437;;
536584277;19;8;2024;23:35;5;94;94081;2;9;1;3;Boulevard de Stalingrad;;
536584278;9;6;2024;20:20;1;84;84035;2;1;2;1;MARSEILLE-RD938 (ROUTE DE);;
536584279;7;5;2024;09:15;1;93;93010;1;1;1;2;A3;;
536584280;19;2;2024;14:00;1;26;26325;1;1;1;1;rn7;;
536584281;30;3;2024;14:30;1;75;75104;2;3;8;7;RUE SAINT ANTOINE;;
536584282;6;1;2024;14:00;1;13;13103;2;1;1;6;ALLEE  DE LA SOLOGNE;;
536584283;20;8;2024;10:38;1;94;94043;2;1;1;6;Avenue Eugène Thomas;;
536584284;7;5;2024;03:40;3;75;75120;1;1;1;6;A3;;
536584285;12;6;2024;16:40;1;84;84007;1;6;1;6;FONTCOUVERTE(Avenue de);;
536584287;6;1;2024;20:05;5;13;13203;2;1;1;3;DESPIEDS (RUE);;
536584288;30;3;2024;11:45;1;75;75104;2;7;2;6;PLACE DE LA BASTILLE;;
536584289;16;7;2024;14:00;1;22;22162;1;1;1;4;D786;;
536584290;6;5;2024;14:30;1;93;93029;1;1;1;3;A86;;
536584291;20;8;2024;22:40;4;94;94021;2;1;2;2;254 Avenue de Stalingrad;;
536584292;18;2;2024;04:19;3;69;69084;1;1;1;6;Route des Labourons;;
536584293;6;1;2024;05:35;5;13;13211;2;6;1;1;BARASSE;;
536584294;11;6;2024;16:15;1;84;84007;2;1;1;3;EISENHOWER (Avenue);;
536584295;29;3;2024;15:00;1;75;75101;2;3;1;3;RUE DE RIVOLI;;
536584296;6;5;2024;09:15;1;93;93006;1;1;1;6;A3;;
536584297;10;7;2024;14:15;1;54;54312;1;1;1;2;Autoroute A 31;;
536584298;20;8;2024;12:50;1;93;93066;2;1;1;3;Boulevard Jules Guesde;;
536584299;18;2;2024;18:45;3;71;71416;1;1;2;1;Route des Patreux;;
536584300;5;1;2024;13:58;1;10;10362;1;6;2;6;RD 660;;
536584301;12;6;2024;09:10;1;84;84007;2;1;1;2;PIERRE SEMARD (avenue);;
536584302;29;3;2024;10:30;1;75;75103;2;3;1;6;RUE DU FOREZ;;
536584303;18;2;2024;00:50;4;89;89154;2;1;1;6;Rue des Ecoles;;
536584304;6;1;2024;07:50;2;08;08105;2;9;1;6;30 Rue de Flandre;;
536584305;15;7;2024;12:00;1;93;93027;1;1;1;2;AUTOROUTE A1;;
536584306;6;5;2024;19:30;2;77;77122;1;1;1;6;A5b;;
536584307;12;6;2024;08:00;1;78;78688;2;1;1;2;PYRAMIDE (AVENUE DE LA);;
536584308;19;8;2024;01:30;3;93;93053;2;2;1;2;Rue de Paris / Rue du Parc;;
536584309;28;3;2024;18:27;1;94;94076;2;2;8;6;Rue François Billoux / Rue du 12 Fevrier;;
536584310;5;1;2024;16:35;1;02;02408;1;3;1;2;RD 1044;;
536584311;6;5;2024;08:30;1;94;94018;1;1;1;2;A4;;
536584312;31;1;2024;14:00;1;49;49132;1;1;1;5;Route du Porage;;
536584313;20;8;2024;20:10;1;92;92072;2;1;2;6;Pont de Sèvres;;
536584314;11;6;2024;17:57;1;78;78621;2;1;1;3;LAGRANGE (RUE LEO);;
536584315;29;3;2024;20:18;5;94;94044;2;3;2;1;Avenue de Verdun / Rue Emile Zola;;
536584316;5;1;2024;12:20;1;75;75112;2;1;1;6;PORTE DOREE;;
536584317;2;5;2024;10:25;1;974;97407;2;1;1;3;CARPAYE(AVENUE);;
536584318;14;7;2024;22:35;3;93;93007;1;1;1;5;A1;;
536584319;29;3;2024;20:54;5;94;94042;2;3;2;2;Avenue du Général Galliéni / Avenue du Parc;;
536584320;20;8;2024;16:50;1;92;92036;2;2;3;2;LAURENT CELY (AVENUE) (2/152);;
536584321;12;6;2024;09:40;1;77;77186;1;2;1;3;RD 142;;
536584322;6;1;2024;10:40;1;75;75119;2;2;1;6;RUE DE CRIMEE;;
536584323;19;2;2024;10:30;1;12;12291;1;1;1;5;D29, PK 35.800;;
536584324;6;5;2024;13:00;1;972;97213;1;1;1;2;ROUTE DEPARTEMENTALE 15;;
536584325;15;7;2024;11:00;1;77;77258;1;1;1;2;A4.W;;
536584326;29;3;2024;18:00;1;94;94028;2;3;1;3;Avenue du Docteur Paul Casalis / Rue Maurice Utrillo;;
536584327;6;1;2024;18:36;3;75;75118;2;1;1;6;BOULEVARD NEY;;
536584328;18;2;2024;16:45;1;42;42015;1;1;1;7;Route des Echarmeaux;;
536584329;11;6;2024;18:25;1;77;77400;1;1;8;1;MOUROUX (ROUTE DE);;
536584330;20;8;2024;16:00;1;92;92035;2;6;2;3;Souvenir Français ( rond point du );;
536584331;6;5;2024;14:20;1;972;97213;1;6;1;2;ROUTE DEPARTEMENTALE 3;;
536584332;15;7;2024;08:30;1;77;77121;1;1;1;2;A104;;
536584333;6;1;2024;01:00;5;75;75117;2;2;1;6;AVENUE DE VILLIERS;;
536584334;30;3;2024;03:30;5;94;94058;2;2;3;3;Rue Charles Ollier / Rue de Metz;;
536584335;16;2;2024;10:08;1;44;44216;2;1;1;6;10 Place de la Mairie;;
536584336;12;6;2024;13:45;1;76;76540;2;2;1;3;Boulevard Gambetta;;
536584337;20;8;2024;08:30;1;92;92019;2;3;1;3;PELLETAN CAMILLE (RUE);;
536584338;14;4;2024;17:42;1;74;74208;1;1;1;6;Route de plaine joux;;
536584339;6;5;2024;07:50;1;69;69149;1;3;2;3;Rue Dubois Crance;;
536584340;6;1;2024;20:00;3;75;75116;2;1;2;2;VOIE GEORGES POMPIDOU;;
536584341;12;6;2024;17:20;1;74;74012;2;9;1;6;RESISTANCE (RUE DE LA);;
536584342;6;5;2024;14:49;1;2B;2B033;2;1;8;6;MAGDELENA - RUE SANTA;;
536584343;3;4;2024;23:30;5;94;94037;2;2;1;3;Rue du Val de Marne / Avenue Galliéni;;
536584344;15;8;2024;10:50;1;76;76281;1;1;1;2;D484;;
536584345;17;2;2024;13:50;1;29;29225;2;2;1;3;Rue de Plozévet;;
536584346;5;1;2024;17:05;5;75;75114;2;3;1;3;BOULEVARD SAINT JACQUES;;
536584347;30;4;2024;15:58;1;74;74002;2;2;1;6;rue des grands Vris;;
536584348;20;8;2024;10:00;1;35;35126;1;1;3;6;La Pigeonnais;;
536584349;12;6;2024;11:30;1;74;74298;2;1;1;2;TANINGES (ROUTE DE );;
536584350;18;2;2024;16:30;1;02;02569;1;1;3;7;D663;;
536584351;4;5;2024;02:23;5;971;97101;1;1;1;1;ROUTE DE BOISVINS;;
536584352;6;1;2024;03:50;5;75;75103;2;2;1;7;BOULEVARD BEAUMARCHAIS;;
536584353;14;4;2024;08:40;1;74;74042;2;1;1;7;255 Avenue de geneve;;
536584354;29;3;2024;19:10;5;94;94016;2;2;2;2;Rue Camille Desmoulins / Avenue Louis Georgeon;;
536584355;18;2;2024;15:05;1;66;66137;1;1;1;7;D900;;
536584356;19;8;2024;13:20;1;35;35013;1;2;1;3;Brehon;;
536584357;11;6;2024;14:55;1;72;72181;2;5;1;1;HEUZE OLIVIER (AV) N° IMP DE 1 A 239;;
536584358;6;5;2024;18:50;1;2A;2A004;2;9;1;3;NAPOLEON COURS AVANT BEVERINI;;
536584359;4;1;2024;20:15;5;75;75104;2;3;1;6;RUE DE RIVOLI;;
536584360;29;3;2024;20:40;5;94;94041;2;3;3;3;Rue Louis Bertrand / Rue Marceau;;
536584361;25;4;2024;04:45;3;74;74074;1;3;1;3;D1206;;
536584362;20;8;2024;01:18;3;63;63026;2;1;1;6;Boulevard du Lac;;
536584363;19;2;2024;07:00;2;60;60108;1;1;2;6;RD119;;
536584364;12;6;2024;20:20;1;69;69266;2;3;1;6;128 Rue Léon Blum;;
536584365;6;5;2024;16:45;1;95;95280;2;1;1;2;GARE (AVENUE DE LA);;
536584366;29;3;2024;20:20;5;94;94041;2;1;2;3;20 Avenue Jean Jaurès;;
536584367;24;4;2024;07:15;1;74;74010;1;3;1;3;1806 Avenue d'aix-les-bains;;
536584368;19;8;2024;23:15;3;01;01153;1;1;1;1;D984c;;
536584369;29;3;2024;11:30;1;94;94041;2;1;1;6;Rue René Villars;;
536584370;6;5;2024;07:30;1;95;95277;2;1;1;6;D370;;
536584371;18;2;2024;18:20;1;64;64436;2;3;1;1;784 Route d'ihaordoqui;;
536584372;5;1;2024;12:45;1;94;94011;1;1;1;4;D60;;
536584373;20;8;2024;09:24;1;30;30242;1;1;1;7;D180;;
536584375;18;4;2024;15:30;1;74;74237;2;1;1;1;Route nationale lieu-dit Bret;;
536584376;12;6;2024;03:45;5;69;69388;2;2;1;6;Avenue de Pressensé;;
536584377;29;3;2024;16:40;1;94;94073;2;1;3;6;Rue des Alouettes;;
536584378;6;5;2024;08:20;1;91;91667;2;1;1;6;CORBEIL (RUE);;
536584379;6;1;2024;05:40;5;94;94021;2;1;1;6;Avenue de Stalingrad;;
536584380;5;5;2024;11:14;1;87;87085;1;1;1;6;AUTOROUTE A20;;
536584381;20;8;2024;19:00;1;57;57667;1;1;1;3;Rue Saint - Rufe;;
536584382;18;2;2024;04:45;3;43;43102;1;1;5;1;Pont de l'Enceinte;;
536584383;23;4;2024;15:30;1;74;74224;2;1;1;1;Place andrevetan;;
536584384;11;6;2024;07:00;1;69;69290;2;3;1;3;Route de Lyon;;
536584385;6;1;2024;19:40;5;94;94017;2;3;2;3;Rue Albert Thomas / Avenue Carnot;;
536584386;27;3;2024;10:00;1;94;94033;2;3;1;5;Avenue de Lattre de Tassigny / Rue des Marais;;
536584387;6;5;2024;21:45;5;83;83137;1;9;1;6;MOULINS (AVE DES DE 328 A FIN;;
536584388;14;2;2024;09:05;1;85;85182;2;2;5;6;Rue catherine de thouars;;
536584389;27;4;2024;18:10;1;74;74116;1;1;1;3;D1203;;
536584390;18;2;2024;07:10;2;27;27295;1;2;2;6;Route de la Cochonniere;;
536584391;30;3;2024;11:25;2;94;94028;2;1;1;1;Avenue de la Saussaie du Ban;;
536584392;6;1;2024;05:58;5;93;93073;1;2;1;3;Route De L'Epinette / Rue De Rome;;
536584393;12;6;2024;16:40;1;64;64445;2;6;2;3;MARECHAL LECLERC DU;;
536584394;6;5;2024;07:45;1;83;83126;2;3;1;3;FARLEDE (CHEMIN DE LA);;
536584395;18;2;2024;17:40;1;30;30210;1;1;1;7;2030 Chemin de Campagne;;
536584396;19;4;2024;00:20;5;74;74010;2;1;1;6;17 Rue du cep;;
536584397;29;3;2024;19:40;5;94;94028;2;4;3;6;Route de la Pompadour / Chemin des Marais;;
536584398;20;8;2024;18:24;1;51;51263;1;1;8;1;chemin forestier;;
536584399;6;5;2024;19:50;1;81;81065;2;2;7;3;WAKEFIELD (ROND POINT);;
536584400;6;1;2024;16:50;1;93;93047;2;2;1;3;Avenue des Myosotis / Avenue des Charmilles;;
536584401;12;6;2024;08:30;1;64;64122;2;2;1;3;VERDUN (AVENUE DE);;
536584402;29;3;2024;08:20;1;94;94002;2;1;8;3;Rue Paul Vaillant Couturier;;
536584403;14;4;2024;12:25;1;74;74100;1;1;1;6;D992;;
536584404;18;2;2024;19:30;5;68;68375;2;1;3;2;45 Rue de Cernay;;
536584405;20;8;2024;16:30;1;56;56174;2;1;1;7;30 Chemin des Petits Bois;;
536584406;24;9;2024;07:10;1;972;97209;2;3;1;6;JEUNESSE (RUE DE LA);;
536584407;6;5;2024;11:50;1;77;77487;2;1;1;6;PLAINE DE LA CROIX ST BESNARD (RUE);;
536584408;6;1;2024;13:00;1;92;92050;2;2;1;3;BOUVETS BOULEVARD DES;;
536584409;4;6;2024;13:00;1;62;62510;2;6;1;3;Rue Montgolfier;;
536584410;1;2;2024;15:25;1;35;35189;1;4;1;7;le Tuel;;
536584411;10;4;2024;11:45;1;74;74256;2;6;1;1;Avenue de geneve;;
536584412;28;3;2024;19:40;5;94;94002;2;2;1;3;Rue du Port à l'Anglais;;
536584413;6;5;2024;05:25;4;77;77372;2;1;8;6;PARIS  (RUE DE  );;
536584414;23;9;2024;07:30;1;971;97101;1;1;1;1;LE RAIZET(SECTEUR);;
536584415;20;8;2024;17:30;1;56;56185;1;1;1;2;Kergrenn;;
536584416;6;1;2024;01:30;5;92;92025;2;1;1;3;PRESIDENT SALVADOR ALLENDE (RUE DU);;
536584417;18;2;2024;08:00;2;91;91649;1;1;8;1;D31;;
536584418;12;6;2024;21:05;1;60;60057;2;9;1;3;Boulevard Saint-André;;
536584419;29;3;2024;13:45;1;93;93078;2;1;1;7;Boulevad Laurent et Danielle Casanova;;
536584420;2;2;2024;20:15;3;73;73252;1;1;1;3;A43 PK147+000 sens ITALIE - FRANCE;;
536584421;2;5;2024;17:00;1;77;77433;1;1;2;2;EPIEDS  (LIEU DIT);;
536584422;15;8;2024;00:01;3;76;76560;2;1;1;6;4649 Route de Lyons la Foret;;
536584423;6;1;2024;04:30;5;92;92012;2;1;1;2;PIERRE GRENIER (AVENUE);;
536584424;17;2;2024;11:00;1;974;97417;1;1;1;3;Route Nationale 2 le Tremblet;;
536584425;24;9;2024;18:24;1;91;91479;1;1;8;4;RTE NATIONALE 7;;
536584426;12;6;2024;17:10;1;59;59599;2;2;1;1;Rue de Gand;;
536584427;29;3;2024;16:50;1;93;93078;2;2;2;2;Avenue Georges Clémenceau / Avenue Charles de Gaulle;;
536584428;14;7;2024;07:00;1;987;98735;2;2;1;6;PRINCE HINOI (AVENUE);;
536584429;21;8;2024;20:20;2;80;80183;1;1;1;2;D936;;
536584430;6;5;2024;17:25;1;69;69290;2;1;2;6;36 Route d'Heyrieux;;
536584431;6;1;2024;15:05;1;60;60006;1;1;1;2;D200;;
536584432;18;2;2024;22:45;3;973;97311;2;1;1;6;Route de Saint Jean;;
536584433;12;6;2024;02:40;4;59;59646;2;1;1;6;Rue de Mouvaux;;
536584434;14;7;2024;16:50;1;976;97611;2;1;1;6;cavani-Briquetterie ( rue de la );;
536584435;2;5;2024;20:11;1;68;68149;2;1;1;6;MARQUIS DE PUISIEUX ( RUE DU );;
536584436;6;1;2024;22:30;3;63;63425;2;6;2;7;D795;;
536584437;23;9;2024;20:41;4;87;87065;1;1;3;6;AUTOROUTE A20;;
536584438;29;3;2024;21:52;5;93;93066;2;2;2;3;Rue des Boucheries / Rue de la Boulangerie;;
536584439;12;6;2024;09:30;1;54;54575;1;1;1;7;RN52;;
536584440;21;8;2024;09:00;1;81;81145;1;2;1;3;Route des Barrières;;
536584441;23;9;2024;18:40;1;87;87085;2;1;2;6;ARCADES (BOULEVARD DES);;
536584442;6;5;2024;17:25;1;67;67482;2;1;2;6;Edmond Michelet (rue);;
536584443;14;7;2024;15:50;1;974;97416;1;1;1;1;CHARLES ISAUTIER(RUE);;
536584444;7;1;2024;15:00;1;973;97362;2;2;1;3;Rue Akabou;;
536584445;18;2;2024;20:00;3;91;91226;1;1;2;3;N20;;
536584446;29;3;2024;19:15;3;93;93066;2;3;2;6;Rue Danielle Casanova / Cours du Rû de Montfort;;
536584447;6;5;2024;14:25;1;66;66136;2;1;1;7;Rue de la République;;
536584448;20;8;2024;08:08;1;32;32182;1;9;1;6;D247;;
536584449;10;6;2024;20:59;2;51;51454;2;1;1;7;Rue Berthe Morisot;;
536584450;14;7;2024;04:30;5;974;97411;2;1;1;2;RAMBAUD (LEOPOLD);;
536584451;7;1;2024;00:05;3;972;97210;1;1;1;1;N6;;
536584452;23;9;2024;15:17;1;87;87085;1;1;1;2;AUTOROUTE A20;;
536584453;18;2;2024;15:20;1;78;78128;1;6;2;3;Rue de Limours;;
536584454;29;3;2024;09:10;1;93;93077;2;2;1;6;Grande Rue / Avenue du Capitaine Louys;;
536584455;5;5;2024;18:00;1;65;65440;2;2;1;3;LARREY (RUE);;
536584456;12;6;2024;13:25;1;50;50147;2;1;1;6;DU CLOS DU PUITS;;
536584457;6;1;2024;16:30;1;44;44001;1;1;1;6;la huchetiere;;
536584458;18;8;2024;13:37;1;71;71133;1;1;1;1;route de gothard;;
536584459;5;5;2024;07:40;1;64;64132;2;1;1;7;CORPS FRANC POMMIES DU;;
536584460;29;3;2024;15:00;1;93;93053;2;1;1;3;Rue de Brément;;
536584461;16;2;2024;13:15;1;66;66176;2;3;1;3;avenue du maréchal joffre;;
536584462;11;6;2024;17:40;1;49;49246;2;1;1;7;HUGO VICTOR RUE;;
536584463;21;9;2024;00:40;5;87;87085;2;3;1;3;RUBEN (AVENUE ERNEST);;
536584464;19;2;2024;01:15;3;34;34154;1;1;1;6;CD 189;;
536584465;15;7;2024;00:00;5;69;69387;2;2;1;3;Avenue Berthelot;;
536584466;5;5;2024;18:15;1;64;64024;2;2;3;3;JOUANICOT (RUE DE);;
536584467;29;3;2024;19:40;5;93;93048;2;3;3;3;Avenue Ernest Renan / Rue Lenain de Tillemont;;
536584468;18;2;2024;11:00;1;21;21038;2;1;1;7;1 Rue de Chevigny;;
536584469;6;1;2024;09:30;1;87;87038;1;1;2;6;Rue Saint-eloi;;
536584470;11;6;2024;17:50;1;49;49007;2;1;1;3;CAPUCINS SQUARE ET RUE;;
536584471;24;9;2024;20:20;5;83;83137;2;6;1;6;RIVIERE NEUVE (QUAI DE LA);;
536584472;29;3;2024;14:05;1;93;93032;2;1;1;2;Rue Aristide Briand;;
536584473;3;5;2024;17:06;1;62;62035;2;6;1;3;D181E4;;
536584474;13;7;2024;13:58;1;91;91339;1;1;1;2;RTE NATIONALE 20;;
536584475;6;2;2024;09:30;1;07;07324;2;1;1;3;Avenue Helene de Tournon;;
536584476;20;8;2024;11:15;1;63;63233;1;2;1;3;RD533;;
536584477;6;5;2024;20:11;1;61;61006;2;1;2;6;Voie Communale;;
536584478;18;2;2024;03:30;5;07;07182;2;1;1;7;Route de Jaujac;;
536584479;30;3;2024;17:00;1;93;93047;2;9;1;6;Avenue Jean Jaurés;;
536584480;24;9;2024;06:40;2;83;83137;1;1;1;2;BRIAND (AVE ARISTIDE DE 1 A 1219;;
536584481;14;7;2024;11:15;1;91;91514;2;9;1;6;RUE DE LA GARE;;
536584482;12;6;2024;12:45;1;44;44184;2;2;1;3;52 Rue du Maine;;
536584483;6;5;2024;08:35;1;61;61001;2;2;1;3;D26;;
536584484;19;2;2024;10:00;1;69;69099;1;2;1;3;Route de Clermont;;
536584485;30;3;2024;20:20;3;93;93005;2;5;1;3;Avenue Pierre Semard / Avenue Paul Vaillant Couturier;;
536584486;23;9;2024;16:10;1;82;82033;1;1;1;2;Route de Belleperche;;
536584487;14;7;2024;11:20;1;91;91201;2;1;1;6;BD HENRI BARBUSSE;;
536584488;19;8;2024;15:35;1;86;86113;2;3;1;7;rue du coteau;;
536584489;6;5;2024;18:40;1;59;59367;1;1;1;2;RD 700;;
536584490;12;6;2024;10:09;1;38;38151;2;3;1;6;AVENUE DES F.T.P.F.;;
536584491;18;2;2024;19:22;5;09;09160;2;1;1;7;Avenue Général de Gaulle;;
536584492;29;3;2024;07:45;1;92;92077;2;1;1;6;MARNES (ROUTE DE);;
536584493;18;2;2024;19:45;3;31;31229;1;1;1;6;Route de Rieumes;;
536584494;14;7;2024;06:20;1;91;91027;2;1;1;3;AV FRANCOIS MITTERRAND;;
536584495;6;5;2024;09:55;1;58;58194;2;3;1;3;JEAN MOULIN;;
536584497;12;6;2024;19:20;1;35;35238;2;1;1;6;GAUTIER (SQUARE GERMAIN);;
536584498;19;2;2024;13:45;1;17;17092;1;1;8;7;Impasse de chez Fradin;;
536584499;20;8;2024;09:25;1;22;22147;1;1;3;5;N164;;
536584500;5;5;2024;05:24;2;56;56083;2;6;1;7;ALLENDE ( AV. PRES. SALVADOR );;
536584501;28;3;2024;08:37;1;92;92072;2;9;1;2;GRANDE RUE;;
536584502;24;9;2024;17:12;1;78;78551;2;1;3;6;FOURQUEUX (ROUTE DE);;
536584503;17;2;2024;16:15;1;33;33018;2;3;1;7;65 Avenue de la République;;
536584504;13;7;2024;21:08;1;90;90010;2;3;1;3;JAURES (AVENUE JEAN) A 150 ET 117;;
536584505;12;6;2024;18:50;1;35;35278;1;1;1;2;RD 137;;
536584506;29;3;2024;01:53;3;92;92064;2;1;1;6;SURESNES;;
536584507;21;8;2024;08:40;1;44;44014;1;1;1;6;Beausejour;;
536584508;3;5;2024;19:26;2;56;56098;2;6;1;3;Avenue Kesler-Devillers;;
536584509;17;2;2024;11:50;1;44;44172;2;6;1;6;Rue du Pavillon;;
536584510;12;6;2024;14:50;1;35;35051;1;1;1;7;ROCADE 2-3;;
536584511;18;2;2024;08:15;2;35;35257;1;1;2;6;Le Theil;;
536584512;30;3;2024;18:15;1;92;92040;2;6;8;6;RESISTANCE (PLACE DE LA);;
536584513;8;7;2024;11:20;1;88;88413;2;2;1;7;Rue du 10éme BCP;;
536584515;6;5;2024;08:51;1;54;54395;2;2;3;3;Rue des Tiercelins;;
536584516;23;9;2024;17:05;1;77;77251;2;2;2;3;AV PIERRE POINT;;
536584517;29;3;2024;18:30;2;92;92026;2;1;2;6;VIINGT DEUX SEPTEMBRE;;
536584518;18;2;2024;16:40;1;76;76020;1;2;8;3;D64;;
536584519;12;6;2024;09:00;1;35;35281;2;1;1;3;POTTIER (RUE EUGENE);;
536584520;21;4;2024;01:35;3;52;52121;2;3;1;6;VAL PONCE (RUE DU);;
536584521;14;7;2024;01:00;3;85;85194;2;6;1;1;Rue ernest landrieau;;
536584522;30;3;2024;09:55;1;92;92025;2;1;8;6;JEANNE GLEUZER (RUE);;
536584523;19;2;2024;11:27;1;60;60241;1;1;8;7;D922;;
536584524;11;6;2024;19:00;1;33;33065;2;9;1;1;Parking Leroy Merlin;;
536584525;6;5;2024;17:00;1;51;51454;2;6;1;3;BRIAND (PLACE ARISTIDE);;
536584526;24;9;2024;20:16;5;71;71270;2;6;2;3;JUIN (AVENUE DU MARECHAL);;
536584527;30;3;2024;13:46;1;92;92024;2;1;1;6;JEAN JAURES (BD) DE 47 A 109)   (56 A 14;;