Num_Acc;jour;mois;an;hrmn;lum;dep;com;agg;int;atm;col;adr;lat;long
536584528;18;2;2024;02:27;5;13;13212;1;1;1;2;A507 sens Marseille - Aubagne;;
536584529;14;8;2024;19:55;1;29;29284;2;3;1;6;Avenue du Port;;
536584530;14;7;2024;00:01;5;85;85194;2;1;1;2;Rue du docteur laennec;;
536584531;8;6;2024;11:15;1;30;30189;2;1;1;6;JAURES JEAN (BOULEVARD);;
536584532;6;5;2024;11:13;1;51;51454;2;1;1;6;Rue Hincmar;;
536584533;30;3;2024;20:25;5;92;92012;2;1;1;6;POINT DU JOUR (QUAI DU);;
536584534;20;8;2024;15:15;1;58;58140;2;1;1;7;Rue des Caves;;
536584535;23;9;2024;21:00;5;69;69259;2;2;1;3;Avenue d'Oschatz;;
536584536;12;6;2024;08:05;1;23;23096;2;1;1;6;GAMBETTA (AVENUE);;
536584537;17;2;2024;06:30;4;13;13211;1;1;1;2;A50-Sens Aubagne vers Marseille;;
536584538;13;7;2024;18:40;1;83;83050;2;1;1;1;FOLLETIERE(CHEMIN DE);;
536584539;3;5;2024;22:30;5;50;50129;2;1;1;3;SALINE (BOULEVARD DE LA);;
536584540;20;8;2024;17:20;1;06;06079;2;1;1;7;302 Avenue du Maréchal Juin;;
536584541;30;3;2024;01:30;3;92;92012;2;1;3;6;PONT DE SEVRES (METRO);;
536584542;6;5;2024;14:05;1;49;49353;2;1;3;6;JEAN JAURES RUE;;
536584543;29;3;2024;14:10;1;92;92012;2;1;1;7;EDOUARD VAILLANT (AVENUE) - DEBUT/55 - C;;
536584544;20;8;2024;16:00;1;90;90033;2;1;1;1;Faubourg de Montbéliard;;
536584545;24;9;2024;14:30;1;64;64445;2;2;1;3;LYAUTEY;;
536584546;16;2;2024;21:30;3;13;13085;1;1;1;5;A50-Sens Toulon vers Aubagne;;
536584547;10;6;2024;17:10;1;13;13205;2;2;1;3;BAILLE (BOULEVARD);;
536584548;4;5;2024;20:03;2;49;49007;2;6;2;7;RAMON BOULEVARD;;
536584549;18;2;2024;00:55;5;38;38449;1;1;1;6;A43   18.875 A 21.100;;
536584550;14;7;2024;12:30;1;81;81065;1;2;7;2;LAVAUR RD 112 (RTE DE);;
536584551;28;7;2024;22:00;3;90;90090;1;1;1;6;D50;;
536584552;19;9;2024;18:45;1;62;62225;1;1;1;3;D209;;
536584553;20;4;2024;14:00;1;42;42259;1;1;1;7;Route de la Vigne;;
536584555;28;3;2024;17:20;1;92;92012;2;3;8;3;ANATOLE FRANCE (BOULEVARD) 5/FIN;;
536584556;13;7;2024;22:40;5;76;76640;2;1;1;6;Rue de la Villette;;
536584557;18;2;2024;00:01;3;94;94038;1;1;1;6;A6A;;
536584558;5;5;2024;19:15;1;42;42218;1;1;1;6;Rue Berthelot;;
536584560;12;6;2024;19:56;1;06;06088;2;9;1;6;16 Rue Saint-Philippe;;
536584561;20;9;2024;09:15;1;62;62186;2;3;1;3;D166E2;;
536584562;18;2;2024;11:45;1;95;95488;1;1;2;2;A15;;
536584563;14;7;2024;16:25;1;69;69256;2;1;1;3;Avenue Gabriel Péri;;
536584564;6;5;2024;23:05;5;37;37261;2;1;3;1;CHAUTEMPS (AVENUE CAMILLE);;
536584565;29;2;2024;20:15;5;92;92007;2;1;2;1;HUGO (AVENUE VICTOR);;
536584566;18;2;2024;12:50;1;94;94018;1;1;2;6;A4;;
536584567;24;9;2024;07:45;2;61;61001;2;2;8;3;D112;;
536584568;21;8;2024;18:55;1;53;53200;1;1;1;3;Villeray;;
536584569;12;6;2024;18:50;1;06;06069;2;9;1;2;148 Avenue Jean Maubert (ancienne route du Plan);;
536584570;18;2;2024;07:55;1;77;77495;1;1;1;2;A5B;;
536584571;6;5;2024;13:35;1;35;35051;2;9;2;2;ROCADE 3-4;;
536584572;21;9;2024;19:22;1;61;61077;2;1;3;6;Voie Communale;;
536584573;20;8;2024;18:20;1;21;21063;1;1;1;7;D959;;
536584574;14;7;2024;11:10;1;64;64445;2;2;1;3;ALSACE LORRAINE D';;
536584575;29;3;2024;21:45;3;92;92004;2;3;1;2;FAIDHERBE ( AVENUE );;
536584576;30;5;2024;14:00;1;02;02738;2;1;2;2;HOUDON;;
536584577;16;2;2024;11:00;1;76;76540;2;3;1;6;Rue Saint-nicolas;;
536584578;24;9;2024;16:50;1;59;59599;2;1;2;6;NATIONALE (RUE);;
536584579;6;5;2024;07:10;2;35;35238;2;6;1;3;YOUGOSLAVIE (BD DE);;
536584580;13;7;2024;03:40;3;62;62225;2;1;1;6;D209;;
536584581;24;9;2024;07:40;2;59;59599;2;1;1;6;LAFAYETTE ( AVENUE);;
536584582;6;5;2024;13:00;1;34;34301;2;9;2;3;JAURES JEAN (RUE);;
536584583;2;2;2024;07:36;5;92;92078;2;2;1;3;VERDUN (AVENUE) (PAIRS 92 ET PLUS);;
536584584;15;8;2024;15:20;1;30;30324;1;2;1;3;Route d'Uzès;;
536584585;12;6;2024;11:48;1;01;01283;2;6;1;2;Cours de Verdun;;
536584586;29;3;2024;08:10;1;92;92004;2;3;1;2;MENIL;;
536584587;4;5;2024;09:58;1;34;34032;2;1;1;6;CADENAT JULES (BD);;
536584588;17;2;2024;19:45;3;974;97421;1;1;2;6;Salazie (route de);;
536584589;20;8;2024;18:15;2;978;97801;2;1;1;6;Route Nationale 7;;
536584590;24;9;2024;13:50;1;56;56121;2;3;1;3;Avenue Chenailler dit colonel Morice;;
536584591;14;7;2024;20:00;1;62;62413;2;1;1;5;D162E1;;
536584593;20;8;2024;11:00;1;38;38253;1;1;1;6;d1091;;
536584594;17;2;2024;13:00;1;973;97309;2;1;1;3;TROUBIRAN (CHEMIN DE);;
536584595;12;6;2024;12:15;1;01;01053;2;1;1;4;HERRIOT ( BOULEVARD EDOUARD COTE PAIR);;
536584596;23;9;2024;17:20;1;54;54547;2;1;1;6;Boulevard de l'Europe;;
536584597;17;2;2024;19:10;5;69;69383;2;2;1;6;Rue de la Villette;;
536584598;13;7;2024;17:30;1;62;62498;2;3;1;3;Rue Francois Fenelon;;
536584599;17;2;2024;07:25;2;69;69383;2;1;1;3;Cours de la Liberté;;
536584600;30;3;2024;01:26;5;92;92004;1;3;3;3;AULAGNIER ( QUAI );;
536584601;24;9;2024;11:20;1;51;51454;2;3;2;3;GIRAUD (AVENUE DU GENERAL);;
536584602;21;8;2024;09:30;1;42;42163;1;1;1;1;N7;;
536584603;12;6;2024;13:35;1;01;01053;2;3;1;1;CROIX BLANCHE ( RUE DE LA ) PAIR;;
536584604;16;2;2024;15:55;1;69;69387;2;2;1;2;Rue Garibaldi;;
536584605;23;9;2024;18:27;1;51;51454;2;1;1;3;ROUSSEAU (PLACE MAX);;
536584606;14;7;2024;18:20;1;62;62758;2;4;7;3;D96;;
536584607;30;3;2024;16:30;1;50;50115;1;1;1;6;D41;;
536584608;20;8;2024;18:30;3;971;97115;2;1;1;3;Bréfort;;
536584609;14;7;2024;06:15;2;61;61077;2;1;1;6;VC;;
536584610;17;2;2024;20:36;5;972;97213;1;1;1;3;ROUTE DEPARTEMENTALE 15;;
536584611;23;9;2024;17:15;1;51;51454;2;1;1;2;PAYEN (RUE);;
536584612;30;3;2024;00:14;3;01;01052;1;1;1;6;départementale 2;;
536584613;11;6;2024;21:35;2;75;75114;2;4;1;6;PORTE D ORLEANS;;
536584614;17;2;2024;13:30;1;971;97113;1;1;1;6;ROGER ZAMI;;
536584615;24;9;2024;07:20;2;50;50502;2;1;2;6;BRIOVERE;;
536584616;17;2;2024;06:25;1;971;97101;2;1;1;3;ACHILLE RENE BOISNEUF (RUE);;
536584617;31;3;2024;09:50;1;62;62837;1;1;1;6;D131;;
536584618;20;8;2024;19:15;1;77;77045;2;1;3;1;D52;;
536584619;24;9;2024;19:07;1;49;49007;2;9;1;3;BLAVIER;;
536584620;14;7;2024;05:36;2;59;59378;2;5;1;3;MARNE AVENUE DE LA;;
536584621;17;2;2024;20:05;5;95;95585;2;1;1;2;D208;;
536584622;17;2;2024;13:15;1;95;95585;2;1;1;5;D316;;
536584623;12;6;2024;15:10;1;75;75115;2;3;1;3;PONT MIRABEAU;;
536584624;21;8;2024;15:45;1;30;30153;1;1;1;7;D901;;
536584625;14;7;2024;10:10;1;59;59009;2;1;1;6;DETROY ALEXANDRE RUE;;
536584626;24;9;2024;07:50;1;49;49007;1;1;8;4;ATLANTIQUE  AVENUE DE L';;
536584627;31;3;2024;11:10;1;41;41013;1;1;1;1;route de vernou - D60;;
536584628;11;6;2024;23:50;5;75;75111;2;1;1;6;BOULEVARD VOLTAIRE;;
536584629;21;8;2024;00:00;3;11;11188;1;1;6;7;D709;;
536584630;17;2;2024;19:20;5;91;91114;2;1;1;4;RTE NATIONALE 6;;
536584631;14;7;2024;00:50;5;59;59183;2;1;1;6;GEMBLOUX;;
536584632;23;9;2024;07:55;1;49;49007;2;1;8;3;ACADEMIE PLACE;;
536584633;11;6;2024;13:40;1;75;75111;2;3;1;7;RUE DES BOULETS;;
536584634;21;8;2024;14:00;1;05;05070;2;1;1;3;Avenue des Sports;;
536584635;30;3;2024;22:00;4;972;97207;1;1;1;2;N5;;
536584636;17;2;2024;09:58;1;86;86214;2;3;1;1;D88;;
536584637;12;7;2024;07:52;1;56;56260;2;6;7;3;Route de Sainte-Anne;;
536584638;12;6;2024;12:10;1;75;75107;2;1;1;7;RUE ERNEST PSICHARI;;
536584639;13;8;2024;17:35;1;46;46042;1;1;1;1;Départementale D653;;
536584640;30;3;2024;20:15;5;30;30103;1;1;1;7;D976;;
536584641;17;2;2024;00:22;3;85;85191;2;1;1;6;Rue hubert cailler;;
536584642;21;8;2024;06:47;1;89;89206;2;3;1;3;23 Rue Robert Petit;;
536584643;17;2;2024;16:00;1;82;82033;1;1;1;7;Route de Montauban;;
536584644;12;6;2024;13:35;1;75;75101;2;3;1;6;QUAI DU LOUVRE;;
536584645;24;9;2024;14:00;1;44;44184;2;3;1;6;64 Boulevard Albert 1er;;
536584646;13;7;2024;10:45;1;54;54528;1;4;1;4;RD960;;
536584648;17;2;2024;23:15;5;80;80021;2;1;1;6;Rue Jules Barni;;
536584649;21;8;2024;09:25;1;38;38349;2;2;2;3;Rue de la Planche;;
536584650;18;2;2024;00:50;3;80;80021;2;1;1;7;Rue du Marché Lanselles;;
536584651;24;9;2024;18:25;1;44;44109;2;1;1;3;Pont des 3 Continents;;
536584652;12;6;2024;01:30;5;75;75102;2;2;1;3;RUE REAUMUR;;
536584653;30;3;2024;13:40;1;29;29302;1;1;1;1;route du Beuzit;;
536584654;11;6;2024;23:30;5;75;75101;2;1;1;7;QUAI FRANCOIS MITTERRAND;;
536584655;20;8;2024;17:00;1;38;38328;1;1;1;7;Route de Clemenciere;;
536584656;17;2;2024;03:00;5;77;77255;2;1;1;3;ROUTE DEPARTEMENTALE 39;;
536584657;30;3;2024;16:45;1;26;26113;1;1;8;7;D93;;
536584658;12;6;2024;13:45;1;94;94073;2;2;1;6;Avenue Georges Halgoult / Avenue René Panhard;;
536584659;14;8;2024;09:35;1;81;81271;2;1;2;6;Avenue Pasteur;;
536584660;17;2;2024;23:11;5;77;77037;2;2;1;1;SIGRISTE (RUE GUIDO);;
536584661;12;6;2024;19:20;1;94;94071;2;1;1;1;6ter Avenue de Bonneuil;;
536584662;31;3;2024;11:00;1;14;14623;2;2;1;6;1 Rue du Clos Saint-Joseph;;
536584663;14;7;2024;03:30;5;45;45208;2;6;1;6;Rue du Cimetière;;
536584664;21;8;2024;00:15;3;65;65059;2;4;1;6;Avenue du Tourmalet;;
536584665;17;2;2024;04:50;3;77;77186;1;3;1;3;D606;;
536584666;30;3;2024;02:45;3;60;60536;1;1;3;6;D123;;
536584667;12;6;2024;09:16;1;94;94075;2;1;1;2;Rue Traversiere;;
536584668;23;9;2024;22:34;5;41;41018;2;7;1;1;RESISTANCE (PLACE DE LA);;
536584669;31;3;2024;10:30;1;43;43257;1;1;2;7;La Bauche;;
536584670;14;7;2024;23:35;3;44;44109;1;1;1;2;Pont de Cheviré;;
536584671;12;6;2024;17:10;1;94;94018;2;1;1;3;Avenue de Gravelle;;
536584672;17;2;2024;13:00;1;76;76540;2;1;1;1;Quai de la Bourse (Quai bas);;
536584674;12;8;2024;08:05;1;38;38053;2;6;1;2;avenue de l'Isle-d'Abeau;;
536584675;12;6;2024;16:30;1;93;93066;2;1;1;6;Rue Auguste Delaune;;
536584676;16;2;2024;08:07;1;69;69266;2;1;1;6;Rue Léon Blum;;
536584677;14;7;2024;17:45;1;37;37195;2;4;1;3;SAINT-GENOUPH (ROUTE DE);;
536584678;23;9;2024;14:00;1;37;37214;2;1;1;6;PORTILLON (QUAI);;
536584679;21;8;2024;16:05;1;44;44172;2;1;1;3;175 Rue de la Bougrière;;
536584680;30;3;2024;05:30;3;16;16230;1;2;1;3;D674;;
536584681;12;6;2024;07:30;1;93;93066;2;1;1;3;Avenue du Président Wilson;;
536584682;20;8;2024;20:30;1;50;50099;1;1;1;7;Route Américaine;;
536584683;24;9;2024;16:00;1;35;35238;2;2;1;6;METZ (BD DE);;
536584684;17;2;2024;10:00;1;69;69290;2;1;1;3;Rue de la Cité de l'Abbé Pierre;;
536584685;14;7;2024;13:05;1;37;37261;2;2;1;6;GRAMMONT (AVENUE DE);;
536584686;17;2;2024;05:40;5;69;69276;2;9;1;6;Route de Vénissieux;;
536584687;10;6;2024;18:09;1;93;93066;2;3;1;3;Avenue Paul Vaillant-Couturier / Rue des Victimes du Franquisme;;
536584688;30;3;2024;08:00;1;85;85031;1;1;1;3;la guedonnerie;;
536584689;17;8;2024;23:00;3;29;29247;1;2;1;1;Route de la Véronique;;
536584690;24;9;2024;09:00;1;35;35238;2;2;2;3;BOURGEOIS (BOULEVARD LEON);;
536584691;16;2;2024;20:00;5;68;68376;2;3;1;3;Rue Bruat;;
536584692;12;6;2024;11:36;1;93;93014;2;1;1;3;Rue Jean Jaurès;;
536584693;30;3;2024;16:30;1;27;27051;2;1;1;6;Route de Bernay;;
536584694;21;8;2024;03:15;3;60;60446;1;1;1;6;N2;;
536584695;24;9;2024;21:10;5;34;34129;2;1;1;6;MONTPELLIER (AVENUE DE);;
536584696;16;2;2024;19:40;5;67;67267;2;6;3;3;PIERRE PFIMLIN (ALLEE);;
536584697;12;6;2024;07:50;1;93;93046;2;2;1;3;Avenue du Consul General Nordling / Avenue Charles de Gaulle;;
536584698;21;8;2024;07:56;1;60;60612;1;6;1;3;Avenue du Général de Gaulle;;
536584699;17;2;2024;14:30;1;64;64545;2;1;1;3;PAUL GELOS (RUE);;
536584700;30;3;2024;10:40;1;87;87140;1;1;2;6;Route des Séguines;;
536584701;12;6;2024;10:13;1;92;92075;2;1;1;6;PAIX (AVENUE DE LA);;
536584702;23;9;2024;13:25;1;34;34172;2;8;1;3;MOULINS (AVENUE DES;;
536584703;17;2;2024;19:45;3;64;64125;2;1;1;1;BASSILOUR (RUE);;
536584704;13;7;2024;14:30;1;37;37261;2;1;1;3;GRAMMONT (AVENUE DE);;
536584705;12;6;2024;07:30;1;92;92075;2;1;1;7;PAIX (AVENUE DE LA);;
536584706;30;3;2024;15:50;1;10;10084;1;1;1;6;A26;;
536584707;21;8;2024;13:10;1;80;80695;1;1;1;2;PK 138+800 Autoroute A1;;
536584708;16;2;2024;15:25;1;64;64122;2;2;1;3;ALAN SEEGER (AVENUE);;
536584709;12;6;2024;19:40;1;92;92073;2;3;1;3;PAIX (PLACE DE LA);;
536584710;23;9;2024;15:30;1;34;34172;2;3;1;3;TRIOLET (RUE DU);;
536584711;13;7;2024;14:10;1;37;37261;2;9;1;4;SAVONNIERES (ROUTE DE);;
536584712;31;3;2024;01:00;5;987;98738;2;1;1;6;pk 15 au niveau du rond point du méridien;;
536584713;17;2;2024;17:00;1;64;64102;2;6;1;3;Rond-point de la Pièce Noyée;;
536584714;20;8;2024;16:50;1;62;62158;1;4;2;1;D112;;
536584715;15;7;2024;00:07;4;35;35238;2;1;1;6;SERGENT MAGINOT (AVENUE);;
536584716;12;6;2024;12:00;1;92;92064;2;2;1;4;GENERAL LECLERC;;
536584718;17;2;2024;19:00;5;62;62193;2;9;1;6;Avenue Georges Guynemer;;
536584719;16;8;2024;13:20;1;59;59256;1;1;2;1;M145;;
536584720;12;6;2024;16:31;1;92;92051;2;1;1;2;CHARLES DE GAULLE (AVENUE, N°27 A 129);;
536584721;17;2;2024;09:30;1;62;62764;2;1;1;6;Résidence Henri Grenier;;
536584723;14;7;2024;21:45;2;35;35238;2;2;1;3;MITTERAND (MAIL FRANCOIS);;
536584724;19;8;2024;08:30;1;13;13212;1;1;1;3;A507 sens Aubagne- Marseille;;
536584725;12;6;2024;19:20;1;92;92040;2;1;1;6;CHARLOT;;
536584726;17;2;2024;02:27;5;59;59599;2;1;1;6;Chaussée Pierre Curie;;
536584727;9;7;2024;14:35;1;35;35115;2;1;2;2;FRANCAIS LIBRES (RUE DES);;
536584728;17;2;2024;19:10;5;59;59043;2;1;1;6;LOCRE (ROUTE DE);;
536584730;11;6;2024;23:50;5;92;92024;2;1;1;2;VICTOR HUGO (BD);;
536584731;19;8;2024;14:15;1;83;83137;1;1;1;4;A57;;
536584732;12;6;2024;16:45;1;92;92007;2;1;1;6;BARBUSSE (AVENUE HENRI) N° 1 A 43 ET 2 A;;
536584733;17;2;2024;23:10;5;51;51454;2;3;1;3;SALENGRO (RUE ROGER);;
536584735;17;8;2024;20:47;5;38;38544;1;1;1;6;A7;;
536584736;14;7;2024;20:45;2;34;34172;2;2;1;3;EUROPE (AVENUE DE L');;
536584737;12;6;2024;20:25;1;92;92004;2;1;2;6;PONT D'ASNIERES;;
536584738;16;2;2024;23:35;3;49;49267;2;1;1;7;Route d'ANGERS;;
536584739;17;8;2024;00:30;3;67;67482;1;1;1;6;M351;;
536584740;22;9;2024;00:05;3;14;14221;1;1;3;7;Route de Rouen;;
536584741;14;7;2024;11:20;1;34;34129;1;1;1;6;D116;;
536584742;18;2;2024;02:27;3;49;49267;2;1;1;2;A87N;;
536584743;12;6;2024;14:35;1;47;47083;1;1;1;3;D250;;
536584744;23;9;2024;09:45;1;13;13117;1;1;1;5;EUROPE ( AVENUE DE L' );;
536584745;17;2;2024;13:00;1;49;49246;2;1;1;3;PASTEUR;;
536584747;17;2;2024;04:50;3;46;46042;1;1;1;7;Route Départementale D820;;
536584749;12;6;2024;13:25;1;68;68058;2;3;1;4;D430;;
536584750;23;9;2024;10:10;1;10;10387;2;3;1;3;FORTIER (RUE);;
536584751;17;2;2024;18:30;2;45;45285;2;1;1;6;Avenue Pierre Mendès France;;
536584752;13;6;2024;15:20;1;86;86070;2;1;1;6;Chemin du Châtaignier;;
536584753;16;2;2024;16:45;1;45;45075;2;1;1;2;D2152 PR 63 + 50;;
536584755;23;9;2024;08:30;1;10;10325;2;1;1;6;Rue Jules Ferry;;
536584757;12;6;2024;16:10;1;59;59499;1;2;1;3;Route d?Ypres;;
536584758;17;2;2024;19:55;5;44;44109;2;1;1;6;130 Rue Paul Bellamy;;
536584759;17;2;2024;16:50;1;44;44162;2;1;1;6;50 Boulevard François Mitterrand;;
536584760;24;9;2024;17:08;1;06;06088;2;2;1;6;98 Boulevard Virgile Barel;;
536584761;14;7;2024;07:04;1;31;31555;2;1;1;2;15 LA ROSERAIE (PERIPH EST A61);;
536584763;11;6;2024;17:00;1;62;62868;1;2;1;3;D109;;
536584764;17;2;2024;07:50;5;37;37214;2;1;1;3;PORTILLON (RUE);;
536584765;14;7;2024;21:17;1;29;29232;2;6;1;6;Rond-Point de Kerustum;;
536584766;24;9;2024;10:31;1;06;06088;2;1;1;3;165 Boulevard Napoleon III;;
536584767;17;2;2024;19:00;5;35;35055;2;3;1;6;BONNIN ANDRE (AVENUE);;
536584768;17;2;2024;19:00;5;31;31555;2;9;1;6;AV PAUL SEJOURNE;;
536584769;20;8;2024;18:20;1;91;91235;1;1;3;4;RN 104;;
536584770;14;7;2024;12:40;1;27;27554;2;1;1;6;D 64;;
536584771;23;9;2024;09:17;1;06;06088;2;1;3;1;36 Boulevard Imperatrice Eugenie;;
536584772;13;6;2024;08:15;1;83;83021;1;1;1;1;D28;;
536584773;17;2;2024;14:30;1;29;29019;2;1;1;4;rue Général Paulet;;
536584774;24;9;2024;17:10;1;75;75120;2;1;1;2;BD PERIPHERIQUE INTERIEUR;;
536584775;13;6;2024;09:05;1;51;51638;1;1;1;1;d5 PR 17+051;;
536584776;17;2;2024;16:15;1;27;27299;2;3;1;3;BRIAND (AVENUE ARISTIDE);;
536584777;12;7;2024;14:15;1;14;14304;1;1;8;7;169 Côte Potier;;
536584778;20;8;2024;12:30;1;91;91161;1;1;1;3;AUTOROUTE A6;;
536584779;12;6;2024;23:40;3;56;56166;1;6;1;6;Giratoire de Manerio;;
536584780;17;2;2024;16:30;1;25;25462;2;1;5;6;MAIRE (CHARLES);;
536584781;24;9;2024;07:20;2;75;75115;2;1;2;2;BD PERIPHERIQUE EXTERIEUR;;
536584782;14;7;2024;13:34;1;13;13103;2;1;1;1;Rue Jean Giono;;
536584783;7;6;2024;08:30;1;76;76034;2;1;1;3;Rue Jean Macé;;
536584784;19;8;2024;15:50;1;78;78362;1;1;7;2;A13;;
536584785;16;2;2024;14:20;1;25;25462;2;3;1;3;BESANCON (DU 72TER A LA FIN);;
536584786;23;9;2024;17:30;1;75;75119;2;1;2;2;BD PERIPHERIQUE INTERIEUR;;
536584787;14;7;2024;17:00;1;09;09122;2;1;1;5;LECLERC (AVENUE DU GENERAL);;
536584788;18;2;2024;01:40;5;25;25056;2;1;2;6;MAZAGRAN CHEMIN DE;;
536584789;20;8;2024;16:50;1;93;93064;1;1;1;3;AUTOROUTE A86;;
536584790;13;6;2024;07:05;1;2A;2A092;1;1;1;2;701 Strada d'a Marina;;
536584791;25;11;2024;16:20;1;05;05061;2;1;8;2;JEAN JAURES ( AVENUE );;
536584792;16;2;2024;08:55;1;18;18279;2;3;2;3;Avenue Henri Brisson;;
536584793;14;7;2024;15:45;1;06;06069;2;1;1;2;169 Route de Draguignan;;
536584794;5;12;2024;21:00;5;03;03023;2;1;2;6;VICHY (AVENUE DE);;
536584795;11;6;2024;12:00;1;31;31056;2;1;1;3;Boulevard de l'Europe;;
536584796;22;9;2024;19:00;4;75;75112;2;1;1;4;BD PERIPHERIQUE INTERIEUR;;
536584797;16;2;2024;11:30;1;13;13207;2;1;1;3;ENDOUME (RUE D');;
536584798;20;8;2024;06:25;1;95;95277;1;1;1;2;A3;;
536584799;13;6;2024;09:30;1;65;65099;1;1;1;3;D618;;
536584800;4;12;2024;15:49;1;03;03185;2;2;1;6;TROUBAT ( AVENUE PIERRE );;
536584801;13;7;2024;14:30;1;06;06030;2;1;1;2;1134 Avenue du Campon;;
536584802;17;2;2024;19:37;2;06;06088;2;1;1;6;12 Boulevard Henri Sappia;;
536584803;20;8;2024;20:55;5;94;94073;1;1;2;3;A86;;
536584804;12;6;2024;18:00;1;81;81080;1;2;1;3;Route de Gaillac;;
536584805;22;9;2024;05:30;5;75;75115;2;4;2;2;BD PERIPHERIQUE EXTERIEUR;;
536584806;17;2;2024;14:39;1;06;06088;2;1;1;6;Avenue Saint-Augustin;;
536584807;14;7;2024;06:25;2;75;75119;2;1;1;2;BD PERIPHERIQUE EXTERIEUR;;
536584808;4;12;2024;15:45;1;75;75112;2;1;1;2;QUAI DE BERCY;;
536584809;12;6;2024;12:30;1;63;63273;2;6;1;2;d212;;
536584810;17;2;2024;18:20;2;04;04112;2;1;1;3;POMPIDOU (AV.GEORGES);;
536584811;20;8;2024;17:00;1;94;94033;1;1;2;2;A86;;
536584812;16;2;2024;20:20;5;75;75117;2;1;1;3;BD PERIPHERIQUE INTERIEUR;;
536584813;24;9;2024;09:39;1;75;75118;2;4;2;3;RUE CAULAINCOURT;;
536584814;13;7;2024;23:35;5;75;75113;2;1;1;5;QUAI D IVRY;;
536584815;5;12;2024;08:28;1;75;75113;2;1;2;6;RUE DE TOLBIAC;;
536584816;19;8;2024;09:15;1;94;94074;1;1;1;2;N406;;
536584817;12;6;2024;16:40;1;12;12025;1;3;1;2;RD32 lieu dit buffières;;
536584818;16;2;2024;03:30;3;75;75117;2;1;1;7;PORTE MAILLOT;;
536584819;5;12;2024;18:30;5;75;75120;2;1;2;2;RUE DE MENILMONTANT;;
536584820;14;7;2024;00:05;5;75;75113;2;1;1;3;BD PERIPHERIQUE INTERIEUR;;
536584821;17;2;2024;16:35;1;75;75119;2;1;1;3;BOULEVARD DE LA VILLETTE;;
536584822;13;6;2024;08:21;1;46;46339;1;4;1;3;Impasse de la Bombe;;
536584823;24;9;2024;16:50;1;75;75117;2;4;1;3;RUE GUY MOQUET;;
536584824;31;5;2024;18:00;1;76;76575;2;6;2;3;Rue des Coquelicots;;
536584825;26;10;2024;21:05;5;57;57672;2;3;1;6;GENERAL DE CASTELNAU (RUE DU);;
536584826;5;12;2024;15:32;1;75;75119;2;1;2;6;RUE DE LA MARSEILLAISE;;
536584827;17;2;2024;00:25;5;75;75119;2;7;1;7;AVENUE MATHURIN MOREAU;;
536584828;12;6;2024;20:25;1;47;47038;1;1;1;3;RD 666 lieu dit pesquier;;
536584829;14;7;2024;09:45;1;75;75117;2;3;1;3;AVENUE DE LA PORTE DE SAINT OUEN;;
536584830;5;12;2024;10:30;1;75;75117;2;7;2;3;PLACE DU MARECHAL JUIN;;
536584831;5;6;2024;17:50;1;17;17299;1;1;1;2;R.D.733BIS;;
536584832;26;10;2024;18:00;1;57;57306;2;1;1;6;VERDUN (RUE DE);;
536584833;24;9;2024;17:30;1;75;75116;2;5;2;2;RUE D AUTEUIL;;
536584834;14;7;2024;14:30;1;75;75116;2;1;8;6;ROUTE DE LA MUETTE A NEUILLY;;
536584835;12;6;2024;23:20;3;86;86281;1;2;1;3;D757;;
536584836;5;12;2024;13:40;1;75;75115;2;2;8;3;BOULEVARD GENERAL MARTIAL VALIN;;
536584837;17;2;2024;12:20;1;75;75117;2;3;1;3;BOULEVARD PEREIRE;;
536584838;28;10;2024;13:56;1;54;54578;2;3;1;1;Boulevard Valtriche;;
536584839;18;8;2024;09:30;1;973;97302;2;2;1;3;BARTHELEMY (RENE);;
536584840;12;6;2024;16:56;1;25;25510;1;1;1;5;D67;;
536584841;19;9;2024;16:00;1;75;75116;2;3;1;2;AVENUE HENRI MARTIN;;
536584842;14;7;2024;04:10;5;75;75116;2;3;1;3;AVENUE DU PRESIDENT KENNEDY;;
536584843;17;2;2024;21:50;5;75;75108;2;7;1;2;COURS ALBERT 1ER;;
536584844;5;12;2024;12:15;1;75;75115;2;1;2;2;RUE LECOURBE;;
536584845;17;8;2024;13:35;1;973;97302;2;1;1;3;TROUBIRAN (CHEMIN DE);;
536584846;12;6;2024;16:20;1;29;29177;1;3;1;6;Treoulan;;
536584847;29;10;2024;18:00;3;54;54051;1;1;8;1;D13F;;
536584848;24;9;2024;14:05;1;75;75116;2;3;1;6;AVENUE BUGEAUD;;
536584849;14;7;2024;09:15;1;75;75115;2;1;1;3;QUAI D ISSY LES MOULINEAUX;;
536584850;4;12;2024;08:45;1;75;75115;2;1;1;6;BOULEVARD DE GRENELLE;;
536584851;12;6;2024;17:24;1;29;29037;1;1;1;2;Route de Pont l?Abbe;;
536584852;19;8;2024;01:40;5;971;97120;2;1;1;6;MARINA (ZONE COMMERCIALE);;
536584853;29;10;2024;09:15;1;54;54263;2;1;1;6;Avenue de la République;;
536584854;17;2;2024;00:01;5;75;75115;2;2;1;3;RUE DE L ABBE GROULT;;
536584855;4;12;2024;17:10;5;75;75114;2;2;1;2;RUE DES PLANTES;;
536584856;24;9;2024;17:25;1;75;75115;2;3;8;6;RUE DE VAUGIRARD;;
536584857;13;6;2024;10:00;1;03;03258;1;1;1;6;D520;;