Num_Acc;jour;mois;an;hrmn;lum;dep;com;agg;int;atm;col;adr;lat;long
536584858;14;7;2024;14:35;1;75;75110;2;7;1;2;PLACE DU COLONEL FABIEN;;
536584859;17;8;2024;19:25;5;971;97101;1;1;1;6;LES SYLPHIDES;;
536584860;17;2;2024;20:40;5;94;94015;2;5;1;2;Rue de la République / Avenue de Rigny;;
536584861;5;12;2024;09:50;1;75;75113;2;3;2;3;RUE DU VAL DE MARNE;;
536584862;13;6;2024;17:00;1;01;01357;1;1;1;1;D55;;
536584863;14;7;2024;15:43;1;75;75107;2;1;1;3;QUAI ANATOLE FRANCE;;
536584864;29;10;2024;11:25;1;51;51454;2;3;1;3;LAON (AVENUE) DU N°343 AU 469 ET DU N° 3;;
536584865;19;8;2024;00:01;5;95;95074;2;1;1;3;D922;;
536584866;24;9;2024;09:35;1;75;75115;2;5;1;3;BOULEVARD PASTEUR;;
536584867;17;2;2024;19:50;5;94;94077;2;3;1;3;Avenue du 8 Mai 1945 / Rue Lamartine;;
536584868;5;12;2024;08:30;2;75;75113;2;1;2;6;AVENUE DE LA PORTE D ITALIE;;
536584869;24;9;2024;10:00;1;75;75107;2;1;3;7;QUAI BRANLY;;
536584870;28;10;2024;07:50;1;49;49267;1;1;8;3;HARDOUINIERES CHEMIN;;
536584871;17;2;2024;17:25;2;94;94059;2;1;1;2;avenue clément ader;;
536584872;14;7;2024;18:40;1;94;94052;2;2;1;3;Rue Charles VII;;
536584873;15;4;2024;16:00;1;72;72300;2;1;1;4;Rue de Paris;;
536584874;5;12;2024;13:50;1;75;75111;2;4;2;6;BOULEVARD RICHARD LENOIR;;
536584875;18;8;2024;22:28;5;87;87085;2;3;1;3;DUMAS (AVENUE GEORGES);;
536584876;23;9;2024;14:15;1;75;75114;2;3;2;6;RUE FROIDEVAUX;;
536584877;16;8;2024;21:48;5;87;87085;2;1;1;6;LECLERC (AVENUE DU GENERAL);;
536584878;28;10;2024;18:20;5;47;47027;2;9;1;6;BORDEAUX (avenue de);;
536584879;14;7;2024;18:30;1;94;94037;2;1;1;2;115 Avenue Paul Vaillant-couturier;;
536584880;5;12;2024;14:00;1;75;75110;2;2;2;6;BOULEVARD DE LA CHAPELLE;;
536584881;17;2;2024;05:26;5;94;94070;2;2;1;3;Route de Paris / Route de Mandres;;
536584882;12;6;2024;16:24;1;07;07013;1;1;1;6;D221;;
536584883;14;7;2024;22:00;5;94;94018;2;1;1;6;13 Quai des Carrieres;;
536584884;29;10;2024;12:30;1;42;42207;2;5;1;6;Rue du Pilat;;
536584885;5;12;2024;07:42;5;75;75110;2;2;2;6;RUE DU FAUBOURG SAINT MARTIN;;
536584886;16;8;2024;18:38;1;87;87085;2;3;1;3;FOCH (RUE DU MARECHAL);;
536584887;24;9;2024;07:15;5;75;75105;2;3;2;3;BOULEVARD DE PORT ROYAL;;
536584888;13;6;2024;17:25;1;07;07010;2;1;1;6;31 Rue du Quebec;;
536584889;17;2;2024;13:05;1;94;94071;2;3;1;6;Rue Charlotte et Roger Bouchard / Rue des Fontaines;;
536584890;14;7;2024;18:50;1;93;93059;2;1;1;6;Avenue Lénine;;
536584891;29;10;2024;18:50;5;38;38185;2;1;1;6;Avenue Marie Reynoard;;
536584892;5;12;2024;18:20;5;75;75108;2;2;2;3;RUE ROYALE;;
536584893;13;6;2024;17:00;1;07;07010;1;1;1;7;D121;;
536584895;24;9;2024;11:35;1;75;75112;2;3;9;3;QUAI DE LA RAPEE;;
536584896;14;7;2024;20:34;1;93;93066;2;1;1;6;SAULES (ALLEE DES );;
536584897;29;10;2024;15:50;1;34;34172;2;1;1;6;BON ACCUEIL (ALLEE DE);;
536584898;5;12;2024;19:05;5;94;94015;2;7;2;3;Avenue Etienne de Silhouette;;
536584899;19;8;2024;13:56;1;84;84035;2;1;1;5;PONT (AVENUE DU);;
536584900;13;6;2024;10:20;1;07;07010;1;1;1;6;D121;;
536584901;28;10;2024;16:50;1;34;34172;2;1;8;6;RECATOUS (RUE DES);;
536584902;16;2;2024;22:40;5;93;93070;2;3;1;3;Boulevard Jean Jaurès / Rue du Docteur Léonce Basset;;
536584903;14;7;2024;06:00;2;93;93077;2;1;1;6;GANTE (RUE BERNARD) JUSQU'AU 135 et 150;;
536584904;4;12;2024;19:10;5;94;94018;2;1;1;3;195 Rue de Paris;;
536584905;24;9;2024;13:30;1;75;75111;2;4;8;6;PLACE DE LA REPUBLIQUE;;
536584906;17;2;2024;12:00;1;93;93066;2;3;1;6;Rue Gabriel Péri / Rue Jules Joffrin;;
536584907;19;8;2024;12:15;1;81;81004;2;3;1;3;THOMAS (AV ALBERT);;
536584908;13;6;2024;02:00;4;21;21150;1;6;1;6;D974BIS;;
536584910;14;7;2024;16:40;1;93;93001;2;1;1;6;VICTOR HUGO (AVE)  131 A 165;;
536584911;5;12;2024;10:45;1;94;94028;2;3;2;3;Rue des Mèches;;
536584912;23;9;2024;17:40;1;75;75108;2;3;2;3;BOULEVARD HAUSSMANN;;
536584913;18;8;2024;02:30;5;80;80021;2;2;1;3;Avenue de Londres;;
536584914;14;7;2024;12:15;1;92;92064;2;3;1;3;REPUBLIQUE;;
536584915;17;2;2024;00:50;5;93;93066;2;2;1;3;Avenue de Stalingrad / Rue Guynemer;;
536584916;5;12;2024;16:55;2;94;94041;2;1;2;3;Avenue de l’Industrie;;
536584918;8;6;2024;12:06;1;17;17084;1;2;1;1;Route de la Foy;;
536584919;5;12;2024;07:50;2;94;94041;2;1;2;6;Avenue de l’Industrie;;
536584920;17;2;2024;15:00;1;93;93055;2;2;1;6;Rue Victor Hugo / Rue Etienne Marcel;;
536584922;14;7;2024;05:45;1;92;92044;2;2;1;3;ARISTIDE BRIAND(RUE)1A49 ET 2A52;;
536584923;18;8;2024;00:42;5;80;80001;2;3;1;3;REPUBLIQUE (de la);;
536584924;28;10;2024;17:20;2;30;30028;1;1;1;3;PONT SAINT ESPRIT (ROUTE DE);;
536584925;23;9;2024;20:45;5;75;75108;2;3;2;3;AVENUE MONTAIGNE;;
536584926;4;12;2024;08:43;1;94;94073;2;1;1;3;Avenue de Fontainebleau;;
536584927;17;2;2024;19:15;5;93;93005;2;1;1;1;Rue Louise Michel;;
536584928;14;7;2024;20:52;1;92;92024;2;1;1;3;GENERAL LECLERC (BD DU) DE (61 A 9);;
536584929;12;6;2024;05:10;2;73;73278;1;1;1;2;A43 PR 152+700;;
536584930;5;12;2024;19:15;5;94;94022;2;9;2;3;Avenue Victor Hugo;;
536584931;17;2;2024;11:00;1;92;92076;2;1;7;2;REPUBLIQUE;;
536584932;29;10;2024;16:45;1;30;30007;2;2;1;3;ROUSSEAU (RUE JEAN-JACQUES);;
536584933;14;7;2024;01:15;5;92;92023;2;1;1;6;MARGUERITE RENAUDIN (AV) N°23 A 187 ET 2;;
536584934;23;9;2024;14:45;1;75;75107;2;2;1;1;RUE SAINT DOMINIQUE;;
536584935;10;8;2024;20:35;1;77;77284;2;2;1;3;BRIAND (RUE ARISTIDE);;
536584936;17;2;2024;18:59;5;92;92036;2;1;1;6;JEAN GRANDEL (PLACE);;
536584937;4;12;2024;08:45;1;93;93070;2;1;8;3;MICHELET(AV):N°1AU 103;;
536584938;29;10;2024;16:35;1;29;29232;2;2;1;1;Avenue Pierre Mendes-France;;
536584939;17;2;2024;13:50;1;92;92004;2;9;1;6;OLYMPE DE GOUGES (RUE);;
536584940;12;6;2024;11:20;1;987;98724;1;1;2;7;Tefarerii;;
536584941;24;9;2024;08:21;1;94;94046;2;1;2;6;Avenue du Général de Gaulle;;
536584942;5;12;2024;08:50;1;93;93070;2;1;2;1;VICTOR-HUGO (BD);;
536584943;14;7;2024;11:30;1;92;92004;2;3;1;3;HENRI POINCARE;;
536584944;19;8;2024;10:20;1;71;71486;2;6;1;3;MAX DORMOY (AVENUE);;
536584945;17;2;2024;23:30;3;973;97353;2;1;1;6;Route de Sophie;;
536584946;28;10;2024;18:25;5;28;28085;2;1;1;1;Boulevard Adelphe Chasles;;
536584947;11;6;2024;07:15;1;976;97608;1;1;2;2;Route Nationale 4;;
536584948;19;11;2024;18:00;5;93;93064;2;9;2;6;LAVOISIER (RUE);;
536584949;9;6;2024;06:30;1;971;97129;1;1;1;7;Morne Rouge;;
536584950;18;2;2024;11:25;1;43;43038;1;1;1;1;D17;;
536584951;23;9;2024;16:40;1;94;94028;2;9;2;3;Rue de Paris;;
536584952;13;7;2024;15:40;1;76;76499;2;2;1;6;Rue du Vieux Port;;
536584953;5;12;2024;09:00;2;93;93010;2;9;3;6;PASTEUR (AV.);;
536584954;19;8;2024;17:30;1;71;71270;2;3;1;3;LYON (RUE DE);;
536584955;29;10;2024;16:45;1;25;25056;2;2;1;6;CHURCHILL BD WINSTON;;
536584956;12;6;2024;08:00;1;83;83047;1;3;1;3;RD 98;;
536584957;29;10;2024;16:40;1;22;22278;2;1;2;6;MER (BD DE LA);;
536584958;12;7;2024;15:25;1;24;24294;2;1;1;2;Avenue Georges Pompidou;;
536584959;5;12;2024;19:25;5;92;92064;2;1;2;3;CARNOT;;
536584960;18;2;2024;15:55;1;43;43110;1;3;1;6;Route de Brioude;;
536584961;19;8;2024;01:15;3;67;67365;2;1;1;7;ILE DES PECHEURS (RUE DE L);;
536584962;24;9;2024;21:52;5;94;94017;2;3;2;3;Rue Maurice Denis;;
536584963;17;2;2024;09:10;1;76;76413;1;1;1;6;Départementale 154;;
536584964;13;6;2024;07:40;1;83;83047;1;3;1;1;Chemin Long;;
536584965;28;10;2024;16:00;1;14;14118;2;2;7;6;1 Avenue Charlemagne;;
536584967;19;8;2024;05:52;5;64;64024;2;1;1;3;BAB (Boulevard);;
536584968;24;9;2024;14:30;1;93;93078;2;1;2;2;BALLANGER (BD ROBERT);;
536584969;11;6;2024;17:15;1;83;83127;1;1;1;7;D2;;
536584970;29;10;2024;17:30;1;13;13215;2;1;1;6;LE CHATELIER;;
536584971;5;12;2024;16:20;2;92;92064;2;3;2;3;CAMP CANADIEN;;
536584972;19;8;2024;12:40;1;62;62239;1;1;1;3;Chemin des Veuves;;
536584973;12;7;2024;17:54;1;31;31547;1;2;1;1;Route de Saint Lys;;
536584974;5;12;2024;08:10;5;92;92048;2;1;2;6;GEORGES MILLANDY (RUE);;
536584975;12;6;2024;17:20;1;03;03102;1;9;1;1;D15;;
536584976;24;9;2024;09:30;1;93;93066;2;1;8;3;FRANCE ANATOLE (BOULEVARD) NR AUTRES;;
536584977;28;10;2024;20:15;5;13;13206;2;3;1;3;PIERRE PUGET (COURS);;
536584978;15;7;2024;10:00;1;51;51298;1;1;1;7;Route Departementale d18;;
536584979;5;12;2024;19:42;5;92;92044;2;1;2;2;PDTWILSOO(RUE)151A159 ET 146A170;;
536584980;17;8;2024;20:45;1;62;62119;2;3;1;3;D937;;
536584981;13;6;2024;18:10;1;42;42175;1;3;1;3;Route de Civens;;
536584982;6;7;2024;08:10;1;972;97231;1;1;1;3;Route départementale 7;;
536584983;12;9;2024;22:24;5;93;93064;2;1;1;1;QUATRIEME ZOUAVES (RUE DU);;
536584984;29;11;2024;08:50;2;92;92044;2;2;1;3;ARISTIDE BRIAND(RUE)85 +  ET  98+;;
536584985;20;8;2024;01:20;5;59;59512;2;1;1;6;Rue de l'Espierre;;
536584986;11;6;2024;20:36;1;38;38320;2;2;7;6;Rue des Buissières;;
536584987;28;10;2024;13:30;1;13;13204;2;1;1;2;FRANCOISE DUPARC (BOULEVARD);;
536584988;13;7;2024;02:00;3;46;46063;1;1;1;7;Lieu dit thezels;;
536584989;3;12;2024;23:00;3;92;92024;2;3;1;3;CLICHY (QUAI DE) DE (8 A 60);;
536584990;23;9;2024;16:25;1;92;92046;2;1;2;2;RAYMOND DAVID;;
536584991;18;8;2024;00:08;5;58;58194;2;3;2;6;PIERRE EMILE GASPARD;;
536584992;12;6;2024;07:15;2;49;49023;2;6;1;3;D762;;
536584993;20;10;2024;11:47;1;12;12202;2;4;1;6;LOUIS LACOMBE (AVENUE);;
536584994;14;7;2024;08:25;1;974;97414;1;6;7;3;D3;;
536584995;5;12;2024;08:45;1;92;92023;2;3;2;2;MOULIN DE PIERRE (RUE DU);;
536584996;24;9;2024;06:30;2;92;92073;2;9;2;7;BAS ROGERS (RUE DES);;
536584997;13;6;2024;15:10;1;14;14206;1;1;8;7;Route des Grands Prés;;
536584998;16;8;2024;09:03;1;57;57597;2;3;7;3;CD9;;
536584999;5;12;2024;17:10;5;92;92048;2;9;2;6;PARIS (RUE DE) N° 101 A 109;;
536585000;15;10;2024;16:46;1;12;12202;2;4;1;3;DE LATTRE DE TASSIGNY (BOULEVARD);;
536585001;24;9;2024;18:50;1;92;92064;2;1;2;3;DAILLY;;
536585002;14;7;2024;20:18;2;14;14281;1;1;1;6;N13;;
536585003;4;12;2024;18:05;5;92;92012;2;1;1;6;GENERAL LECLERC (AVENUE DU) 1/33 - 2/58;;
536585004;16;8;2024;21:56;3;56;56121;2;6;1;6;Boulevard Emmanuel Svob;;
536585005;11;6;2024;12:55;1;14;14663;1;2;7;3;Route d'Arromanches;;
536585006;13;10;2024;11:55;1;12;12174;2;3;1;3;MOULINE (AVENUE DES HAUTS DE LA);;
536585007;17;8;2024;14:37;1;50;50129;2;1;1;6;SALENGRO (RUE ROGER);;
536585008;23;9;2024;18:15;1;92;92050;2;1;1;6;LENINE VLADIMIR ILITCH AVENUE;;
536585009;12;6;2024;17:58;1;35;35360;1;1;1;3;les chauffetieres;;
536585010;5;12;2024;11:25;1;92;92002;2;1;2;3;MAURICE LABROUSSE (RUE);;
536585011;14;7;2024;10:30;1;974;97413;2;1;1;1;209 D13;;
536585012;13;6;2024;08:00;1;27;27412;1;1;1;1;D81;;
536585013;14;7;2024;04:09;5;31;31157;2;1;1;6;100 Route de Toulouse;;
536585015;5;12;2024;18:00;3;37;37077;1;1;3;5;D34;;
536585016;15;8;2024;19:55;1;49;49099;2;4;1;3;FOCH (AVENUE DU MARECHAL);;
536585017;12;6;2024;17:45;1;60;60346;2;1;1;3;Chaussée de Bertinval;;
536585018;13;7;2024;18:00;1;95;95612;2;1;1;3;ECOLES (RUE DES);;
536585019;24;9;2024;08:15;1;92;92026;2;1;2;6;VERDUN (DE 62 A FIN);;
536585020;9;8;2024;22:55;5;49;49099;2;6;1;7;PLACE DE LA MUNICIPALITE REGIONALE  DU C;;
536585021;28;10;2024;12:00;1;10;10387;2;1;1;6;Rue aux Moines;;
536585022;5;12;2024;20:35;3;22;22190;1;1;1;1;D166;;
536585024;15;7;2024;12:05;1;56;56166;1;1;1;7;Le Guerveur;;
536585025;24;9;2024;18:30;2;92;92024;2;1;2;6;GUSTAVE EIFFEL (RUE);;
536585026;28;10;2024;15:39;1;10;10387;2;6;1;3;THENARD (RUE);;
536585027;18;8;2024;16:00;1;49;49007;2;4;1;3;SAINT MICHEL BOULEVARD;;
536585029;14;7;2024;20:25;1;76;76520;1;1;1;6;D407;;
536585030;15;8;2024;16:00;1;43;43251;1;1;1;7;Espace Richard Sainct - Camp d'Eycenac;;
536585031;17;9;2024;07:55;1;05;05061;2;2;1;3;EMILE ZOLA ( COURS );;
536585033;5;12;2024;07:20;2;11;11203;1;1;1;2;D6113 PK 18+000;;
536585034;13;7;2024;04:00;5;2B;2B050;2;1;1;7;Rue Clemenceau;;
536585035;21;9;2024;23:25;5;92;92024;2;6;2;3;ASNIERES (PONT D');;
536585036;19;8;2024;14:45;1;36;36159;1;1;1;6;Avenue de la Forêt;;
536585037;29;10;2024;17:10;1;75;75115;2;1;1;3;BD PERIPHERIQUE EXTERIEUR;;
536585038;3;12;2024;10:50;1;51;51030;2;6;1;6;Route de l’Ecluse;;
536585039;12;6;2024;15:45;1;91;91363;1;4;1;5;AUTOROUTE A10;;
536585040;24;9;2024;06:40;5;92;92012;2;1;2;2;EDOUARD VAILLANT (AVENUE) 57/FIN - 58/FI;;
536585041;19;8;2024;05:45;2;35;35278;1;1;1;3;RN 136;;
536585042;29;10;2024;09:00;1;75;75118;2;1;1;3;BD PERIPHERIQUE INTERIEUR;;
536585043;5;12;2024;16:20;2;59;59384;2;7;2;1;Place Verte;;
536585044;12;6;2024;16:10;1;77;77251;1;1;1;6;AUTOROUTE A5A;;
536585045;15;7;2024;17:27;1;65;65385;1;1;1;1;D26;;
536585047;28;10;2024;19:00;5;75;75114;2;1;1;3;BD PERIPHERIQUE EXTERIEUR;;
536585048;13;9;2024;07:45;2;40;40075;1;1;1;2;A63 PK 16+000 sens Espagne - France;;
536585049;12;6;2024;06:00;1;91;91521;1;1;1;3;AUTOROUTE A6;;
536585050;4;12;2024;17:37;5;82;82134;1;1;1;1;Route de Montricoux;;
536585052;28;10;2024;16:30;1;75;75113;2;1;1;2;BD PERIPHERIQUE INTERIEUR;;
536585053;25;9;2024;08:09;2;24;24540;1;1;1;6;4149 AVENUE DE LIMOGES 24420;;
536585054;6;12;2024;00:50;3;65;65461;1;1;2;6;départementale 632;;
536585056;12;6;2024;06:15;1;92;92062;1;1;1;4;A14;;
536585057;15;7;2024;11:30;1;63;63034;1;3;1;2;RD2089 / Route de Courcourt;;
536585058;24;9;2024;14:00;1;60;60152;1;2;2;6;Hameau de Froyères;;
536585059;29;10;2024;07:30;5;75;75119;2;2;1;6;AVENUE JEAN JAURES;;
536585060;6;12;2024;08:02;1;69;69088;2;1;2;6;Montée Roy;;
536585061;11;6;2024;18:20;1;92;92063;1;1;1;3;A86;;
536585063;14;7;2024;21:00;1;49;49308;2;1;1;7;Chemin de la cartonnière;;
536585064;29;10;2024;18:00;5;75;75118;2;3;1;6;RUE ORDENER;;
536585065;25;9;2024;16:55;1;31;31044;2;1;1;6;3 Avenue Victor Hugo;;
536585067;10;6;2024;16:05;1;92;92064;1;1;1;3;A13;;
536585068;15;7;2024;14:10;1;22;22256;1;1;1;7;Moulin de Kerlouët;;
536585069;4;12;2024;11:45;1;71;71543;2;1;7;6;2 Avenue du Clos Mouron;;
536585070;19;8;2024;12:50;1;30;30007;2;1;1;2;JUIN (AVE DU MARECHAL);;
536585071;12;6;2024;20:20;1;95;95018;1;1;1;1;A15;;
536585072;28;10;2024;18:30;5;75;75117;2;2;1;3;AVENUE DE CLICHY;;
536585074;25;9;2024;12:45;1;974;97422;2;3;1;3;Chemin Neuf;;
536585075;18;8;2024;18:10;1;29;29232;2;1;1;6;Rd 365 - Avenue du Morbihan;;
536585076;12;6;2024;10:10;1;95;95241;1;1;1;2;N104;;
536585077;28;10;2024;16:45;1;75;75114;2;3;1;7;BOULEVARD JOURDAN;;
536585078;15;7;2024;17:15;1;25;25228;2;9;1;1;Avenue Oehmichen;;
536585079;6;12;2024;08:08;2;71;71543;2;3;1;3;Avenue de la Résistance;;
536585080;24;9;2024;15:10;1;62;62866;2;1;1;2;D143;;
536585081;6;8;2024;18:30;1;15;15014;2;6;1;3;Giratoire Garric Tronquières;;
536585082;28;10;2024;21:42;5;75;75109;2;1;1;2;RUE DU FAUBOURG MONTMARTRE;;
536585083;28;2;2024;16:40;1;84;84031;2;4;1;1;SAINTE FAMILLE CHEMIN DE LA;;
536585084;9;7;2024;18:15;1;25;25601;1;1;1;1;D19;;
536585085;4;12;2024;23:30;5;63;63050;2;1;1;6;Route de Megecoste;;
536585086;18;8;2024;23:40;3;13;13039;1;1;1;2;ROUTE NATIONALE 569;;
536585087;21;2;2024;20:20;5;84;84031;1;6;1;7;MONTEUX CHEMIN DE;;
536585088;29;10;2024;14:00;1;75;75108;2;1;1;6;AVENUE DES CHAMPS ELYSEES;;
536585089;14;7;2024;19:50;1;25;25105;1;8;1;7;D12;;
536585090;23;9;2024;17:00;1;63;63178;1;1;1;4;A75 -diff 13 - bretelle sortie sens 1 vers Issoire;;
536585091;26;10;2024;22:45;3;61;61096;1;1;2;1;D848;;
536585092;19;8;2024;03:50;5;13;13209;2;2;1;3;MICHELET (BOULEVARD);;
536585093;29;10;2024;16:35;1;75;75101;2;2;1;6;BOULEVARD DU PALAIS;;
536585094;14;7;2024;21:30;3;25;25119;1;1;1;2;D70;;
536585095;17;2;2024;16:30;1;84;84036;2;3;1;3;route de saint saturnin les avignon;;
536585096;6;12;2024;07:05;5;61;61145;2;1;1;6;5 Rue de la République;;
536585097;14;7;2024;10:11;1;29;29206;1;1;1;7;Départementale 29;;
536585098;22;9;2024;19:00;1;83;83092;2;2;1;3;Chemin du Carry;;
536585099;17;2;2024;02:00;3;84;84138;1;1;6;1;D941;;
536585100;29;10;2024;00:52;5;75;75103;2;2;1;1;BOULEVARD DE SEBASTOPOL;;
536585101;6;12;2024;07:07;3;55;55492;1;1;1;7;D903;;
536585102;18;8;2024;19:50;1;13;13203;2;1;1;1;CARAVELLE (RUE);;
536585103;15;7;2024;13:50;1;31;31042;2;1;1;6;66 Allees d'Etigny;;
536585104;24;9;2024;19:30;3;51;51333;1;1;2;6;D33;;
536585105;28;10;2024;14:15;1;75;75101;2;3;1;6;QUAI DES TUILERIES;;
536585106;6;12;2024;09:50;1;55;55528;1;1;1;2;D908;;
536585107;2;2;2024;10:45;1;84;84031;2;3;1;3;HUGO AVENUE VICTOR;;
536585108;15;7;2024;07:20;2;38;38249;2;1;7;6;628 Rue General de Gaulle;;
536585109;18;8;2024;15:40;1;13;13216;2;1;1;2;LITTORAL (CHEMIN DU);;
536585110;28;10;2024;09:35;1;75;75102;2;2;1;3;BOULEVARD DE BONNE NOUVELLE;;
536585111;31;3;2024;06:10;3;74;74272;2;4;1;7;Route d'Epagny;;
536585112;25;9;2024;18:00;2;80;80754;1;1;3;1;Place de la Mairie;;
536585113;5;12;2024;16:50;2;42;42267;1;2;2;1;Route de Charlieu;;
536585114;15;7;2024;08:10;1;02;02504;2;9;1;3;Rue Paul Demoulin;;
536585115;11;5;2024;11:50;1;76;76423;1;1;1;7;route de Haussez;;
536585116;5;12;2024;14:22;1;47;47203;2;1;1;2;Route du Lacay;;
536585118;29;10;2024;05:50;5;94;94081;2;9;1;3;Boulevard de Stalingrad;;
536585119;14;7;2024;12:00;1;03;03233;1;4;1;1;lieu dit Peuplat;;
536585120;24;9;2024;21:00;3;41;41280;1;1;1;6;A85;;
536585121;12;4;2024;16:30;1;67;67482;2;1;1;3;ELFTERRAIN (RUE DE L );;
536585122;18;8;2024;02:45;4;06;06088;1;1;1;6;31 Voie Pierre Mathis;;
536585123;14;7;2024;00:05;3;03;03156;1;1;1;7;Zone Industrielle le Tureau;;
536585124;5;12;2024;18:45;3;29;29090;1;1;5;1;Pont du Ry;;
536585125;25;9;2024;14:30;1;71;71353;1;1;1;7;330 Chemin du Revermy;;
536585126;29;10;2024;15:35;1;94;94046;2;9;1;3;Avenue du Général de Gaulle;;
536585127;15;7;2024;08:00;1;03;03002;1;1;1;6;Rétifs;;
536585128;30;3;2024;16:18;1;19;19031;2;1;1;4;MENDES FRANCE (AVENUE PIERRE);;
536585129;14;8;2024;14:23;1;75;75101;2;3;1;1;RUE DU LOUVRE;;
536585130;21;9;2024;16:20;1;25;25036;2;1;1;1;Rue du Halage;;
536585131;29;10;2024;06:15;5;94;94077;2;1;1;3;Avenue de la Carelle;;
536585132;6;12;2024;07:45;2;03;03072;1;1;8;5;D40;;
536585133;14;7;2024;17:50;1;01;01389;1;1;1;1;D27;;
536585134;11;6;2024;06:45;1;974;97416;1;1;1;3;LIGNE PARADIS(ROUTE DE LA);;
536585135;29;10;2024;11:45;1;94;94017;2;1;1;3;Avenue Roger Salengro;;
536585136;19;8;2024;19:50;1;75;75105;2;4;1;3;RUE MONGE;;
536585138;15;7;2024;17:05;1;58;58267;1;1;8;3;D34;;
536585139;11;6;2024;18:05;3;974;97411;2;1;1;6;DORET 1 (BOULEVARD);;
536585140;19;11;2024;18:45;5;01;01369;2;3;1;3;Rue de l’Ecole;;
536585141;29;10;2024;13:10;1;93;93071;2;2;1;1;ANDRE TOUTAIN (AVENUE);;
536585142;25;9;2024;11:50;1;34;34192;1;1;1;7;D62e2;;
536585143;19;8;2024;20:00;1;75;75119;2;2;1;3;AVENUE DE FLANDRE;;
536585144;10;6;2024;06:00;5;974;97411;2;4;1;7;LANCASTEL (BOULEVARD);;
536585145;14;7;2024;17:00;1;72;72165;2;9;1;3;Rue de Montfort;;
536585146;2;12;2024;16:35;1;58;58303;2;9;1;3;Rue des Grands Jardins;;
536585147;24;9;2024;09:30;1;29;29105;2;1;1;7;Boulevard de la République;;
536585148;19;8;2024;09:15;1;75;75119;2;1;1;1;RUE DE BELLEVILLE;;
536585149;28;10;2024;11:20;1;93;93055;2;1;8;2;QUARTIER AUBERVILLIERS;;
536585150;11;6;2024;15:54;1;974;97410;2;1;1;6;LECONTE DE LISLE(RUE);;
536585151;14;7;2024;13:30;1;90;90065;1;9;1;6;Route du Ballon d?Alsace;;
536585152;5;12;2024;16:30;1;72;72295;1;6;1;3;Rue Bellemare;;
536585153;22;9;2024;22:35;3;29;29133;2;1;8;6;Route de Plestin;;
536585154;11;6;2024;12:28;1;973;97302;2;1;2;6;REPUBLIQUE (BD DE LA);;
536585155;19;8;2024;09:00;1;75;75116;2;7;1;3;Place du Maréchal de Lattre de Tassigny;;
536585156;29;10;2024;16:50;5;93;93048;2;1;1;3;PAUL VAILLANT COUTURIER (BOULEVARD);;
536585157;15;7;2024;18:55;1;18;18047;2;2;1;6;Le Champ de Foire;;
536585158;21;9;2024;06:00;3;29;29302;2;1;1;6;rue Albert Louppe;;
536585159;3;11;2024;12:55;1;73;73212;2;3;1;3;D1006 - Grande rue;;
536585160;11;6;2024;09:05;1;973;97302;2;1;2;6;BADUEL (ROUTE DE);;
536585161;29;10;2024;14:31;1;93;93055;2;1;1;3;JEAN JAURES (AVENUE) (76/128);;
536585162;12;7;2024;09:00;1;18;18018;2;2;1;7;Rue Maurice Bourbon;;
536585163;19;8;2024;13:05;1;75;75113;2;2;1;2;QUAI PANHARD ET LEVASSOR;;
536585164;20;9;2024;08:17;1;29;29061;2;6;1;3;rue Gaston Planté;;
536585165;14;7;2024;16:30;1;07;07292;1;1;1;7;Route des Monts du Vivarais;;
536585166;4;12;2024;15:30;1;18;18057;1;1;7;3;Route de Segondet;;
536585167;11;6;2024;12:05;1;69;69388;2;2;1;3;Rue Rochambeau;;
536585168;28;10;2024;18:30;2;93;93079;2;3;1;6;SAINT LEU (ROUTE);;
536585169;6;12;2024;09:02;1;07;07184;1;1;2;6;route départementale 2;;
536585170;11;7;2024;02:00;3;53;53137;1;1;1;6;D57;;
536585171;24;9;2024;16:05;1;01;01152;1;1;2;6;Échallon;;
536585172;18;8;2024;14:00;1;94;94068;2;2;1;3;Avenue de Verdun;;
536585173;6;12;2024;18:00;3;85;85277;1;1;2;6;Route des Moutiers;;
536585174;15;7;2024;11:08;1;87;87064;1;1;1;7;RC 16;;
536585175;11;6;2024;16:45;1;972;97213;2;6;1;3;AUTOROUTE A1;;
536585176;29;10;2024;05:45;5;93;93047;2;2;1;3;GENERAL DE GAULLE (RUE DU);;
536585177;15;7;2024;13:45;1;30;30062;2;1;1;7;D137;;
536585178;3;12;2024;23:40;3;85;85135;2;1;1;6;43 Rue de la boulaye;;
536585179;19;8;2024;18:30;1;93;93078;2;1;1;2;CLEMENCEAU (AVENUE GEORGES);;
536585180;11;6;2024;13:05;1;972;97209;1;1;1;6;SAINT JOHN PERSE (AVENUE);;
536585181;25;9;2024;10:05;1;83;83056;1;1;1;5;D562;;
536585182;14;7;2024;14:15;1;48;48010;1;1;1;6;D26, lieu-dit Briges;;
536585183;19;8;2024;08:40;1;93;93066;2;9;1;6;Avenue Lénine;;
536585184;5;12;2024;16:30;2;48;48178;1;9;1;2;SOULATGES;;