Num_Acc;jour;mois;an;hrmn;lum;dep;com;agg;int;atm;col;adr;lat;long
536585185;28;10;2024;20:50;5;93;93047;2;2;1;2;GENERAL DE GAULLE (RUE DU);;
536585186;11;6;2024;09:40;1;972;97209;1;1;1;3;CARRIERE (RUE DE LA);;
536585187;24;9;2024;18:00;1;07;07010;1;1;2;1;D878;;
536585188;5;12;2024;17:34;3;35;35032;2;6;2;3;1 Allée de Belle Ile;;
536585189;29;10;2024;08:20;1;93;93001;2;1;1;3;VICTOR HUGO (AVE)  => N° 129;;
536585190;18;8;2024;18:45;1;93;93077;2;2;1;3;Rue Poussin / Rue Rene et Pierre Charton;;
536585191;10;6;2024;12:20;1;972;97209;2;1;1;3;BISHOP (Avenue Maurice);;
536585192;14;7;2024;23:25;3;49;49283;1;1;1;6;D723;;
536585193;6;12;2024;15:30;1;73;73089;1;1;1;2;A43;;
536585194;29;10;2024;15:10;1;92;92051;2;1;1;3;MAURICE BARRES (BOULEVARD);;
536585195;24;9;2024;13:49;1;53;53013;1;1;2;1;La Corblaie;;
536585196;18;8;2024;20:40;1;93;93051;2;3;1;3;Rue du Docteur Sureau / Rue des Mastraits;;
536585197;11;6;2024;14:05;1;69;69389;2;3;1;6;10 Rue du 24 Mars 1852;;
536585198;12;7;2024;10:35;1;64;64545;1;1;8;5;A63;;
536585199;19;8;2024;14:00;1;93;93031;2;1;1;3;Avenue Galliéni;;
536585200;11;6;2024;09:15;1;69;69034;2;1;1;3;100 Avenue Général Leclerc;;
536585201;28;10;2024;08:20;1;92;92050;2;3;5;3;SAULES RUE DES;;
536585202;25;9;2024;14:15;1;53;53269;1;1;3;1;22 Route Nationale 12;;
536585203;5;12;2024;17:45;3;69;69173;1;1;1;2;Autoroute 89;;
536585204;12;7;2024;09:20;1;976;97616;1;1;1;6;Tahiti plage;;
536585205;19;8;2024;11:30;1;92;92033;2;1;1;6;SURESNES;;
536585206;24;9;2024;16:10;1;24;24354;1;1;1;6;D730;;
536585207;29;10;2024;14:46;1;92;92044;2;2;8;3;BAUDIN (RUE) 27A83 ET 36 A84;;
536585208;11;6;2024;09:33;1;971;97113;1;3;1;2;PONT DE POUCET;;
536585209;19;11;2024;18:30;3;64;64300;1;1;1;5;a64 pk 78.600;;
536585210;19;8;2024;14:23;1;92;92051;2;2;1;3;RICHARD WALLACE (BOULEVARD);;
536585211;14;7;2024;17:50;1;38;38401;1;1;1;4;A43;;
536585212;10;6;2024;08:35;1;971;97113;1;1;1;7;SECTION TOMBEAU;;
536585213;25;9;2024;14:00;1;85;85008;1;3;3;3;RD12;;
536585214;29;10;2024;17:22;2;92;92040;2;6;1;2;VICTOR HUGO (ROND-POINT);;
536585215;14;7;2024;19:30;5;973;97311;2;1;3;3;830 avenue Christophe Colomb;;
536585216;19;8;2024;14:15;1;60;60232;1;1;1;2;RD 929, Pk 36.800;;
536585217;11;6;2024;09:02;1;2A;2A004;1;1;1;1;T20;;
536585218;29;10;2024;18:10;2;92;92036;2;1;1;3;GRESILLONS (AVENUE DES) (141/215);;
536585219;17;9;2024;18:19;5;973;97307;1;3;1;3;route nationale 1;;
536585220;13;7;2024;14:30;1;971;97106;1;1;8;1;Rue Valerius Paulimius;;
536585221;6;12;2024;07:20;5;51;51378;2;1;1;6;Rue du Montauban;;
536585222;11;6;2024;18:15;1;95;95607;2;1;1;6;SAINT-PRIX (RUE DE);;
536585223;5;12;2024;14:15;1;987;98714;1;1;1;7;quartier revatua, faanui;;
536585224;29;10;2024;19:30;5;92;92026;2;3;1;3;COLOMBES;;
536585225;24;9;2024;16:20;1;01;01389;1;1;1;1;RD 936;;
536585226;13;8;2024;17:30;1;47;47225;1;3;1;3;D656 / D292;;
536585227;11;6;2024;09:27;1;91;91570;2;9;1;6;PUTTLINGEN (PLACE);;
536585228;15;7;2024;11:15;1;78;78089;2;3;1;6;Avenue de la République;;
536585229;19;9;2024;14:45;1;65;65226;1;1;1;2;a64;;
536585230;5;12;2024;21:15;3;971;97116;1;1;1;1;N5;;
536585231;14;7;2024;19:30;1;66;66129;2;1;1;1;Rue des Ecoles;;
536585232;11;6;2024;20:40;1;91;91645;2;1;1;3;GEORGES POMPIDOU (AVENUE);;
536585233;19;8;2024;18:50;1;14;14211;2;3;1;1;1109 Rue du Pont;;
536585234;4;12;2024;18:35;5;978;97801;2;1;1;3;R DE LA REPUBLIQUE;;
536585235;19;8;2024;11:00;1;26;26295;1;1;1;7;Route de Saint Vallier;;
536585236;14;9;2024;15:00;1;67;67309;2;5;1;2;6 Route de Brumath;;
536585237;29;10;2024;16:47;1;92;92025;2;2;1;6;SOLFERINO (RUE   AV);;
536585238;11;6;2024;18:01;1;91;91421;2;1;1;1;CHARLES DE GAULLE (AVENUE);;
536585239;14;7;2024;17:00;1;06;06154;2;1;1;6;Route Departementale 2;;
536585240;6;12;2024;01:30;3;977;97701;2;5;1;3;R ADRIEN QUESTEL;;
536585241;19;8;2024;16:30;1;48;48128;1;1;1;2;PK126+200 sens sud nord;;
536585242;11;6;2024;21:35;4;84;84087;2;3;1;3;MAZEAU (RUE);;
536585243;24;9;2024;16:35;1;11;11379;1;1;1;1;D6009;;
536585244;29;10;2024;18:10;3;60;60326;1;1;1;3;N31;;
536585245;5;12;2024;17:40;2;45;45348;1;1;2;1;D950 PR 3 + 0;;
536585246;19;8;2024;20:30;2;83;83031;1;1;1;6;D558;;
536585247;30;10;2024;06:45;3;95;95492;1;1;2;6;D10;;
536585248;15;7;2024;15:40;1;04;04096;1;2;1;3;D900;;
536585249;10;6;2024;17:30;1;83;83090;1;3;1;1;NATIONALE 8 (ROUTE);;
536585250;28;6;2024;21:00;5;978;97801;2;1;1;5;R DE HOLLANDE;;
536585251;30;10;2024;11:40;1;36;36244;1;1;5;6;Les Corbeillères (Faverolles-en-Berry);;
536585252;5;12;2024;08:40;1;77;77453;2;1;2;4;D605;;
536585253;6;6;2024;10:23;1;83;83069;2;1;1;2;DIX HUIT JUIN  ( ROND POINT DU );;
536585254;20;8;2024;15:25;1;76;76560;1;1;2;1;Route du Faulx;;
536585255;21;5;2024;10:45;1;978;97801;2;1;1;7;R DE CONCORDIA;;
536585256;14;7;2024;19:15;1;13;13030;2;3;1;1;Chemin Notre Dame;;
536585257;28;10;2024;21:00;5;42;42253;2;1;1;6;300 Rue de l’Eglise;;
536585258;29;11;2024;15:25;1;78;78090;1;1;1;6;D44;;
536585259;18;8;2024;12:15;1;61;61474;1;1;1;6;D13 PK 36;;
536585260;11;6;2024;08:05;1;80;80021;2;1;1;7;Rue Octave Tierce;;
536585261;14;7;2024;15:00;1;67;67334;1;1;1;6;D190;;
536585262;29;10;2024;18:15;3;58;58089;1;1;5;6;La Maison Bleue;;
536585263;5;12;2024;16:45;2;2B;2B303;1;9;1;2;Alistro;;
536585264;10;6;2024;08:55;1;80;80021;2;1;2;6;Avenue du 14 Juillet 1789;;
536585265;19;8;2024;18:00;1;44;44006;1;2;1;3;Route du Créneau;;
536585266;1;12;2024;14:55;1;06;06017;1;1;9;7;4921 Route de Coursegoules;;
536585267;24;9;2024;22:40;5;21;21231;2;2;1;3;Rue de la Brot;;
536585268;29;10;2024;16:15;1;85;85109;2;3;1;6;Rue du Pouet;;
536585269;14;7;2024;17:25;1;88;88470;1;2;1;3;D11;;
536585270;8;5;2024;15:03;1;77;77294;2;1;1;7;JEAN BAPTISTE CLEMENT (AVENUE);;
536585271;5;12;2024;21:15;3;21;21609;1;1;2;7;D905;;
536585273;24;9;2024;21:10;5;37;37003;1;3;2;1;D751;;
536585274;11;6;2024;09:50;1;77;77118;2;1;1;6;GABRIELLE (RUE DE LA);;
536585275;19;8;2024;17:55;1;29;29146;1;2;8;1;Rue des Chataigniers;;
536585276;14;7;2024;11:30;1;09;09185;1;2;1;6;Lieu Dit la Brunette;;
536585278;19;8;2024;11:46;1;29;29205;1;1;1;7;Goaremou;;
536585279;10;6;2024;08:55;1;77;77445;2;1;1;6;DELESTRAINT (AVENUE DU GENERAL);;
536585280;23;9;2024;17:05;1;45;45290;1;1;2;3;D952 PR 42 + 394;;
536585281;6;12;2024;19:00;5;42;42147;2;2;1;1;Avenue Thermale;;
536585282;13;7;2024;10:20;1;31;31421;2;9;1;6;Avenue de Saubens;;
536585284;10;6;2024;12:10;1;77;77407;2;1;1;3;PRES(RUE DES);;
536585285;25;9;2024;01:05;5;77;77107;2;1;1;6;5 Avenue du Général Leclerc;;
536585286;20;8;2024;15:06;1;29;29037;1;1;1;6;D44;;
536585287;5;12;2024;20:11;3;38;38557;1;1;2;1;D 517;;
536585288;25;9;2024;09:00;1;77;77534;1;1;2;6;D1036;;
536585290;19;8;2024;12:15;1;26;26166;1;1;1;3;Allee des crozes;;
536585291;30;10;2024;11:30;1;71;71282;1;1;7;1;D680;;
536585292;11;6;2024;18:05;1;76;76451;2;3;1;3;Route de Maromme;;
536585293;15;7;2024;07:48;1;35;35106;1;1;2;6;Les Pierres Grises;;
536585294;20;8;2024;18:30;1;58;58150;1;1;1;6;D213;;
536585295;11;6;2024;12:00;1;76;76231;1;1;1;6;Chemin de Rouen;;
536585296;6;9;2024;08:00;1;30;30214;2;1;1;1;route de montpellier;;
536585297;4;12;2024;07:50;1;07;07138;1;1;1;6;100 Chemin des Plagnes;;
536585298;14;7;2024;15:30;1;27;27280;1;1;1;7;D57;;
536585299;30;10;2024;18:00;5;89;89351;2;1;5;3;D606;;
536585300;20;8;2024;10:20;1;58;58238;2;1;1;3;83 Route de Bourgogne;;
536585301;17;8;2024;12:37;1;06;06056;1;1;1;7;Pessa Longia;;
536585302;25;9;2024;07:40;1;13;13022;1;1;1;1;route départementale 559;;
536585303;14;7;2024;19:14;1;13;13001;1;1;1;3;A51-Sens Marseille vers Aix en Provence;;
536585304;10;6;2024;16:15;1;76;76351;2;2;1;3;STRASBOURG (BD);;
536585305;6;12;2024;07:50;2;01;01390;1;2;2;3;D84;;
536585306;29;10;2024;08:30;1;61;61170;1;2;7;3;D2;;
536585307;20;8;2024;12:25;1;73;73151;1;1;7;3;D1006;;
536585308;10;6;2024;14:20;1;72;72181;2;3;1;3;MONTHEARD (RUE DE);;
536585309;11;9;2024;13:50;1;26;26362;1;1;8;2;Autoroute A7;;
536585310;19;8;2024;19:00;1;43;43061;1;1;1;7;D103;;
536585311;14;7;2024;14:20;1;13;13056;1;1;1;5;A55-Sens Marseille vers Martigues;;
536585312;27;11;2024;19:27;5;69;69298;1;2;1;4;Route de Givors;;
536585313;29;10;2024;12:15;1;22;22207;1;1;3;3;D11;;
536585314;18;9;2024;19:10;2;68;68063;2;2;1;7;Rue Joseph Dépierre;;
536585315;9;6;2024;14:30;1;72;72181;2;6;1;3;PIGALLE JEAN BAPTISTE (RUE);;
536585316;29;10;2024;07:50;1;22;22164;1;2;1;3;Milin An Hent;;
536585317;6;12;2024;00:45;5;40;40277;2;1;2;6;260 route de la vieille côte;;
536585319;25;9;2024;14:50;1;57;57350;1;1;8;1;D657;;
536585320;19;8;2024;18:00;1;10;10359;1;1;1;6;route nationale 77;;
536585321;5;12;2024;21:15;3;50;50601;1;1;2;6;Route de l?Hôtellerie - Guilberville;;
536585322;25;9;2024;13:19;1;73;73150;2;9;1;6;D220 Rue Albert Perrière;;
536585323;10;6;2024;15:20;1;70;70513;2;4;1;5;Avenue du Lac;;
536585324;13;7;2024;00:50;3;13;13071;1;1;1;2;A51-Sens Marseille vers Aix en Provence;;
536585325;30;10;2024;13:30;1;29;29004;2;3;1;2;Rue Eugène Lorec;;
536585326;24;9;2024;16:05;1;01;01259;2;1;1;6;Route de Buellas;;
536585327;6;8;2024;06:30;1;40;40312;2;9;1;3;Rue de l?Industrie;;
536585328;11;6;2024;08:20;1;69;69092;2;3;1;6;Rue des Ecoles;;
536585329;6;12;2024;06:30;3;80;80442;1;1;1;6;D930;;
536585330;14;7;2024;01:10;5;13;13207;1;1;1;7;Tunnel Prado Carénage;;
536585331;25;9;2024;06:38;3;22;22081;2;3;2;1;D712;;
536585332;11;6;2024;08:10;1;69;69092;1;1;1;3;Route Nationale 6;;
536585333;29;10;2024;17:05;2;29;29199;1;3;2;1;D64;;
536585334;6;12;2024;14:00;1;80;80561;2;9;1;3;Boulevard Rallu;;
536585335;20;8;2024;08:30;1;24;24571;1;4;1;1;d45;;
536585336;25;9;2024;10:30;1;60;60639;2;1;1;6;Rue Sully;;
536585337;12;7;2024;23:02;3;13;13015;1;1;1;2;A515CM-sortie Gardanne/Bouc Bel Air;;
536585338;10;6;2024;15:45;1;69;69259;2;1;1;6;14 Boulevard Ambroise Croizat;;
536585339;18;8;2024;00:35;3;67;67388;1;1;3;7;D53;;
536585340;30;10;2024;11:30;1;03;03275;1;1;1;3;lieu dit garanjou;;
536585341;24;9;2024;15:35;1;13;13207;1;1;1;3;TVPCM-Sens Saint Victor vers Les Ports;;
536585342;9;6;2024;21:00;2;69;69290;2;1;1;6;Rue des Pétroles;;
536585343;19;8;2024;15:20;1;01;01067;1;1;1;6;A40 PK 130+700;;
536585344;13;7;2024;05:20;3;83;83126;1;1;1;2;A50;;
536585345;24;10;2024;17:18;1;85;85142;1;1;1;6;A87;;
536585346;5;12;2024;16:20;1;13;13106;1;1;1;3;A7-Sens Lyon vers Marseille;;
536585347;24;9;2024;15:00;1;13;13117;1;1;1;4;A7-Sens Lyon vers Marseille;;
536585348;20;8;2024;05:50;3;77;77001;1;1;1;2;Autoroute A6 PK 058+400 sens Paris vers province;;
536585349;10;6;2024;12:45;1;67;67482;2;1;1;3;DOUBS (RUE DU);;
536585350;27;10;2024;02:15;3;26;26005;1;1;2;1;Route de Grignan;;
536585351;14;7;2024;20:20;1;91;91434;1;1;1;5;AUTOROUTE A6;;
536585352;4;12;2024;11:42;1;13;13212;1;1;1;4;A507 sens Aubagne- Marseille;;
536585353;24;9;2024;13:15;1;13;13214;1;1;3;6;A7-Sens Lyon vers Marseille;;
536585354;27;10;2024;16:35;1;14;14191;2;1;1;6;Route de Bernieres;;
536585355;14;7;2024;07:00;1;91;91174;1;1;1;6;RN 104;;
536585356;20;8;2024;04:15;3;988;98814;1;1;1;6;Hapetra (Tribu);;
536585357;24;9;2024;08:45;1;13;13215;1;1;1;2;A7-Sens Lyon vers Marseille;;
536585358;1;12;2024;17:48;3;13;13015;1;1;1;2;A51-Sens Marseille vers Aix en Provence;;
536585359;29;10;2024;11:30;1;05;05092;1;1;1;6;Lieu-dit Serre Rispaud;;
536585360;24;9;2024;08:15;1;13;13005;1;1;1;3;A50-Sens Aubagne vers Marseille;;
536585361;14;7;2024;00:51;3;91;91549;1;1;2;6;RN 104;;
536585362;20;8;2024;15:35;1;974;97424;1;1;1;6;Route du Bras Sec;;
536585363;29;10;2024;13:00;1;07;07239;1;1;1;1;Route de Mezilhac;;
536585365;23;9;2024;07:30;2;13;13001;1;1;1;2;A51-Sens Aix en Provence vers Marseille;;
536585366;19;8;2024;18:25;1;13;13088;1;1;1;7;D568;;
536585367;13;7;2024;21:03;3;91;91174;1;1;1;2;RN 104;;
536585368;30;10;2024;07:45;1;07;07342;1;1;1;7;Gras Pres;;
536585369;5;12;2024;07:41;3;91;91589;1;1;2;7;AUTOROUTE A6;;
536585370;19;9;2024;10:24;1;69;69152;1;1;1;3;Autoroute 7;;
536585371;4;12;2024;22:03;3;91;91477;1;1;1;6;AUTOROUTE A10;;
536585372;30;10;2024;07:00;3;07;07041;1;9;1;6;voie fluvia boulieu les annonay;;
536585373;14;7;2024;05:50;2;92;92036;1;1;1;7;A86;;
536585374;17;8;2024;02:45;3;66;66171;2;1;1;2;D81a;;
536585375;23;9;2024;17:50;1;42;42183;1;1;1;2;N88;;
536585376;5;12;2024;17:15;2;95;95277;1;1;2;2;D170;;
536585377;14;7;2024;13:50;1;93;93010;1;1;1;6;A3;;
536585378;29;10;2024;21:25;3;37;37206;1;5;8;3;D602;;
536585379;5;12;2024;13:05;1;93;93008;1;1;2;3;AUTOROUTE A86;;
536585380;20;8;2024;13:00;1;04;04226;1;1;1;1;D902;;
536585382;14;7;2024;02:00;3;95;95351;1;9;1;1;N104;;
536585383;29;10;2024;19:45;3;30;30062;1;4;1;3;D40;;
536585384;21;9;2024;18:10;1;59;59574;1;1;1;6;AUTOROUTE A 21;;
536585385;5;12;2024;10:55;1;95;95527;1;1;3;6;A1;;
536585386;20;8;2024;11:20;1;68;68292;2;1;1;7;9 Rue de la Gare;;
536585387;14;7;2024;00:20;3;93;93048;1;1;1;2;A3;;
536585388;24;9;2024;20:25;3;91;91471;1;1;1;6;RD 188 CHEVREUSE;;
536585389;5;12;2024;08:00;3;93;93064;1;1;3;7;AUTOROUTE A103;;
536585390;29;10;2024;15:30;1;38;38410;1;1;1;2;A49;;
536585391;24;9;2024;19:50;5;94;94003;1;1;1;7;A6B;;
536585392;16;8;2024;00:44;4;67;67046;2;2;1;3;36 Rue de la Gare;;
536585393;4;12;2024;18:40;2;93;93078;1;1;1;2;AUTOROUTE A104;;
536585394;13;7;2024;19:50;1;92;92036;1;1;1;4;AUTOROUTE A15;;
536585395;30;10;2024;09:10;1;07;07312;1;1;1;3;D17 PK 014+000;;
536585396;19;8;2024;10:52;1;03;03186;2;2;1;7;Avenue Georges Mercier;;
536585397;23;9;2024;07:20;1;78;78571;1;1;2;4;A13;;
536585398;5;12;2024;05:35;3;77;77258;1;1;1;2;A4.Y;;
536585399;14;7;2024;08:05;1;77;77296;1;1;1;2;A5b;;
536585400;19;8;2024;18:00;1;63;63247;1;1;1;1;Beaunes le froid;;
536585401;23;9;2024;08:15;1;78;78571;1;1;2;4;A13;;
536585402;14;7;2024;03:00;3;77;77053;1;1;1;2;RN104;;
536585403;26;10;2024;22:30;3;34;34240;1;9;2;4;A709;;
536585404;4;12;2024;20:00;5;77;77121;1;1;1;4;A104;;
536585405;24;9;2024;08:30;1;93;93053;1;1;2;7;AUTOROUTE A103;;
536585406;20;8;2024;08:40;1;26;26129;1;1;1;2;Route Nationale 532;;
536585407;14;7;2024;02:05;3;94;94018;1;1;1;6;A4;;
536585408;30;7;2024;12:32;1;976;97614;1;9;1;1;CCD 1 Entre Kahani Et combani;;
536585409;4;12;2024;00:30;4;77;77468;1;1;5;3;A4.Y;;
536585410;24;9;2024;07:50;2;93;93078;1;1;2;4;AUTOROUTE A104;;
536585411;12;7;2024;11:57;1;94;94015;1;1;1;2;A4;;
536585412;2;12;2024;19:30;5;95;95555;1;9;2;7;CLOS SAINT PAUL (CHEMIN DU);;
536585413;23;10;2024;17:20;1;971;97106;1;1;1;1;Route de Bellon;;
536585414;20;8;2024;09:30;1;26;26320;1;3;1;1;D532;;
536585415;24;9;2024;09:00;1;92;92036;1;1;8;2;AUTOROUTE A15;;
536585416;13;4;2024;17:25;1;50;50523;1;9;1;1;rue de la libération  (Carquebut);;
536585417;18;8;2024;10:00;1;26;26212;1;1;1;1;Route de Montmeyran;;
536585418;23;9;2024;23:20;3;92;92078;1;1;1;6;AUTOROUTE A86;;
536585419;29;10;2024;21:35;5;45;45108;2;2;5;3;D51 PR 19 + 460;;
536585420;8;7;2024;15:20;1;44;44109;2;6;1;3;Rue Gaston Veil;;
536585421;30;9;2024;11:20;1;73;73065;2;3;1;3;SAINT OMBRE ( CHEMIN DE);;
536585422;23;9;2024;12:35;1;93;93053;1;1;1;3;AUTOROUTE A3;;
536585423;19;8;2024;07:44;1;01;01249;2;2;1;2;1268 Grande Rue;;
536585424;28;10;2024;18:16;3;91;91318;1;1;8;5;D17;;
536585425;7;7;2024;20:15;5;44;44109;2;2;8;3;7Ter Boulevard des Martyrs Nantais de la Résistance;;
536585426;3;9;2024;13:20;1;57;57038;1;1;1;1;D16;;
536585427;30;10;2024;15:11;1;06;06099;1;1;1;6;D2211a;;
536585428;24;9;2024;08:30;1;94;94079;1;1;3;3;A4;;
536585429;20;8;2024;11:45;1;31;31349;1;2;1;3;Intersection D36 D6L;;
536585430;27;9;2024;13:45;1;57;57244;1;1;1;1;D98;;
536585431;28;10;2024;15:22;1;68;68372;2;1;1;1;68 Rue de la Grande Armee;;
536585432;13;5;2024;16:20;1;74;74012;2;6;1;3;FLORISSANT (AVENUE);;
536585433;12;5;2024;18:45;1;74;74012;2;1;1;6;ARVE (RUE DE L');;
536585434;13;6;2024;07:34;1;84;84087;2;1;7;6;DURAND (RUE ALBIN);;
536585435;3;12;2024;16:10;1;974;97411;2;1;1;2;FINETTE (CHEMIN);;
536585436;29;10;2024;17:00;2;69;69059;2;6;1;1;Route de la Vallee;;
536585437;17;8;2024;13:15;1;86;86154;1;1;3;1;D725;;
536585438;17;9;2024;07:30;2;44;44109;2;6;1;6;Rond-Point de Rennes;;
536585439;4;7;2024;07:55;1;44;44109;2;6;1;3;373 Route de Sainte Luce;;
536585440;4;12;2024;20:10;5;973;97302;1;6;1;3;GIRATOIRE MARINGOUINS;;
536585442;19;8;2024;14:15;1;64;64422;2;6;1;3;6bis Rue de Sègues;;
536585443;23;9;2024;16:50;1;62;62193;2;2;1;3;Rue de Québec;;
536585444;4;12;2024;13:50;1;973;97302;2;6;1;3;FELIX EBOUE(ROCADE);;
536585445;8;7;2024;14:25;1;987;98735;1;3;1;3;CHEF VAIRAATOA (AVENUE);;
536585446;19;8;2024;19:09;1;14;14384;2;1;1;6;6 Rue Louis Marie;;
536585447;17;9;2024;09:30;1;44;44109;2;6;1;3;17 Route de la Jonelière;;
536585448;3;12;2024;19:55;3;973;97302;2;6;1;3;SUZINI (CARREFOUR);;
536585449;29;10;2024;14:19;1;61;61382;1;1;1;5;N12 PK74+300;;
536585450;19;8;2024;21:00;3;27;27489;1;2;1;1;D316;;
536585451;24;7;2024;19:15;1;74;74133;2;1;1;3;MARTINET (RUE DU);;
536585452;4;12;2024;19:15;5;69;69383;2;2;1;6;Avenue Lacassagne;;
536585453;29;10;2024;08:15;1;13;13005;1;1;1;2;A502-Sens Aubagne vers Toulon par R.N.;;
536585455;4;12;2024;08:15;1;972;97209;2;1;1;1;BISHOP (Avenue Maurice);;
536585456;29;10;2024;12:00;1;13;13085;1;1;1;3;A50-Sens Toulon vers Aubagne;;
536585457;4;12;2024;16:27;1;69;69382;2;1;1;6;3 Quai Tilsitt;;
536585458;22;7;2024;05:30;2;57;57368;2;3;1;3;REPUBLIQUE (RUE DE LA );;
536585459;19;8;2024;02:40;3;69;69290;1;1;1;3;Autoroute 43;;
536585460;20;10;2024;01:10;3;13;13071;1;1;1;2;A55 - Sens Marseille vers Martigues;;
536585461;3;12;2024;03:30;5;971;97101;1;1;2;6;RN5-BOISRIPEAUX;;
536585462;20;5;2024;14:00;1;24;24037;1;1;8;1;RD 936 E1;;
536585463;17;8;2024;17:25;1;59;59178;1;1;1;7;AUTOROUTE A21;;
536585464;27;10;2024;18:48;3;59;59350;1;1;1;1;Autoroute A25;;
536585465;23;9;2024;12:50;1;974;97416;1;1;7;2;RN3 (ANCIENNE ROUTE);;
536585466;23;9;2024;07:45;1;974;97416;2;1;1;6;LENORMAND(CHEMIN);;
536585467;19;8;2024;17:55;1;91;91174;1;1;1;3;RN 104;;
536585468;4;12;2024;05:37;5;95;95219;2;3;1;3;TOULOUSE LAUTREC (RUE);;
536585469;24;10;2024;18:23;1;59;59586;1;1;1;7;AUTOROUTE A23;;
536585470;4;12;2024;07:55;1;91;91201;2;1;8;6;BD HENRI BARBUSSE;;
536585471;23;9;2024;12:35;1;974;97411;2;6;1;3;JAURES (BOULEVARD JEAN);;
536585472;19;8;2024;15:39;1;91;91689;1;1;1;4;AUTOROUTE A6B;;
536585473;29;10;2024;18:40;3;91;91534;1;1;1;4;RN 118;;
536585474;3;12;2024;16:40;5;91;91201;2;1;1;6;AV DU GENERAL DE GAULLE;;
536585475;19;8;2024;09:30;1;94;94034;1;1;1;2;A86;;
536585476;29;10;2024;17:00;1;94;94038;1;1;1;3;A6B;;
536585477;23;9;2024;10:40;1;69;69387;2;2;1;3;Route de Vienne;;
536585478;3;12;2024;17:30;2;91;91097;2;1;1;1;RUE DE ROCHOPT;;
536585479;28;10;2024;08:43;1;92;92048;1;1;5;2;N118;;
536585480;23;9;2024;07:40;1;69;69383;2;2;2;3;Rue Bellecombe;;
536585481;4;12;2024;07:55;1;84;84031;2;5;1;3;SAINT ROCH AVENUE;;
536585482;29;10;2024;18:30;3;93;93007;1;1;1;2;AUTOROUTE A3;;
536585483;23;9;2024;08:10;1;972;97213;2;1;1;2;AUTOROUTE A1;;
536585484;3;12;2024;19:42;5;84;84007;2;1;1;6;LIMBERT (BOULEVARD);;
536585485;29;10;2024;15:35;1;77;77373;1;1;1;2;RN104;;
536585486;23;9;2024;17:20;1;2B;2B037;2;1;1;6;TOUTES RUES;;
536585487;3;12;2024;13:45;1;84;84007;2;1;1;6;AMANDIER (AVENUE DE L');;
536585488;29;10;2024;10:55;1;94;94017;1;1;1;4;A4;;
536585489;4;12;2024;07:50;1;83;83137;2;9;1;6;3EME RGT DES TIRAILLEURS ALGERIENS (AVE);;
536585490;22;9;2024;11:50;1;971;97113;1;4;1;5;SECTION BESSON;;
536585491;25;5;2024;16:30;1;84;84014;2;1;1;1;Lotissement de la Colline;;
536585492;6;11;2024;12:25;1;78;78242;2;1;8;3;DEMENERIE (RUE DE LA);;
536585493;21;9;2024;03:00;4;971;97101;2;1;1;6;COUR CHARNEAU;;
536585494;25;3;2024;15:13;1;84;84105;1;1;1;6;256 Route de Pierre-fiche;;
536585495;23;9;2024;04:30;3;91;91347;1;1;8;3;RTE DE MONTLHERY;;
536585496;4;12;2024;19:05;5;77;77284;2;1;1;7;VICTOIRE (AV.DE LA);;
536585497;28;7;2024;17:10;1;84;84092;2;2;1;3;Route de Sorgues;;
536585498;2;12;2024;18:00;3;77;77186;1;2;2;3;RD606;;
536585499;15;8;2024;21:00;4;974;97413;2;1;1;1;Rue Alexandre Bègue;;
536585500;3;12;2024;17:10;1;76;76351;2;1;1;2;BOIS AU COQ (RUE);;
536585501;29;8;2024;00:50;4;74;74118;2;1;1;7;SAINT-JULIEN (ROUTE DE);;
536585502;3;12;2024;19:00;5;74;74118;2;1;1;2;DEPORTES (ROUTE DES );;
536585503;11;7;2024;12:10;1;74;74218;2;1;1;1;NOAILLES (AVENUE ANNA DE);;
536585504;7;7;2024;13:00;1;85;85191;2;9;1;3;RD760;;
536585505;2;12;2024;08:30;1;74;74012;2;3;8;6;ROMAGNY (RUE DE);;
536585506;2;12;2024;07:30;5;74;74012;2;9;8;3;GLIERES (RUE DES);;
536585507;22;9;2024;20:10;5;84;84007;2;3;2;1;LIBERTE ( RUE DE LA);;
536585508;3;12;2024;19:25;5;69;69259;2;3;1;3;Square Pernet-Ducher;;
536585509;23;9;2024;05:55;3;77;77358;1;1;1;6;RN 330 (ROUTE NATIONALE);;
536585510;27;7;2024;17:55;1;22;22106;1;1;1;3;FREYSSINET (RUE);;
536585511;3;12;2024;17:40;5;67;67482;2;1;2;6;EUROPE (AVENUE DE L );;
536585512;22;9;2024;22:24;5;69;69259;2;9;2;6;Avenue Marcel Paul;;
536585513;30;5;2024;20:00;1;32;32337;1;9;1;6;D103;;
536585514;27;8;2024;04:45;3;29;29003;1;1;1;6;Lieu Dit Suguensou;;
536585515;4;12;2024;12:45;1;66;66136;2;3;1;3;LLOSA (RUE DE LA PETITE);;
536585516;23;9;2024;10:45;1;67;67482;2;3;1;3;SOULTZ (RUE DE);;
536585517;28;10;2024;07:10;1;987;98736;1;9;1;7;VETEA (ROUTE)-PIRAE;;
536585518;4;12;2024;13:35;1;64;64102;2;2;1;6;NAVARRE (AVENUE HENRI DE);;