Num_Acc;jour;mois;an;hrmn;lum;dep;com;agg;int;atm;col;adr;lat;long
536585519;23;9;2024;14:48;1;64;64189;2;2;1;3;MITTERRAND FRANCOIS  (AVENUE);;
536585520;28;10;2024;18:45;2;974;97409;2;1;1;2;DU CENTRE(IMPASSE);;
536585521;4;12;2024;11:40;1;64;64102;2;1;1;3;DE LA POTERNE (ALLEE);;
536585522;23;9;2024;18:05;1;64;64024;2;1;1;2;BAYONNE (AVENUE DE);;
536585523;28;10;2024;12:40;1;974;97407;1;1;1;2;ROUTE NATIONALE N° 1;;
536585524;18;9;2024;16:30;1;62;62498;2;1;1;6;Route de la Bassée;;
536585525;4;12;2024;12:15;1;64;64102;2;1;1;4;NAVARRE (AVENUE HENRI DE);;
536585526;28;10;2024;17:45;2;69;69149;2;2;1;3;Avenue Jean Jaurès;;
536585527;1;12;2024;11:00;1;62;62498;2;2;1;3;Rue Arthur Fassiaux;;
536585528;22;9;2024;07:35;1;59;59350;2;3;1;3;N°2-18-1-39 Boulevard Vauban;;
536585529;25;10;2024;23:00;4;971;97113;1;1;1;1;ROUTE DE PERINET-RD 119;;
536585530;20;11;2024;16:45;1;62;62528;2;1;1;2;D165;;
536585531;22;9;2024;20:20;2;56;56162;2;6;1;3;Rue Sainte-Anne;;
536585532;25;10;2024;12:35;1;971;97101;1;9;1;6;DOTHEMARE;;
536585533;4;12;2024;07:30;2;62;62178;2;4;1;3;D302;;
536585534;28;10;2024;06:45;1;971;97105;2;1;1;6;BOLOGNE (ROUTE DE);;
536585535;22;9;2024;10:05;1;54;54395;2;6;1;3;Rue des Fabriques;;
536585536;4;12;2024;00:40;5;59;59512;2;2;1;3;Boulevard de Lyon;;
536585537;26;10;2024;03:44;5;87;87085;2;1;2;6;VIGENAL (BOULEVARD DU);;
536585538;23;9;2024;13:25;1;54;54329;2;1;1;2;Rue Camille Flammarion;;
536585539;4;12;2024;22:00;5;59;59648;2;1;8;3;DE GAULLE RUE DU GENERAL;;
536585540;22;9;2024;23:10;5;51;51454;2;1;2;3;JUIN (AVENUE DU MARECHAL);;
536585541;24;10;2024;12:45;1;87;87085;2;3;1;4;RUBEN (AVENUE ERNEST);;
536585542;23;9;2024;11:05;1;38;38185;2;6;8;6;Place Docteur Girard;;
536585543;28;10;2024;11:45;1;83;83062;2;6;1;6;RABASSON (CHEMIN DE);;
536585544;3;12;2024;08:05;3;59;59437;1;1;2;4;Rue de Seclin;;
536585545;23;9;2024;07:35;1;37;37261;2;1;1;3;TONNELLE (BOULEVARD);;
536585547;3;12;2024;18:27;5;54;54395;2;4;2;6;Rue du Faubourg des Trois Maisons;;
536585548;23;9;2024;04:46;3;37;37050;2;1;2;6;RD 37;;
536585549;28;10;2024;15:15;1;78;78401;2;1;1;6;THIERS (BOULEVARD);;
536585550;22;9;2024;19:25;2;37;37122;1;1;2;6;RD 37;;
536585551;3;12;2024;17:55;5;54;54578;2;2;2;3;Rue René Pécheur;;
536585552;28;10;2024;17:42;2;77;77296;2;1;1;6;FERME D'ARVIGNY;;
536585553;28;10;2024;12:50;1;77;77495;2;1;1;3;D.306;;
536585554;20;9;2024;15:05;1;37;37233;2;3;1;3;FLORENCE (IMPASSE DE);;
536585555;4;12;2024;11:00;1;51;51454;2;2;1;3;BETTINGER (RUE DU DOCTEUR);;
536585556;4;12;2024;09:25;1;50;50532;2;1;1;4;D973;;
536585557;23;9;2024;14:10;1;35;35238;2;6;1;1;BELGIQUE (DE);;
536585558;28;10;2024;12:25;1;77;77513;2;1;8;3;D5;;
536585559;3;12;2024;23:30;5;50;50129;2;4;1;6;PLYMOUTH (AVENUE DE);;
536585560;28;10;2024;20:40;5;77;77449;2;9;5;6;CRS DE LA GARONNE;;
536585561;23;9;2024;09:00;2;35;35281;2;3;2;7;MERMOZ (BOULEVARD JEAN);;
536585562;3;12;2024;14:07;1;49;49007;2;1;1;3;CARNOT;;
536585563;28;10;2024;05:10;5;77;77058;2;2;5;6;LA HAYE (BOULEVARD DE);;
536585564;23;9;2024;08:55;1;34;34172;2;1;1;6;LAVANDIN (RUE DU);;
536585565;4;12;2024;12:10;1;45;45302;2;1;5;1;1383 Rue Passe Debout;;
536585566;28;10;2024;18:10;3;76;76497;1;1;1;3;N338 - Sud 3;;
536585568;4;12;2024;07:30;3;38;38544;1;1;8;2;CD 41;;
536585569;23;9;2024;03:30;5;31;31555;2;9;1;6;R-PT CHARLES FABRE;;
536585570;27;10;2024;15:30;1;73;73029;2;3;1;3;D1006 CHALLES (ROUTE DE);;
536585571;3;12;2024;09:00;1;34;34032;1;1;1;4;ROUTE DE CORNEILHAN (RD.154);;
536585572;28;10;2024;17:30;1;69;69275;2;1;1;3;1 Rue Emile Zola;;
536585574;28;10;2024;22:43;5;68;68224;2;3;1;1;Boulevard des Nations;;
536585575;4;12;2024;08:15;2;31;31557;2;1;1;6;RAMELET MOUNDI (CH DE);;
536585576;28;10;2024;07:50;1;68;68256;2;1;1;2;Route de Thann;;
536585577;3;12;2024;02:40;3;29;29151;1;1;2;7;RN12;;
536585578;26;10;2024;20:30;5;67;67482;2;1;1;3;SCHIRMECK (ROUTE DE);;
536585579;23;11;2024;13:50;1;24;24037;2;1;1;6;FENELON  (RUE);;
536585580;4;12;2024;13:00;1;19;19031;2;1;1;6;TURGOT (AVENUE);;
536585581;27;10;2024;21:20;5;64;64024;1;1;1;3;BAB (Boulevard);;
536585582;28;10;2024;15:00;1;59;59636;2;9;1;2;WAMBRECHIES RUE DE;;
536585583;1;12;2024;19:50;5;13;13211;2;1;1;3;SAINT MARCEL (BOULEVARD DE );;
536585584;3;10;2024;15:00;1;57;57227;2;3;8;3;ST REMY(AV.)R.DE LA CHAPLLE NC. AU CARR.;;
536585586;26;10;2024;11:10;1;56;56098;2;1;1;3;Avenue François Mitterrand;;
536585588;27;10;2024;20:04;5;49;49007;2;3;1;3;PASTEUR AVENUE;;
536585589;4;12;2024;17:10;5;75;75106;2;2;1;6;PLACE SAINT SULPICE;;
536585590;27;10;2024;18:35;3;37;37122;1;9;1;2;JEAN JAURES;;
536585591;4;12;2024;15:30;1;75;75117;2;2;1;6;RUE CARDINET;;
536585592;27;10;2024;07:45;1;37;37233;2;6;2;6;ARC EN CIEL ( ROND POINT DE L');;
536585593;4;12;2024;12:10;1;75;75117;2;3;1;2;BOULEVARD DE COURCELLES;;
536585594;28;10;2024;12:45;1;34;34172;2;1;8;6;MADELEINE (RUE DE LA);;
536585595;25;10;2024;14:30;1;34;34032;1;1;3;1;MAUREILHAN (ROUTE DE);;
536585596;3;12;2024;20:05;5;75;75117;2;1;1;4;PLACE DE LA PORTE DE CHAMPERRET;;
536585598;4;12;2024;04:55;5;75;75116;2;1;1;6;AVENUE DU PRESIDENT KENNEDY;;
536585599;4;12;2024;21:45;5;75;75108;2;7;1;7;PLACE DU GENERAL BROCARD;;
536585601;28;10;2024;09:45;1;32;32013;2;1;8;2;PESSAN (ROUTE DE);;
536585602;3;12;2024;21:15;5;75;75117;2;2;1;2;BOULEVARD DU FORT DE VAUX;;
536585603;28;10;2024;14:39;1;31;31555;2;1;1;3;REVEL (RTE DE) DU 2AU 306;;
536585604;4;12;2024;19:30;5;75;75107;2;1;1;3;RUE SEDILLOT;;
536585605;28;10;2024;11:20;1;30;30007;2;1;1;7;BLANC (BD LOUIS);;
536585606;3;12;2024;16:05;2;75;75104;2;3;2;6;RUE DE RIVOLI;;
536585607;26;10;2024;21:45;5;29;29019;2;2;2;3;rue Coat ar Gueven;;
536585608;3;12;2024;12:20;1;75;75104;2;2;1;1;RUE DE RIVOLI;;
536585609;2;12;2024;23:45;5;75;75101;2;1;2;7;QUAI DES TUILERIES;;
536585610;24;10;2024;23:20;5;29;29019;2;2;1;3;avenue Victor Le Gorgeu;;
536585611;2;12;2024;09:25;1;75;75104;2;2;1;6;RUE DES DEUX PONTS;;
536585612;28;10;2024;18:22;4;26;26198;1;1;1;6;Chemin des Leonards;;
536585613;4;12;2024;14:50;1;94;94011;2;9;1;3;avenue jean Monnet;;
536585614;28;10;2024;09:05;1;25;25056;2;1;1;5;CLEMENCEAU AVENUE G.;;
536585615;3;12;2024;21:13;5;94;94078;2;1;2;3;Rue de Paris;;
536585616;4;12;2024;22:10;5;94;94073;2;1;1;1;Avenue Léon Marchand;;
536585617;28;10;2024;21:45;5;13;13056;2;3;1;3;TURCAN FRANCIS;;
536585618;4;12;2024;14:25;1;93;93055;2;3;1;3;ALFRED LESIEUR (AVENUE);;
536585619;4;12;2024;19:00;5;93;93051;2;2;1;3;GABRIEL PERI (AVENUE);;
536585620;28;10;2024;19:30;5;13;13214;2;4;1;3;MERLAN (AVENUE);;
536585621;3;12;2024;18:50;2;93;93046;2;2;1;3;EUROPE BOULEVARD DE L';;
536585622;28;10;2024;11:40;1;13;13047;1;1;1;5;RD 1569;;
536585623;4;12;2024;17:52;5;93;93006;2;1;1;6;GIRARDOT RUE;;
536585624;4;10;2024;22:35;5;12;12202;2;1;1;3;COMBAREL (RUE);;
536585625;3;12;2024;23:10;5;92;92078;2;3;1;2;EDOUARD MANET (RUE);;
536585626;3;10;2024;19:25;2;12;12202;2;1;1;2;DENYS PUECH (BOULEVARD);;
536585627;28;10;2024;15:43;1;75;75110;2;2;1;6;BOULEVARD DE STRASBOURG;;
536585628;4;12;2024;19:16;5;92;92073;2;3;1;4;GALLIENI (QUAI);;
536585629;27;10;2024;22:18;5;75;75106;2;3;1;1;BOULEVARD SAINT MICHEL;;
536585630;3;12;2024;19:00;5;92;92050;2;2;1;3;CLEMENCEAU GEORGES AVENUE N° PAIR;;
536585631;27;10;2024;21:25;5;75;75106;2;2;1;3;RUE SAINT SULPICE;;
536585632;4;12;2024;18:00;5;92;92048;2;2;1;3;BELGIQUE (RUE DE LA);;
536585633;28;10;2024;15:00;1;75;75117;2;1;1;6;RUE CARDINET;;
536585634;4;12;2024;18:30;5;92;92024;2;1;1;6;HUIT MAI 1945 (RUE DU);;
536585635;28;10;2024;17:04;2;75;75115;2;2;1;3;QUAI DE GRENELLE;;
536585636;4;12;2024;22:30;3;92;92023;2;1;1;2;GENERAL EISENHOWER (AVENUE);;
536585637;28;10;2024;20:30;5;75;75108;2;1;1;7;COURS ALBERT 1ER;;
536585638;28;10;2024;16:14;1;75;75107;2;2;1;3;PONT DE L ALMA;;
536585640;28;10;2024;18:25;5;75;75102;2;7;1;1;PLACE DES PETITS PERES;;
536585641;28;10;2024;15:50;1;94;94044;2;9;1;6;Rue du Tertre;;
536585642;27;10;2024;02:00;5;94;94074;2;6;1;6;rue LOUIS ARMAND;;
536585643;4;12;2024;07:40;3;54;54083;1;1;5;1;D914;;
536585644;28;10;2024;11:10;1;94;94073;2;1;5;2;Avenue de Fontainebleau;;
536585645;5;12;2024;08:50;1;47;47040;1;2;1;3;Avenue des Landes;;
536585646;28;10;2024;07:50;2;94;94022;2;1;5;2;Avenue de Lugo;;
536585647;27;10;2024;09:30;1;94;94019;2;1;8;6;Avenue de l’Hippodrome;;
536585648;28;10;2024;08:00;1;93;93078;2;2;8;3;COLBERT (AVENUE);;
536585649;28;10;2024;19:40;5;93;93051;2;3;1;6;LEO LAGRANGE;;
536585650;28;10;2024;08:45;1;93;93001;2;1;1;6;VICTOR HUGO (AVE)  => N° 129;;
536585651;28;10;2024;09:50;1;92;92040;2;1;1;3;CAMILLE DESMOULINS;;
536585652;28;10;2024;12:00;1;92;92024;2;1;1;4;JEAN JAURES (BD) DE 47 A 109)   (56 A 14;;
536585653;28;10;2024;21:05;3;92;92023;2;1;1;6;GENERAL EISENHOWER (AVENUE);;
536585654;28;10;2024;19:55;4;92;92012;2;1;1;3;QUATRE SEPTEMBRE (QUAI DU);;
536585655;28;10;2024;19:40;5;92;92004;2;1;1;2;INTERCOMMUNAL (B);;
536585656;28;10;2024;10:45;1;37;37010;1;1;5;1;Rue du 11 Novembre;;
536585657;28;10;2024;12:10;1;01;01207;1;1;1;1;D904 pK 016.000;;
536585658;29;10;2024;16:18;1;76;76377;1;1;1;6;A28;;
536585659;27;10;2024;18:15;2;71;71130;1;1;1;6;D187;;
536585661;29;10;2024;09:15;1;07;07302;1;1;5;5;D2;;
536585662;6;1;2024;08:20;1;63;63110;1;1;4;7;A89, pk 323+000;;
536585663;5;1;2024;04:15;3;30;30141;2;1;6;7;Route de Laudun;;
536585664;7;1;2024;15:30;1;62;62080;2;1;1;6;D917;;
536585665;6;1;2024;18:10;2;65;65460;1;1;1;6;D934;;
536585666;7;1;2024;15:00;1;32;32410;2;1;8;7;26 Rue de la République;;
536585667;7;1;2024;04:45;5;71;71522;1;1;2;6;999 Route de Cuisery;;
536585668;6;1;2024;18:00;5;63;63223;1;4;2;2;RD2144 / Lieu Dit la Baraque Brûlée;;
536585669;6;1;2024;20:55;3;63;63290;1;1;4;6;D90;;
536585670;7;1;2024;05:40;3;61;61394;1;1;1;6;D7;;
536585671;6;1;2024;23:50;3;47;47195;1;1;1;6;1512 Route d'Espiens;;
536585672;6;1;2024;15:25;1;68;68129;1;1;9;6;départementale D166;;
536585673;5;1;2024;12:00;1;22;22194;1;1;3;6;penn an ale;;
536585675;5;1;2024;18:30;3;29;29105;1;4;2;1;D30;;
536585676;5;1;2024;11:00;1;29;29105;2;6;2;7;Le Drennec;;
536585677;6;1;2024;17:45;3;58;58055;1;1;2;2;D981;;
536585678;6;1;2024;14:00;1;53;53153;1;1;2;4;RD 07 PK 35+500 croissant;;
536585679;4;1;2024;17:00;3;24;24459;1;3;1;3;Impasse de Montargille;;
536585680;6;1;2024;19:26;5;17;17243;1;1;1;3;Route de Montendre;;
536585681;7;1;2024;16:30;1;976;97602;1;1;1;1;RN1 Mtsahara;;
536585682;2;1;2024;08:05;2;89;89059;1;1;3;3;D77;;
536585684;7;1;2024;12:45;1;85;85155;1;1;1;2;130 Rue de la croisée;;
536585685;6;1;2024;17:10;1;44;44176;2;1;1;6;107 Rue du Docteur René Laënnec;;
536585686;6;1;2024;18:10;5;22;22225;2;1;1;2;Rue du Pavillon Bleu;;
536585687;5;1;2024;15:00;1;22;22136;2;6;2;2;Rue Arthur Enaud;;
536585689;6;1;2024;17:10;3;91;91471;1;1;1;6;RN 118;;
536585690;6;1;2024;14:00;1;94;94038;1;1;1;2;A6B;;
536585691;5;5;2024;23:00;5;31;31555;2;1;3;6;RTE DE SEYSSES;;
536585692;6;1;2024;00:50;3;78;78545;1;1;1;2;A12 W;;
536585693;6;5;2024;01:25;5;28;28209;2;1;2;7;RN 154;;
536585694;14;4;2024;00:50;3;27;27229;2;1;1;7;CITES UNIES (BOULEVARD DES);;
536585695;6;1;2024;16:00;1;93;93064;1;1;1;2;AUTOROUTE A86;;
536585696;6;5;2024;20:15;1;13;13001;2;2;8;6;FERRINI FORTUNE (AV);;
536585697;6;1;2024;10:20;1;95;95252;1;1;1;5;A15;;
536585698;6;5;2024;16:00;1;06;06069;2;1;1;3;144 Avenue Pierre Sémard;;
536585699;5;1;2024;20:30;3;92;92036;1;1;1;2;AUTOROUTE A86;;
536585700;6;5;2024;12:10;1;06;06030;2;1;2;3;482 Avenue General de Gaulle;;
536585701;6;1;2024;00:15;3;93;93048;1;1;1;2;AUTOROUTE A3;;
536585702;23;4;2024;08:20;1;05;05061;2;4;1;1;Route de Chabanas;;
536585703;5;1;2024;21:30;3;93;93066;1;1;1;2;AUTOROUTE A86;;
536585704;5;5;2024;05:30;5;75;75115;2;1;1;4;BD PERIPHERIQUE EXTERIEUR;;
536585705;6;5;2024;08:45;1;75;75119;2;1;1;2;BD PERIPHERIQUE EXTERIEUR;;
536585706;5;1;2024;13:50;1;93;93005;1;1;1;4;AUTOROUTE A3;;
536585707;6;5;2024;18:10;1;75;75120;2;3;1;6;BOULEVARD DE CHARONNE;;
536585708;6;5;2024;17:20;1;75;75120;2;1;1;1;COURS DE VINCENNES;;
536585709;5;1;2024;07:00;1;974;97411;2;2;1;3;JAURES (BOULEVARD JEAN);;
536585710;6;5;2024;21:30;3;75;75115;2;2;1;6;RUE DE LA CONVENTION;;
536585711;5;1;2024;18:20;1;974;97409;2;9;2;3;DE LA REPUBLIQUE(AVENUE);;
536585712;5;1;2024;07:55;1;974;97407;2;1;1;7;ROUTE DU SACRE COEUR;;
536585713;5;5;2024;14:10;1;75;75112;2;3;1;3;AVENUE DAUMESNIL;;
536585714;5;1;2024;08:30;2;69;69383;2;1;2;1;Avenue Félix Faure;;
536585715;6;5;2024;17:00;1;75;75110;2;3;1;3;BOULEVARD DE MAGENTA;;
536585717;5;1;2024;17:50;5;69;69382;2;9;1;6;Route de Métropole 7;;
536585718;6;5;2024;11:50;1;75;75107;2;3;1;3;QUAI D ORSAY;;
536585719;6;5;2024;04:45;5;75;75107;2;7;2;7;BOULEVARD DES INVALIDES;;
536585720;5;1;2024;13:50;1;971;97120;2;1;1;3;HANNE (BOULEVARD);;
536585721;2;5;2024;15:45;1;94;94081;2;1;1;6;Rue Julian Grimau;;
536585722;5;1;2024;08:40;1;91;91161;2;1;1;1;LONGJUMEAU (ROUTE DE);;
536585723;5;1;2024;14:55;1;91;91421;2;1;1;1;LOUIS ARMAND (RUE);;
536585724;5;5;2024;09:20;1;94;94080;2;1;2;2;Rue de Strasbourg;;
536585725;30;3;2024;21:35;3;51;51572;1;1;1;2;A4 PK 192+700;;
536585726;6;5;2024;19:56;1;94;94079;2;3;1;1;Avenue Lamartine / Avenue André Rouy;;
536585727;5;1;2024;20:40;4;84;84007;2;6;8;3;MARSEILLE (Route de );;
536585729;6;5;2024;13:10;1;94;94081;2;3;1;6;Boulevard de Stalingrad / Rue Germaine Tailleferre;;
536585730;5;1;2024;17:15;1;84;84007;2;1;1;3;AMANDIER (Avenue de l');;
536585731;30;3;2024;14:30;1;78;78537;1;1;1;6;Autoroute A10, PK 021+700 direction province;;
536585732;6;5;2024;17:00;1;94;94065;1;1;1;3;N186B;;
536585733;5;1;2024;15:15;1;81;81004;2;1;1;6;SAINT JUERY (AV DE) DU N° 1 AU N° 48;;
536585734;31;3;2024;04:00;3;987;98729;2;1;1;7;PK4.5 Maharepa;;
536585735;5;5;2024;19:02;1;94;94011;2;1;1;1;Route de Stains;;
536585736;6;1;2024;00:55;5;77;77288;1;9;1;2;MAINCY(BOULEVARD);;
536585737;30;3;2024;23:00;3;971;97115;1;1;1;6;Route de Routa D2;;
536585738;4;1;2024;19:25;5;77;77394;2;1;1;7;TROIS MOULINS  (DES);;
536585739;6;5;2024;23:00;5;93;93070;2;1;1;3;Rue Albert Dhalenne;;
536585740;31;3;2024;05:12;3;91;91671;1;1;5;6;D191;;
536585741;5;1;2024;18:05;4;72;72181;2;9;1;1;CD 139 (RTE DE LAIGNE);;
536585742;6;5;2024;18:40;1;93;93071;2;6;1;1;Avenue Lucie Aubrac / Avenue Henri Barbusse;;
536585743;5;1;2024;05:30;5;69;69286;2;1;1;7;Route de Genève;;
536585744;31;3;2024;12:55;1;34;34039;1;6;1;2;D613;;
536585745;6;5;2024;16:38;1;93;93046;2;1;1;2;Avenue du Consul General Nordling;;
536585746;5;1;2024;07:50;5;66;66136;2;3;8;3;Quai Sadi CARNOT;;
536585747;5;5;2024;22:15;3;93;93013;2;6;1;6;Carrefour Charles Lindbergh / A1;;
536585750;6;5;2024;09:35;1;92;92075;2;1;1;3;LARMEROUX (RUE);;
536585751;4;1;2024;23:20;3;64;64545;1;1;3;2;RD810;;
536585752;31;3;2024;07:30;2;53;53094;1;6;1;7;RD 910;;
536585753;5;5;2024;22:30;5;92;92023;2;1;1;7;GENERAL DE GAULLE (AV DU) N°130 A 340 ET;;
536585754;3;1;2024;16:15;1;62;62771;2;1;2;2;Rue Casimir Beugnet;;
536585755;5;1;2024;19:50;5;62;62178;2;1;1;6;D188;;
536585756;5;5;2024;22:25;5;92;92023;2;9;1;3;GENERAL DE GAULLE (AV DU) N°130 A 340 ET;;
536585757;30;3;2024;04:45;3;49;49023;2;1;1;6;Le Château de la Gautrêche (La Jubaudière);;
536585758;5;1;2024;14:30;1;62;62753;2;6;1;3;Rue des Rosati;;
536585759;6;5;2024;21:25;3;60;60040;1;2;1;3;Intersection D152 / D101;;
536585760;30;3;2024;18:00;1;94;94034;1;1;1;5;A86;;
536585761;5;1;2024;19:00;3;59;59284;1;9;2;3;CD 40;;
536585762;5;5;2024;16:55;1;35;35139;2;1;1;3;21 Rue du Point du Jour;;
536585763;30;3;2024;13:45;1;94;94021;1;1;1;6;A6A;;
536585764;5;1;2024;16:25;1;59;59426;2;1;2;6;TOURCOING (RUE DE);;
536585765;29;4;2024;10:30;1;47;47080;1;1;1;3;2490 route de villeréal;;
536585766;6;5;2024;08:15;1;71;71227;2;1;3;6;15 Rue Pierre et Marie Curie;;
536585767;30;3;2024;02:14;3;91;91689;1;1;2;2;AUTOROUTE A6B;;
536585768;5;1;2024;13:05;1;59;59599;2;1;2;3;Boulevard Gambetta;;
536585769;7;5;2024;00:20;3;95;95487;2;1;1;1;D4Z;;
536585770;29;3;2024;16:45;1;91;91161;1;1;2;2;AUTOROUTE A6;;
536585771;3;1;2024;13:00;1;57;57630;2;2;3;6;BELLEVUE (DE);;
536585772;4;5;2024;11:20;1;974;97422;2;1;1;6;8 Rue Jean de Fos du Rau;;
536585773;30;3;2024;10:18;1;78;78545;1;1;2;2;RN12;;
536585774;5;5;2024;14:40;1;01;01173;1;1;1;2;Route de la Faucille;;
536585775;5;1;2024;15:40;1;57;57751;2;1;1;2;FERDINAND SECHEHAYE (RUE );;
536585776;6;5;2024;18:55;1;68;68315;2;1;1;6;Rue de la Marne;;
536585777;30;3;2024;10:28;1;78;78206;1;1;2;2;A13;;
536585778;4;1;2024;12:25;1;54;54395;2;2;8;6;Rue Raymond Poincaré;;
536585779;5;5;2024;15:45;1;76;76228;1;1;1;7;rue des frenes;;
536585780;30;3;2024;00:50;3;95;95252;1;1;3;6;A15;;
536585781;5;1;2024;14:40;1;49;49007;2;1;1;3;MILLOT BOULEVARD JACQUES;;
536585782;7;5;2024;09:00;1;12;12120;1;1;3;1;Les Planquettes;;
536585783;29;3;2024;12:00;1;92;92036;1;1;1;4;AUTOROUTE A15;;
536585784;6;5;2024;17:50;1;68;68338;2;1;1;7;Chemin du Boland;;
536585785;5;1;2024;04:55;5;49;49007;2;1;1;6;FAURE QUAI;;
536585786;30;3;2024;17:33;1;77;77514;1;1;1;3;A104;;
536585787;7;5;2024;07:20;1;03;03048;1;1;8;2;D953;;
536585788;5;1;2024;14:55;1;45;45208;2;3;1;3;D961 PR 0 + 60;;
536585789;5;1;2024;10:45;1;45;45208;2;1;1;6;104 Rue André Coquillet;;
536585790;7;5;2024;07:45;1;01;01319;1;2;2;2;intersection route de Chapolard / RD 936;;
536585791;29;3;2024;21:20;5;974;97416;2;2;1;3;LEBLOND 1 (RUE MARIUS ET ARY);;
536585792;6;5;2024;07:30;1;14;14085;2;1;2;6;Route du Château Malou;;
536585793;6;5;2024;19:00;1;64;64405;1;1;1;3;4 Route de Lembeye;;
536585794;29;3;2024;22:05;5;974;97411;2;1;1;6;CAMELIAS (RUE DES);;
536585795;7;5;2024;16:55;1;43;43012;1;1;1;2;Route de Firminy;;
536585796;3;1;2024;13:15;1;39;39300;2;9;1;3;Route de Voiteur;;
536585797;29;3;2024;20:20;5;973;97302;2;1;2;3;14 ET 22 JUIN 1962;;
536585798;3;5;2024;19:50;1;36;36146;1;1;1;6;La Rouillere;;
536585799;2;1;2024;15:10;1;39;39300;2;3;1;3;445 Rue du Château d'Eau;;
536585800;29;3;2024;09:55;1;973;97302;1;1;2;3;MARINGOUINS (ROND-POINT);;
536585801;6;5;2024;17:00;1;24;24581;2;6;8;3;Place du 19 Mars 1962;;
536585802;29;3;2024;07:35;1;69;69383;2;2;1;6;Avenue Lacassagne;;
536585803;5;1;2024;20:45;5;35;35238;2;1;1;5;LORIENT (DE);;
536585804;7;5;2024;10:45;1;04;04088;2;1;1;6;457 Route de Mane;;
536585805;29;3;2024;13:35;1;972;97209;2;1;1;3;ARAWAKS (AVENUE DES);;
536585806;4;1;2024;17:58;2;34;34172;2;1;1;6;RAVAZ (AVENUE DU PROFESSEUR LOUIS;;
536585807;29;3;2024;11:00;1;69;69382;2;1;1;6;4 Place des Jacobins;;
536585808;6;5;2024;16:08;1;27;27630;1;1;1;1;D613;;
536585810;7;5;2024;14:00;1;37;37272;2;1;1;6;D7;;
536585811;29;3;2024;20:27;5;2B;2B037;2;2;1;3;TOUTES RUES;;
536585812;7;5;2024;09:50;1;48;48016;1;1;2;6;D31;;
536585813;28;3;2024;16:14;1;2B;2B033;2;3;1;6;TOUTES RUES;;
536585815;7;5;2024;11:09;1;95;95394;2;1;1;7;D44;;
536585816;28;3;2024;21:30;5;971;97101;1;1;1;6;LYCEE DE BAIMBRIDGE;;
536585818;4;5;2024;09:00;1;13;13069;2;6;1;2;D572;;
536585820;4;1;2024;19:55;5;30;30007;2;3;1;3;RENARD (RUE JULES);;
536585821;27;3;2024;18:45;1;91;91657;2;2;1;3;AV HENRI BARBUSSE;;
536585822;3;5;2024;20:40;3;06;06152;1;1;1;6;5157 Route du Parc;;
536585823;7;5;2024;12:30;1;42;42279;2;1;2;5;Boulevard Jean Jaurès;;
536585824;4;1;2024;12:00;1;27;27229;2;1;1;6;MENDES FRANCE (RUE PIERRE);;
536585825;29;3;2024;20:57;5;91;91228;2;3;3;3;RUE LEOPOLD SEDAR SENGHOR;;
536585826;7;5;2024;13:45;1;24;24291;1;1;1;1;Rd 704 PK055.696;;
536585827;28;3;2024;13:30;1;30;30351;2;1;1;7;Rue de la Monnaie;;
536585828;3;1;2024;16:20;1;21;21166;2;1;2;2;Avenue Roland Carraz;;
536585829;7;5;2024;11:20;1;38;38449;1;1;1;5;D76;;
536585830;5;1;2024;19:35;4;17;17300;2;1;1;6;Avenue Carnot;;
536585831;29;3;2024;13:25;1;83;83126;2;6;1;3;LA SEYNE A OLLIOULES (CHEMIN DE);;
536585832;5;1;2024;13:12;1;17;17300;2;1;1;7;COURBE   RUE DE LA PETITE;;
536585833;27;3;2024;19:50;5;83;83034;1;6;1;6;CD559;;
536585834;13;2;2024;13:30;1;978;97801;2;1;1;3;R DU PORT;;
536585835;5;1;2024;14:18;1;14;14366;2;1;1;3;24 Rue Roger Aini;;
536585836;6;5;2024;14:30;1;971;97124;1;1;1;6;Route de Bologne;;
536585837;5;1;2024;10:52;1;14;14118;2;6;1;1;53 Rue de Vaucelles;;
536585838;7;5;2024;11:50;1;83;83027;2;1;1;3;85 chemin de la cadiere à Bandol;;
536585839;29;3;2024;09:25;1;81;81163;2;9;1;1;FOCH;;
536585840;17;2;2024;18:30;2;51;51217;2;1;1;7;Rue du Bac;;
536585841;6;5;2024;09:50;1;57;57701;1;1;3;2;Départementale 6;;
536585842;17;2;2024;19:00;5;972;97214;2;1;1;1;Rue Capitaine Laine;;
536585843;6;5;2024;18:00;1;63;63038;1;1;2;7;D149;;
536585844;5;1;2024;12:45;1;13;13117;2;2;2;3;LONDRES (AVENUE DE);;
536585845;29;3;2024;00:35;5;81;81065;2;2;1;3;VITTOZ (BD.RAYMOND);;
536585846;18;2;2024;09:00;1;972;97221;1;6;1;3;Route Nationale Rn5 - Rond point PETIT BOURG;;
536585847;6;5;2024;16:00;1;38;38381;1;1;2;3;RD 1006;;
536585848;4;1;2024;20:16;3;13;13019;1;3;1;3;ROUTE D’APT;;
536585849;18;2;2024;14:10;1;51;51597;1;1;3;7;D22;;
536585850;28;3;2024;13:50;1;77;77152;1;1;1;2;D142;;
536585851;7;5;2024;17:05;1;27;27448;2;1;1;6;Rue Edouard Isambard;;
536585852;18;2;2024;02:15;5;59;59074;2;1;1;1;Rue Victor Hugo;;
536585853;28;3;2024;15:30;1;77;77251;2;1;1;6;RUE DE PARIS;;
536585854;5;1;2024;13:30;1;13;13215;2;1;3;5;SAINT ANTOINE A SAINT JOSEPH (CHEMIN DE);;