Num_Acc;jour;mois;an;hrmn;lum;dep;com;agg;int;atm;col;adr;lat;long
536585855;17;2;2024;16:00;1;19;19123;2;1;1;7;Rue Du Bac;;
536585856;6;5;2024;03:30;3;13;13211;1;1;8;7;A50-Sens Aubagne vers Marseille;;
536585857;2;5;2024;09:35;1;13;13216;1;1;2;1;A55-Sens Marseille vers Martigues;;
536585858;4;1;2024;12:28;1;10;10081;2;2;1;3;Rue Jules Ferry;;
536585859;18;2;2024;01:25;3;11;11018;1;1;1;6;Route départementale 119;;
536585860;5;5;2024;22:36;3;13;13001;1;1;1;1;A51-Sens Aix en Provence vers Marseille;;
536585861;18;2;2024;00:45;3;61;61501;1;1;1;6;D203;;
536585862;5;1;2024;09:40;1;75;75120;2;1;7;2;AVENUE CARTELLIER;;
536585864;4;5;2024;16:40;1;83;83144;1;1;1;5;A57;;
536585865;5;1;2024;13:25;1;75;75118;2;3;1;3;RUE ORDENER;;
536585866;29;3;2024;10:50;1;76;76216;2;1;1;3;Route de Dieppe;;
536585867;5;1;2024;10:20;1;75;75116;2;1;1;3;ECHANGEUR MAILLOT;;
536585868;3;5;2024;11:58;1;57;57162;1;1;1;6;RN 431;;
536585869;15;2;2024;04:29;3;25;25193;1;1;1;1;PK 004+900;;
536585870;4;1;2024;19:45;5;75;75116;2;1;2;6;ALLEE DE LONGCHAMP;;
536585871;28;3;2024;16:40;1;76;76351;2;2;1;6;SAINTE ADRESSE (DE);;
536585873;4;1;2024;14:00;1;75;75112;2;3;1;6;RUE SAINT NICOLAS;;
536585874;17;2;2024;23:55;3;29;29266;1;1;1;6;Markez;;
536585875;28;3;2024;18:45;1;76;76270;1;1;1;6;RD 6382;;
536585876;6;5;2024;03:50;3;91;91468;1;1;3;6;AUTOROUTE A6;;
536585877;5;1;2024;22:50;5;75;75111;2;1;1;6;BOULEVARD RICHARD LENOIR;;
536585878;18;2;2024;00:30;3;01;01232;1;1;1;7;Route de Louhans;;
536585879;28;3;2024;20:20;5;76;76447;2;1;1;6;VICTOR LESUEUR;;
536585880;5;5;2024;22:25;3;78;78322;1;1;1;6;A86 EXT;;
536585881;29;3;2024;05:02;2;72;72003;1;9;2;6;CHATELET (RUE DU);;
536585882;5;1;2024;18:00;5;75;75108;2;7;1;1;PLACE DE LA CONCORDE;;
536585884;5;5;2024;15:55;1;78;78640;1;1;2;6;RN12 INT;;
536585885;5;1;2024;13:10;1;75;75108;2;1;1;6;RUE BAYARD;;
536585886;5;5;2024;03:00;3;78;78640;1;1;1;6;N118;;
536585887;28;3;2024;21:30;5;72;72181;2;9;2;2;JAURES JEAN (AV) N° PAIRS 2 A 58;;
536585888;13;2;2024;10:00;1;10;10033;2;1;1;6;58 Rue Nationale;;
536585889;4;1;2024;17:16;5;75;75102;2;3;1;6;BOULEVARD DE SEBASTOPOL;;
536585890;17;2;2024;22:55;3;07;07053;2;9;1;7;D 208;;
536585891;4;5;2024;19:20;1;92;92036;1;1;1;2;A86;;
536585892;29;3;2024;08:22;1;69;69256;2;1;6;3;Avenue Roger Salengro;;
536585893;17;2;2024;11:15;1;07;07132;2;1;1;7;Avenue Félicien Blanc;;
536585894;29;3;2024;13:30;1;69;69271;1;1;1;6;Boulevard des Expositions;;
536585895;5;1;2024;12:35;1;94;94068;2;2;1;6;Avenue du Docteur Calmette / Avenue Faidherbe;;
536585896;4;5;2024;14:10;1;78;78242;1;1;2;2;A12 Y;;
536585897;12;2;2024;12:15;1;85;85090;2;2;2;7;RD64;;
536585898;18;2;2024;19:00;2;85;85197;1;1;2;6;le grand village;;
536585899;29;3;2024;16:15;1;64;64445;2;1;2;6;HENRI FAISANS;;
536585900;5;1;2024;11:25;1;94;94068;2;2;1;3;Avenue Gambetta / Boulevard de Créteil;;
536585901;6;5;2024;11:00;2;95;95277;1;1;1;5;A3;;
536585902;29;3;2024;09:35;1;64;64445;2;1;8;3;GENERAL DE GAULLE DU;;
536585903;17;2;2024;06:00;5;27;27467;2;3;2;1;rue de la république;;
536585904;5;1;2024;00:20;5;94;94052;2;9;1;1;Boulevard Albert 1er / Grande Rue Charles de Gaulle;;
536585905;27;3;2024;16:00;1;64;64024;2;1;1;2;BIARRITZ (AVENUE DE);;
536585906;16;2;2024;15:25;1;17;17287;2;1;1;6;avenue du prunus;;
536585907;4;1;2024;22:20;5;94;94076;2;2;1;3;Avenue de la République / Rue de Verdun;;
536585908;29;3;2024;06:00;5;63;63113;2;1;2;3;LAGARLAYE (RUE DE);;
536585909;15;2;2024;16:55;1;37;37249;1;2;1;3;CD 959;;
536585910;5;1;2024;20:15;3;94;94034;2;1;2;6;Avenue du Parc des Sports;;
536585911;6;5;2024;08:55;1;93;93005;1;1;1;3;A3;;
536585913;14;3;2024;09:15;1;62;62413;2;1;1;6;D162E1;;
536585914;5;1;2024;09:00;1;94;94053;2;2;1;3;Avenue Pierre Mendès France / Rue Condorcet;;
536585915;6;5;2024;18:12;1;94;94074;1;1;1;2;N406;;
536585916;17;2;2024;11:00;1;67;67324;2;1;1;6;16 Rue de la Republique;;
536585917;4;1;2024;07:25;5;94;94017;2;6;2;3;Rue Carpeaux / Avenue Salvador Allendé;;
536585918;29;3;2024;18:49;1;59;59599;2;2;1;2;Chaussée Gramme;;
536585919;4;5;2024;17:30;1;974;97411;2;2;1;1;BOIS DE NEFLES (ROUTE DE);;
536585920;5;1;2024;17:00;5;93;93078;2;3;1;6;Avenue Charles de Gaulle / Avenue Du General Leclerc;;
536585921;5;5;2024;11:20;1;974;97409;2;1;1;2;ILE DE FRANCE(AVENUE);;
536585922;18;2;2024;12:00;1;973;97302;2;1;1;2;Route de Montjoly;;
536585923;5;1;2024;19:00;5;93;93072;2;3;1;3;Avenue de Stalingrad / Rue des Huleux;;
536585924;29;3;2024;09:15;1;59;59508;2;2;1;6;HALLUIN (BOULEVARD D');;
536585925;18;2;2024;18:25;3;82;82125;1;1;1;6;A62 PK 186+000;;
536585926;5;5;2024;20:05;5;974;97407;2;2;1;1;CARPAYE(AVENUE);;
536585927;29;3;2024;17:00;1;59;59350;2;9;1;6;Rue de la Cité;;
536585928;5;1;2024;16:20;2;93;93048;2;2;1;3;Avenue Ernest Savart / Rue Des Chantereines;;
536585929;4;1;2024;21:30;5;93;93030;2;1;1;6;Rue Louise Michel;;
536585930;28;3;2024;17:30;1;59;59024;2;1;1;3;DOUAI (RUE DE);;
536585931;5;5;2024;20:40;5;69;69383;2;1;1;6;Rue du Dauphiné;;
536585932;17;2;2024;15:08;1;06;06085;1;1;7;6;A8, PK 168.400 chaussée sud;;
536585933;5;1;2024;18:40;5;92;92026;2;1;1;2;LEVALLOIS (PONT DE);;
536585934;5;1;2024;08:30;1;92;92025;2;3;1;3;STALINGRAD (AV DE);;
536585935;17;2;2024;17:45;1;51;51562;1;1;1;2;Autoroute A.34, barrière de péage de TAISSY, sens METZ PARIS;;
536585936;5;5;2024;14:45;1;69;69386;2;4;1;3;Rue des Emeraudes;;
536585937;5;1;2024;09:50;1;92;92012;2;9;1;3;ALPHONSE LE GALLO (QUAI) 35/FIN;;
536585938;5;5;2024;07:00;1;69;69383;2;3;2;3;Cours Docteur Long;;
536585939;17;2;2024;21:45;3;973;97311;1;1;1;1;Route de St Jean;;
536585940;28;3;2024;17:25;1;54;54395;2;1;1;3;Rue de Laxou;;
536585941;5;1;2024;17:15;1;85;85126;1;3;1;3;RD 206, pk 007.500;;
536585942;5;5;2024;11:30;1;972;97209;2;1;1;3;CHATEAUBOEUF (ROUTE DE);;
536585943;17;2;2024;17:00;1;973;97305;1;1;1;2;Route Nationale 1;;
536585944;4;5;2024;19:05;3;972;97209;2;1;1;6;BISHOP (Avenue Maurice);;
536585945;17;2;2024;17:50;1;91;91630;2;1;1;7;MALNUIT (4 CHEMIN DE);;
536585946;28;3;2024;14:00;1;54;54300;2;1;1;6;Rue Lucien Galtier;;
536585947;5;1;2024;17:30;2;28;28158;1;2;1;3;D821;;
536585948;6;1;2024;09:45;1;29;29068;1;1;4;6;RN12;;
536585949;17;2;2024;20:13;3;78;78171;1;9;1;6;D936;;
536585950;29;3;2024;17:30;2;54;54525;1;1;1;2;D125;;
536585951;5;1;2024;10:34;1;17;17142;2;1;7;6;Rue de l'Adjudant Galland;;
536585952;27;3;2024;12:20;1;52;52121;2;1;1;3;FERRY (RUE JULES);;
536585953;18;2;2024;13:10;1;84;84106;1;1;1;6;D976;;
536585955;5;5;2024;18:30;1;2A;2A004;2;9;1;4;#MEZZAVIA ROUTE DE#;;
536585956;17;2;2024;21:05;3;84;84049;1;1;1;6;D7;;
536585957;29;3;2024;21:45;5;51;51454;2;7;3;1;ROYAL (PLACE);;
536585958;5;1;2024;14:45;1;41;41278;1;1;1;7;Les Petits Perrets;;
536585959;10;6;2024;17:47;1;64;64125;2;1;1;2;BAYONNE (AVENUE DE);;
536585960;5;5;2024;11:40;1;2A;2A004;2;3;1;3;ROUTE DU STILETTO;;
536585961;26;3;2024;18:05;1;50;50129;2;2;1;3;ATLANTIQUE (BOULEVARD DE L');;
536585962;5;5;2024;12:30;1;95;95582;2;9;1;1;D909;;
536585963;5;1;2024;14:20;1;82;82037;1;1;1;6;Route de Puylaroque;;
536585964;17;2;2024;18:45;5;54;54215;2;3;1;3;41 Rue de Metz;;
536585965;11;6;2024;10:14;1;63;63014;2;1;2;3;COURNON (AVENUE DE);;
536585966;29;3;2024;12:30;1;49;49007;2;1;1;6;SAINT LEONARD;;
536585967;3;5;2024;17:05;1;95;95127;2;1;2;6;OISE (BOULEVARD DE L');;
536585969;11;6;2024;15:10;1;62;62193;2;1;1;6;Rue de l’Equateur;;
536585970;18;2;2024;15:32;1;38;38320;1;3;1;3;intersection entre la D1075 et la D52N;;
536585971;29;3;2024;12:20;1;45;45234;2;3;2;3;47 Rue du Bourdon Blanc;;
536585972;18;2;2024;14:15;1;24;24068;1;1;1;6;Route de Bergerac;;
536585973;3;1;2024;12:00;1;63;63457;1;1;1;6;Route d'Ambert;;
536585974;11;6;2024;19:05;1;59;59512;2;1;1;6;Avenue Jean Lebas;;
536585975;17;2;2024;19:55;5;76;76222;2;2;1;3;Avenue du Président Coty;;
536585976;5;1;2024;23:07;3;54;54046;1;1;1;6;RD11;;
536585977;28;3;2024;18:10;1;41;41018;2;3;1;3;BAUDET (RUE ETIENNE) 1;;
536585978;5;5;2024;16:40;1;84;84007;1;1;1;4;EUROPE (Pont de l');;
536585979;6;1;2024;12:20;1;14;14090;1;1;2;6;D562;;
536585980;10;6;2024;17:10;1;59;59041;2;1;1;2;GUSSIGNIES (RUE DE);;
536585981;28;3;2024;15:30;1;41;41018;2;1;2;3;BRIAND (QUAI ARISTIDE);;
536585982;5;5;2024;01:15;3;78;78227;1;1;1;1;CD 922;;
536585983;17;2;2024;05:15;3;13;13106;1;1;1;5;A7-Sens Marseille vers Lyon;;
536585984;6;1;2024;13:27;1;05;05068;1;1;1;1;D900b;;
536585985;10;6;2024;16:52;1;59;59009;2;3;1;6;Rue du Podium;;
536585986;28;3;2024;10:45;1;41;41018;2;1;1;6;MERMOZ (RUE JEAN);;
536585987;5;5;2024;16:10;1;78;78423;2;1;2;2;TILLEULS (MAIL DES);;
536585988;5;1;2024;15:00;1;45;45182;2;1;1;2;D15 PR 22 + 468;;
536585989;5;5;2024;18:55;1;71;71153;2;1;3;6;ABATTOIRS (boulevard des);;
536585990;17;2;2024;00:30;3;13;13211;1;1;1;5;A50-Sens Aubagne vers Marseille;;
536585991;10;6;2024;09:35;1;59;59286;2;1;3;6;LHERMITTE FIDELE RUE;;
536585993;28;3;2024;12:50;1;40;40192;2;1;1;1;PEMEGNAN (CHEMIN DE);;
536585994;14;2;2024;16:15;1;57;57582;1;1;1;7;Autoroute A30;;
536585995;5;5;2024;05:15;5;69;69264;2;1;2;3;Boulevard Burdeau;;
536585996;5;1;2024;20:15;3;21;21416;1;6;1;7;D701;;
536585997;29;3;2024;13:45;1;38;38185;2;1;8;2;RUE ÉMILE GUEYMARD;;
536585998;11;6;2024;08:10;1;56;56260;2;1;1;3;Rue du R.I.C.M;;
536585999;5;5;2024;06:10;2;69;69092;1;1;2;3;Rue de Tarare;;
536586000;5;1;2024;14:03;1;27;27547;1;1;2;1;rue de la croix de fer;;
536586003;4;5;2024;10:00;1;69;69264;2;1;8;3;Rue Pierre Berthier;;
536586004;11;6;2024;11:20;1;54;54329;2;1;1;3;Avenue de la Libération;;
536586005;5;1;2024;19:50;5;37;37173;2;4;2;1;Rue des Acacias;;
536586006;29;3;2024;21:00;5;35;35238;2;1;1;5;VERN (DE);;
536586007;6;1;2024;10:15;1;30;30259;2;1;1;1;2052 Route de Nîmes;;
536586008;4;5;2024;16:15;1;62;62193;2;1;1;2;Avenue Roger Salengro;;
536586009;17;2;2024;12:40;1;92;92002;1;1;1;4;RN 385;;
536586010;11;6;2024;08:00;1;54;54273;2;1;7;1;Rue Victor Hugo;;
536586011;29;3;2024;13:50;1;34;34172;2;1;1;6;GRAND SAINT JEAN (RUE DU);;
536586012;17;2;2024;15:25;1;92;92050;1;1;1;2;A14;;
536586013;6;1;2024;01:30;3;30;30284;1;1;1;3;N106;;
536586014;5;5;2024;17:25;1;59;59350;2;5;1;3;Place Antoine Tacq;;
536586015;6;1;2024;11:30;1;88;88099;2;6;2;6;1 Rue Nicolas Barry;;
536586016;29;3;2024;12:00;1;34;34172;2;1;1;3;CROIX CAPITAINE (AVENUE DE LA);;
536586017;17;2;2024;13:35;1;92;92064;1;1;1;4;A13;;
536586018;10;6;2024;15:25;1;49;49246;2;1;1;4;GAULLE RUE CHARLES DE;;
536586019;4;5;2024;17:20;1;56;56260;2;6;1;3;Rue Jean Martin;;
536586020;5;1;2024;12:40;1;68;68375;1;9;1;3;Rue d'Ensisheim;;
536586021;29;3;2024;13:55;1;34;34172;2;1;7;6;PONT DE LAVERUNE (RUE DU);;
536586022;4;5;2024;19:30;1;45;45004;1;1;2;6;D2007 PR 27 + 1261;;
536586023;17;2;2024;02:25;4;95;95277;1;1;1;2;D170;;
536586024;10;6;2024;08:45;1;49;49246;2;1;1;3;HUGO VICTOR RUE;;
536586025;6;1;2024;11:35;1;01;01115;1;1;1;2;A40, pk 185.000, direction GENEVE;;
536586026;5;5;2024;09:00;1;42;42218;2;1;1;6;Avenue de Rochetaillée;;
536586027;29;3;2024;16:50;1;31;31555;2;3;1;3;ALL FORAIN FRANCOIS VERDIER;;
536586028;5;1;2024;20:30;5;69;69268;1;1;1;2;Avenue du General Brosset;;
536586029;11;6;2024;17:25;1;47;47031;2;1;1;3;Avenue de Bigorre;;
536586030;17;2;2024;17:00;1;94;94017;1;1;1;4;A4;;
536586031;29;3;2024;00:35;5;31;31555;2;3;1;3;AV ETIENNE BILLIERES;;
536586032;11;6;2024;08:30;1;45;45004;2;1;1;3;43 Rue des Écoles;;
536586033;2;1;2024;00:45;3;28;28199;1;1;6;4;Autoroute A10;;
536586034;4;5;2024;16:00;1;37;37261;2;1;2;2;MALRAUX (QUAI ANDRE);;
536586035;17;2;2024;06:45;3;94;94075;1;1;1;3;N19;;
536586036;5;6;2024;17:15;1;42;42207;2;1;1;6;Route du Coin;;
536586037;29;3;2024;14:50;1;29;29232;2;6;2;2;Rond-Point de Troyalac'h;;
536586039;5;1;2024;22:50;3;38;38029;1;1;2;1;A43;;
536586040;5;1;2024;18:55;3;76;76391;1;1;8;7;A13;;
536586041;29;3;2024;17:45;1;29;29019;2;3;1;3;QUELIVERZAN;;
536586043;29;3;2024;14:00;1;27;27229;2;1;1;6;MONNET (RUE JEAN);;
536586044;6;1;2024;05:40;1;988;98821;1;2;1;1;Tribu de Bangou - Terre coutumière;;
536586045;16;2;2024;10:15;1;988;98818;2;1;1;5;RUE ANDRE DE BECHADE;;
536586046;5;1;2024;16:00;1;978;97801;2;1;1;6;R LADY FISH;;
536586047;29;3;2024;19:00;1;25;25056;2;6;8;6;LANGUEDOC RUE DU;;
536586048;22;5;2024;17:35;1;42;42218;2;3;1;5;Avenue de Rochetaillée;;
536586049;14;2;2024;12:10;1;974;97411;2;3;1;6;ANNE (SAINTE-);;
536586050;5;1;2024;23:55;5;13;13104;2;3;2;3;Boulevard Neptune;;
536586051;5;5;2024;20:20;1;26;26362;2;1;1;7;Avenue du Tricastin;;
536586052;3;1;2024;17:50;3;77;77084;1;9;3;7;D3e;;
536586053;29;3;2024;04:45;5;13;13208;2;2;1;3;PRADO (AVENUE DU);;
536586054;6;1;2024;14:00;1;52;52449;1;1;2;7;D17;;
536586055;16;2;2024;20:50;3;974;97407;2;1;1;5;ROUTE DU SACRE COEUR;;
536586056;5;1;2024;10:45;1;68;68287;1;1;1;6;D83;;
536586057;10;6;2024;18:45;1;42;42218;2;1;1;6;Place Louis Comte;;
536586058;28;3;2024;11:30;1;13;13207;2;2;1;3;Corniche John Fitzgérald Kennedy;;
536586059;16;2;2024;21:20;5;973;97302;2;2;1;3;MANDELA  (BOULEVARD);;
536586060;6;1;2024;11:00;1;63;63226;1;1;2;3;D1;;
536586061;25;4;2024;05:54;2;22;22113;2;6;2;6;R.D.767;;
536586062;5;1;2024;17:40;2;26;26038;1;1;2;1;D67;;
536586063;16;2;2024;15:26;1;973;97302;2;2;1;3;ROUGET DE L ' ISLE;;
536586064;11;6;2024;13:15;1;41;41018;2;1;1;3;MAUNOURY (AVENUE DE MARECHAL);;
536586065;6;1;2024;18:26;5;60;60009;2;1;2;6;Avenue Paul Greber;;
536586066;4;5;2024;15:10;1;22;22113;1;1;1;3;R.D.767;;
536586067;16;2;2024;19:45;5;69;69387;2;9;1;3;Rue Michel Felizat;;
536586068;29;2;2024;08:05;1;13;13063;2;1;1;2;MARECHAL JUIN AVENUE;;
536586070;11;6;2024;10:15;1;37;37122;2;1;1;2;JEAN JAURES;;
536586071;4;1;2024;19:37;3;13;13117;1;1;1;2;A7-Sens Marseille vers Lyon;;
536586072;5;1;2024;13:20;1;83;83144;1;1;2;6;A57;;
536586073;29;3;2024;13:45;1;13;13063;2;1;1;3;ARISTIDE BRIAND BOULEVARD;;
536586074;16;2;2024;15:15;1;69;69386;2;2;1;3;Rue Bossuet;;
536586075;5;5;2024;05:40;3;13;13043;2;1;1;4;FRANCOIS MITTERAND (AV );;
536586076;3;1;2024;18:30;2;69;69297;1;1;1;5;Autoroute 7;;
536586077;16;2;2024;14:25;1;69;69388;2;8;1;6;Avenue Rockefeller;;
536586079;4;5;2024;23:40;5;13;13214;2;3;1;3;EDOUARD CALVET (RUE);;
536586081;5;5;2024;09:35;1;06;06030;2;1;1;6;21 Avenue des Ecoles;;
536586082;12;7;2024;18:13;5;987;98735;2;1;2;4;POMARE (BVD);;
536586083;4;5;2024;18:55;1;06;06155;2;3;1;3;1 Avenue de la Gare;;
536586084;16;2;2024;15:49;1;69;69385;2;1;1;3;140 Avenue Barthélémy Buyer;;
536586085;3;5;2024;23:00;5;01;01283;2;1;1;6;VERDUN (COURS DE DU 59-86 AU 151);;
536586086;12;7;2024;18:10;5;987;98735;2;1;2;2;POMARE (BVD);;
536586087;5;5;2024;10:40;1;75;75120;2;1;2;6;BD PERIPHERIQUE INTERIEUR;;
536586089;29;3;2024;08:50;1;11;11069;2;9;1;6;42 Rue Alexandre Guiraud;;
536586090;4;5;2024;14:22;1;75;75120;2;3;1;6;BOULEVARD DAVOUT;;
536586092;5;1;2024;18:50;3;91;91136;1;1;1;2;AUTOROUTE A10;;
536586093;29;3;2024;16:00;1;08;08105;2;1;1;6;CARNOT AVENUE;;
536586094;5;5;2024;12:20;1;75;75120;2;3;1;3;RUE DE BAGNOLET;;
536586095;13;7;2024;13:00;1;976;97611;2;1;1;2;mgombani-Mahabou (rue de );;
536586096;5;1;2024;17:25;3;91;91549;1;1;2;4;RN 104;;
536586097;5;5;2024;20:50;2;75;75115;2;3;1;7;BOULEVARD DE GRENELLE;;
536586098;16;2;2024;13:50;1;69;69382;2;3;1;3;Quai Docteur Gailleton;;
536586099;29;3;2024;09:50;1;07;07102;2;2;1;3;CURIE (>RUE PIERRE)[N° AU N°];;
536586100;5;5;2024;07:50;1;75;75113;2;3;2;2;RUE DU DESSOUS DES BERGES;;
536586101;11;6;2024;20:10;1;35;35238;2;3;1;3;VOLTAIRE (BD);;
536586102;5;1;2024;08:15;3;78;78362;1;1;1;5;A13;;
536586103;5;5;2024;23:40;5;75;75110;2;1;1;6;RUE DU FAUBOURG SAINT MARTIN;;
536586104;29;3;2024;12:00;1;01;01283;2;9;1;6;ROSES (RUE DES);;
536586105;12;7;2024;16:30;1;974;97411;1;9;1;3;LITTORAL (ROUTE 1 DU);;
536586106;5;5;2024;02:45;5;75;75109;2;3;1;7;RUE DES MARTYRS;;
536586107;4;1;2024;18:45;5;92;92051;1;1;1;2;RN13;;
536586108;14;2;2024;09:45;1;971;97107;2;1;1;6;DUMANOIR ( ALLEE );;
536586109;5;5;2024;02:35;5;75;75102;2;2;1;1;RUE D ABOUKIR;;
536586110;30;3;2024;06:00;2;11;11174;1;9;1;6;route départementale 101;;
536586111;13;7;2024;19:41;5;973;97302;1;6;1;3;MARINGOUINS (ROND-POINT);;
536586112;4;1;2024;14:28;1;92;92050;1;1;8;3;A14;;
536586113;4;5;2024;23:10;5;75;75103;2;3;1;3;RUE SAINT MARTIN;;
536586114;16;2;2024;10:10;1;95;95218;2;9;2;6;SALVADOR ALLENDE (RUE);;
536586115;3;1;2024;18:37;3;78;78646;1;1;8;3;RN12;;
536586116;11;6;2024;17:25;1;35;35238;2;3;1;3;LORIENT (DE);;
536586117;30;3;2024;14:50;1;06;06161;2;2;2;3;665 Boulevard Nationale 7;;
536586118;16;2;2024;12:45;1;91;91657;2;1;2;6;HENRI CHARON (AVENUE);;
536586119;11;6;2024;16:40;1;35;35238;2;1;1;2;BULGARIE (BD DE);;
536586120;4;1;2024;07:40;3;92;92064;1;1;1;4;A13;;
536586122;5;4;2024;00:30;5;93;93064;2;2;1;7;Avenue du Général de Gaulle / Rue Guichard;;
536586123;13;7;2024;10:20;1;973;97302;2;3;1;1;FLAMBOYANTS (RUE DES);;
536586124;15;2;2024;20:00;2;91;91114;2;1;1;1;SOULINS (RUE DE);;
536586125;4;1;2024;14:10;1;976;97611;1;1;2;3;m'tsapere-Nationale 2 (route);;
536586126;11;6;2024;15:45;1;35;35281;1;1;1;6;PORTE DE ST NAZAIRE;;
536586127;30;3;2024;09:10;1;81;81222;2;2;1;6;Avenue Fernand Grimal;;
536586128;3;1;2024;18:10;1;974;97416;2;1;1;6;VIEUX GOUVERNEMENT(RUE DU);;
536586129;23;9;2024;02:50;4;14;14574;1;3;2;6;Route du Pré d'Auge;;
536586130;13;7;2024;01:30;5;973;97302;2;3;1;3;GALMOT (AVENUE);;
536586131;30;3;2024;06:50;2;63;63001;1;1;2;7;D2009;;
536586132;5;5;2024;01:20;5;93;93064;2;3;1;6;Rue Jules Guesde / Rue Laënnec;;
536586133;11;6;2024;09:00;1;35;35238;2;1;1;3;GROS MALHON (AVENUE);;
536586134;16;2;2024;14:50;1;91;91326;2;9;2;6;JEAN DANAUX (RUE);;
536586135;24;9;2024;00:01;3;13;13117;2;1;1;6;STADIUM (CD9);;
536586136;3;1;2024;11:45;1;974;97411;2;2;1;3;AUBER (RUE JULES);;
536586137;24;3;2024;14:15;1;64;64288;1;6;1;7;CD817;;
536586138;5;5;2024;05:30;5;93;93066;2;1;1;6;Rue Danielle Casanova;;
536586139;12;2;2024;08:40;1;91;91174;2;1;1;6;COMBES MARNES (BOULEVARD);;
536586140;13;7;2024;16:30;1;69;69386;2;2;9;3;Avenue de Grande-Bretagne;;
536586141;4;1;2024;20:25;3;974;97407;1;1;1;6;ROUTE NATIONALE N° 1;;
536586142;23;9;2024;22:49;5;13;13211;2;1;1;1;POMME (BOULEVARD DE LA );;
536586143;29;3;2024;08:15;1;22;22305;1;1;2;2;RN 12 PR 07+400;;
536586144;5;5;2024;12:10;1;93;93008;2;3;1;2;Avenue Henri Barbusse / Rue de la Purée;;
536586145;11;6;2024;08:45;1;35;35238;2;1;1;2;MIRABEAU;;
536586146;13;7;2024;05:08;5;2B;2B037;1;1;1;7;TOUTES RUES;;
536586147;23;9;2024;08:10;1;13;13047;1;1;1;3;RN 569;;
536586148;4;1;2024;19:35;5;973;97302;2;1;1;1;RABAN (ROUTE DE);;
536586149;5;5;2024;21:17;2;92;92062;2;1;9;2;EICHENBERGER (RUE);;
536586150;15;2;2024;19:50;5;84;84007;1;2;1;3;MORIERES (Route de );;
536586151;30;3;2024;15:40;1;62;62526;1;1;7;1;N42;;
536586152;9;7;2024;22:12;5;971;97101;1;1;1;3;AMEDEE ABARRE - SALLE D'ASILE (RUE);;
536586153;4;1;2024;18:45;3;973;97302;2;1;1;3;REPUBLIQUE (BD DE LA);;
536586154;23;9;2024;12:30;1;07;07102;2;1;1;2;CHARLES DE GAULLE (BOULEVARD);;
536586155;5;5;2024;17:20;1;92;92048;2;9;2;3;DOCTEUR ARNAUDET (RUE DU);;
536586156;11;6;2024;08:00;1;35;35238;1;1;1;4;RN136;;
536586157;16;2;2024;21:15;5;83;83137;2;1;1;6;BRIAND (AVE ARISTIDE DE 1221 A FIN;;
536586158;5;5;2024;10:15;1;2A;2A212;1;1;1;7;RD 81;;
536586159;13;7;2024;05:31;2;95;95585;2;2;1;1;D208;;
536586160;30;3;2024;10:47;1;71;71294;2;1;2;3;142 Grande Rue;;
536586161;23;9;2024;13:35;1;07;07102;2;6;1;3;MISTRAL (PONT FREDERIC);;
536586162;18;8;2024;22:55;3;77;77291;1;1;1;6;N1104;;
536586163;26;4;2024;15:00;1;40;40304;2;4;1;1;Rue des Gemmeurs;;
536586164;4;1;2024;17:30;1;973;97302;2;1;1;5;CABASSOU (ROUTE DE);;
536586165;10;6;2024;17:30;1;35;35115;2;1;1;2;VERRERIE (AVENUE DE LA);;
536586166;23;9;2024;07:55;1;07;07281;1;1;8;6;C.D.533;;
536586167;16;2;2024;12:45;1;83;83137;2;1;1;6;ESCARTEFIGUE (CORNICHE DU 746 A FIN;;
536586168;13;7;2024;19:15;1;91;91228;2;1;1;3;BD DES COQUIBUS;;
536586169;5;1;2024;01:45;5;69;69386;2;1;1;6;Cours Vitton;;
536586170;6;5;2024;08:05;1;26;26337;1;1;2;3;A7- PK 097+200- sens Sud/Nord;;
536586171;24;3;2024;10:00;1;63;63283;2;1;1;6;Rue Saint-Michel;;
536586172;14;2;2024;22:00;5;80;80021;2;1;1;6;317 Rue de Verdun;;
536586173;5;7;2024;05:00;2;91;91521;2;9;1;6;LIBERATION (AVENUE DE LA) N°28 A 84;;
536586174;4;1;2024;17:50;1;69;69388;2;1;1;2;Rue Challemel Lacour;;
536586175;5;5;2024;20:00;2;86;86070;2;1;2;6;Place du Marche;;
536586176;23;9;2024;08:00;1;75;75119;2;1;2;3;BD PERIPHERIQUE EXTERIEUR;;
536586178;30;3;2024;10:00;1;55;55157;1;1;8;6;D331;;
536586179;6;5;2024;07:00;1;62;62063;2;1;2;6;D339;;
536586180;3;1;2024;12:19;1;972;97209;2;1;1;6;ERNEST DEPROGE (RUE);;
536586181;15;2;2024;11:10;1;78;78372;1;1;1;3;SAINT CYR (ROUTE DE);;
536586182;17;8;2024;09:00;1;973;97302;2;3;1;3;RABAN (ROUTE DE);;
536586183;23;9;2024;07:42;2;75;75120;2;1;2;3;AVENUE IBSEN;;
536586184;30;3;2024;15:15;1;44;44007;1;1;1;3;5 les 4 Routes;;
536586185;5;5;2024;18:20;1;62;62134;2;1;2;1;D216;;
536586186;16;2;2024;16:15;1;77;77243;2;1;1;6;MAL DE LATTRE DE TASSIGNY (AVENUE DU);;
536586187;13;7;2024;08:23;1;83;83123;1;3;1;5;TOULON (ANCIEN CHEMIN DE);;
536586188;3;1;2024;18:50;3;972;97209;1;4;1;3;RD 41 (ROCADE);;
536586189;23;9;2024;18:15;1;75;75119;2;1;2;7;RUE DE CRIMEE;;