Num_Acc;jour;mois;an;hrmn;lum;dep;com;agg;int;atm;col;adr;lat;long
536587523;22;6;2024;00:45;3;974;97409;1;1;1;6;CLOVIS(RUELLE);;
536587524;22;9;2024;19:15;1;32;32335;1;1;1;7;D105;;
536587525;25;5;2024;16:30;1;69;69267;1;4;1;3;Route d’Avenas;;
536587526;18;8;2024;11:40;1;10;10053;1;1;1;2;Bouranton;;
536587527;16;6;2024;04:50;3;974;97409;1;1;3;7;RN2 DIRECTION ST BENT SORTIE PETIT BAZAR;;
536587528;12;7;2024;08:45;1;35;35238;2;9;1;3;LECLERC (AVENUE DU GENERAL);;
536587529;3;12;2024;21:40;3;86;86082;1;1;1;6;D27;;
536587530;17;8;2024;18:25;2;973;97307;1;3;1;1;carrefour route de la Distillerie / La Matourienne;;
536587531;22;9;2024;13:23;1;71;71410;1;1;2;5;1390 Route de Tronchy;;
536587532;11;6;2024;15:50;1;84;84043;1;1;1;6;Avenue de Bédarrides;;
536587533;12;7;2024;17:46;1;34;34172;2;2;1;3;SORBES (RUE DE LAS;;
536587534;2;12;2024;10:15;1;25;25453;1;2;1;3;D31;;
536587535;26;10;2024;02:30;5;987;98736;2;1;1;7;RAAURI TEMATAFAARERE (RUE);;
536587536;26;10;2024;19:40;5;974;97411;2;2;1;6;GARE (DE LA);;
536587537;16;8;2024;17:54;1;03;03075;1;1;1;4;A71 PK 334+700;;
536587538;3;12;2024;18:50;5;31;31455;2;1;1;6;D627;;
536587539;26;10;2024;20:30;5;973;97302;2;1;1;2;MONTABO (ROUTE DE) 3;;
536587540;26;10;2024;11:10;2;973;97309;2;1;1;7;TIGRE (ROUTE DU);;
536587541;22;9;2024;20:50;5;63;63378;2;1;1;6;15 Route des Chanvres;;
536587542;18;8;2024;18:25;1;42;42279;2;4;1;5;Rue Crozet Fourneyron;;
536587543;23;11;2024;13:30;1;38;38070;1;1;1;1;D10a;;
536587544;23;9;2024;09:40;1;38;38261;1;3;8;1;Route de Thuile;;
536587545;25;10;2024;23:55;5;973;97302;2;3;1;3;DERBES (GEORGES);;
536587548;22;9;2024;17:10;1;01;01426;2;1;2;1;route de bourg;;
536587549;26;10;2024;10:00;1;69;69387;2;3;1;1;Avenue Tony Garnier;;
536587550;3;12;2024;21:20;5;03;03118;2;1;1;3;12 Avenue des Portes Occitanes;;
536587551;17;8;2024;17:25;1;72;72165;1;1;3;3;A11;;
536587552;23;9;2024;12:55;1;14;14316;1;1;1;1;1515 Route des Hauts de Grangues;;
536587553;25;10;2024;14:45;1;69;69034;2;1;1;1;Viaduc Joseph Picot;;
536587554;10;8;2024;09:20;1;66;66172;2;6;7;3;Boulevard du Canigou;;
536587555;22;9;2024;12:50;1;09;09120;1;1;2;7;D635;;
536587556;3;12;2024;17:53;3;14;14520;2;3;8;1;409 Route de la Poterie;;
536587557;26;10;2024;20:20;5;95;95306;2;9;1;3;ORME BRÛLÉ (CHEMIN DE L');;
536587558;20;9;2024;09:00;1;73;73128;2;6;1;2;Rue Boucher de la Rupelle;;
536587559;4;12;2024;12:45;1;50;50292;1;1;1;6;Le Gruchy;;
536587560;18;8;2024;08:50;1;62;62019;1;1;1;2;A26;;
536587561;22;9;2024;20:00;3;07;07134;1;1;2;6;D104;;
536587562;18;8;2024;02:20;3;45;45020;1;1;2;6;A10 PK 114+100 SENS PROVINCE PARIS;;
536587563;26;10;2024;22:30;3;84;84080;1;9;2;7;Route de Loriol;;
536587564;22;9;2024;18:52;1;07;07319;1;3;3;3;intersection  D86 et bas Frayol;;
536587565;17;8;2024;18:40;1;51;51160;1;1;2;7;A26 Bretelle de sortie après peage Mont choisy;;
536587566;26;10;2024;20:20;3;30;30351;2;1;2;2;GENERAL LECLERC (AVENUE DU);;
536587567;23;9;2024;06:45;3;53;53124;1;3;5;1;D22;;
536587568;26;10;2024;20:25;5;84;84007;2;1;2;6;MISTRAL 7  (PARKING C.COMMERCIAL);;
536587569;18;8;2024;14:15;1;77;77376;1;1;1;6;D54a;;
536587570;26;10;2024;02:55;5;83;83129;2;6;2;3;ECOLES (BD DES);;
536587571;23;9;2024;10:30;1;85;85197;1;2;8;3;RD18;;
536587572;25;10;2024;18:12;2;80;80021;2;1;1;6;Rue de la Vallée;;
536587573;18;8;2024;14:18;1;48;48119;1;1;1;6;PR12 + 270 - D906;;
536587574;27;10;2024;02:25;4;78;78551;1;2;2;6;RN 184;;
536587575;26;10;2024;11:25;1;78;78621;2;2;2;6;BERLIOZ (RUE HECTOR);;
536587576;26;10;2024;21:20;4;77;77288;2;1;1;3;DAJOT (RUE);;
536587577;26;10;2024;10:00;1;77;77288;2;1;1;3;31EME R.I  (RUE DU);;
536587578;26;10;2024;05:59;3;77;77382;1;1;2;7;A 140;;
536587579;26;10;2024;05:50;3;77;77186;1;1;2;6;D607;;
536587580;26;10;2024;03:00;5;73;73065;2;2;1;3;POINCARRE RAYMOND (QUAI);;
536587581;25;10;2024;17:10;1;72;72181;2;6;2;3;MESSIAEN OLIVIER (AV) PAIRS;;
536587582;26;10;2024;05:20;3;69;69259;2;1;1;6;Avenue de la République;;
536587583;26;10;2024;09:30;1;64;64102;2;6;3;7;AQUITAINE (AVENUE DE L');;
536587584;26;10;2024;15:15;1;63;63300;2;1;1;6;HOTEL DE VILLE (RUE DE L');;
536587585;26;10;2024;07:20;5;63;63113;2;6;2;6;MAYER (BD DANIEL);;
536587586;22;10;2024;14:15;1;62;62765;2;1;2;6;Boulevard Vauban;;
536587587;26;10;2024;19:05;1;62;62642;2;1;1;1;D86E2;;
536587588;25;10;2024;15:40;1;59;59599;2;1;1;3;GRAMME (CHAUSSEE);;
536587589;26;10;2024;21:00;5;59;59143;2;1;1;6;NATIONALE  ( ROUTE);;
536587590;26;10;2024;19:25;5;54;54395;2;1;1;6;Rue Molitor;;
536587591;26;10;2024;19:33;5;54;54323;2;1;1;6;Avenue de l'Aviation;;
536587592;25;10;2024;15:47;1;49;49007;1;1;1;2;A87;;
536587593;26;10;2024;09:50;1;45;45298;2;1;2;3;D951 PR 96 + 46;;
536587594;26;10;2024;15:20;1;37;37233;2;1;8;7;BLANQUI (RUE);;
536587595;26;10;2024;06:55;3;35;35281;2;1;5;6;MIVOIE (ROUTE DE);;
536587596;26;10;2024;19:58;4;31;31555;2;1;2;6;SAINT SIMON (RTE DE) DU 276 AU 389;;
536587597;26;10;2024;14:00;1;27;27306;2;9;2;6;NATIONALE 13 (ROUTE);;
536587598;26;10;2024;19:30;5;19;19031;2;1;2;2;BRUNE (BOULEVARD);;
536587599;1;1;2024;02:28;5;44;44109;2;1;2;6;3 Boulevard Gabriel Lauriol;;
536587600;3;1;2024;21:30;5;42;42218;2;2;1;3;Rue Georges Teissier;;
536587601;4;1;2024;10:05;1;37;37261;2;1;1;7;POMPIDOU (AVENUE GEORGES);;
536587602;3;1;2024;17:15;1;37;37261;2;6;8;6;GANCE (BOULEVARD ABEL);;
536587603;4;1;2024;15:40;1;35;35238;2;2;2;3;SEMBAT (MARCEL);;
536587604;3;1;2024;19:48;3;35;35051;1;1;1;6;EST (ROCADE);;
536587605;3;1;2024;17:00;1;35;35115;2;1;1;6;FAUCHEUX (BD JACQUES);;
536587606;4;1;2024;08:10;1;34;34172;2;1;1;1;AMARYLLIS (RUE DES);;
536587607;4;1;2024;02:20;5;33;33039;1;1;1;5;Boulevard Simone Rossignol;;
536587609;4;1;2024;17:20;5;31;31555;2;6;1;3;Rd Pt Firmin Pons;;
536587610;3;1;2024;17:00;1;29;29232;2;1;2;7;CNO;;
536587611;3;1;2024;17:50;3;29;29039;2;2;2;6;Rue Jules Simon;;
536587612;4;1;2024;05:45;5;29;29019;2;1;2;3;rue Robespierre;;
536587613;4;1;2024;17:50;5;28;28134;2;1;2;6;ALLENDE (RUE SALVADOR)               002;;
536587614;4;1;2024;17:15;5;28;28134;2;1;2;3;THOMAS (RUE ALBERT);;
536587615;3;5;2024;13:30;1;973;97302;2;1;2;7;MADELEINE (ROUTE DE LA);;
536587616;4;1;2024;12:20;1;27;27562;2;1;1;1;SAINT MARTIN (RUE);;
536587617;4;5;2024;11:40;1;972;97213;1;1;1;2;AUTOROUTE A1;;
536587618;3;5;2024;18:35;5;971;97101;1;1;1;3;CARAQUE;;
536587619;3;5;2024;19:40;5;971;97120;2;2;1;3;Amitié des peuples;;
536587620;4;1;2024;12:34;1;25;25462;2;1;1;3;CHAPPE CLAUDE;;
536587621;4;5;2024;14:20;1;95;95219;2;6;1;3;D401;;
536587622;4;1;2024;08:50;2;25;25056;2;8;2;1;CARNOT AVENUE;;
536587623;3;5;2024;14:45;1;91;91692;2;6;1;3;rue des lorrains;;
536587624;4;1;2024;16:10;1;22;22113;2;1;1;6;DIXMUDE (RUE DE);;
536587625;4;5;2024;05:20;5;83;83062;2;1;1;6;DIGNE (AVENUE DE );;
536587626;4;1;2024;10:00;1;17;17380;2;1;1;6;GANIPOTE (AVENUE DE LA);;
536587627;4;5;2024;21:45;5;83;83137;2;1;1;3;DE GAULLE (CORNICHE GENERAL);;
536587628;4;1;2024;07:10;5;14;14566;2;6;8;7;Avenue Amiral Mountbatten;;
536587629;4;5;2024;00:30;3;81;81021;2;1;1;2;PREMIERE ARMEE FRANCAISE;;
536587630;4;1;2024;16:15;1;13;13071;2;6;1;3;VERSAILLES (ROND POINT DIT DE);;
536587631;4;5;2024;04:40;3;81;81065;1;1;2;6;1012 (ROUTE DEPARTEMENTALE);;
536587632;4;1;2024;17:45;5;13;13213;2;9;1;1;JEAN PAUL SARTRE (AVENUE);;
536587633;4;1;2024;09:40;1;13;13203;2;1;1;3;GUSTAVES DESPLACES (BOULEVARD);;
536587634;3;5;2024;18:10;1;77;77335;1;1;1;5;RN3 (ROUTE NATIONALE);;
536587635;3;1;2024;15:45;1;11;11069;2;1;1;6;142 Av du Pdt Franklin Roosevelt;;
536587636;4;5;2024;18:25;1;74;74010;2;1;1;6;CARNOT (RUE);;
536587637;4;1;2024;11:15;1;07;07102;2;1;1;6;SADI-CARNOT (AVEN.) [DU N° AU N°];;
536587638;4;5;2024;09:45;1;69;69290;2;1;2;3;7 Boulevard des Roses;;
536587639;3;1;2024;09:20;1;07;07102;2;1;1;4;BRANDONS (RUE DES);;
536587640;4;5;2024;16:30;1;67;67482;2;1;1;3;COLMAR (AVENUE DE);;
536587641;4;1;2024;18:50;5;75;75114;2;1;1;2;BD PERIPHERIQUE EXTERIEUR;;
536587642;4;5;2024;15:50;1;67;67218;2;1;1;3;STRASBOURG (AVENUE DE);;
536587643;4;5;2024;06:55;1;67;67218;2;1;1;6;ILL (QUAI DE L );;
536587644;3;1;2024;18:50;5;75;75113;2;1;1;4;BD PERIPHERIQUE INTERIEUR;;
536587645;3;1;2024;01:50;5;75;75117;2;1;1;6;BD PERIPHERIQUE EXTERIEUR;;
536587646;3;5;2024;14:55;1;67;67482;2;3;1;3;PORT DU RHIN (RUE DU);;
536587647;4;1;2024;12:25;1;75;75106;2;3;8;6;RUE DU CHERCHE MIDI;;
536587648;28;3;2024;13:15;1;34;34172;2;1;1;1;COLLINE (AVENUE DE LA);;
536587649;4;5;2024;22:23;5;64;64122;2;1;1;7;CASCAIS (BD DE);;
536587650;4;1;2024;16:25;1;75;75119;2;1;1;7;BOULEVARD DE LA VILLETTE;;
536587652;4;5;2024;08:00;1;64;64122;2;1;8;6;BAB(BOULEVARD);;
536587653;4;1;2024;15:15;1;75;75116;2;1;1;6;PLACE DE VARSOVIE;;
536587654;3;1;2024;18:50;5;75;75116;2;1;1;7;VOIE GEORGES POMPIDOU;;
536587656;3;5;2024;10:53;1;64;64102;2;1;1;3;GRENET (AVENUE HENRI);;
536587657;3;1;2024;18:32;5;75;75116;2;2;2;6;AVENUE KLEBER;;
536587658;27;3;2024;20:25;5;31;31555;2;6;1;3;ROND POINT JEROME PUGENS;;
536587659;4;5;2024;13:30;1;59;59650;2;1;1;2;FRATERNITE (BOULEVARD DE LA);;
536587660;3;1;2024;09:15;1;75;75116;2;2;2;3;AVENUE FERDINAND BUISSON;;
536587661;28;3;2024;08:30;1;30;30007;2;1;7;7;Avenue Jules Guesde;;
536587662;3;1;2024;08:45;1;75;75116;2;3;1;6;BOULEVARD EXELMANS;;
536587663;4;5;2024;03:00;5;59;59650;2;1;1;6;MARTINOIRE (RUE DE LA);;
536587664;27;3;2024;17:30;1;30;30007;2;1;1;7;DUMAS (AVE JEAN-BAPTISTE);;
536587665;4;1;2024;11:50;1;75;75113;2;1;1;7;AVENUE PIERRE DE COUBERTIN;;
536587666;3;5;2024;10:30;1;59;59183;2;1;1;6;FAIDHERBE - AVENUE;;
536587667;28;3;2024;15:30;1;29;29232;2;1;2;6;Rue Saint Julien;;
536587668;4;1;2024;15:50;1;75;75107;2;2;1;7;BOULEVARD DE LA TOUR MAUBOURG;;
536587669;4;5;2024;12:20;1;57;57463;2;1;1;6;GEORGES CLEMENCEAU (BOULEVARD );;
536587670;27;3;2024;07:55;1;29;29019;2;6;1;3;avenue Georges Clemenceau;;
536587671;4;5;2024;06:30;1;56;56121;2;1;2;6;BELGIQUE (RUE  DE );;
536587672;4;1;2024;12:40;1;75;75107;2;3;1;1;BOULEVARD RASPAIL;;
536587673;25;3;2024;11:30;1;29;29019;2;6;2;3;boulevard Gambetta;;
536587674;4;5;2024;08:30;1;54;54184;1;1;1;3;M83;;
536587675;4;1;2024;19:30;5;94;94081;2;3;1;3;Route de Fontainebleau / Rue du Moulin Vert;;
536587676;25;3;2024;08:08;1;29;29019;2;1;1;2;rue Algesiras;;
536587677;3;1;2024;17:00;2;94;94067;2;3;2;6;Avenue du Général de Gaulle / Rue de l'Amiral Courbet;;
536587678;3;5;2024;20:47;2;54;54323;2;3;1;7;Rue Saint Louis;;
536587679;27;3;2024;13:30;1;19;19031;2;1;8;5;POMPIDOU (AVENUE GEORGES);;
536587680;4;5;2024;17:30;1;49;49007;2;1;2;7;A87N;;
536587681;3;1;2024;23:15;5;94;94033;2;3;2;3;Avenue du Maréchal Joffre / Rue Alfred de Musset;;
536587682;28;3;2024;23:10;5;16;16102;2;3;2;6;boulevard de PARIS;;
536587683;4;5;2024;15:10;1;41;41018;2;3;2;3;JUIN (AVENUE DU MARECHAL);;
536587684;3;1;2024;15:45;1;94;94079;2;3;8;6;Avenue André Rouy / Chemin des Rables;;
536587685;28;3;2024;16:00;1;13;13054;2;1;1;3;8 MAI 1945 (AV DU );;
536587686;29;4;2024;16:00;1;39;39198;2;3;1;3;76 Rue Claude Antoine Lombard;;
536587687;4;1;2024;13:00;1;93;93072;2;1;1;1;Rue Roger Salengro;;
536587688;28;3;2024;19:10;2;13;13210;2;1;1;3;PAUL CLAUDEL (BOULEVARD);;
536587689;4;5;2024;11:45;1;35;35238;2;5;1;6;PATTON (AVENUE DU GENERAL SIR GEORGES);;
536587690;4;1;2024;16:30;1;93;93066;2;7;1;3;Place de la Porte de Paris / Rue Danielle Casanova / Rue Gabriel Péri;;
536587691;28;3;2024;22:45;3;13;13028;2;1;1;6;LAVAUX (BOULEVARD DE);;
536587692;4;5;2024;12:15;1;34;34172;2;1;1;3;GAMBETTA (COURS);;
536587693;4;1;2024;08:46;1;93;93008;2;3;1;1;Rue de Bretagne / Rue Adam;;
536587694;28;3;2024;17:10;1;13;13005;2;1;1;2;COURONNE DES PINS (AVENUE DE LA);;
536587695;4;5;2024;05:10;3;34;34129;1;1;1;2;PALAVAS D986 (ROUTE DE);;
536587696;4;1;2024;21:30;3;93;93007;2;1;2;3;Rue Edouard Renault;;
536587697;27;3;2024;17:10;1;13;13005;2;1;1;3;BLANCARD (PROMENADE PIERRE);;
536587698;4;5;2024;23:20;5;31;31555;2;2;2;3;RUE DE METZ;;
536587699;28;3;2024;17:30;1;13;13001;2;1;1;6;RD9;;
536587700;4;1;2024;16:35;1;92;92020;2;1;1;2;PARIS AVENUE DE N°84 A FIN;;
536587701;4;5;2024;21:30;5;31;31555;2;2;1;3;AV DU GENERAL EISENHOWER;;
536587702;28;3;2024;13:50;1;06;06029;2;9;1;6;8 Boulevard Carnot;;
536587703;4;5;2024;17:18;1;31;31555;2;1;1;6;AV ETIENNE BILLIERES;;
536587704;4;1;2024;15:10;1;92;92071;2;1;1;1;FONTENAY (RUE DE);;
536587705;27;3;2024;12:30;1;06;06029;2;1;1;6;Avenue Maréchal Juin;;
536587706;4;1;2024;08:55;1;92;92012;2;2;1;6;REINE (ROUTE DE LA) 1/37- 6/80;;
536587707;28;3;2024;08:10;1;02;02691;2;3;9;6;101 Rue de Vermand;;
536587708;4;5;2024;23:36;5;29;29019;2;6;2;3;boulevard de l'Europe;;
536587709;4;1;2024;08:10;2;54;54110;1;1;2;1;D83;;
536587710;4;5;2024;23:00;3;17;17028;1;1;2;2;N137;;
536587711;28;3;2024;13:05;1;01;01053;2;2;1;1;boulevard paul valéry;;
536587712;28;3;2024;18:10;1;75;75114;2;1;1;2;BD PERIPHERIQUE INTERIEUR;;
536587713;4;1;2024;16:30;1;14;14411;1;2;2;3;Route des Carreaux;;
536587714;4;5;2024;12:30;1;13;13002;2;1;1;2;AUBAGNENS (AVENUE DES);;
536587715;4;1;2024;18:20;5;17;17094;2;1;2;6;112 Boulevard de la République;;
536587716;28;3;2024;09:45;1;75;75113;2;1;1;2;BD PERIPHERIQUE INTERIEUR;;
536587717;5;1;2024;08:50;1;21;21572;1;9;8;7;A39 PK 32.700;;
536587718;4;5;2024;09:27;1;13;13201;2;1;1;3;GARIBALDI (BOULEVARD) N° IMPAIRS;;
536587719;27;3;2024;14:45;1;75;75120;2;1;1;4;BD PERIPHERIQUE INTERIEUR;;
536587720;3;5;2024;14:10;1;13;13208;2;1;1;4;MENDES FRANCE (AVENUE);;
536587721;28;3;2024;11:38;1;75;75106;2;1;1;6;RUE JULES CHAPLAIN;;
536587722;4;1;2024;18:54;5;37;37261;1;1;8;2;A10;;
536587724;28;3;2024;22:00;5;75;75119;2;2;1;1;AVENUE DE LA PORTE DU PRE SAINT GERVAIS;;
536587725;2;1;2024;14:55;1;83;83116;2;1;8;3;Chemin du Prugnon;;
536587726;4;5;2024;21:47;5;10;10362;2;4;2;3;LAMARTINE (RUE);;
536587728;14;2;2024;15:40;1;2B;2B033;2;9;1;2;FANGO - AVENUE DU;;
536587729;28;3;2024;13:40;1;75;75119;2;3;1;2;AVENUE DE FLANDRE;;
536587730;4;5;2024;18:55;1;10;10081;1;1;3;5;D610;;
536587731;4;1;2024;17:25;3;91;91617;1;1;8;5;RD 33;;
536587732;5;2;2024;12:08;1;971;97101;1;1;1;6;ROUTE DE BOISVINS;;
536587733;14;2;2024;10:20;1;2A;2A004;2;1;1;2;GEORGES POMPIDOU AVENUE;;
536587734;5;1;2024;13:15;1;51;51287;2;1;1;6;Route de Fismes - D386;;
536587735;4;5;2024;18:45;1;10;10357;2;1;3;2;HENRI BARBUSSE (RUE);;
536587736;28;3;2024;08:40;1;75;75118;2;3;1;2;RUE D AUBERVILLIERS;;
536587737;16;2;2024;00:05;5;95;95252;2;2;1;6;CHEMIN NEUF (RUE DU);;
536587738;3;1;2024;12:00;1;2A;2A130;2;1;1;2;465 boulevard marie-jeanne bozzi;;
536587739;27;3;2024;13:10;1;75;75117;2;1;1;3;BOULEVARD BERTHIER;;
536587740;4;5;2024;22:35;5;06;06088;2;1;1;3;58 Avenue Saint-Augustin;;
536587741;15;2;2024;02:03;3;95;95127;2;9;2;6;OISE (BOULEVARD DE L');;
536587742;15;2;2024;09:28;1;91;91687;2;2;1;3;HENRI DUNANT (AVENUE);;
536587743;4;5;2024;14:41;1;06;06088;2;9;1;6;2 Boulevard Jean-Baptiste Verany;;
536587744;5;1;2024;18:45;5;80;80443;2;1;2;6;Rue Charles Dufour;;
536587745;15;2;2024;08:30;1;91;91286;2;2;1;6;OISEAU (PLACE DE L');;
536587746;28;3;2024;09:05;1;75;75115;2;2;1;3;AVENUE EMILE ZOLA;;
536587747;15;2;2024;21:00;3;76;76231;1;1;1;6;Rue de la Saussaye;;
536587748;3;5;2024;19:35;2;75;75106;2;2;1;3;RUE DU FOUR;;
536587749;14;2;2024;13:35;1;76;76447;2;6;1;7;VICTOR HUGO;;
536587750;28;3;2024;12:25;1;75;75114;2;2;1;1;BOULEVARD DU MONTPARNASSE;;
536587751;15;2;2024;05:00;5;72;72181;2;1;1;6;VOLTAIRE (RUE) N° IMP 1 A 113;;
536587752;2;1;2024;18:36;5;49;49259;1;3;2;3;Route de Denée;;
536587753;14;2;2024;11:30;1;69;69259;2;1;1;6;Boulevard Marcel Sembat;;
536587754;14;2;2024;07:40;1;69;69290;2;2;1;3;Avenue Pierre Mendès France;;
536587755;5;1;2024;09:00;2;34;34142;2;1;2;6;Lodève;;
536587756;28;3;2024;16:50;1;75;75112;2;3;2;6;QUAI DE LA RAPEE;;
536587757;3;5;2024;18:15;1;75;75107;2;3;1;3;BOULEVARD SAINT GERMAIN;;
536587758;31;1;2024;07:25;2;69;69091;2;1;1;3;Avenue Anatole France;;
536587759;13;2;2024;23:51;5;68;68066;2;1;1;6;BONNES GENS (RUE DES);;
536587760;3;1;2024;12:55;1;34;34258;1;3;1;3;D16;;
536587761;14;2;2024;14:00;1;67;67482;2;1;1;6;OSLO (RUE D );;
536587762;17;8;2024;15:50;1;04;04245;2;1;1;6;D4096;;
536587763;4;5;2024;15:30;1;75;75119;2;1;1;2;ECHANGEUR PANTIN;;
536587764;12;7;2024;12:40;1;34;34172;2;1;1;3;LIBERTE (AVENUE DE LA;;
536587765;27;3;2024;14:30;1;75;75112;2;3;1;3;RUE DE CHARENTON;;
536587767;14;2;2024;19:15;5;67;67218;2;3;1;6;STRASBOURG (AVENUE DE);;
536587768;11;2;2024;20:20;5;67;67462;2;2;1;6;GENERAL DE GAULLE (AVENUE DU);;
536587769;4;5;2024;19:50;1;75;75117;2;3;1;6;RUE DE LA JONQUIERE;;
536587770;12;7;2024;09:50;1;34;34172;2;9;1;6;SAINT VINCENT DE PAUL (RUE);;
536587771;5;1;2024;15:40;1;44;44025;2;1;1;6;22 rue de bretagne;;
536587772;15;8;2024;19:45;1;13;13067;1;1;1;1;Chemin de Valdition (Pont);;
536587773;27;3;2024;08:45;1;75;75112;2;2;1;3;AVENUE DU GENERAL MICHEL BIZOT;;
536587774;17;8;2024;13:50;1;13;13119;2;1;1;3;Avenue d?Aubagne;;
536587775;4;1;2024;17:00;2;64;64371;2;3;8;3;Avenue de Tréville;;
536587776;11;7;2024;16:23;1;34;34172;2;1;1;2;BECQUEREL (RUE HENRI);;
536587777;28;3;2024;15:06;1;75;75107;2;1;1;6;RUE DE BABYLONE;;
536587778;4;5;2024;02:13;5;75;75109;2;3;1;1;RUE DE DOUAI;;
536587779;15;2;2024;15:45;1;64;64445;2;1;1;3;LOUIS SALLENAVE;;
536587780;18;8;2024;16:35;1;70;70446;1;1;8;1;D70;;
536587781;11;7;2024;08:50;1;34;34172;2;1;1;6;FLAHAULT (AVENUE CHARLES;;
536587782;27;3;2024;23:22;5;75;75109;2;3;1;6;RUE DE LIEGE;;
536587783;23;9;2024;10:16;1;27;27685;1;1;1;3;D830;;
536587784;3;5;2024;21:25;5;75;75102;2;3;1;6;BOULEVARD POISSONNIERE;;
536587786;11;7;2024;20:45;1;34;34032;2;1;1;6;BONE (RUE DE);;
536587787;15;2;2024;07:25;2;64;64129;2;1;8;6;PIEDMONT DU;;
536587788;17;8;2024;12:00;1;68;68174;2;1;1;2;22 Rue du Rhin;;
536587789;12;7;2024;07:50;1;32;32013;1;9;8;7;SAINTES (CHEMIN DE);;
536587790;22;9;2024;05:50;3;17;17327;1;1;2;7;D120;;
536587791;28;3;2024;09:00;1;94;94073;2;1;1;2;Avenue Léon Marchand;;
536587792;4;1;2024;20:30;5;07;07110;2;1;1;7;Route de Lablachère;;
536587793;4;5;2024;18:17;1;75;75107;2;2;1;6;AVENUE DE LA MOTTE PICQUET;;
536587794;14;2;2024;17:35;1;64;64445;2;3;1;3;BUROS DE;;
536587795;23;9;2024;10:45;1;48;48080;1;1;2;7;D906;;
536587796;16;8;2024;15:35;1;67;67240;2;2;1;2;1 Rue du Général de Gaulle;;
536587797;12;7;2024;07:10;1;30;30007;2;1;1;3;FAUBOURG D'AUVERGNE (RUE DU);;
536587798;26;3;2024;18:30;2;94;94011;2;1;2;3;Avenue de la Convention;;
536587799;5;1;2024;10:45;1;17;17140;2;1;1;6;155 Route de Saint Pierre;;
536587800;15;2;2024;14:47;1;63;63113;2;1;1;6;JAUDE PLACE DE);;
536587801;4;5;2024;11:30;1;75;75115;2;3;2;6;BOULEVARD DE VAUGIRARD;;
536587802;10;6;2024;23:00;5;30;30007;2;1;1;3;DUMAS (AVE JEAN-BAPTISTE;;
536587803;11;7;2024;14:35;1;30;30007;2;1;1;2;MOULIN (GRAND' RUE JEAN);;
536587804;23;9;2024;06:20;3;48;48016;1;1;2;2;N88;;
536587805;26;3;2024;10:15;1;94;94028;2;1;2;2;Boulevard Jean-baptiste Oudry;;
536587806;16;8;2024;18:30;1;73;73054;1;3;1;3;D120;;
536587807;5;1;2024;10:45;1;48;48032;1;1;8;1;D809;;
536587808;15;2;2024;15:10;1;62;62737;2;2;1;3;Boulevard de la Liberté;;
536587809;9;6;2024;20:58;1;28;28134;2;1;1;1;LIEVRE D'OR (RUE DU);;
536587810;28;3;2024;08:52;1;93;93055;2;1;1;3;Rue Gutenberg;;
536587811;3;1;2024;17:00;2;52;52060;1;1;4;7;D26;;
536587812;4;5;2024;00:30;5;75;75107;2;3;1;2;PONT D IENA;;
536587813;15;2;2024;18:50;5;59;59367;2;1;1;6;Avenue de l'Europe;;
536587814;9;7;2024;07:45;1;26;26362;1;3;1;1;Route de Montelier;;
536587815;18;8;2024;05:15;5;42;42211;1;1;1;6;29 Rue de l'Étang Nicolas;;
536587816;23;9;2024;07:10;2;49;49228;1;2;8;4;intersection D767/ D207;;
536587817;2;1;2024;05:00;3;46;46086;1;1;2;6;Autoroute A20 Sens VIERZON vers MONTAUBAN PK297.500;;
536587818;15;2;2024;08:00;2;59;59328;2;2;2;6;Rue Auguste Bonte;;
536587819;17;8;2024;13:52;1;38;38364;1;1;1;7;D113;;
536587820;4;5;2024;22:30;5;75;75101;2;3;1;6;RUE DE RIVOLI;;
536587821;10;6;2024;08:30;1;27;27562;1;2;1;6;D 64;;
536587822;28;3;2024;08:15;1;93;93047;2;3;1;3;Avenue Jean Jaurés / Avenue des Oeillets;;
536587823;11;7;2024;10:00;1;23;23096;2;1;1;3;SENATORERIE (AVENUE DE LA);;
536587824;23;9;2024;12:20;1;973;97309;2;1;1;3;Route de Montjoly;;
536587825;15;2;2024;08:10;1;59;59648;2;1;1;3;Rue du Général De Gaulle;;
536587826;18;8;2024;15:45;1;07;07182;1;1;1;6;6 Chemin de Sausse;;
536587827;4;1;2024;12:15;1;78;78010;2;1;1;6;Rue Sainte Gabrielle;;
536587828;10;6;2024;09:55;1;25;25056;2;6;1;3;AMPERE RUE;;
536587829;4;5;2024;10:50;1;75;75104;2;3;8;6;RUE DE RIVOLI;;
536587830;28;3;2024;12:45;1;93;93007;2;2;1;3;Avenue Marcel Alizard / Avenue Georges Guynemer;;
536587831;12;7;2024;22:23;5;17;17300;2;1;1;1;ADMYRAULT   RUE;;
536587832;3;1;2024;14:50;1;06;06004;1;4;1;6;A,8 échangeur sophia, PK 172.200 chaussée sud;;
536587833;15;2;2024;18:05;2;54;54323;2;1;1;3;Avenue de la Paix;;
536587834;16;8;2024;18:15;1;69;69296;1;1;1;1;Rue du Rhône;;
536587835;3;5;2024;21:40;5;75;75101;2;1;1;3;QUAI FRANCOIS MITTERRAND;;
536587836;28;3;2024;09:20;1;93;93007;2;1;2;6;Avenue Henri Barbusse;;
536587837;10;6;2024;19:40;1;13;13056;2;1;1;1;HUIT MAI QUARANTE CINQ PLACE DU;;
536587838;15;2;2024;11:00;1;54;54036;1;1;1;6;D139;;