Num_Acc;jour;mois;an;hrmn;lum;dep;com;agg;int;atm;col;adr;lat;long
536587839;22;9;2024;06:45;1;971;97103;2;1;1;5;Rue Sosthene Gendrey;;
536587840;5;1;2024;09:10;1;38;38397;1;1;3;6;A41;;
536587841;17;8;2024;16:45;1;69;69299;1;1;8;7;Rue de la République;;
536587842;28;3;2024;18:25;1;92;92048;2;9;1;7;PEPINIERE (RUE DE LA);;
536587843;12;7;2024;19:00;1;17;17299;2;2;1;3;LOTI RUE PIERRE;;
536587844;3;5;2024;16:40;1;94;94076;2;1;1;6;50 Rue Pasteur;;
536587845;22;9;2024;18:30;1;973;97357;2;1;1;6;Le Bourg;;
536587846;10;6;2024;17:15;1;13;13209;2;1;1;3;CHALET (TRAVERSE DU);;
536587847;15;2;2024;18:40;5;51;51454;2;6;1;6;KOENIG (RUE DU GENERAL);;
536587848;5;1;2024;16:00;1;34;34022;2;1;1;3;voie communale numéro 8 baillargues à saint-brès;;
536587849;18;8;2024;15:30;1;65;65031;1;1;1;7;D113;;
536587850;4;5;2024;10:50;1;94;94041;2;1;2;3;Rue Marat;;
536587851;27;3;2024;18:40;1;92;92044;2;1;1;6;VIC. HUGO(RUE)001A067 ET002A078;;
536587852;4;1;2024;08:10;1;21;21609;1;6;1;7;D905;;
536587853;12;7;2024;19:40;2;13;13002;2;3;1;3;MARIUS MILON (CHEMIN);;
536587854;20;9;2024;09:00;1;34;34151;1;1;1;1;d 61 route de la mer;;
536587855;10;6;2024;19:18;1;13;13210;2;1;1;2;TOULON (AVENUE DE);;
536587856;17;8;2024;17:30;1;32;32029;1;1;1;7;D943;;
536587857;28;3;2024;09:20;1;92;92075;2;1;1;6;PAIX (AVENUE DE LA);;
536587858;5;1;2024;11:05;1;73;73034;1;1;4;7;Rte de la Picherie;;
536587859;15;2;2024;08:35;1;51;51454;2;2;1;3;GERBERT (RUE);;
536587860;17;8;2024;05:30;2;22;22324;1;1;1;6;Route Départementale 788;;
536587861;12;7;2024;17:56;1;13;13205;2;9;1;3;MADON (RUE);;
536587862;28;3;2024;14:35;1;92;92036;2;1;1;6;PAUL VAILLANT COUTURIER (RUE) (1/89);;
536587863;10;6;2024;19:50;1;10;10387;2;6;1;7;Route d'Auxerre;;
536587864;26;10;2024;18:15;1;17;17415;2;2;2;3;EUROPE COURS DE;;
536587865;4;5;2024;02:30;5;94;94001;2;3;1;1;Quai Pasteur / Quai de la Baronnie;;
536587866;4;1;2024;17:20;2;86;86024;1;1;8;7;D611;;
536587867;26;10;2024;07:00;2;13;13215;2;1;1;7;MADRAGUE VILLE (chemin de la);;
536587868;18;8;2024;00:20;3;22;22193;1;1;1;6;RN 176 PR 37+100;;
536587869;28;3;2024;18:20;1;92;92025;2;1;1;6;PRESIDENT SALVADOR ALLENDE (RUE DU);;
536587870;9;7;2024;15:30;1;13;13001;1;1;1;1;BARTHELEMY VERA (CHEMIN);;
536587871;21;9;2024;11:10;1;71;71150;2;3;1;5;129 Route des Bergers;;
536587872;3;12;2024;23:15;3;04;04166;1;1;1;6;D11;;
536587873;15;2;2024;09:45;1;50;50218;2;1;1;2;PAUL POIRIER (RUE);;
536587874;26;10;2024;05:35;5;13;13202;2;9;1;3;CHEMIN DU LITTORAL (CHEMIN DU);;
536587875;5;1;2024;10:15;1;50;50288;2;6;7;3;1 Route de Granville;;
536587876;10;6;2024;22:30;5;06;06159;2;1;1;3;2 Chemin de la Jeunesse;;
536587878;28;3;2024;08:40;1;92;92024;2;1;8;7;FERNAND PELLOUTIER (RUE);;
536587879;3;5;2024;15:50;1;94;94077;2;2;1;3;Avenue Pasteur / Rue Marcel Risser;;
536587880;4;1;2024;07:50;3;14;14719;1;1;2;7;N158;;
536587881;3;12;2024;15:50;1;85;85131;1;1;1;6;rue du moulin;;
536587882;20;9;2024;07:30;2;67;67075;1;1;1;3;D3;;
536587883;26;10;2024;04:44;5;13;13201;2;1;1;7;GARIBALDI (BOULEVARD) N° IMPAIRS;;
536587884;14;2;2024;14:45;1;50;50129;2;6;1;3;PENESME (ROND POINT);;
536587885;4;1;2024;18:21;5;60;60581;2;1;1;6;Rue Tailbouis;;
536587886;10;6;2024;11:00;1;06;06069;1;1;1;1;90 Route de la Paoute;;
536587887;5;1;2024;11:20;1;59;59256;1;1;2;1;M145;;
536587888;4;1;2024;18:00;3;91;91363;1;1;1;2;RN 104;;
536587889;4;1;2024;01:25;3;91;91659;1;1;1;6;AUTOROUTE A6;;
536587890;3;1;2024;19:05;3;92;92048;1;1;2;3;N118;;
536587891;13;7;2024;00:15;3;10;10357;2;1;2;7;GENERAL DE GAULLE (RUE DU);;
536587892;15;2;2024;08:15;1;49;49007;2;2;2;2;LIBERTE BOULEVARD;;
536587893;10;6;2024;13:05;1;75;75118;2;1;1;2;PORTE DE CLIGNANCOURT;;
536587894;28;3;2024;18:45;1;92;92007;2;1;1;6;FONTAINE (RUE DE LA);;
536587895;4;1;2024;09:40;1;95;95018;1;1;1;2;A15;;
536587896;21;9;2024;11:30;1;54;54101;1;1;1;3;D19;;
536587897;4;12;2024;15:34;1;23;23040;2;2;1;3;D40;;
536587898;25;10;2024;15:55;1;13;13098;1;1;2;7;ARNAUD  CHEMIN DE LA COLLE D';;
536587899;4;5;2024;18:30;1;93;93010;2;2;1;5;Avenue Galliéni / Rue Auguste Polissard;;
536587900;17;8;2024;18:00;1;59;59134;2;1;1;3;Route de Beaurepaire face au n° 520;;
536587901;4;1;2024;10:30;1;94;94004;2;1;1;1;N19;;
536587902;7;6;2024;13:00;1;75;75116;2;4;1;6;PORTE DE SAINT CLOUD;;
536587904;15;2;2024;16:10;1;45;45302;2;1;1;6;1627 Rue Nationale 20;;
536587905;28;3;2024;19:30;2;60;60697;1;1;1;5;D133;;
536587906;12;7;2024;14:55;1;10;10387;2;2;8;6;Rue Louis Mony;;
536587907;26;10;2024;23:10;5;13;13001;2;1;2;2;ROI RENE (BD DU);;
536587908;22;9;2024;17:50;1;63;63284;2;9;2;6;D1;;
536587909;3;5;2024;17:00;1;92;92072;2;3;1;3;GRANDE RUE;;
536587910;3;1;2024;22:20;3;94;94073;1;1;2;2;A86;;
536587911;16;6;2024;17:30;1;13;13037;1;1;1;2;D113;;
536587912;26;3;2024;17:50;2;06;06149;2;1;2;3;52 Boulevard Riba Roussa;;
536587913;15;2;2024;12:28;1;45;45234;2;2;1;3;53 Boulevard Guy-Marie Riobé;;
536587914;17;8;2024;18:10;1;13;13085;1;1;1;3;A50-Sens Aubagne vers Toulon;;
536587915;10;6;2024;12:43;1;75;75117;2;3;1;3;AVENUE DE CLICHY;;
536587916;3;5;2024;13:30;1;92;92049;2;1;1;6;PERI RUE GABRIEL N°37 A 99;;
536587917;21;9;2024;15:45;1;73;73176;1;1;1;1;D1090;;
536587919;4;12;2024;17:37;5;69;69244;2;3;1;6;14 Promenade des Tuileries;;
536587920;29;3;2024;08:45;1;95;95052;2;1;1;6;D922;;
536587921;15;2;2024;18:46;5;42;42184;2;2;1;6;Rue Peillon;;
536587922;3;1;2024;20:30;3;93;93051;1;1;2;2;A4;;
536587923;17;8;2024;04:20;3;69;69276;1;1;1;7;Autoroute 7;;
536587924;4;5;2024;13:50;1;92;92012;2;1;1;2;VICTOR HUGO (AVENUE) 49/FIN - 60/FIN;;
536587925;10;6;2024;18:45;1;75;75116;2;7;1;3;PLACE DE LA PORTE DE SAINT CLOUD;;
536587926;12;7;2024;14:10;1;06;06088;2;3;2;3;61 Boulevard de l'Ariane;;
536587927;26;10;2024;07:01;5;10;10387;2;9;9;6;Avenue Chomedey de Maisonneuve;;
536587928;4;12;2024;12:37;1;83;83061;1;1;1;6;Péage Fréjus EST, chaussée Nord, A8;;
536587929;28;3;2024;18:00;1;21;21599;1;1;1;2;A31;;
536587930;15;2;2024;08:35;1;37;37261;2;6;1;7;POMPIDOU (AVENUE GEORGES);;
536587931;22;9;2024;17:45;1;38;38294;1;1;1;3;Départementale 18;;
536587932;3;1;2024;14:00;1;93;93051;1;1;3;5;A4;;
536587933;3;5;2024;17:40;1;92;92004;2;1;1;6;FAIDHERBE ( AVENUE );;
536587934;27;10;2024;02:30;5;06;06069;2;1;9;6;72 Boulevard Victor Hugo;;
536587935;12;8;2024;21:50;3;42;42225;1;1;1;3;A47;;
536587936;4;12;2024;11:29;1;13;13025;1;1;1;2;Autoroute A8, PK 30.630, sens Nice -> Lyon;;
536587937;29;3;2024;21:00;5;974;97412;1;1;1;6;68 Chemin de Cap Blanc;;
536587938;23;9;2024;16:50;1;32;32019;1;1;1;1;D181;;
536587939;12;7;2024;12:00;1;06;06088;2;1;1;3;124bis Boulevard Gambetta;;
536587941;17;10;2024;09:53;1;05;05061;2;1;1;7;ST JEAN ( ROUTE DE );;
536587942;8;6;2024;18:45;1;75;75112;2;2;1;3;AVENUE LEDRU ROLLIN;;
536587943;3;1;2024;14:15;1;974;97416;2;1;1;3;HUBERT DE LISLE(BOULEVARD);;
536587944;3;5;2024;19:20;1;92;92004;2;2;1;3;BOURGUIGNONS ( RUE 33 A FIN );;
536587945;1;12;2024;14:40;1;38;38052;2;6;1;3;Route Departementale 1091;;
536587946;28;3;2024;17:14;1;01;01166;1;1;1;1;D904;;
536587947;21;10;2024;14:53;1;05;05061;1;1;1;7;RN 85;;
536587948;15;2;2024;15:00;1;31;31555;2;9;1;3;CHE MARTYRS DE BORDELONGUE;;
536587949;12;7;2024;07:50;1;06;06069;1;9;1;3;120 Route de la Vallée Verte;;
536587950;3;1;2024;14:30;1;974;97407;1;6;1;1;SACRE COEUR (RD POINT) -RIV. DES GALETS;;
536587951;22;9;2024;14:30;1;17;17385;2;6;1;3;Avenue de Bonnemie;;
536587952;12;7;2024;14:10;1;06;06029;2;1;7;6;8 Rue Jean Jaurès;;
536587953;14;3;2024;13:25;1;51;51391;1;1;1;7;N31;;
536587954;3;12;2024;10:45;1;64;64147;1;1;2;7;Autoroute A64, PK 010.500;;
536587955;15;2;2024;08:45;1;31;31149;2;1;1;3;SELERY (BOULEVARD DE);;
536587956;9;6;2024;04:47;2;75;75111;2;3;1;3;BOULEVARD JULES FERRY;;
536587957;17;8;2024;19:50;1;92;92002;1;1;3;6;AUTOROUTE A86;;
536587958;4;5;2024;18:25;1;83;83003;2;1;1;3;saint roch;;
536587959;14;2;2024;17:25;1;31;31555;2;1;1;1;ARCOLE (BD D) DU 1AU 79;;
536587960;20;9;2024;12:10;1;17;17486;2;2;1;3;AVENUE POMPIDOU;;
536587961;9;7;2024;07:50;2;03;03185;2;6;1;3;Quai de la Libération M. Leclerc;;
536587962;25;10;2024;07:10;2;04;04112;1;1;8;3;D907;;
536587963;3;12;2024;17:45;3;78;78564;1;1;2;1;A10;;
536587964;2;1;2024;10:37;1;973;97302;2;3;1;5;MONTABO (ROUTE DE) 1;;
536587965;10;6;2024;11:03;1;75;75107;2;2;1;3;BOULEVARD DE LA TOUR MAUBOURG;;
536587966;23;3;2024;23:00;3;51;51153;1;2;1;3;D3;;
536587968;14;2;2024;12:40;1;31;31149;2;1;1;6;ADER (AVENUE CLEMENT);;
536587969;22;9;2024;07:25;2;29;29237;1;1;9;6;Kerhuella;;
536587970;28;3;2024;23:45;3;51;51042;1;1;2;6;D951 PK 70+400;;
536587971;3;1;2024;11:25;1;69;69383;2;2;1;6;Pont Lafayette;;
536587972;11;7;2024;20:00;2;75;75116;2;1;1;5;BD PERIPHERIQUE EXTERIEUR;;
536587973;10;6;2024;09:00;1;75;75102;2;3;1;6;BOULEVARD DE SEBASTOPOL;;
536587974;17;8;2024;18:00;1;94;94043;1;1;3;6;A6B;;
536587975;4;5;2024;13:54;1;01;01033;1;1;1;6;D1084;;
536587976;15;2;2024;08:10;1;27;27562;2;3;1;2;ROUEN (ROUTE DE );;
536587977;27;3;2024;23:00;3;56;56053;1;1;3;6;Le Quélénnec;;
536587978;21;9;2024;16:55;1;35;35012;2;4;8;3;rue hippolyte fillioux;;
536587979;9;6;2024;21:00;1;94;94068;2;1;1;6;8 bis Quai Beaubourg;;
536587980;3;1;2024;22:36;5;69;69382;2;2;1;3;Rue de la République;;
536587982;29;3;2024;06:37;2;56;56120;1;1;2;6;8 Route de Saint-jean-brévelay;;
536587983;10;7;2024;18:10;1;75;75112;2;2;1;3;AVENUE DAUMESNIL;;
536587984;16;2;2024;00:45;5;26;26362;2;2;1;3;Rue Jean Jaures;;
536587985;5;5;2024;03:40;3;58;58088;1;1;2;7;A77;;
536587986;6;6;2024;17:45;1;94;94058;2;1;1;3;Quai de l'Argonne;;
536587987;3;12;2024;18:00;5;41;41136;2;1;9;6;Route d?Orléans;;
536587988;26;10;2024;19:10;4;75;75114;2;1;1;2;BD PERIPHERIQUE INTERIEUR;;
536587989;23;9;2024;08:00;1;60;60143;2;1;2;3;Rue Paul Journee;;
536587990;29;3;2024;12:30;1;81;81146;1;1;1;2;Chemin d?Arquières;;
536587991;2;1;2024;18:10;5;69;69081;2;1;1;6;Chemin Jean-Marie Vianney;;
536587992;17;8;2024;17:45;1;92;92002;1;1;3;2;AUTOROUTE A10;;
536587993;12;7;2024;20:45;1;75;75106;2;5;1;3;BOULEVARD DU MONTPARNASSE;;
536587994;15;2;2024;18:55;1;26;26198;2;1;1;1;Avenue du 14 Juillet 1789;;
536587995;23;9;2024;06:30;3;80;80053;1;1;2;6;Rue de Champien;;
536587996;1;12;2024;20:25;5;95;95012;1;1;1;7;D37;;
536587997;10;6;2024;18:00;1;94;94046;2;1;1;3;37 Rue Maurice Lissac;;
536587998;4;5;2024;19:05;1;30;30226;1;1;1;1;Chemin de la Voie Romaine;;
536587999;2;1;2024;22:45;5;971;97113;2;9;1;7;RN4 - SECTION RIVIERA;;
536588000;26;10;2024;09:55;1;75;75118;2;3;8;6;RUE ORDENER;;
536588001;28;3;2024;17:35;1;34;34013;1;1;1;3;D609;;
536588002;10;7;2024;17:15;1;75;75104;2;2;1;6;PONT PETIT PONT;;
536588003;12;2;2024;19:10;5;19;19031;2;1;1;3;KENNEDY (AVENUE JOHN);;
536588005;22;9;2024;05:20;3;80;80670;1;1;1;6;D1029;;
536588006;3;1;2024;13:10;1;91;91549;2;1;2;6;HUREPOIX (AVENUE DU);;
536588007;17;8;2024;19:15;1;95;95212;1;1;2;6;N104;;
536588008;9;6;2024;18:30;1;94;94028;2;9;1;6;Rue de Falkirk / Square des Griffons;;
536588009;28;3;2024;22:20;5;34;34284;2;4;1;7;pk 32 D907;;
536588010;26;10;2024;22:15;5;75;75117;2;2;1;3;BOULEVARD MALESHERBES;;
536588011;10;7;2024;01:45;5;75;75105;2;2;2;6;RUE CLAUDE BERNARD;;
536588012;23;9;2024;18:10;1;59;59249;2;1;1;2;Rue des Eliets;;
536588013;1;8;2024;20:38;1;95;95572;1;1;1;6;N184;;
536588014;3;1;2024;14:00;1;91;91064;2;1;2;2;PARIS (RUE DE);;
536588015;15;2;2024;09:58;1;17;17300;2;1;1;3;CHEF DE BAIE   RUE;;
536588016;9;6;2024;16:25;1;94;94028;2;6;1;3;Car de Pompadour / Avenue de la Pompadour;;
536588017;3;12;2024;15:30;1;57;57032;1;1;2;2;D11;;
536588018;29;3;2024;16:40;1;34;34028;2;1;1;1;Chemin de Boussagues;;
536588019;12;7;2024;11:15;1;75;75119;2;3;2;7;QUAI DE LA SEINE;;
536588020;17;8;2024;17:00;1;92;92036;1;1;2;6;AUTOROUTE A15;;
536588021;3;5;2024;10:30;1;2B;2B009;1;1;1;3;RT50 - Lieu-dit BUGGIONE;;
536588022;25;10;2024;17:40;1;75;75116;2;3;1;1;AVENUE FOCH;;
536588023;3;1;2024;18:30;5;91;91687;2;1;2;6;MARMONT (AVENUE);;
536588024;22;9;2024;03:40;3;59;59563;1;3;1;3;Route Nationale;;
536588025;10;6;2024;08:20;1;93;93073;2;2;1;6;Rue de Flandre / Rue du Docteur Georges Assant;;
536588026;15;8;2024;15:15;1;987;98735;1;9;1;1;PIERRE LOTI (ALLEEQTIER PORCELANO-PETERL;;
536588027;10;2;2024;18:10;2;14;14366;2;3;1;2;2 Rue Docteur Paul Ouvry;;
536588028;2;12;2024;17:25;5;69;69052;2;2;2;6;20 Route de Lozanne;;
536588029;12;7;2024;12:45;1;75;75117;2;2;8;6;BOULEVARD GOUVION SAINT CYR;;
536588030;4;5;2024;04:00;3;69;69199;1;1;1;6;Autoroute 7;;
536588031;28;3;2024;21:15;5;29;29217;2;2;2;1;Rue Emile Bernard;;
536588032;3;1;2024;11:20;1;91;91326;2;9;2;2;COUR DE FRANCE (AVENUE DE LA);;
536588033;4;12;2024;16:40;1;69;69094;2;1;1;6;Route de Marcy;;
536588034;15;2;2024;20:12;5;13;13216;2;1;1;1;FENOUIL (BOULEVARD);;
536588035;22;9;2024;07:30;2;69;69163;1;1;2;1;Autoroute 46;;
536588036;10;6;2024;19:10;1;93;93066;2;1;1;6;Avenue du Stade de France;;
536588037;26;10;2024;18:20;1;75;75112;2;1;1;6;BOULEVARD PONIATOWSKI;;
536588038;4;5;2024;01:20;3;56;56026;1;1;1;1;Kerfaven;;
536588039;12;7;2024;18:00;1;75;75115;2;2;1;6;RUE DU DOCTEUR ROUX;;
536588040;28;3;2024;11:00;1;29;29026;2;1;2;2;56 Rue Graveran;;
536588041;16;8;2024;18:25;5;976;97611;2;1;1;3;mgombani-Mahabou (rond point);;
536588042;14;2;2024;14:15;1;13;13047;2;1;1;1;RADOLFZELL AVENUE DE;;
536588043;4;12;2024;13:45;1;31;31291;1;1;1;6;Route de la Salvetat;;
536588044;9;6;2024;23:15;5;93;93066;2;1;1;1;Rue Ambroise Croizat;;
536588045;3;1;2024;10:30;1;84;84007;2;3;1;3;C.De GAULLE (Rocade);;
536588046;22;9;2024;09:50;1;92;92072;1;1;2;6;N118;;
536588048;14;2;2024;19:15;2;13;13005;2;1;1;3;CAMP DE SARLIER ROUTE DE GEMENOS;;
536588049;26;10;2024;22:30;5;75;75111;2;3;1;3;BOULEVARD VOLTAIRE;;
536588050;12;7;2024;19:14;1;75;75112;2;1;1;3;RUE DE BERCY;;
536588051;16;8;2024;21:00;5;974;97407;1;1;1;3;ROUTE DU SACRE COEUR;;
536588052;28;3;2024;16:30;1;26;26345;2;6;1;4;D117;;
536588053;4;12;2024;16:40;5;80;80721;2;3;2;1;Rue du Chantier;;
536588054;3;1;2024;11:00;1;83;83062;2;1;1;1;SAVELS (AVENUE DES);;
536588055;9;6;2024;19:30;1;93;93010;2;2;1;3;Avenue Henri Varagnat / Rue Andrei Sakharov;;
536588056;20;9;2024;08:30;1;94;94015;1;1;1;2;A4;;
536588057;15;2;2024;08:10;1;06;06088;2;1;1;3;MATISSE (AV. HENRI);;
536588058;4;5;2024;19:00;1;63;63170;1;2;2;1;RD941/RD581-Ballot;;
536588059;26;10;2024;14:40;1;75;75110;2;2;1;3;BOULEVARD DE MAGENTA;;
536588060;17;8;2024;01:00;5;69;69388;2;3;1;7;Avenue Jean Mermoz;;
536588061;11;7;2024;17:50;1;75;75111;2;7;1;3;AVENUE PHILIPPE AUGUSTE;;
536588062;26;10;2024;05:50;3;59;59584;1;1;1;7;Route de Mons;;
536588063;14;2;2024;16:30;1;06;06004;2;1;1;6;Boulevard Guillaume Apollinaire;;
536588064;28;3;2024;17:40;1;72;72266;1;1;2;1;Lieu Dit la Blanchisserie;;
536588065;5;5;2024;19:50;1;38;38439;2;1;1;7;365 route de la ronzière;;
536588066;3;1;2024;10:28;1;83;83137;2;9;1;3;BRIAND (AVE ARISTIDE DE 1 A 1219;;
536588067;10;6;2024;10:10;1;93;93001;2;3;1;1;Avenue de la République / Rue des Postes;;
536588068;26;10;2024;01:30;5;75;75107;2;3;2;3;QUAI ANATOLE FRANCE;;
536588069;11;7;2024;08:30;1;75;75111;2;1;1;3;BOULEVARD DE CHARONNE;;
536588070;29;3;2024;08:40;1;50;50484;2;1;1;6;Rue de Paris;;
536588071;3;5;2024;16:56;1;84;84123;1;1;1;2;route du ventoux;;
536588072;15;2;2024;20:30;5;01;01283;2;6;1;3;DORTAN (ROUTE DE);;
536588073;2;1;2024;10:55;1;77;77445;2;1;2;6;EUROPE (AVENUE DE L');;
536588075;2;12;2024;19:06;3;13;13213;1;1;1;3;A507 sens Marseille - Aubagne;;
536588076;16;8;2024;23:40;5;69;69388;2;2;1;3;Boulevard des Etats-Unis;;
536588077;10;6;2024;11:05;1;92;92078;2;1;8;6;VERDUN (AVENUE) (N° PAIRS 40 A 90);;
536588078;26;10;2024;04:10;5;75;75101;2;2;2;7;RUE DE RIVOLI;;
536588079;5;5;2024;09:30;1;85;85153;1;1;2;7;D137;;
536588080;3;12;2024;11:50;1;13;13088;1;1;1;7;A55-Sens Marseille vers Martigues;;
536588081;12;7;2024;09:30;1;75;75109;2;1;2;6;RUE DU FAUBOURG MONTMARTRE;;
536588082;2;1;2024;09:08;1;77;77445;1;1;1;6;HAIE (AVENUE DE LA);;
536588083;15;2;2024;09:35;1;75;75113;2;1;1;3;BD PERIPHERIQUE EXTERIEUR;;
536588084;9;6;2024;18:50;1;92;92078;2;1;1;6;PROMENADE (VOIE) (90 A 114);;
536588085;28;3;2024;17:45;1;60;60509;2;2;1;3;Rue Georges Decroze;;
536588086;5;5;2024;12:00;1;58;58293;1;1;1;7;Bois Duret;;
536588087;29;5;2024;17:50;1;62;62643;2;3;7;3;Rue des Tilleuls;;
536588088;25;10;2024;15:21;1;75;75101;2;3;8;6;QUAI FRANCOIS MITTERRAND;;
536588089;3;1;2024;13:34;1;77;77449;2;1;2;6;AV PAUL SERAMY;;
536588090;16;8;2024;21:20;5;69;69149;2;2;1;3;Rue Parmentier;;
536588091;10;6;2024;18:05;1;92;92062;2;1;1;6;EICHENBERGER (RUE);;
536588092;14;2;2024;13:10;1;75;75119;2;1;1;3;BD PERIPHERIQUE EXTERIEUR;;
536588093;12;7;2024;01:35;5;75;75109;2;2;3;6;RUE DE CHATEAUDUN;;
536588094;5;5;2024;05:40;2;06;06111;1;1;1;6;M2205 PR 32 + 63;;
536588095;3;12;2024;16:50;1;83;83137;1;1;1;4;A57;;
536588096;28;3;2024;20:30;3;43;43267;1;1;1;6;D103;;
536588097;3;1;2024;06:45;3;76;76351;2;1;1;6;CHANTIERS (DES);;
536588098;14;2;2024;10:45;1;75;75118;2;1;2;6;BD PERIPHERIQUE EXTERIEUR;;
536588099;9;5;2024;06:20;2;62;62040;2;1;5;1;D221;;
536588100;29;3;2024;15:30;1;16;16329;1;1;3;6;La lande claire;;
536588101;26;10;2024;17:10;1;94;94058;2;9;1;1;Quai de l'Artois;;
536588102;4;5;2024;18:45;2;06;06072;1;1;1;7;M59 PKR 11 +950;;
536588103;2;12;2024;13:05;1;83;83137;2;1;1;2;A50;;
536588104;12;7;2024;00:35;5;75;75108;2;5;3;7;AVENUE DE MESSINE;;
536588105;10;6;2024;12:30;1;92;92062;2;4;1;2;DE DION BOUTON (QUAI) DU 29 AU 65;;
536588106;2;1;2024;15:30;1;72;72181;2;9;2;3;DURAND GEORGES (AV) N° IMP 313 ET plus;;
536588107;14;2;2024;07:20;5;75;75120;2;1;1;5;BD PERIPHERIQUE INTERIEUR;;
536588109;15;8;2024;19:56;5;971;97101;1;1;1;5;ROUTE DE BOISVINS;;
536588110;11;7;2024;22:00;5;75;75101;2;2;1;6;RUE DE RIVOLI;;
536588111;24;5;2024;09:00;1;18;18033;2;3;1;3;45 Rue Jean Baffier;;
536588112;3;12;2024;08:10;1;67;67131;1;1;1;2;R.N. 353;;
536588113;26;10;2024;19:00;5;94;94068;2;2;1;6;LEROUX (R);;
536588114;29;3;2024;09:45;1;07;07134;1;1;8;3;Quartier Prends Toi Garde;;
536588115;10;6;2024;06:20;2;92;92051;2;1;1;7;CHARLES DE GAULLE (AVENUE,N°118 A 192 +;;
536588116;5;5;2024;15:20;1;07;07265;1;1;1;7;D306;;
536588117;3;1;2024;17:40;2;69;69282;2;2;1;1;Avenue de Grenoble;;
536588118;11;9;2024;09:00;1;44;44020;2;6;1;7;Rond-Point de Pornic;;
536588119;26;10;2024;17:15;1;94;94041;2;9;1;3;170 Boulevard de Stalingrad;;
536588120;14;2;2024;19:10;5;75;75109;2;3;1;6;RUE DE LA TOUR DES DAMES;;
536588121;10;6;2024;09:00;1;92;92048;2;9;1;3;GENERAL DE GAULLE (AVENUE DU);;
536588122;14;8;2024;10:40;1;971;97113;1;1;1;3;ROUTE DE PERINET-RD 119;;
536588123;26;3;2024;16:00;1;23;23266;1;1;1;1;les roches;;
536588124;5;5;2024;04:55;3;53;53051;1;1;1;2;La Petite Roderie;;
536588125;3;1;2024;05:50;4;69;69290;2;2;1;6;60 Rue Alfred de Vigny;;
536588127;23;5;2024;08:38;1;92;92044;2;1;1;7;ED.VAILLANT(RUE)119A131 ET 98A108;;
536588128;11;9;2024;12:00;1;44;44162;2;6;1;2;Rond-Point d'Armor;;
536588129;12;7;2024;18:15;1;94;94076;2;3;1;1;Rue Ambroise Croizat;;
536588130;16;8;2024;13:00;1;80;80021;2;1;1;6;Avenue de la Paix;;
536588131;4;5;2024;06:56;1;53;53237;2;1;1;6;23 Rue d'Oisseau;;
536588132;15;2;2024;00:01;5;75;75105;2;3;1;3;PONT DE LA TOURNELLE;;
536588133;29;3;2024;14:58;1;974;97418;2;2;8;3;Rue Ylang Ylang;;
536588134;20;11;2024;13:23;1;59;59288;1;1;1;2;AUTOROUTE A2;;
536588135;4;5;2024;13:30;1;28;28405;1;1;1;7;Route Nationale 12;;
536588136;2;1;2024;12:40;1;67;67180;2;2;2;2;FOULON (RUE DU);;
536588137;15;8;2024;16:00;1;80;80261;2;1;1;7;Route d'Amiens;;
536588138;15;2;2024;16:55;1;75;75119;2;1;1;6;AVENUE DE FLANDRE;;
536588139;11;7;2024;18:10;1;94;94079;2;1;1;3;Rue Adrien Mentienne;;
536588140;10;6;2024;17:09;1;92;92026;2;1;1;4;MARECHAL JOFFRE (QUAI DU);;
536588141;9;9;2024;19:00;5;44;44109;2;4;1;3;Place de la Bourse;;
536588142;26;10;2024;09:45;1;94;94081;2;6;1;5;Avenue Maximilien de Robespierre;;
536588143;29;3;2024;01:45;5;973;97311;2;1;1;2;Rue des Mouettes;;
536588144;3;12;2024;20:00;3;94;94021;1;1;1;2;A6B;;
536588145;15;2;2024;10:30;1;75;75119;2;1;1;3;AVENUE JEAN JAURES;;
536588146;3;1;2024;16:00;1;08;08409;2;1;1;6;38 Boulevard Chanzy;;
536588148;9;6;2024;12:30;1;92;92025;2;1;1;3;HENRI BARBUSSE (AV);;
536588149;11;7;2024;11:23;1;93;93073;2;1;1;1;PASTEUR (AVENUE);;
536588150;26;10;2024;23:20;5;94;94038;2;1;1;6;10 Rue Sainte Colombe;;
536588151;3;5;2024;17:35;1;52;52421;1;1;3;6;Rue du Tertre;;
536588152;28;7;2024;13:45;1;78;78646;2;6;1;3;LOI (PLACE DE LA);;
536588153;3;12;2024;18:15;3;91;91037;1;1;1;3;AUTOROUTE A6;;
536588154;28;3;2024;08:30;1;91;91156;1;1;8;3;D449;;
536588155;15;2;2024;11:00;1;75;75117;2;2;1;6;RUE JOUFFROY D ABBANS;;
536588156;3;1;2024;20:42;5;65;65440;2;2;1;3;Rue Georges Lassalle;;
536588157;5;5;2024;09:40;1;67;67388;2;1;3;6;Rue du General Koenig;;
536588158;6;7;2024;20:45;2;93;93051;1;9;1;7;RU DE NESLE (BOULEVARD);;
536588159;26;10;2024;12:35;1;94;94021;2;1;1;6;rue de la sécurité parisienne;;
536588160;10;6;2024;18:00;1;92;92007;2;9;1;2;BRIAND (AVENUE ARISTIDE) N° 162 A 300;;
536588161;3;12;2024;11:10;1;91;91645;1;1;2;3;N385;;
536588162;9;9;2024;16:00;1;44;44109;2;1;1;6;88 Boulevard Jules Verne;;
536588163;16;8;2024;08:30;1;69;69275;2;1;1;3;409 Avenue Jean Jaurès;;