Num_Acc;jour;mois;an;hrmn;lum;dep;com;agg;int;atm;col;adr;lat;long
536588164;8;3;2024;15:15;1;67;67348;2;3;1;3;36 Rue de Selestat;;
536588165;3;1;2024;10:25;1;64;64335;2;1;1;6;Parking CC carrefour Lescar;;
536588166;26;10;2024;06:55;3;94;94021;1;1;1;1;Rue du Pont des Halles;;
536588167;5;5;2024;13:40;1;973;97309;2;2;1;3;Rue Bois d?Inde;;
536588168;14;2;2024;14:30;1;75;75117;2;1;1;5;AVENUE DE LA PORTE DE CHAMPERRET;;
536588169;3;12;2024;17:00;3;94;94046;1;1;1;3;A86;;
536588170;12;7;2024;09:04;1;93;93063;2;2;2;3;Rue Mirabeau / Place Jean Moulin;;
536588171;11;6;2024;18:05;1;60;60326;1;1;1;5;N31;;
536588172;3;1;2024;19:48;5;64;64102;2;1;1;3;RESPLANDY (AVENUE DU CAPITAINE);;
536588173;16;8;2024;21:15;5;69;69276;2;1;1;1;1 Route de Lyon;;
536588175;23;5;2024;17:10;1;59;59324;2;1;2;6;BRIQUETERIE (RUE);;
536588176;25;10;2024;14:30;1;94;94073;1;9;1;3;2 Avenue du Luxembourg;;
536588177;3;12;2024;09:07;1;94;94034;1;1;1;3;A86;;
536588178;12;7;2024;07:16;1;92;92051;2;1;2;6;CHARLES DE GAULLE (AVENUE, N° 18 A 116);;
536588179;2;1;2024;20:15;5;64;64102;2;1;2;7;LAHARIE (CHEMIN DE);;
536588180;29;3;2024;13:15;1;88;88470;1;3;2;5;26 Route du Rain Brice;;
536588181;11;6;2024;00:09;3;60;60646;2;1;1;1;Rue de Dieppe;;
536588182;4;5;2024;22:30;3;45;45191;2;1;2;6;24 Avenue du Général de Gaulle;;
536588183;15;2;2024;14:00;1;75;75116;2;3;1;7;RUE ALFRED BRUNEAU;;
536588184;26;10;2024;21:00;4;94;94011;2;1;1;6;Avenue de Paris;;
536588185;29;4;2024;17:15;1;59;59599;2;2;1;3;FAIDHERBE (RUE );;
536588186;15;2;2024;04:00;5;75;75116;2;1;1;6;ROUTE DE LA MUETTE A NEUILLY;;
536588187;28;3;2024;17:20;1;57;57443;2;9;7;6;Place de la Marjottee;;
536588188;3;12;2024;08:00;2;77;77258;1;1;1;3;A4.W;;
536588189;3;1;2024;15:50;1;62;62263;2;3;3;6;Avenue de l'Hippodrome;;
536588190;16;8;2024;20:15;5;67;67482;2;3;1;3;VAUBAN (RUE);;
536588191;12;7;2024;12:10;1;92;92044;2;2;8;3;ARISTIDE BRIAND(RUE)51A83  54A96;;
536588192;10;6;2024;06:23;1;2A;2A272;1;1;8;1;Sartène;;
536588193;4;5;2024;10:00;1;78;78522;1;2;2;3;départementale 988;;
536588194;26;10;2024;06:20;5;94;94028;2;1;1;6;Rue Claude Nicolas Ledoux;;
536588195;29;3;2024;03:40;3;63;63120;1;1;2;6;Route des Martres;;
536588196;16;9;2024;12:50;1;77;77031;2;1;1;6;place de la mairie;;
536588197;29;8;2024;15:20;1;38;38421;2;1;1;2;Avenue de la commune de Paris;;
536588198;12;7;2024;19:10;1;92;92025;2;1;1;7;ROUGET DE L'ISLE (RUE);;
536588199;15;2;2024;17:35;5;75;75115;2;2;1;3;AVENUE DE SUFFREN;;
536588200;16;8;2024;20:32;1;67;67482;2;1;1;1;AEROPOSTALE (RUE DE L );;
536588201;5;5;2024;16:00;1;2B;2B199;1;1;1;3;RT 30;;
536588202;3;1;2024;08:28;2;60;60175;1;1;1;5;RD 201_PONT DE L'OISE_APLOMB PIERRE BLAN;;
536588203;10;6;2024;17:08;1;68;68315;2;3;1;3;Intersection rue du vieil armand et route de bollwiller;;
536588204;28;3;2024;08:45;1;38;38200;2;1;1;1;239 Avenue Général Delestraint;;
536588205;26;10;2024;20:35;5;93;93078;2;2;1;1;DAMBEL (AVENUE EMILE);;
536588206;20;9;2024;23:56;3;73;73179;1;6;1;6;D16a;;
536588207;22;7;2024;12:50;1;12;12145;2;2;1;6;LILAS;;
536588208;15;2;2024;14:55;1;75;75114;2;3;1;7;RUE D ALESIA;;
536588209;12;7;2024;17:25;1;92;92004;2;2;1;3;DOCTEUR DERVAUX  ( QUAI DU );;
536588210;11;6;2024;16:00;1;01;01379;2;1;1;6;131 Allee des Tilleuls;;
536588211;1;1;2024;04:35;5;59;59178;2;1;8;6;Rue d’Aniche;;
536588213;28;3;2024;06:51;2;09;09269;1;1;1;6;d117;;
536588214;4;5;2024;21:45;3;2B;2B199;1;1;1;1;RT 30;;
536588215;3;12;2024;08:59;1;988;98818;2;1;1;1;ECHANGEUR BONAPARTE;;
536588216;26;10;2024;20:00;3;93;93066;2;2;1;1;PORTE DE PARIS (PLACE);;
536588217;15;2;2024;09:15;1;75;75110;2;1;1;6;RUE DU FAUBOURG SAINT MARTIN;;
536588218;6;9;2024;09:00;2;44;44109;2;1;1;3;118 Boulevard de Doulon;;
536588219;8;6;2024;22:10;3;83;83031;1;1;1;6;Échangeur entre A8 et A 57 (Embranchement d'autoroute);;
536588220;2;1;2024;17:50;5;57;57672;2;1;3;6;HORTICULTEURS (RUE DES);;
536588221;16;8;2024;07:20;1;66;66136;2;1;1;2;Départementale  617;;
536588222;12;7;2024;00:19;5;92;92004;2;1;2;6;ARGENTEUIL AV D';;
536588223;4;5;2024;14:23;1;67;67520;2;6;1;7;Rue de Romanswiller;;
536588224;2;12;2024;19:40;5;973;97302;2;6;1;3;SUZINI (CARREFOUR);;
536588225;7;6;2024;14:45;1;972;97225;2;1;1;6;N2;;
536588226;25;10;2024;23:45;5;93;93045;2;1;1;6;EGALITE RUE DE L';;
536588227;2;1;2024;17:25;5;57;57672;2;1;3;6;GENERAL DE CASTELNAU (RUE DU);;
536588228;16;8;2024;16:45;1;64;64122;2;9;1;7;ROND POINT DE L EUROPE;;
536588229;14;2;2024;20:50;5;75;75108;2;7;1;3;AVENUE MATIGNON;;
536588230;13;7;2024;11:40;1;14;14713;1;1;1;7;1124 Route de la Raite;;
536588231;22;7;2024;18:28;1;74;74012;2;1;1;2;DE GAULLE (AVENUE CHARLES);;
536588232;3;1;2024;08:01;2;57;57606;2;1;2;7;LORRAINE (BOULEVARD DE);;
536588233;9;6;2024;08:13;1;972;97205;1;1;1;6;N2;;
536588234;26;10;2024;18:15;2;93;93077;2;1;1;2;LAENNEC (RUE);;
536588235;29;3;2024;15:20;1;27;27123;1;1;1;6;RN 13 pk 012+900;;
536588236;13;7;2024;06:30;1;24;24294;1;1;1;6;les grillauds;;
536588237;1;12;2024;21:55;5;973;97302;2;2;1;3;LALLOUETTE;;
536588238;4;5;2024;22:15;3;57;57511;1;1;2;2;D652;;
536588239;15;8;2024;20:15;1;64;64024;2;6;1;7;CAILLES (AVENUE DE LA BUTTE AUX);;
536588240;14;2;2024;18:40;5;75;75107;2;3;1;3;BOULEVARD RASPAIL;;
536588241;21;9;2024;10:45;1;974;97411;2;1;1;2;JAURES (BOULEVARD JEAN);;
536588242;2;1;2024;19:15;5;51;51454;2;1;2;6;JUIN (AVENUE DU MARECHAL);;
536588243;11;6;2024;12:05;1;21;21177;1;1;1;6;Autoroute A6, PK 244.700, sens Lyon-Paris;;
536588244;29;3;2024;16:35;1;59;59011;2;1;1;6;Rue Louis Dal;;
536588245;26;10;2024;13:40;1;93;93029;2;3;1;6;EMMANUEL VINSON;;
536588246;2;12;2024;18:12;4;69;69388;2;1;2;3;Boulevard Pinel;;
536588247;5;5;2024;15:00;1;38;38382;2;9;1;3;Route de Grenoble;;
536588248;16;8;2024;03:30;4;59;59234;1;1;1;1;RD 621;;
536588249;12;7;2024;09:30;1;972;97234;1;1;2;6;N2;;
536588250;15;2;2024;19:15;5;75;75103;2;2;1;6;BOULEVARD SAINT DENIS;;
536588251;26;10;2024;20:30;5;93;93027;2;1;1;6;PASTEUR (BOULEVARD) DE 40 A +;;
536588252;21;9;2024;10:33;1;973;97302;2;1;1;3;AWARA DENDE;;
536588253;4;5;2024;11:40;1;69;69112;2;6;1;6;Rue du Joly;;
536588254;2;12;2024;16:30;2;2B;2B033;2;1;1;3;LUCE DE CASABIANCA -RUE;;
536588255;28;3;2024;11:39;1;13;13088;1;1;1;2;A55-Sens Martigues vers Marseille;;
536588256;8;6;2024;18:30;1;62;62529;1;2;1;3;D947;;
536588257;26;10;2024;21:45;5;92;92036;1;1;1;7;SEINE (ROUTE DE LA) (1);;
536588258;2;1;2024;11:22;1;51;51454;2;1;3;2;CHAMPAGNE   (  AVENUE DE);;
536588259;16;8;2024;12:40;1;56;56083;1;1;2;7;Haut Locoyarne;;
536588260;14;2;2024;20:35;5;94;94058;2;2;1;1;Avenue du 11 Novembre / Rue de la Paix;;
536588261;3;1;2024;13:30;1;49;49328;1;9;2;6;CADRE NOIR (PONT DU) N 347;;
536588262;26;10;2024;18:50;1;92;92036;2;1;1;6;LOUISE MICHEL (PAIRS);;
536588263;2;12;2024;09:35;1;2B;2B120;1;1;1;2;11 - RT;;
536588264;13;7;2024;00:50;3;71;71170;1;1;1;2;A6;;
536588265;28;3;2024;14:10;1;83;83144;1;1;1;2;A57;;
536588266;3;5;2024;13:50;1;31;31187;2;1;1;3;17 Avenue des Romarins;;
536588267;21;9;2024;21:15;5;69;69383;2;3;1;3;Rue Pascal;;
536588268;10;6;2024;17:41;1;65;65436;2;2;1;3;D49;;
536588269;16;8;2024;02:25;3;56;56098;2;1;2;6;Avenue Ambroise Croizat;;
536588270;1;12;2024;23:29;5;971;97113;1;1;2;6;Pont de BLANCHARD;;
536588271;24;3;2024;15:40;1;67;67218;1;1;2;6;M35;;
536588272;13;7;2024;00:14;3;42;42199;2;1;1;6;566 Route de la Treille;;
536588273;26;10;2024;11:20;1;92;92004;2;2;8;3;VOLTAIRE ( BD 16 A FIN );;
536588274;30;3;2024;09:20;1;49;49020;1;6;1;7;D 56;;
536588275;15;2;2024;19:30;5;94;94073;2;2;1;3;Avenue de Versailles / rue simone veil;;
536588276;16;8;2024;02:23;3;56;56121;2;1;2;6;Rue de Kerjulaude;;
536588277;10;6;2024;07:30;1;71;71544;2;3;1;1;Rue du Bourg;;
536588278;20;9;2024;04:00;5;972;97213;1;1;1;2;ROUTE NATIONALE 1;;
536588279;26;10;2024;21:45;3;54;54303;1;1;1;6;D99;;
536588280;13;7;2024;03:00;4;60;60380;2;9;2;6;Rue de Meaux;;
536588281;28;3;2024;18:45;2;91;91345;1;1;1;2;AUTOROUTE A6;;
536588282;1;12;2024;11:50;1;971;97101;1;3;1;3;YLANG YLANG (RUE DES );;
536588283;3;1;2024;18:52;2;35;35238;2;3;1;3;ALBERT 1ER (BD);;
536588284;5;5;2024;10:50;1;22;22273;1;4;1;3;Le Tertre Chapelle;;
536588285;15;2;2024;05:35;5;94;94022;2;1;2;6;Rue Demanieux;;
536588286;26;10;2024;18:50;3;59;59301;1;1;9;6;Chemin des Rignains;;
536588287;21;9;2024;00:20;3;972;97209;1;1;1;6;REDOUTE (ROUTE DE LA°;;
536588288;10;6;2024;16:27;1;30;30191;1;1;1;3;D765a;;
536588289;1;12;2024;02:10;5;971;97101;1;1;1;6;HIBISCUS;;
536588290;28;3;2024;09:20;1;91;91471;1;1;1;2;RN 118;;
536588291;3;1;2024;08:04;1;25;25462;2;1;1;6;EIFFEL;;
536588292;26;10;2024;21:00;1;26;26087;1;1;1;6;Rue des Artisans;;
536588293;16;8;2024;14:35;1;54;54395;2;9;1;3;Avenue du Rhin;;
536588294;14;2;2024;14:20;1;93;93070;2;1;1;3;Rue Albert Dhalenne;;
536588295;13;7;2024;16:30;1;30;30209;1;1;1;3;D377;;
536588297;2;12;2024;16:25;1;971;97105;2;1;1;6;Z.A.  CALBASSIER;;
536588299;4;5;2024;22:00;3;60;60413;1;1;1;7;D922;;
536588300;3;1;2024;14:05;1;25;25056;2;3;2;6;rue de dole;;
536588301;20;9;2024;08:30;1;972;97209;1;1;1;4;RD 41 (ROCADE);;
536588302;28;3;2024;17:16;1;78;78043;1;1;1;4;A12 W;;
536588303;19;11;2024;18:15;5;89;89387;2;1;3;6;PIERRE DE COUBERTIN (AVENUE);;
536588304;15;2;2024;12:55;1;93;93048;2;2;1;2;Rue des Rigondes / Rue Raspail;;
536588305;11;6;2024;09:29;1;83;83116;1;1;1;7;Dn7;;
536588306;26;10;2024;14:57;1;51;51217;2;1;1;7;28 Avenue de Paris;;
536588307;12;7;2024;21:55;5;69;69100;2;3;2;3;Rue de la Mouche;;
536588308;3;1;2024;18:20;5;22;22278;2;1;2;6;CLEMENCEAU (BD);;
536588309;15;8;2024;08:10;1;54;54304;2;2;1;3;avenue du Bois Gronée;;
536588310;4;5;2024;15:41;1;91;91228;1;1;1;2;AUTOROUTE A6;;
536588311;3;1;2024;02:45;5;17;17300;2;1;9;7;Avenue Jean Guiton;;
536588312;27;3;2024;15:00;1;78;78140;1;1;1;2;A13;;
536588313;27;10;2024;16:20;1;06;06064;1;1;1;3;1243 Route des Sauces;;
536588314;12;7;2024;08:00;1;51;51333;1;1;2;6;D9;;
536588315;21;9;2024;12:40;1;69;69152;2;4;1;3;Boulevard de l'Europe;;
536588316;15;8;2024;18:20;1;51;51108;2;1;7;6;PERTHUIS (CHEMIN DU);;
536588317;10;6;2024;10:40;1;76;76034;2;3;1;1;Rue du Bosmeslet;;
536588318;15;2;2024;17:45;2;93;93046;2;5;1;2;Avenue Aristide Briand / Boulevard Gutenberg;;
536588319;3;5;2024;18:15;1;92;92036;1;1;1;5;AUTOROUTE A15;;
536588320;2;12;2024;15:30;1;78;78440;2;1;1;7;JEAN JAURES  (RUE);;
536588321;23;10;2024;07:30;2;77;77116;2;1;5;7;D215;;
536588322;27;3;2024;08:55;1;78;78640;1;1;1;2;A86 EXT;;
536588323;3;1;2024;10:42;1;16;16102;2;1;1;3;CORDERIE (ALLEE DE LA);;
536588324;15;8;2024;16:20;1;50;50129;2;1;1;7;PREVERT (AVENUE JACQUES);;
536588325;12;7;2024;10:25;1;51;51343;2;1;1;6;Route de Romilly;;
536588326;10;6;2024;15:00;1;82;82124;1;1;1;1;Route de Castelsarrasin;;
536588327;15;2;2024;14:45;1;93;93007;2;3;1;6;Avenue Henri Barbusse / Rue Danton;;
536588328;3;5;2024;17:00;1;988;98818;2;1;1;3;RUE ARNOLD DALY;;
536588329;21;9;2024;14:45;1;971;97101;1;1;1;4;AMEDEE ABARRE - SALLE D'ASILE (RUE);;
536588330;3;1;2024;13:30;1;13;13208;2;1;1;5;LORD DUVEEN (BOULEVARD);;
536588331;26;10;2024;12:45;1;66;66050;1;9;1;3;D1;;
536588332;26;3;2024;17:40;1;92;92050;1;1;2;3;A86;;
536588333;16;8;2024;15:42;1;49;49007;2;1;1;2;FAURE QUAI;;
536588334;13;7;2024;10:10;1;19;19151;1;1;1;5;rue du midi;;
536588336;3;5;2024;13:08;1;987;98735;2;1;1;2;PRINCE HINOI PROLONGE (AVENUE SALLE SPOR;;
536588337;22;9;2024;01:35;3;2A;2A004;2;1;1;6;AMIRAUTE PORT BD CHARLES BONAPARTE;;
536588338;15;2;2024;19:45;5;93;93005;2;3;1;6;Rue Paul Vaillant Couturier / Route des Petits Ponts;;
536588339;27;10;2024;16:55;2;57;57106;2;6;1;2;rue jeanne d'arc;;
536588340;3;1;2024;20:15;5;11;11262;2;1;1;3;26 Avenue de Toulouse;;
536588341;27;3;2024;17:05;1;93;93007;1;1;1;2;A1;;
536588342;12;7;2024;19:40;1;67;67448;1;1;1;7;Route du Donon;;
536588343;20;10;2024;02:25;5;76;76540;2;5;1;3;Boulevard de l'Yser;;
536588344;16;8;2024;09:17;1;49;49267;2;6;1;3;PELLERINIERE;;
536588345;26;10;2024;21:05;3;91;91275;2;1;1;6;22ter Route de Chartres;;
536588346;3;1;2024;08:55;1;07;07019;2;1;1;6;RESERVOIRS (RUE DES);;
536588347;17;11;2024;07:20;2;76;76575;2;1;8;6;Rue des Anémones;;
536588348;21;9;2024;22:30;3;91;91689;1;1;1;1;RD 118;;
536588349;3;5;2024;18:10;3;974;97416;1;1;1;2;RN2 (1);;
536588350;15;2;2024;15:00;1;92;92046;2;2;1;6;GABRIEL PERI;;
536588351;12;7;2024;18:00;1;65;65062;2;1;2;7;D817;;
536588352;16;8;2024;23:25;5;44;44109;2;6;2;3;Rue du Bêle;;
536588353;2;12;2024;08:45;1;73;73031;2;1;1;6;Rue arthur haulotte;;
536588354;26;10;2024;18:15;2;51;51079;1;3;1;3;Rue de Louvois;;
536588355;28;3;2024;21:00;3;94;94044;1;1;1;3;RN19.Y;;
536588356;17;11;2024;21:00;5;69;69266;2;1;1;2;20 Cours Emile Zola;;
536588357;26;10;2024;05:15;3;19;19057;1;1;2;6;La Peyrague;;
536588358;11;8;2024;18:30;1;42;42218;2;2;1;6;Rue des Docteurs Charcot;;
536588359;15;2;2024;09:50;1;92;92051;2;1;1;1;GENERAL KOENIG (BOULEVARD DU);;
536588360;3;1;2024;13:05;1;75;75113;2;1;1;4;BD PERIPHERIQUE EXTERIEUR;;
536588361;2;12;2024;14:45;1;69;69264;2;1;2;3;Rue Georges Mangin;;
536588362;11;6;2024;18:50;1;71;71522;2;1;1;1;13 route du stade;;
536588363;12;7;2024;16:00;1;32;32054;1;1;1;5;route nationale 124, PK 72+400;;
536588364;3;5;2024;23:35;5;974;97411;2;9;1;6;PETITE ILE (RUE DE LA);;
536588365;16;1;2024;07:15;5;74;74169;2;1;1;6;1510 avenue du stade;;
536588366;3;1;2024;00:01;5;75;75120;2;1;1;7;ECHANGEUR BAGNOLET;;
536588367;21;9;2024;14:03;1;91;91109;1;1;1;1;ETAMPES (ROUTE D')    RD 207;;
536588368;15;2;2024;20:55;2;92;92050;2;1;1;2;ILE AVENUE DU PARC DE L';;
536588369;26;10;2024;16:45;1;56;56190;2;2;1;3;Rue des Korrigans;;
536588370;2;12;2024;20:30;3;69;69091;2;7;2;1;Place Colonel Fabien;;
536588371;22;1;2024;23:55;3;74;74234;1;1;2;6;D12;;
536588372;3;5;2024;07:35;1;974;97411;2;9;1;6;NOTRE DAME DE LA TRINITE (BOULEVARD);;
536588373;10;6;2024;16:40;1;49;49018;1;1;1;7;D141;;
536588374;15;2;2024;20:00;5;92;92062;2;1;1;7;BOULEVARD CIRCULAIRE;;
536588375;17;8;2024;00:25;5;38;38185;2;2;2;2;DEPORTES DU 11 NOVEMBRE 1943 (RUE DES);;
536588376;13;7;2024;14:45;1;71;71285;1;2;1;3;D33 - PK 11+550;;
536588377;3;1;2024;14:45;1;75;75116;2;2;1;3;RUE SCHEFFER;;
536588378;26;1;2024;23:00;5;74;74305;2;1;1;6;BUCHILLONS (AVENUE DES);;
536588379;2;12;2024;07:25;5;66;66136;2;1;1;6;Avenue Maréchal Joffre;;
536588380;26;10;2024;16:20;1;56;56094;1;1;1;1;Lieu Dit Locguenole;;
536588381;10;6;2024;11:30;1;42;42017;1;1;1;7;Chemin de la Madone;;
536588382;3;5;2024;06:30;2;974;97411;2;1;1;3;JAURES (BOULEVARD JEAN);;
536588383;15;2;2024;06:35;5;92;92026;2;1;1;6;PRÉSIDENT PAUL DOUMER (QUAI DU);;
536588384;13;7;2024;18:20;1;71;71416;1;1;1;7;4 Chemin des Crays;;
536588385;22;9;2024;23:45;5;86;86194;2;1;1;1;8 Avenue de l'Europe;;
536588386;16;8;2024;22:00;3;34;34129;1;1;2;1;D116;;
536588387;26;10;2024;17:00;1;63;63448;1;1;2;6;D999;;
536588388;2;12;2024;15:20;1;64;64445;2;1;2;2;UNIVERSITE DE L';;
536588389;11;6;2024;08:30;1;34;34074;1;1;1;7;D20;;
536588390;14;2;2024;15:30;1;92;92024;2;1;1;6;CLICHY (QUAI DE) DE (8 A 60);;
536588391;3;1;2024;21:00;5;75;75120;2;3;2;3;RUE DE BAGNOLET;;
536588392;12;7;2024;01:25;3;89;89190;1;3;2;6;D606;;
536588393;15;8;2024;20:55;5;34;34172;2;1;3;6;TOULOUSE (AVENUE DE;;
536588394;18;1;2024;21:05;5;74;74133;2;2;3;3;LIBERATION (RUE DE LA);;
536588395;20;9;2024;18:25;1;83;83137;2;1;1;3;CARNOT (AVE LAZARE);;
536588396;3;5;2024;15:48;1;973;97302;2;3;1;3;CATAYEE (JUSTIN);;
536588397;29;5;2024;15:30;1;22;22284;1;1;1;6;Pont Nezen;;
536588398;2;1;2024;19:50;5;75;75117;2;4;2;6;BOULEVARD GOUVION SAINT CYR;;
536588399;1;12;2024;11:35;1;64;64445;2;2;1;3;CARNOT;;
536588400;13;7;2024;11:15;1;63;63380;2;1;1;6;Rue Barberoux;;
536588401;14;2;2024;14:09;1;92;92024;2;4;2;3;JEAN JAURES (BD) DE 47 A 109)   (56 A 14;;
536588402;24;1;2024;17:30;1;74;74012;2;1;1;3;COURRIARD (RUE MARC);;
536588404;1;12;2024;20:51;5;64;64024;2;1;1;7;BAYONNE (AVENUE DE);;
536588405;17;9;2024;10:40;1;83;83129;2;6;1;6;FONT DE FILLOL (RC ET T);;
536588406;3;5;2024;12:15;1;973;97302;2;1;3;3;BADUEL (ROUTE DE);;
536588408;12;7;2024;19:15;1;55;55365;1;1;8;7;le haut-paquis;;
536588409;3;1;2024;10:30;1;75;75115;2;1;3;3;RUE DE VAUGIRARD;;
536588410;27;10;2024;18:00;3;68;68306;1;1;1;5;D10b;;
536588411;23;1;2024;07:30;3;74;74131;2;1;1;6;60 route du grand pont;;
536588412;15;2;2024;09:20;1;92;92023;2;1;1;3;PORTE DE TRIVAUX (RUE DE) N°57 A 197 ET;;
536588413;12;7;2024;00:35;3;12;12107;1;1;1;6;Route de rodez;;
536588414;2;12;2024;07:25;5;59;59560;2;2;1;6;Rue Roger Bouvry;;
536588415;8;6;2024;07:20;1;29;29160;1;1;1;6;Route de Lesneven;;
536588416;27;10;2024;15:25;1;68;68155;1;1;1;7;D11ii;;
536588417;17;1;2024;14:50;1;74;74019;2;1;2;6;Route de montava;;
536588418;3;1;2024;08:20;1;75;75115;2;1;2;3;BOULEVARD PASTEUR;;
536588419;3;5;2024;07:45;1;973;97302;2;1;1;6;14 ET 22 JUIN 1962;;
536588421;21;9;2024;19:42;2;80;80021;2;1;1;3;Rue des Vergeaux;;
536588422;14;2;2024;13:15;1;92;92036;2;5;8;1;AULAGNIER ( QUAI );;
536588424;11;7;2024;17:05;1;68;68148;2;2;1;1;Rue Principale;;
536588425;3;5;2024;02:30;5;973;97302;2;1;1;7;PREVOT (ERNEST);;
536588426;1;12;2024;05:37;5;59;59350;2;2;1;3;Place de Strasbourg;;
536588427;8;1;2024;17:42;3;74;74137;1;1;2;1;D1203;;
536588428;3;1;2024;18:30;5;75;75108;2;2;2;6;AVENUE GEORGE V;;
536588430;11;6;2024;07:40;1;02;02744;1;2;1;5;D9;;
536588431;15;2;2024;17:45;5;92;92002;2;1;1;3;ARISTIDE BRIAND (AVENUE);;
536588433;27;10;2024;00:35;4;39;39478;2;1;1;6;28 Avenue de la Libération;;
536588434;12;7;2024;11:30;1;68;68374;1;1;1;3;D417;;
536588435;3;5;2024;07:50;1;972;97213;2;1;1;6;AUTOROUTE A1;;
536588436;30;10;2024;09:50;1;59;59155;2;1;1;6;REPUBLIQUE - PLACE;;
536588437;27;3;2024;16:41;1;988;98818;2;1;1;6;RUE JEAN FRANCOIS CHERRIER;;
536588438;11;6;2024;08:20;1;03;03311;1;1;3;7;Chemin des Carriaux;;
536588439;3;1;2024;16:10;1;75;75108;2;1;1;3;RUE DE LA PEPINIERE;;
536588440;12;7;2024;21:06;2;25;25240;2;1;2;7;Rue Principale;;
536588441;16;2;2024;17:55;1;2A;2A189;1;1;1;3;#i mulineddi#;;
536588442;29;11;2024;23:20;5;57;57672;2;1;1;6;MARCHAL (QUAI);;
536588443;3;5;2024;18:45;1;2B;2B120;1;1;1;3;TOUTES RUES;;
536588444;27;3;2024;09:10;1;976;97611;1;1;1;1;passamanty-Vahibé ( route );;
536588445;27;10;2024;03:05;3;38;38480;1;1;2;3;chemin des Chevreuils;;
536588446;12;7;2024;21:15;2;44;44013;1;1;1;6;La Davelais;;
536588447;11;6;2024;13:45;1;03;03217;1;1;1;3;Cusséjat;;
536588448;3;1;2024;16:50;5;94;94065;2;2;2;3;Avenue Robert Schuman / Rue de Montlhéry;;
536588449;15;2;2024;21:15;5;51;51358;2;3;1;6;32 grande rue;;
536588450;2;12;2024;14:51;1;56;56260;2;6;1;3;Rue du Général Weygand;;
536588451;12;7;2024;21:05;1;44;44087;2;1;1;6;83 Rue sainte croix;;
536588452;2;5;2024;22:42;5;2B;2B033;2;1;3;6;VEZZANI - RUE CESAR;;
536588453;27;3;2024;18:15;3;974;97416;1;1;1;2;BADAMIER (CHEMIN);;
536588454;27;10;2024;16:20;1;70;70117;1;3;1;3;D619;;
536588455;11;6;2024;09:40;1;03;03019;2;2;1;3;la Noire;;
536588456;16;8;2024;15:15;1;29;29232;2;1;2;2;Route de Benodet;;
536588457;16;2;2024;07:45;1;13;13078;1;1;8;6;D268;;
536588458;1;12;2024;20:15;5;54;54257;2;1;1;6;Rue Léon Songeur;;
536588459;3;1;2024;06:55;5;94;94028;2;3;2;6;Rue Albert Einstein / Rue Leonard Euler;;
536588460;12;7;2024;20:45;1;35;35306;1;1;1;6;le bois martin;;
536588461;27;10;2024;15:20;1;70;70240;2;1;1;6;15 Rue Marquiset;;
536588462;21;9;2024;22:30;3;77;77276;1;6;1;3;RD 360;;
536588463;16;8;2024;12:35;1;29;29232;2;6;2;7;Chemin de Kerdistro;;
536588464;9;6;2024;02:35;3;54;54056;1;1;1;6;D25;;
536588465;27;2;2024;09:00;1;974;97416;1;1;1;3;CACHALOT (CHEMIN);;
536588466;16;2;2024;08:18;1;974;97405;1;1;1;3;Rue Maxime Payet;;
536588467;3;1;2024;09:30;1;93;93027;2;1;1;6;Rue de la Convention;;
536588468;13;7;2024;14:50;1;38;38104;2;1;1;6;Chemin du Guerre;;
536588469;21;9;2024;17:10;1;74;74281;2;1;1;6;THUYSET (AVENUE DE);;
536588470;2;12;2024;07:50;5;45;45234;2;1;2;3;27 Avenue de la Libération;;
536588471;3;5;2024;07:15;1;971;97101;2;3;1;1;UNIVERSITE FOUILLOLE;;
536588472;27;3;2024;17:55;1;974;97411;2;1;1;7;JAURES (BLD 1 JEAN);;
536588473;10;6;2024;13:50;1;72;72006;2;6;2;1;D338;;
536588474;27;10;2024;00:24;3;14;14062;1;6;1;1;D404;;
536588475;11;2;2024;23:43;3;972;97207;1;1;1;3;RN5 genipa;;
536588476;1;5;2024;21:10;3;971;97113;1;1;1;7;Section Port Blanc;;
536588477;16;8;2024;15:40;1;29;29019;1;1;1;2;D112;;
536588478;12;7;2024;20:50;1;15;15179;2;3;1;6;RD 542;;
536588479;27;3;2024;12:13;1;974;97411;2;1;1;2;RUISSEAU DES NOIRS (RUE);;
536588480;3;1;2024;18:00;2;93;93001;2;3;2;3;Rue Léopold Réchossière / Rue Hémet;;
536588481;28;4;2024;10:50;1;72;72221;1;1;1;3;Route de la Piraudière;;
536588482;15;2;2024;21:00;3;62;62038;1;1;1;6;D224;;
536588483;2;12;2024;09:45;1;41;41269;2;1;1;2;BLOIS (ROUTE DE);;
536588484;21;9;2024;11:50;1;74;74281;2;6;1;2;THUYSET (AVENUE DE);;
536588485;5;6;2024;10:05;1;50;50400;1;1;1;6;1 Port Filiolet;;
536588486;27;3;2024;10:41;1;974;97411;1;1;1;6;BAMBOU (CHEMIN DE LA RUELLE);;
536588487;1;5;2024;08:20;1;89;89024;2;9;1;3;JEAN MERMOZ (AVENUE);;
536588488;13;7;2024;13:50;1;06;06119;1;1;1;6;85 Rue du Garcin;;
536588489;27;10;2024;16:30;1;43;43105;1;1;1;6;D19;;
536588490;3;1;2024;05:40;5;92;92040;2;6;2;6;GALLIENI (BOULEVARD);;