Num_Acc;jour;mois;an;hrmn;lum;dep;com;agg;int;atm;col;adr;lat;long
536588491;18;9;2024;20:15;2;72;72181;2;1;1;6;JACOBINS (PL DES);;
536588492;12;8;2024;17:45;1;29;29019;2;6;1;2;avenue Georges Pompidou;;
536588493;2;12;2024;20:05;5;38;38185;2;1;2;6;COURS DE LA LIBÉRATION ET DU GÉNÉRAL DE;;
536588494;16;2;2024;13:35;1;88;88009;1;2;2;1;1484 Rue de Gérardmer;;
536588495;22;3;2024;17:00;1;973;97302;1;1;1;6;MARINGOUINS (ROND-POINT);;
536588496;2;5;2024;14:21;1;87;87085;2;1;2;6;CARMES (PLACE DES);;
536588497;16;8;2024;20:25;1;22;22187;2;1;1;6;ROUSSEAU (RUE);;
536588498;11;7;2024;18:10;1;14;14200;2;3;8;1;La Fricanniere;;
536588499;27;10;2024;14:14;1;43;43111;1;1;2;1;La sauvetat;;
536588500;14;2;2024;19:20;3;29;29302;1;1;3;6;route nationale 165 PR 82+100;;
536588501;2;1;2024;16:40;2;92;92040;2;1;2;3;FRERES VOISIN (BOULEVARD DES);;
536588502;27;3;2024;00:05;5;972;97213;1;1;2;3;AUTOROUTE A1;;
536588503;21;9;2024;18:10;1;67;67482;2;4;1;3;DUCS (RUE DES);;
536588504;2;12;2024;18:20;5;38;38423;2;2;3;3;RUE LOUIS GAGNIÈRE;;
536588505;13;7;2024;06:55;1;60;60584;2;1;1;1;Avenue Jules Ferry;;
536588506;9;5;2024;12:15;1;60;60518;1;2;1;4;d 151;;
536588507;2;5;2024;09:38;1;87;87085;2;2;3;3;CHINCHAUVAUD (RUE DU);;
536588508;16;2;2024;16:20;1;22;22164;1;1;1;6;RD767 PR32+0000;;
536588510;16;8;2024;20:05;1;22;22113;1;1;1;3;KERMARIA SULARD (ROUTE DE);;
536588511;21;9;2024;19:39;1;64;64237;1;1;1;7;VALLEE HEUREUSE;;
536588513;27;3;2024;23:15;5;69;69034;2;1;1;2;38 Quai Clemenceau;;
536588514;14;2;2024;17:40;2;72;72213;2;1;1;6;Rue Wilbur Wright - Zone d'Activité du Cormier;;
536588515;3;1;2024;20:33;5;92;92036;2;2;2;3;GRESILLONS (QUAI DES);;
536588516;13;7;2024;14:50;1;45;45127;2;1;1;6;66 Avenue de Lyon;;
536588517;11;6;2024;16:00;1;60;60513;2;1;8;1;D92;;
536588518;3;5;2024;11:30;1;84;84007;2;3;1;2;SAINT LAZARE (Boulevard);;
536588519;21;9;2024;01:30;5;64;64445;2;1;1;6;BERLIOZ;;
536588520;16;2;2024;08:05;1;62;62808;1;1;2;6;D94;;
536588522;27;3;2024;17:45;1;69;69385;2;4;1;6;Avenue Barthélémy Buyer;;
536588523;3;1;2024;18:30;5;92;92036;2;1;1;6;VICTOR HUGO (RUE) (1);;
536588524;26;10;2024;14:25;1;85;85156;1;1;1;1;D747;;
536588525;15;8;2024;23:25;5;17;17306;2;3;1;7;Avenue de Rochefort;;
536588526;2;12;2024;17:25;5;35;35238;2;1;2;6;ROUMANIE (DE);;
536588527;2;5;2024;18:00;1;84;84007;1;1;2;3;C.De GAULLE (Rocade);;
536588528;21;9;2024;08:31;1;64;64122;2;1;2;6;MOURA (ALLEE DU);;
536588529;10;6;2024;15:20;1;64;64519;2;2;1;3;Rue d'Ayous;;
536588530;13;7;2024;00:01;5;10;10002;2;1;1;6;Route Nationale;;
536588531;25;10;2024;19:20;3;85;85145;1;1;2;7;LES QUATRE MOULINS;;
536588532;15;2;2024;14:00;1;19;19023;1;1;1;7;le moulin du prieur;;
536588533;27;3;2024;15:10;1;69;69389;2;1;1;6;17 Place Abbé Pierre;;
536588534;2;12;2024;14:55;1;35;35238;2;1;1;6;VOLTAIRE (BD);;
536588535;12;7;2024;10:56;1;10;10033;2;1;1;6;5 Rue Louis Desprez;;
536588536;3;1;2024;08:20;1;92;92026;2;3;2;6;MARCEAU;;
536588537;14;8;2024;09:05;1;12;12176;2;6;1;3;QUATRE SAISONS (AVENUE DES );;
536588538;26;10;2024;07:38;3;17;17187;1;1;5;7;Route de la Bergerie;;
536588539;22;9;2024;23:45;5;59;59650;2;2;1;3;UNION (RUE DE L');;
536588540;11;6;2024;16:00;1;16;16081;2;1;1;2;3 Grand'Rue;;
536588541;2;12;2024;12:45;1;35;35238;2;1;1;3;MANOIR DE SERVIGNE (DU);;
536588543;12;7;2024;16:50;1;21;21415;1;1;1;1;D112;;
536588544;3;5;2024;15:15;1;77;77390;2;1;2;6;AV DE LA MALIBRAN;;
536588545;27;3;2024;17:10;1;971;97105;1;1;1;5;PERES DOMINICAINS(AVENUE DES);;
536588546;11;6;2024;15:30;1;07;07010;2;1;8;6;Rue du Quebec;;
536588547;16;8;2024;08:35;1;11;11262;2;1;1;3;23 Avenue de Bordeaux;;
536588548;4;1;2024;09:30;1;974;97415;1;1;2;1;D6;;
536588549;21;9;2024;14:45;1;59;59512;2;1;1;3;AVELGHEM (RUE D');;
536588550;12;7;2024;20:50;2;21;21408;1;1;7;7;D7;;
536588551;2;12;2024;09:00;1;35;35051;1;1;1;4;BEAULIEU (PORTE DE);;
536588552;26;10;2024;18:20;1;08;08024;1;1;1;3;D18;;
536588553;15;2;2024;14:32;1;80;80288;1;2;7;3;D164;;
536588554;3;5;2024;11:05;1;74;74305;2;1;1;3;FAVRE (RUE);;
536588555;27;3;2024;09:30;1;91;91161;2;1;2;2;AV PIERRE BROSSOLETTE;;
536588556;11;6;2024;17:10;1;53;53174;1;1;1;7;N12;;
536588557;4;1;2024;13:07;1;01;01194;1;1;1;1;D131;;
536588558;16;8;2024;07:10;1;11;11262;2;1;1;2;101 Avenue de Bordeaux;;
536588559;27;10;2024;10:15;1;34;34337;1;1;1;7;RD 612;;
536588560;21;9;2024;20:31;5;54;54099;2;6;1;3;Rue de la Filature;;
536588561;2;12;2024;09:45;1;35;35238;2;1;1;1;CHATEAUGIRON (DE);;
536588562;12;7;2024;14:00;1;85;85288;1;2;1;5;D949;;
536588563;27;10;2024;01:25;5;973;97309;2;6;1;7;Route de Montjoly;;
536588564;2;5;2024;10:55;1;72;72181;2;1;8;6;COLLET ROBERT (RUE);;
536588565;3;1;2024;18:10;3;17;17142;2;1;2;6;Rue Pierre Francois Parfaix;;
536588566;10;6;2024;16:00;1;24;24217;1;3;1;3;RD710 / RD42;;
536588567;2;2;2024;07:30;3;89;89277;1;1;5;7;route departementale 49;;
536588568;16;8;2024;03:31;5;06;06088;2;9;1;6;174 Boulevard Carnot;;
536588569;21;9;2024;13:10;1;51;51454;2;1;1;6;CHATELET (RUE DU);;
536588570;22;3;2024;11:25;1;89;89024;2;2;1;3;11 NOVEMBRE (BOULEVARD DU) N° IMPAIRS;;
536588571;12;7;2024;21:35;2;28;28184;1;1;1;2;D939;;
536588572;26;10;2024;19:25;5;69;69244;2;1;1;3;13 Avenue Victor Hugo;;
536588573;2;12;2024;17:27;2;34;34172;2;2;2;3;VILLENEUVE-ANGOULEME (AVENUE DE;;
536588574;3;1;2024;11:40;1;47;47114;1;1;8;6;D933;;
536588575;2;5;2024;08:40;1;71;71076;2;1;2;6;Avenue John Fitzgerald Kennedy;;
536588576;6;6;2024;14:50;1;85;85084;1;1;1;6;RD160;;
536588577;11;7;2024;11:18;1;37;37181;1;1;1;6;2 Les Jouannets;;
536588578;21;9;2024;18:04;1;49;49007;2;1;1;6;MOLIERE PLACE;;
536588579;15;2;2024;16:30;1;63;63187;1;2;1;6;RD13/Lieu Dit Bonnefond;;
536588580;26;3;2024;20:18;5;84;84007;2;9;2;3;MONCLAR (AVENUE);;
536588581;16;8;2024;01:50;5;75;75117;2;3;1;2;RUE LECHAPELAIS;;
536588583;11;6;2024;10:30;1;88;88530;2;1;1;1;19 Route de Plombières;;
536588584;2;12;2024;07:00;2;34;34032;1;2;1;3;MAUREILHAN (ROUTE DE);;
536588585;21;4;2024;12:15;1;30;30068;1;6;1;2;Le Pont Troué (Café);;
536588586;3;5;2024;20:10;1;69;69275;2;2;1;3;Avenue Jean Macé;;
536588587;3;1;2024;06:05;3;62;62298;1;2;6;1;D943;;
536588588;15;2;2024;09:15;2;12;12109;1;1;5;6;D92;;
536588589;27;10;2024;14:40;1;988;98817;1;3;1;6;Route de la corniche/Rue du Vallon Dore;;
536588590;26;3;2024;14:30;1;83;83153;2;6;3;6;MARIE FLICHE BERGIS (AV);;
536588591;21;9;2024;14:55;1;49;49007;1;1;8;2;RD 323;;
536588592;10;6;2024;16:30;1;978;97801;2;1;1;7;rd7 - Grand Case;;
536588593;12;7;2024;15:41;1;973;97307;1;1;1;2;N1;;
536588594;14;2;2024;12:50;1;47;47252;1;9;1;2;D911l;;
536588595;4;1;2024;12:00;1;40;40307;1;1;1;1;Route de la Ville;;
536588597;3;5;2024;17:30;1;69;69266;2;2;1;6;50 Cours Emile Zola;;
536588598;16;8;2024;07:15;1;75;75115;2;2;1;3;RUE DE VOUILLE;;
536588599;25;10;2024;15:40;1;988;98821;2;3;1;6;RT1;;
536588600;21;9;2024;23:30;5;47;47001;2;6;1;6;BLUM (AV. LEON);;
536588601;16;2;2024;01:45;3;86;86293;1;1;1;2;N10;;
536588602;2;5;2024;10:00;1;69;69266;2;1;8;6;12 Cours Tolstoï;;
536588603;4;1;2024;08:50;1;56;56035;1;1;2;3;Le Gueffro;;
536588604;12;7;2024;19:30;1;13;13051;1;1;1;5;chemin départementale 10;;
536588605;25;10;2024;18:15;1;972;97230;1;1;3;6;Bassignac;;
536588606;10;6;2024;16:00;1;42;42231;1;1;1;5;N7;;
536588607;27;3;2024;00:20;3;78;78350;2;2;1;3;VOISINS (RUE DE);;
536588609;16;8;2024;10:10;1;75;75114;2;3;1;3;RUE RAYMOND LOSSERAND;;
536588610;6;2;2024;18:20;2;29;29216;1;1;8;2;Rue de l'Aéroport;;
536588611;21;9;2024;10:30;1;47;47032;2;1;1;6;ALBERT CAMUS (avenue);;
536588612;3;1;2024;19:20;3;56;56042;1;1;2;1;Lieu Dit Toulran;;
536588614;10;6;2024;11:15;1;971;97116;2;1;1;6;Marieulle RN5;;
536588615;3;5;2024;12:55;1;69;69264;2;1;1;3;Rue Bointon;;
536588616;27;3;2024;14:20;1;76;76217;2;2;1;3;CANADIENS (AVENUE DES)  RD925;;
536588617;12;7;2024;17:15;1;78;78571;1;1;1;2;D307;;
536588618;27;10;2024;04:15;3;29;29233;1;1;1;7;pk 6 D62;;
536588619;15;8;2024;18:30;1;94;94081;2;3;1;6;Rue de Choisy;;
536588620;15;2;2024;16:30;1;03;03107;1;1;1;6;Route de Chouvigny;;
536588621;3;1;2024;14:30;1;65;65363;1;2;2;3;d24;;
536588622;2;12;2024;07:30;3;29;29232;2;6;2;3;Rond-Point de l'Eau Blanche;;
536588623;26;10;2024;22:20;3;66;66211;1;1;1;6;D615;;
536588624;9;6;2024;18:40;1;28;28007;2;1;1;2;35 Rue Hubert Baraine;;
536588625;27;3;2024;11:55;1;73;73008;2;6;2;3;D991 MARLIOZ AVENUE DE;;
536588627;22;9;2024;00:30;5;45;45147;2;3;2;3;143bis Rue Marcellin Berthelot;;
536588628;2;5;2024;17:23;1;67;67462;2;1;2;1;STRASBOURG (ROUTE DE);;
536588629;4;1;2024;08:35;1;71;71170;1;1;2;6;D19;;
536588630;16;8;2024;14:50;1;94;94068;2;3;8;3;Avenue Foch;;
536588631;2;12;2024;17:15;1;28;28134;2;9;1;6;ITALIE (PLACE D');;
536588632;3;5;2024;12:20;1;64;64269;2;1;1;7;PIERRE DE BELSUNCE;;
536588633;8;7;2024;12:15;1;77;77333;1;1;1;6;A6, PK 76+100, direction PARIS;;
536588634;10;2;2024;10:00;1;01;01294;1;1;8;1;Route de Savoie;;
536588635;11;6;2024;08:45;1;77;77153;1;1;1;1;Route d'Eve;;
536588636;26;10;2024;21:30;3;13;13049;1;1;8;1;D17d;;
536588637;4;1;2024;17:20;2;89;89464;1;1;8;1;Route de Beaudemont;;
536588639;16;8;2024;18:35;1;94;94052;2;1;8;6;Grande Rue Charles de Gaulle;;
536588640;26;3;2024;14:55;1;72;72181;2;6;2;3;LECOUTEUX LIONEL (PL) N° 3;;
536588641;3;5;2024;14:08;1;64;64445;2;1;1;6;CHAMPETIER DE RIBES;;
536588642;13;7;2024;14:00;1;971;97108;1;1;1;6;Boulogne;;
536588643;2;12;2024;16:20;2;28;28404;1;1;1;1;RN 154;;
536588644;27;10;2024;09:10;1;88;88150;1;1;1;6;D79;;
536588645;14;2;2024;17:30;1;58;58302;1;1;1;3;route départementale 1;;
536588646;10;6;2024;08:13;2;77;77183;2;1;1;6;D603;;
536588647;3;1;2024;23:15;3;34;34086;1;4;1;6;intersection D612/ D169 lieu dit Cabane;;
536588648;21;9;2024;17:20;1;41;41018;2;1;1;3;LAIGRET (AVENUE DU DOCTEUR JEAN);;
536588649;16;8;2024;21:55;5;94;94054;2;9;1;1;Rue du Puits Dixme;;
536588650;26;3;2024;14:54;1;72;72181;2;6;2;3;ZAMENHOF DOCTEUR (AV DU);;
536588651;13;7;2024;06:00;2;971;97129;1;1;1;1;Nolivier;;
536588652;15;2;2024;22:25;3;58;58273;1;1;1;1;D981 PK 6,6;;
536588653;3;5;2024;07:45;1;64;64445;2;3;1;3;HENRI FAISANS;;
536588654;2;12;2024;10:38;1;25;25056;2;2;2;2;CHURCHILL BD WINSTON (inf 12);;
536588655;27;10;2024;05:50;5;57;57589;2;9;5;6;D662 PK 34+570;;
536588656;10;6;2024;19:15;1;34;34289;1;3;1;2;D125;;
536588657;27;3;2024;12:10;1;71;71486;2;1;1;6;Avenue Jean Jaurès;;
536588658;21;9;2024;14:15;1;38;38179;2;1;1;1;RUE DE L'ÉTANG;;
536588659;4;1;2024;20:30;5;68;68068;2;6;1;3;pk 0 D14bv;;
536588660;16;8;2024;13:40;1;94;94022;2;1;1;2;Avenue Victor Hugo;;
536588661;12;7;2024;11:40;1;977;97701;2;1;1;1;RTE DE SAINT JEAN;;
536588662;3;5;2024;16:40;1;63;63300;2;1;1;6;LIBERTE (RUE DE LA);;
536588663;11;6;2024;04:31;3;04;04245;1;1;1;1;RD 4096;;
536588664;27;10;2024;14:25;1;38;38565;1;2;1;2;1328 Route de Veurey;;
536588665;16;2;2024;16:45;1;73;73079;1;3;1;5;D1006;;
536588666;27;3;2024;17:45;1;71;71153;2;1;1;6;LAMINEURS (RUE DES);;
536588667;3;1;2024;07:50;2;44;44003;2;1;1;3;590 Rue Francois Rene Chateaubriand;;
536588668;11;7;2024;18:05;1;972;97230;1;1;2;1;Route nationale 1;;
536588669;30;11;2024;22:28;5;21;21054;2;2;5;3;Route de Savigny;;
536588670;15;8;2024;19:15;1;93;93010;2;3;1;1;Route de Villemomble;;
536588671;26;10;2024;18:15;2;38;38236;2;1;2;7;1240 Chemin du Billard;;
536588672;21;9;2024;13:05;1;35;35238;1;1;1;4;RN136;;
536588673;9;6;2024;20:00;2;13;13004;1;2;1;3;RN 568;;
536588674;26;3;2024;20:20;5;67;67482;2;1;1;7;ROMAINS (ROUTE DES);;
536588675;27;10;2024;15:20;1;07;07097;1;1;1;7;D86;;
536588676;1;5;2024;15:00;1;63;63300;1;6;2;2;RD 2009;;
536588677;15;2;2024;17:10;1;37;37250;1;1;1;7;D21;;
536588679;2;12;2024;08:10;1;17;17415;1;6;2;2;DICONCHE;;
536588680;8;6;2024;12:25;1;08;08190;1;1;1;7;D949;;
536588681;15;8;2024;14:15;1;93;93007;2;2;1;3;Avenue du Capitaine Fonck / Avenue Marcel Alizard;;
536588682;26;10;2024;17:15;1;07;07040;2;1;1;6;rue du belvédère;;
536588683;20;9;2024;17:15;1;35;35281;2;3;1;3;DODIN (AVENUE ROGER);;
536588684;4;1;2024;11:30;1;84;84050;1;1;1;7;D2 les imberts;;
536588685;25;3;2024;16:24;1;67;67180;2;1;1;4;LATTRE DE TASSIGNY (BLD DE);;
536588686;2;5;2024;23:45;5;59;59599;2;1;1;1;ROITELET (RUE DU);;
536588687;15;2;2024;13:25;1;973;97309;2;1;1;2;Route de Montjoly;;
536588688;12;7;2024;06:30;1;66;66136;1;3;1;3;chemin des terres rousses;;
536588689;11;6;2024;08:24;1;01;01249;2;2;1;3;Rue Joseph Carre;;
536588690;19;11;2024;09:00;1;14;14118;2;1;1;2;Boulevard Maréchal Juin;;
536588691;16;8;2024;13:15;1;92;92050;2;3;1;3;TRIAIRE PHILIPPE RUE;;
536588692;27;8;2024;23:15;3;69;69187;1;3;1;7;Chemin des Alouettes;;
536588693;3;5;2024;20:55;1;59;59043;1;9;1;7;BELLEKINDSTRAETE;;
536588694;15;2;2024;05:25;5;973;97309;2;3;1;1;Route du Tigre;;
536588695;12;7;2024;17:45;1;34;34213;1;3;1;3;D2;;
536588696;10;6;2024;10:55;1;56;56114;1;1;1;1;Kerdavid;;
536588697;3;1;2024;17:15;3;01;01389;1;1;1;5;D936;;
536588698;29;11;2024;17:40;2;14;14327;2;1;1;2;N 814;;
536588699;3;5;2024;02:35;5;56;56121;2;1;1;6;Quai Charles de Rohan;;
536588700;26;3;2024;08:05;1;66;66136;2;2;2;2;Boulevard Félix MERCADER;;
536588701;22;10;2024;09:45;1;17;17093;2;1;7;6;Place de la République;;
536588702;21;9;2024;19:30;2;31;31555;1;1;8;3;33 B SESQUIERES  (PERIPH OUEST A620);;
536588703;16;8;2024;05:45;5;92;92024;2;2;1;3;HENRI BARBUSSE (RUE) DE (68 A 102);;
536588704;3;1;2024;14:40;1;60;60471;1;1;3;1;D1032;;
536588705;3;12;2024;00:20;5;13;13215;2;1;1;7;VISTE (AVENUE DE LA);;
536588706;11;6;2024;08:00;1;60;60342;1;1;1;3;D1016;;
536588707;27;10;2024;17:50;2;14;14424;1;1;1;6;Route de Pont-Farcy;;
536588708;15;8;2024;04:50;4;78;78470;1;1;1;7;route départementale 150;;
536588709;12;7;2024;21:30;3;34;34090;2;6;1;5;M65;;
536588710;27;3;2024;13:50;1;64;64445;2;1;1;2;CAMI SALIE DU;;
536588711;3;5;2024;14:50;1;54;54395;2;1;1;2;Rue de la Ravinelle;;
536588712;21;9;2024;14:00;1;31;31555;2;3;1;6;RUE HENRI DESBALS;;
536588713;28;11;2024;16:25;1;13;13004;2;9;1;1;AV STALINGRAD;;
536588714;15;2;2024;15:51;1;69;69206;2;3;1;2;Avenue Léon Foillard;;
536588715;10;6;2024;19:25;1;60;60439;1;1;1;2;D137d;;
536588716;1;1;2024;06:46;3;17;17065;1;2;9;3;D5;;
536588717;17;8;2024;15:50;1;86;86190;1;1;2;6;D11;;
536588718;13;7;2024;01:25;3;84;84132;1;6;1;6;1396 Route d'Avignon;;
536588719;3;5;2024;23:45;3;47;47323;1;1;1;6;PECH DE DURAND;;
536588721;27;3;2024;19:10;2;62;62628;2;1;1;6;RUE SADI CARNOT;;
536588722;21;9;2024;23:40;5;30;30007;2;2;1;3;FAUBOURG DU SOLEIL (RUE DU);;
536588723;15;2;2024;19:00;3;27;27115;1;1;1;3;RN12;;
536588724;3;1;2024;14:00;1;73;73213;1;1;1;6;Autoroute A43 - Bretelle de sortie n°20 - PK 99.150;;
536588725;26;10;2024;20:45;3;14;14698;1;3;1;3;815 Route de Troarn;;
536588726;17;8;2024;00:30;3;01;01378;1;1;1;6;65 Route de Lyon;;
536588727;4;5;2024;00:04;5;37;37261;2;1;1;7;VAILLANT (RUE EDOUARD);;
536588728;5;6;2024;09:12;1;13;13211;1;1;1;3;A50-Sens Marseille vers Aubagne;;
536588729;2;12;2024;12:49;1;10;10387;2;7;1;7;AUDIFFRED (PLACE);;
536588730;12;7;2024;20:45;3;83;83101;1;3;1;3;Route des Plages;;
536588731;8;3;2024;16:20;1;59;59479;2;1;1;6;GLINEUR (RUE DU COLONEL);;
536588732;17;8;2024;13:05;1;06;06149;2;1;1;6;Boulevard Georges Buono;;
536588733;16;2;2024;07:15;2;14;14308;1;1;1;2;A13;;
536588734;3;5;2024;20:26;1;37;37261;2;1;1;7;CHAMP JOLI (RUE DU);;
536588735;10;6;2024;01:15;3;83;83069;1;1;1;3;A570;;
536588736;2;12;2024;02:20;5;06;06155;2;1;1;7;200 Avenue de la Liberté;;
536588737;27;10;2024;13:15;1;80;80337;1;1;1;7;Route de Remiencourt;;
536588738;13;7;2024;14:00;1;83;83023;1;1;1;7;140Avenue des Chênes Verts;;
536588739;20;9;2024;08:45;1;29;29151;2;6;1;3;Rue Paul Sérusier;;
536588740;26;3;2024;22:55;5;59;59143;2;1;2;1;NATIONALE  ( ROUTE);;
536588742;17;8;2024;03:00;3;57;57086;1;9;1;6;D93;;
536588743;15;2;2024;08:50;1;971;97103;1;1;1;6;n10;;
536588744;3;5;2024;19:48;1;37;37122;2;1;1;6;CHINON (BOULEVARD DE);;
536588745;2;12;2024;12:05;1;75;75116;2;1;1;3;BD PERIPHERIQUE INTERIEUR;;
536588746;8;6;2024;12:10;1;13;13028;1;1;1;3;A50;;
536588747;26;10;2024;13:00;1;62;62122;2;1;1;2;D20;;
536588748;12;7;2024;09:00;1;13;13097;1;1;3;2;N568;;
536588750;16;8;2024;20:15;1;58;58086;1;1;1;1;D995A;;
536588751;21;9;2024;14:15;1;29;29019;1;6;1;2;D112;;
536588752;15;2;2024;16:50;1;69;69013;1;1;1;2;Route Départementale 306;;
536588753;2;12;2024;08:20;1;75;75120;2;1;1;3;BD PERIPHERIQUE INTERIEUR;;
536588755;8;6;2024;18:15;1;57;57303;1;1;7;2;Autoroute A31;;
536588756;3;5;2024;08:45;1;37;37261;2;6;1;3;DASSAULT (AVENUE MARCEL);;
536588757;13;7;2024;15:15;1;03;03139;1;1;1;1;D995;;
536588758;16;8;2024;12:43;1;72;72268;1;1;1;6;Route d'Ecommoy;;
536588759;27;3;2024;16:00;1;58;58194;2;2;1;3;RUE CLAUDE PARENT;;
536588760;10;2;2024;13:10;1;28;28092;1;9;2;6;A10;;
536588761;27;10;2024;12:31;1;59;59535;1;1;1;7;Chemin de Berthen au Mont-Noir;;
536588762;30;11;2024;23:50;5;75;75120;2;1;1;2;BD PERIPHERIQUE EXTERIEUR;;
536588764;24;10;2024;00:05;3;13;13211;1;1;1;2;A50-Sens Marseille vers Aubagne;;
536588765;15;2;2024;20:00;3;29;29136;1;1;2;6;Lieu Dit Kerflatres;;
536588766;30;11;2024;22:00;5;75;75119;2;1;1;2;BD PERIPHERIQUE EXTERIEUR;;
536588768;22;9;2024;00:15;3;27;27229;2;2;3;3;SAINT GERMAIN (RUE);;
536588769;24;10;2024;07:00;5;13;13211;1;1;2;3;A507 sens Marseille - Aubagne;;
536588770;3;5;2024;21:45;5;35;35238;2;2;1;3;SAINT-MALO (RUE DE);;
536588771;6;6;2024;23:15;3;59;59350;1;1;1;6;AUTOROUTE A25;;
536588772;4;1;2024;14:05;1;77;77370;1;1;1;4;A6 PK 078+900;;
536588773;12;7;2024;10:10;1;73;73257;1;2;3;3;D915;;
536588774;26;3;2024;08:58;1;56;56121;2;1;1;6;Rue Robert Schuman;;
536588775;17;8;2024;11:50;1;30;30290;1;3;1;3;D901;;
536588776;15;2;2024;19:39;5;78;78368;1;1;1;1;D307;;
536588777;2;1;2024;04:00;3;988;98822;2;1;1;6;RT3;;
536588778;8;6;2024;04:25;3;59;59507;1;1;1;6;AUTOROUTE A1;;
536588779;21;9;2024;08:55;1;25;25462;2;3;1;3;SALINS DE (DU 16 AU 63);;
536588780;26;3;2024;16:30;1;54;54395;2;1;1;6;Rue Montesquieu;;
536588781;3;5;2024;20:50;2;34;34301;2;3;1;3;IRIS (RUE DES);;
536588782;9;7;2024;10:15;1;38;38455;2;2;1;6;Rue de la Grande Charrière;;
536588783;14;2;2024;16:15;1;83;83065;1;1;1;3;Route du Bourrian;;
536588784;3;1;2024;15:50;1;13;13081;1;9;1;3;D21;;
536588785;2;12;2024;14:44;1;75;75107;2;2;1;3;RUE FABERT;;
536588786;1;6;2024;04:00;3;59;59564;1;1;2;6;AUTOROUTE A23;;
536588787;26;3;2024;15:45;1;54;54395;2;1;1;6;Avenue Raymond Pinchard;;
536588788;12;7;2024;18:30;2;38;38376;2;1;3;7;D520c;;
536588789;12;8;2024;16:45;1;83;83018;2;1;1;1;Chemin de Saint-quinis;;
536588790;4;5;2024;00:45;5;34;34172;2;1;1;2;RAVAZ (AVENUE DU PROFESSEUR LOUIS;;
536588791;4;1;2024;07:01;4;71;71583;1;1;1;6;route des allemands;;
536588792;26;10;2024;01:15;3;69;69029;1;1;1;5;Route Départementale 383;;
536588793;20;9;2024;22:15;5;18;18033;2;3;1;5;9 Avenue des Prés le Roi;;
536588794;10;6;2024;16:40;1;93;93027;1;1;1;2;A86;;
536588795;15;2;2024;18:35;3;71;71360;1;2;1;3;D17;;
536588796;15;8;2024;18:45;2;19;19123;2;1;7;7;Avenue Honoré De Balzac;;
536588797;2;12;2024;00:50;5;75;75106;2;7;8;6;PLACE SAINT MICHEL;;
536588798;3;1;2024;16:18;2;88;88253;1;1;3;1;Route de Dogneville;;
536588799;3;5;2024;18:40;1;34;34172;2;4;1;3;MARES (AVENUE HENRI);;
536588800;27;3;2024;16:20;1;51;51172;2;1;1;2;ALSACE LORRAINE (BOULEVARD);;
536588801;16;2;2024;13:45;1;57;57413;1;1;2;1;D25d;;
536588802;21;9;2024;15:29;1;17;17380;1;1;8;2;ROYAN (DE);;
536588803;10;6;2024;08:10;1;92;92036;1;1;1;3;AUTOROUTE A15;;
536588804;26;10;2024;02:58;3;01;01043;1;1;1;3;A432N 6.850 A 9.125;;
536588805;8;7;2024;14:45;1;69;69050;1;1;1;6;Route du Pont de Dorieux;;
536588806;2;1;2024;17:50;3;57;57645;2;1;3;6;voie Romaine;;
536588807;29;1;2024;18:18;3;84;84031;2;1;1;6;COUBERTIN AVENUE PIERRE DE;;
536588808;2;12;2024;10:50;1;75;75120;2;3;1;3;BOULEVARD DAVOUT;;
536588809;15;2;2024;17:27;1;38;38401;1;1;1;6;Rue du Bas Cuirieu;;
536588810;3;5;2024;07:40;1;34;34172;2;1;1;6;PUECH VILLA (RUE DE);;
536588811;26;10;2024;12:50;1;91;91434;1;1;1;2;AUTOROUTE A6;;
536588812;27;3;2024;12:50;1;51;51454;2;2;1;3;BELGES (BOULEVARD DES) DU 67 A FIN ET 11;;
536588813;21;9;2024;01:40;5;13;13103;2;1;1;6;BOULEVARD FOCH-MARECHAL;;
536588814;2;12;2024;19:22;3;75;75116;2;1;1;2;ALLEE DU BORD DE L EAU;;
536588815;17;8;2024;06:13;2;80;80168;1;1;8;1;D49;;
536588816;4;5;2024;01:26;5;31;31555;2;1;1;6;RUE DU LOT;;
536588817;14;2;2024;10:00;1;38;38377;2;3;1;3;Rue du Pensionnat;;
536588818;27;2;2024;10:55;1;14;14530;2;1;1;2;1 Route d'Hérouvillette;;
536588819;4;1;2024;11:45;1;73;73318;1;1;1;6;D78 A;;
536588820;13;7;2024;02:50;5;81;81099;2;3;1;6;Rue Côte du Tarn;;
536588821;26;10;2024;03:53;4;75;75113;1;1;2;6;A6B;;
536588822;22;3;2024;21:15;5;50;50502;2;1;1;2;SAINT THOMAS;;
536588823;12;7;2024;19:00;1;09;09240;1;1;1;7;Chemin de Sakanie;;
536588824;15;2;2024;16:35;1;85;85250;1;1;1;7;la marinière;;
536588825;2;12;2024;15:08;1;75;75115;2;4;1;6;RUE DES FRERES MORANE;;
536588826;21;9;2024;16:00;1;13;13213;2;1;1;2;Marie Louise (Bd);;
536588827;3;5;2024;12:00;1;31;31555;2;1;1;6;AV DE LA GLOIRE;;
536588828;16;8;2024;11:20;1;80;80318;2;9;2;3;57 Rue Roger Godard;;
536588829;3;1;2024;18:15;3;81;81093;1;1;1;3;A68;;
536588830;27;3;2024;16:59;1;49;49267;2;1;1;3;MARMITIERE;;