Num_Acc;jour;mois;an;hrmn;lum;dep;com;agg;int;atm;col;adr;lat;long
536589167;23;10;2024;17:15;1;72;72181;2;1;1;6;PADERBORN (AV) N° IMP 5 ET plus;;
536589168;11;7;2024;22:53;5;88;88424;2;6;1;6;Rond Point Ernest Charlier;;
536589169;20;9;2024;14:15;1;56;56126;1;9;1;3;Domaine de Bodiston;;
536589170;27;3;2024;20:55;3;974;97404;2;1;1;2;D17e;;
536589171;13;2;2024;09:40;1;41;41018;2;1;5;2;RD 956;;
536589172;9;6;2024;05:00;3;13;13004;1;1;1;7;RTE N570 AVIGNON STES MARIES;;
536589173;14;8;2024;23:00;3;09;09316;1;2;2;1;D625;;
536589174;3;12;2024;13:20;1;13;13114;1;1;6;2;A8 Pk 010+000;;
536589175;22;9;2024;13:00;1;69;69012;1;1;3;3;296 Route de Chenelette;;
536589176;11;7;2024;21:55;5;88;88413;2;1;1;3;THIERS (RUE);;
536589177;9;6;2024;20:15;1;06;06088;2;9;1;6;23 Rue Guiglionda de Sainte-Agathe;;
536589178;28;3;2024;07:00;1;972;97206;1;3;1;6;Route départementale 7;;
536589179;14;2;2024;19:30;5;37;37261;2;3;1;3;BERANGER (BOULEVARD);;
536589180;16;8;2024;18:30;1;17;17337;2;1;1;6;279 rue nationale;;
536589181;23;10;2024;15:45;1;72;72181;2;1;1;6;WASHINGTON GEORGES (PL);;
536589182;11;7;2024;14:00;1;87;87048;2;1;1;7;CORNEILLE (RUE);;
536589183;21;9;2024;21:50;3;89;89137;2;1;1;7;Rue de Molosmes;;
536589184;3;12;2024;16:30;1;78;78349;1;1;8;1;A10 direction Paris PK 017.150;;
536589185;16;8;2024;15:00;1;49;49023;1;1;1;7;D201;;
536589186;27;3;2024;19:55;5;59;59252;2;1;1;7;Rue d?Armentieres;;
536589187;8;6;2024;23:35;4;04;04070;2;1;1;6;CHAMPTERCIER (RTE DE);;
536589189;22;9;2024;07:21;3;63;63453;2;1;1;6;14 Avenue de la Gare;;
536589190;11;7;2024;08:05;1;86;86194;2;1;8;6;Rue Jean Jaures;;
536589191;3;12;2024;18:00;3;66;66230;1;1;1;6;RD 66;;
536589192;24;10;2024;05:40;2;69;69259;2;2;1;3;Avenue Francis de Pressensé;;
536589193;7;6;2024;17:15;1;01;01283;2;9;1;6;LOTI (PIERRE);;
536589194;16;8;2024;17:00;1;29;29057;1;1;2;1;rue Neuve;;
536589195;20;9;2024;16:20;1;61;61476;1;1;1;3;D931;;
536589197;2;12;2024;17:50;5;83;83119;2;6;1;7;Route des Salins;;
536589198;8;7;2024;06:00;1;84;84080;2;9;1;3;VELLERON ROUTE DE;;
536589199;28;3;2024;08:50;1;34;34270;2;3;1;4;route de montpellier D613;;
536589200;23;10;2024;13:45;1;67;67482;2;1;1;6;SCHUTZENBERGER (AVENUE);;
536589201;17;8;2024;14:30;1;22;22068;1;1;1;6;D76;;
536589202;9;6;2024;16:10;1;75;75112;2;1;1;2;BD PERIPHERIQUE INTERIEUR;;
536589203;22;9;2024;05:00;3;12;12047;1;1;1;7;D37;;
536589204;2;12;2024;16:20;1;13;13085;1;3;1;3;D559a;;
536589205;28;3;2024;08:15;1;56;56061;1;1;2;6;L'Hippodrome;;
536589206;21;10;2024;15:00;1;67;67482;2;3;1;3;LANGUEDOC (RUE DU);;
536589207;11;7;2024;22:05;3;81;81065;1;1;2;1;1012 (ROUTE DEPARTEMENTALE);;
536589209;21;9;2024;20:15;5;34;34300;2;2;1;3;Grand Rue;;
536589210;7;6;2024;17:10;1;75;75120;2;1;1;2;PORTE DE MONTREUIL;;
536589211;28;3;2024;03:59;3;76;76009;1;3;1;6;300 Route d?Héricourt;;
536589212;15;8;2024;04:00;3;59;59256;1;1;1;2;AUTOROUTE A23;;
536589213;30;11;2024;14:50;1;42;42022;2;1;1;5;Avenue de la Mairie;;
536589215;25;10;2024;17:25;2;64;64445;2;1;2;2;LEON BERARD;;
536589217;20;9;2024;19:10;1;68;68120;2;2;1;3;Avenue de Souprosse;;
536589218;7;6;2024;19:24;1;75;75119;2;2;7;6;RUE ADOLPHE MILLE;;
536589219;2;12;2024;17:30;3;26;26038;1;1;2;6;Route de Pont;;
536589221;16;8;2024;18:15;2;94;94043;1;1;1;2;A6B;;
536589222;25;10;2024;09:10;1;64;64445;2;1;2;6;MARECHAL LECLERC DU;;
536589223;14;2;2024;19:11;5;31;31555;2;9;1;1;LYON (AV DE) DU 1AU 37;;
536589224;10;7;2024;08:35;1;78;78517;2;6;1;3;ORPHIN (RUE D');;
536589226;16;8;2024;05:55;2;94;94038;1;1;1;3;A6B;;
536589227;3;12;2024;01:50;3;69;69031;1;4;2;6;Chemin du Viaduc;;
536589228;24;10;2024;17:46;1;64;64024;2;1;1;6;Place du Général Leclerc;;
536589230;9;6;2024;12:30;1;75;75115;2;3;1;2;ALLEE DES FRERES VOISIN;;
536589231;25;3;2024;19:15;2;29;29105;2;3;2;3;9 avenue Jeanne d'Arc;;
536589232;16;8;2024;15:40;1;95;95256;1;1;1;3;N184;;
536589233;3;12;2024;12:20;1;81;81311;1;1;1;2;RD612;;
536589234;19;9;2024;15:15;1;31;31160;1;1;1;5;N224;;
536589235;9;6;2024;19:40;1;75;75113;2;2;1;2;AVENUE D ITALIE;;
536589236;24;10;2024;14:10;1;64;64024;2;6;1;4;BAHINOS (ROND POINT DE);;
536589237;25;3;2024;01:55;5;38;38399;2;1;1;6;D518;;
536589238;16;8;2024;22:15;3;77;77438;1;9;1;2;A104;;
536589239;11;7;2024;17:45;1;77;77215;2;1;1;6;RUE ALFRED DE VIGNY;;
536589240;2;12;2024;20:50;3;86;86026;1;1;1;2;D759;;
536589241;13;2;2024;12:03;1;14;14366;2;6;1;3;30 Avenue Georges Pompidou;;
536589242;21;9;2024;18:15;1;31;31066;1;1;2;5;1690 Route de Montauban;;
536589244;9;6;2024;17:15;1;75;75108;2;3;1;6;BOULEVARD HAUSSMANN;;
536589245;25;10;2024;21:25;3;62;62051;1;9;1;3;D941;;
536589246;28;3;2024;05:20;2;02;02419;1;2;2;3;3 Route Nationale;;
536589247;11;7;2024;09:45;1;76;76026;2;1;1;4;SAINT JULIEN (RUE);;
536589248;21;9;2024;22:30;3;03;03254;1;1;1;7;RD277;;
536589249;13;2;2024;19:22;5;14;14101;2;3;2;3;116 Route de Bretagne;;
536589250;9;6;2024;13:35;1;75;75107;2;1;1;1;QUAI VOLTAIRE;;
536589251;5;6;2024;22:30;5;42;42218;2;2;1;3;Rue de la Montat;;
536589252;27;3;2024;18:14;1;02;02601;1;3;1;1;D966;;
536589253;11;7;2024;17:24;1;73;73011;1;1;8;2;N90;;
536589254;25;10;2024;18:01;1;61;61117;1;2;2;3;D529;;
536589255;11;2;2024;17:50;2;13;13108;2;1;1;1;PROSPER MERIME (AVENUE);;
536589256;21;9;2024;09:18;1;54;54102;1;3;5;1;D904;;
536589257;9;6;2024;22:00;5;75;75104;2;3;1;6;RUE DU RENARD;;
536589258;15;8;2024;02:12;5;987;98736;1;1;1;7;CHARLES DE GAULLE (AV);;
536589259;26;3;2024;16:15;1;14;14371;1;1;2;6;Avenue de Neuville;;
536589260;14;2;2024;20:50;5;13;13213;2;1;1;1;MAURELLE (RUE DE LA);;
536589261;22;10;2024;22:55;5;60;60159;2;1;1;1;Pont Neuf;;
536589262;20;9;2024;17:04;1;14;14194;1;1;1;6;Route de Saint-Germain;;
536589263;10;7;2024;17:05;1;72;72181;2;2;1;3;GENESLAY FELIX (AV) N° PAIRS 2 A 144;;
536589264;9;6;2024;18:05;1;75;75103;2;2;1;7;RUE DE TURBIGO;;
536589265;15;8;2024;19:00;5;974;97407;2;1;1;6;DOXILE(RUE);;
536589266;3;12;2024;07:18;3;60;60212;1;1;1;1;D 929;;
536589267;19;3;2024;18:10;1;09;09264;2;1;7;1;Rd624 - Lotissement Beaurivage;;
536589268;21;9;2024;19:25;2;05;05009;1;1;1;7;RN 85 - PR 0 + 250;;
536589269;15;8;2024;14:20;1;974;97407;2;1;1;6;VERGES(AVENUE);;
536589270;3;12;2024;03:22;3;60;60517;1;6;1;6;Rue d'Anserville;;
536589271;14;2;2024;18:28;5;13;13207;2;1;1;1;RIVE NEUVE (QUAI);;
536589272;11;7;2024;19:00;1;69;69282;1;1;1;1;5 Rue de la République;;
536589273;22;9;2024;03:30;3;50;50487;1;1;1;6;1 la marionnais;;
536589274;14;8;2024;11:29;1;973;97302;2;1;1;3;MADELEINE (ROUTE DE LA);;
536589275;25;10;2024;09:50;1;60;60057;2;1;1;4;Avenue Président J.F. Kennedy;;
536589276;9;6;2024;06:15;1;75;75104;2;3;1;3;AVENUE VICTORIA;;
536589277;29;11;2024;23:25;3;80;80571;1;1;9;6;D14;;
536589278;22;9;2024;13:00;1;45;45138;1;1;3;6;D46 PR 6 + 870;;
536589279;14;8;2024;00:15;3;973;97302;2;1;1;7;MADELEINE (ROUTE DE LA);;
536589280;14;2;2024;18:50;5;13;13213;2;1;1;3;ROSE (AVENUE DE LA);;
536589281;11;7;2024;19:00;1;69;69266;2;3;3;6;Impasse des Soeurs;;
536589282;2;12;2024;19:00;3;80;80799;1;6;2;3;D1029;;
536589283;15;2;2024;01:12;5;10;10333;2;1;1;6;ANDRE RONGEOT (RUE);;
536589284;25;10;2024;18:50;2;57;57630;2;2;1;3;STRASBOURG;;
536589285;11;7;2024;16:55;1;67;67482;2;1;1;6;GRANDES ARCADES (RUE DES);;
536589286;15;8;2024;18:00;1;69;69387;2;1;1;3;Pont de la Guillotière;;
536589287;22;9;2024;06:30;3;53;53262;2;3;8;6;2 Rue de la Roinée;;
536589288;3;12;2024;11:32;1;62;62361;2;1;1;6;D941;;
536589289;9;6;2024;11:20;1;94;94081;2;2;1;3;Avenue Youri Gagarine / Rue de la Petite Saussaie;;
536589290;13;2;2024;18:00;5;06;06069;2;9;1;6;Boulevard Fragonard;;
536589291;25;10;2024;08:22;1;57;57480;2;1;1;3;JONCS (RUE DES );;
536589292;14;8;2024;17:44;1;972;97209;2;1;1;3;PROFESSEUR RAYMOND GARCIN (RUE DU);;
536589293;2;12;2024;07:55;1;83;83090;1;1;1;6;A50;;
536589294;22;9;2024;05:50;3;85;85108;1;1;5;6;D7 PK 57+930;;
536589295;10;7;2024;13:30;1;64;64260;2;1;1;3;BEHOBIE (RUE DE);;
536589296;12;2;2024;12:10;1;06;06027;2;1;1;3;Avenue de Cannes;;
536589297;16;8;2024;00:00;5;69;69389;2;1;1;6;Quai Jayr;;
536589299;21;9;2024;14:30;1;27;27045;1;1;1;3;11 Rue de la Cote Rouge;;
536589300;11;7;2024;12:09;1;64;64129;2;1;1;7;BAYONNE DE;;
536589301;8;6;2024;21:30;1;94;94074;2;1;1;2;Avenue Henri Barbusse;;
536589302;19;9;2024;07:50;3;27;27372;1;1;1;7;Route de Mainneville;;
536589303;14;2;2024;14:10;1;75;75112;2;1;8;7;BD PERIPHERIQUE INTERIEUR;;
536589304;25;10;2024;17:05;1;54;54526;2;2;1;3;Rue Louis Pasteur;;
536589305;15;8;2024;10:31;1;2A;2A004;2;2;1;3;MASSERIA BD;;
536589306;30;11;2024;11:56;1;59;59532;1;1;1;6;AUTOROUTE A16;;
536589307;11;7;2024;09:40;1;64;64445;2;6;1;3;ALSACE LORRAINE D';;
536589308;9;6;2024;20:35;1;93;93066;2;2;1;3;Boulevard de la Libération / Rue du Docteur Poiré;;
536589309;25;10;2024;14:15;1;54;54184;2;1;1;6;Rue Aristide Briand;;
536589310;14;2;2024;19:00;4;75;75120;2;2;1;6;RUE DU CLOS;;
536589311;2;12;2024;17:40;1;94;94043;1;1;1;3;A6B;;
536589312;19;9;2024;08:20;1;27;27109;1;2;1;4;D133;;
536589313;9;6;2024;00:30;5;92;92012;2;1;1;7;DOME (RUE DU);;
536589314;15;8;2024;19:58;1;95;95680;1;1;1;3;D970;;
536589315;10;7;2024;13:00;1;64;64445;2;1;1;2;HENRI FAISANS;;
536589316;24;10;2024;21:20;3;54;54395;2;1;1;6;Rue de la Croix Gagnée;;
536589317;14;2;2024;21:10;5;75;75111;2;3;1;2;BOULEVARD RICHARD LENOIR;;
536589318;9;6;2024;03:10;5;92;92007;2;1;1;7;SUISSES (VOIE DES);;
536589319;11;7;2024;18:02;1;64;64125;2;1;1;3;CHABADENIA (AVENUE);;
536589320;25;10;2024;15:40;1;51;51454;2;6;1;3;CHAMPAGNE  (  AVENUE);;
536589321;14;2;2024;08:43;1;75;75110;2;2;9;7;BOULEVARD DE MAGENTA;;
536589322;1;12;2024;16:58;2;92;92050;1;1;1;4;A86;;
536589323;15;8;2024;13:52;1;84;84007;2;2;1;3;PIERRE SEMARD (AVENUE);;
536589324;9;6;2024;14:46;1;92;92009;2;1;1;6;ARGENTEUIL ( AVENUE D' );;
536589325;21;9;2024;14:43;1;973;97307;2;1;7;3;Rue Paul - Emile Bienvenu;;
536589326;10;7;2024;21:10;1;64;64125;2;1;1;3;ESPAGNE (AVENUE D');;
536589327;25;10;2024;14:18;1;51;51573;2;1;1;2;FEMMES (CHEMIN DES);;
536589328;13;2;2024;19:15;2;75;75104;2;3;2;6;RUE DU RENARD;;
536589329;30;11;2024;21:40;3;95;95256;1;1;1;2;N184;;
536589330;21;9;2024;18:12;1;978;97801;2;1;1;1;RN7, Route de l'espérance, Hope Estate,;;
536589331;8;6;2024;02:55;3;974;97415;1;1;1;6;N1;;
536589332;14;8;2024;14:10;1;80;80001;2;1;7;3;ROUVROY (de);;
536589333;11;7;2024;09:56;1;63;63164;1;1;1;2;CEBAZAT (RTE DE);;
536589334;21;9;2024;00:20;3;73;73179;1;4;1;6;A43 PR 088.400;;
536589335;1;12;2024;23:57;3;94;94074;1;1;1;6;N406;;
536589336;14;2;2024;12:00;1;94;94078;2;3;1;2;Rue Noblemaire / Rue de Paris;;
536589337;4;6;2024;11:30;1;2A;2A189;1;1;1;7;78 Route Départementale 157;;
536589338;25;10;2024;10:25;1;51;51454;2;6;1;3;MAURIAC (AVENUE FRANCOIS);;
536589339;15;8;2024;14:20;1;78;78551;1;2;1;3;POISSY (DE);;
536589340;20;9;2024;11:30;1;971;97103;2;6;1;3;Jarry - N10 - Rond point coeur de Jarry;;
536589341;6;7;2024;20:00;1;62;62510;2;2;1;3;Rue Phècle Carpentier;;
536589342;13;2;2024;22:10;5;94;94068;2;2;2;1;Boulevard de la Marne / Avenue Louis Blanc;;
536589343;25;10;2024;07:30;5;49;49007;2;1;1;6;BEDIER BOULEVARD;;
536589344;10;6;2024;13:30;1;24;24108;1;1;1;1;D1;;
536589345;8;8;2024;17:05;1;73;73297;1;4;1;3;D1090;;
536589346;15;8;2024;19:20;1;77;77390;2;1;1;6;AV PANAS;;
536589347;22;9;2024;00:20;3;13;13110;1;1;1;6;A8;;
536589348;30;11;2024;14:50;1;988;98818;2;1;1;6;N°3 RUE CLAUDE BERNARD;;
536589349;11;7;2024;08:25;1;62;62178;2;4;7;3;D302;;
536589350;25;10;2024;08:05;2;49;49007;2;1;2;3;MILLOT BOULEVARD JACQUES;;
536589351;30;8;2024;14:00;1;60;60138;1;1;2;2;A1;;
536589352;1;12;2024;14:50;1;974;97411;2;1;1;6;RN2/043;;
536589353;6;6;2024;15:50;1;43;43038;1;1;1;4;N102;;
536589354;10;7;2024;16:40;1;59;59599;2;2;1;6;YSER (RUE DE L');;
536589355;8;6;2024;04:20;3;76;76235;2;1;1;6;Rue Abbé Cochet;;
536589356;24;10;2024;19:15;5;49;49007;2;2;1;3;BIRGE BOULEVARD;;
536589357;1;12;2024;11:20;1;973;97302;2;1;1;3;RABAN (ROUTE DE);;
536589358;21;9;2024;18:55;3;973;97304;1;1;1;1;Route Nationale 1 Sud;;
536589359;15;8;2024;17:10;1;77;77186;1;2;1;3;RD606. de la rochette à l'obélisque;;
536589360;10;6;2024;05:00;2;23;23128;1;1;5;6;Pouzaud;;
536589361;11;7;2024;16:30;1;59;59017;2;1;1;6;GAMBETTA  (RUE);;
536589362;24;10;2024;10:04;1;49;49246;2;1;7;6;PYRAMIDE PLACE ET ROUTE;;
536589363;22;9;2024;10:50;1;972;97230;1;1;1;1;RN1;;
536589364;1;12;2024;12:32;1;69;69387;2;2;1;3;Rue Salomon Reinach;;
536589365;15;8;2024;11:20;1;76;76457;1;4;7;1;Rue du Lt Jacques Hergault;;
536589366;10;6;2024;13:40;1;54;54212;1;1;1;1;Fresnois-la-Montagne;;
536589367;11;7;2024;08:50;1;59;59043;1;1;1;2;PETITE VERTE RUE (VOIE COMMUNALE);;
536589368;25;10;2024;08:20;2;44;44184;2;2;2;6;19bis Avenue Ferdinand de Lesseps;;
536589369;21;9;2024;21:10;3;30;30042;1;6;1;6;D910a;;
536589370;15;8;2024;10:40;1;71;71270;2;1;1;1;PILLET (RUE CHARLES);;
536589371;9;6;2024;11:07;1;54;54138;2;1;1;6;29 Rue de Lorraine;;
536589372;1;12;2024;19:05;3;95;95277;1;1;1;2;D317;;
536589373;11;7;2024;09:39;1;59;59317;2;9;1;6;GUESDE  (RUE JULES);;
536589374;22;9;2024;02:55;3;06;06028;1;9;1;7;plaine de caille;;
536589375;15;8;2024;06:15;2;69;69259;2;1;1;6;Avenue Charles de Gaulle;;
536589376;25;10;2024;15:50;1;37;37261;2;1;2;3;GIRAUDEAU (RUE);;
536589377;1;12;2024;06:50;5;91;91552;1;1;1;5;RTE NATIONALE 20;;
536589378;21;9;2024;15:25;1;67;67120;1;2;1;3;Calvaire;;
536589379;15;8;2024;19:15;1;67;67482;2;1;1;3;PRESIDENT POINCARE (BOULEVARD DU);;
536589380;11;7;2024;02:06;3;56;56121;2;6;2;3;Rond-point de la Cornouailles;;
536589381;25;10;2024;12:55;1;37;37233;2;6;1;3;ARC EN CIEL ( ROND POINT DE L');;
536589382;15;8;2024;17:05;1;67;67482;2;1;1;6;SINGRIST (RUE DE);;
536589383;30;11;2024;16:11;1;91;91432;2;1;1;2;AV CHARLES DE GAULLE;;
536589384;31;5;2024;19:30;2;06;06026;2;6;1;6;725 Avenue Docteur Belletrud;;
536589385;22;9;2024;19:30;5;38;38464;2;6;3;3;Rond Point D51 St Victor de Cessieu;;
536589387;30;11;2024;15:20;1;86;86066;2;6;1;3;Avenue du Président Roosevelt;;
536589388;10;7;2024;08:52;1;56;56098;2;2;1;3;61 Avenue Ambroise Croizat;;
536589389;15;8;2024;21:45;3;64;64335;1;1;1;7;ASTRA D';;
536589390;18;9;2024;19:10;1;69;69287;2;6;1;6;131 Avenue Charles de Gaulle;;
536589391;25;10;2024;20:15;3;35;35238;1;1;1;4;ROCADE 6-7;;
536589392;6;6;2024;12:10;1;34;34270;2;3;1;3;Route de Montpellier;;
536589393;15;8;2024;23:00;5;63;63113;2;4;1;6;LIBERATION (AVENUE DE LA);;
536589394;20;9;2024;16:15;1;81;81104;1;1;1;1;D87;;
536589395;10;7;2024;11:06;1;56;56098;1;1;1;4;Kergouaran;;
536589396;25;10;2024;15:00;1;35;35238;2;2;1;7;LECLERC (AVENUE DU GENERAL);;
536589397;9;5;2024;02:00;3;56;56030;1;9;1;6;route de pénestin;;
536589398;1;12;2024;18:54;3;84;84132;1;1;1;5;BANON (ROUTE DE);;
536589399;20;9;2024;12:35;1;40;40184;1;3;1;3;794 Route d'Escource;;
536589400;10;7;2024;11:15;1;53;53130;2;6;1;6;8 MAI 1945 ( BOULEVARD DU );;
536589401;25;10;2024;20:30;5;34;34172;2;3;8;3;LODEVE (AVENUE DE;;
536589403;15;8;2024;19:10;1;47;47001;2;7;1;1;RABELAIS (PLACE);;
536589404;2;12;2024;00:05;5;83;83061;2;6;1;6;BOULEVARD DE LA LIBÉRATION;;
536589405;11;7;2024;13:40;1;51;51454;2;6;1;7;Rue Jacques de La Giraudière;;
536589406;15;8;2024;18:35;1;37;37261;2;1;1;6;DE GAULLE (AVENUE DU GENERAL);;
536589408;1;12;2024;03:55;3;81;81065;1;1;1;6;LAUTREC RD 83 (RTE DE);;
536589409;22;9;2024;12:55;1;40;40244;1;3;1;5;Carrefour D13 et CD70;;
536589410;24;10;2024;22:55;5;34;34172;2;5;1;3;VANIERES (AVENUE DE);;
536589411;15;8;2024;11:45;1;37;37261;2;1;1;2;PROUDHON (AVENUE);;
536589413;1;12;2024;12:35;1;78;78551;2;9;1;3;PONTEL (DU);;
536589414;11;7;2024;02:20;5;51;51230;2;1;1;6;JOFFRE (AVENUE MARECHAL);;
536589417;14;8;2024;15:15;1;34;34172;2;1;1;3;ASSAS (AVENUE D');;
536589418;1;12;2024;16:25;1;77;77251;2;1;1;7;RUE DES GRANDS CHAMPS;;
536589419;21;9;2024;17:30;1;85;85113;1;1;1;7;RD22B;;
536589421;10;7;2024;16:08;1;46;46042;2;3;1;1;CHURCHILL  (RUE WINSTON);;
536589425;13;9;2024;23:30;4;22;22175;1;1;1;2;Les Mares;;
536589426;1;12;2024;19:30;2;76;76216;2;6;1;3;Rue Lyautey;;
536589427;11;7;2024;10:00;1;45;45234;2;2;1;3;D920 PR 3 + 3116;;
536589430;1;12;2024;12:10;1;76;76108;2;6;8;3;Rue d'Uelzen;;
536589431;7;6;2024;16:50;1;81;81202;1;1;1;5;D87 - PK026+250;;
536589432;10;7;2024;19:30;1;44;44184;2;2;1;3;126 Rue Jean Gutenberg;;
536589433;15;8;2024;15:35;1;31;31555;2;6;1;3;BAYONNE (ROUTE DE );;
536589434;21;9;2024;15:40;1;80;80039;1;2;1;3;D940;;
536589435;7;7;2024;16:45;1;42;42207;2;9;1;6;Avenue Sadi Carnot;;
536589436;26;10;2024;01:50;5;31;31555;1;1;8;4;29 PURPAN  (PERIPH OUEST A620);;
536589437;9;6;2024;06:00;1;49;49215;2;1;7;2;426 Avenue Paul Painlevé;;
536589438;22;9;2024;06:30;2;59;59449;1;1;1;1;D957;;
536589439;15;8;2024;19:15;1;28;28085;2;9;1;3;CARREFOUR (CENTRE COMMERCIAL);;
536589440;29;11;2024;15:00;1;76;76565;1;1;1;4;RD 915;;
536589441;11;7;2024;14:15;1;38;38185;2;1;1;3;LIBERATION ET DU GENERAL DE GAULLE (COUR;;
536589442;1;12;2024;12:32;1;67;67180;2;1;1;7;RD 48;;
536589443;22;9;2024;07:17;1;59;59638;1;1;1;3;D93;;
536589444;25;10;2024;22:45;5;30;30007;2;1;2;7;GAGARINE (AVE YOURI);;
536589445;15;8;2024;12:00;1;22;22278;1;1;1;2;RN12;;
536589446;21;9;2024;19:15;1;59;59268;2;1;1;3;1250 Rue de la Lys;;
536589447;11;7;2024;13:45;1;37;37261;2;3;1;3;DE GAULLE (AVENUE DU GENERAL);;
536589448;10;6;2024;11:35;1;46;46276;1;3;1;3;D662;;
536589449;1;12;2024;15:58;1;66;66136;2;1;1;4;Avenue d'Argelès-sur-Mer;;
536589450;15;8;2024;08:40;1;14;14366;2;3;1;7;37 Rue Joseph Guillonneau;;
536589451;10;7;2024;16:10;1;37;37261;2;1;1;6;DANIEL MAYER;;
536589452;24;10;2024;17:40;1;29;29019;2;3;1;3;boulevard de Plymouth;;
536589453;20;9;2024;17:20;1;13;13212;1;1;1;3;A507 sens Aubagne- Marseille;;
536589454;9;6;2024;20:00;1;46;46007;1;1;1;6;D8;;
536589455;15;8;2024;23:40;3;13;13071;1;6;2;6;JEAN-JAURES;;
536589456;1;12;2024;01:20;5;66;66136;2;2;1;3;Rambla de l’Occitanie;;
536589457;24;10;2024;19:20;5;27;27229;2;7;1;6;COTE BLANCHE (RUE DE LA);;
536589458;21;9;2024;06:00;3;91;91161;1;1;2;3;AUTOROUTE A6;;
536589459;15;8;2024;02:50;5;13;13211;2;1;1;7;ELLEON (AVENUE);;
536589460;10;6;2024;14:00;1;38;38134;1;1;1;1;Cour-et-Buis;;
536589461;11;7;2024;08:35;1;35;35238;2;3;1;3;FOULON (AVENUE PROFESSEUR CHARLES);;
536589462;1;12;2024;19:15;5;65;65331;2;1;1;6;NAVARRE (PLACE MARGUERITE DE);;
536589463;24;10;2024;09:55;1;27;27229;2;1;1;6;QUATORZE JUILLET (BOULEVARD);;
536589464;20;9;2024;20:20;3;92;92036;1;1;8;2;A86;;
536589465;14;8;2024;17:00;1;13;13005;1;3;1;3;RN 96 (ROUTE NATIONALE );;
536589467;11;7;2024;16:20;1;34;34108;1;6;1;2;LA PEYRADE (ROND-POINT);;
536589468;20;9;2024;17:45;1;93;93027;1;1;1;4;AUTOROUTE A1;;
536589469;25;10;2024;11:55;1;15;15014;2;3;1;3;Avenue de Tronquières;;
536589470;11;7;2024;21:05;2;34;34129;1;1;1;1;AGAU (AVENUE DE L');;
536589471;21;9;2024;05:30;2;93;93078;1;1;2;3;AUTOROUTE A104;;
536589472;25;10;2024;20:15;5;13;13039;2;6;1;1;PINS (Allée des);;
536589473;21;9;2024;03:40;3;95;95572;1;1;1;6;N184;;
536589475;21;9;2024;02:20;3;93;93063;1;1;1;7;AUTOROUTE A3;;
536589477;25;10;2024;18:50;5;13;13056;2;3;1;6;TURCAN FRANCIS;;
536589478;21;9;2024;02:59;3;94;94044;1;1;2;6;N406;;
536589479;1;12;2024;23:15;5;62;62427;2;9;2;6;Boulevard Albert Schweitzer;;
536589480;9;6;2024;16:45;1;54;54598;2;3;1;3;Rue Charles de Gaulle;;
536589481;11;7;2024;15:30;1;31;31483;2;1;1;6;ETANCELIN PHILIPPE (RUE);;
536589482;14;8;2024;21:30;5;75;75112;2;1;1;2;BD PERIPHERIQUE INTERIEUR;;
536589483;30;11;2024;14:00;1;59;59426;2;3;1;3;Route de Roncq;;
536589484;21;7;2024;00:40;5;57;57463;2;2;1;3;JOSEPH HENOT (RUE );;
536589485;10;6;2024;06:40;1;06;06059;2;1;1;1;48 Avenue de la Liberté;;
536589486;11;7;2024;21:00;1;28;28134;2;1;1;6;EPARGES (RUE DES);;
536589487;14;8;2024;09:00;1;75;75112;2;1;1;4;BD PERIPHERIQUE INTERIEUR;;
536589488;24;10;2024;23:45;3;13;13077;2;3;1;3;RN 568;;
536589489;1;12;2024;19:30;5;59;59178;2;1;2;7;BASLY (RUE EMILE);;
536589490;20;9;2024;06:50;1;973;97302;2;2;1;1;CABASSOU (ROUTE DE);;
536589491;14;8;2024;14:24;1;75;75101;2;2;1;3;BOULEVARD DE SEBASTOPOL;;
536589492;9;6;2024;18:20;1;14;14430;1;2;1;3;D87;;
536589493;25;10;2024;07:50;2;13;13214;2;9;1;1;MARCHE D'IN (AVENUE);;
536589494;11;7;2024;11:09;1;27;27562;2;1;1;2;LECLERC (RUE DU GENERAL);;
536589495;20;9;2024;18:45;1;69;69383;2;1;1;3;Rue Viala;;
536589496;30;11;2024;16:00;1;56;56098;2;1;8;2;Sortie parc des expos;;
536589497;9;6;2024;14:50;1;50;50603;1;1;1;6;Rte de la Chapelle aux Jacquets;;
536589498;25;10;2024;01:00;5;13;13205;2;1;1;2;SAKAKINI (BOULEVARD);;
536589499;11;7;2024;17:30;1;19;19031;2;1;1;3;Rue De L Ile Du Roi;;
536589500;1;12;2024;19:50;5;49;49246;2;6;1;7;GALLIENI AVENUE;;
536589501;20;9;2024;08:14;1;972;97213;1;1;1;2;AUTOROUTE A1;;
536589502;10;6;2024;09:00;1;50;50215;1;1;1;6;8 Rue du Village Gouix;;
536589503;20;9;2024;02:20;3;2B;2B120;2;1;1;1;LAGUNE (Route de la) D107;;
536589504;8;6;2024;16:30;1;90;90053;2;6;1;2;5 Rue Lieutenant Rusconi;;
536589505;25;10;2024;08:30;1;13;13001;1;1;1;3;LEDOUX CLAUDE NICOLAS (RUE);;
536589506;19;9;2024;07:40;1;91;91191;2;3;1;3;Jean Jaures (Avenue);;
536589507;1;12;2024;16:55;1;49;49246;1;1;1;6;A87;;