Num_Acc;jour;mois;an;hrmn;lum;dep;com;agg;int;atm;col;adr;lat;long
536589508;22;10;2024;18:00;1;12;12013;1;1;1;3;RD 5 ROUTE DE MONTBAZENS;;
536589509;19;9;2024;19:33;1;87;87114;1;1;1;6;GEORGES GUINGOUIN (AVENUE);;
536589510;9;6;2024;12:55;1;73;73270;2;2;1;5;D911 Avenue de l'arclusaz;;
536589511;1;12;2024;13:45;1;47;47031;1;1;1;3;RD17;;
536589512;19;9;2024;15:56;1;87;87085;2;3;1;6;LOCARNO (AVENUE);;
536589514;25;10;2024;22:00;5;06;06069;2;1;9;2;3 Rue du 8 Mai 1945;;
536589515;1;12;2024;18:55;5;37;37261;2;2;1;3;MARNE (CARREFOUR DE LA);;
536589516;20;9;2024;08:00;1;84;84035;2;6;1;3;BOSCODOMINI (AVENUE);;
536589518;18;10;2024;07:40;5;03;03095;2;3;2;3;HUIT MAI 1945 (BOULEVARD DU);;
536589519;1;12;2024;11:27;1;37;37233;2;2;1;3;SEMARD (RUE PIERRE);;
536589520;19;9;2024;21:45;3;84;84007;2;1;1;3;AMANDIER (AVENUE DE L');;
536589522;25;10;2024;21:32;5;75;75120;2;1;1;3;BD PERIPHERIQUE INTERIEUR;;
536589523;30;11;2024;23:45;5;37;37122;2;1;5;7;TAILHAR (RUE DU);;
536589524;19;9;2024;13:15;1;83;83129;2;1;1;6;EUROPE (AVENU DE L');;
536589525;9;6;2024;21:00;3;04;04209;1;1;3;6;D946;;
536589526;25;10;2024;13:19;1;75;75119;2;1;1;3;AVENUE DE LA PORTE DE LA VILLETTE;;
536589527;20;9;2024;11:15;1;78;78423;2;2;1;6;COL DE DYANE (RUE DU);;
536589528;10;6;2024;18:30;1;04;04149;1;1;1;2;départementale 4096;;
536589529;25;10;2024;10:30;1;75;75117;2;3;1;7;RUE DE COURCELLES;;
536589530;19;9;2024;22:46;5;77;77373;2;1;1;3;PARIS (ROUTE DE );;
536589531;30;11;2024;19:50;5;37;37208;2;6;5;3;CANGE (RUE DE);;
536589532;9;6;2024;11:45;1;85;85265;1;2;1;6;RD148;;
536589533;25;10;2024;21:50;5;75;75116;2;3;2;6;RUE DE BOULAINVILLIERS;;
536589534;1;12;2024;03:25;5;31;31555;2;1;1;3;FAUBOURG BONNEFOY (RUE DU) DU 1AU 231;;
536589535;30;11;2024;14:55;1;31;31555;2;1;1;5;ALL DE BELLEFONTAINE;;
536589536;1;12;2024;04:04;3;29;29232;1;1;2;3;Avenue de Ty Bos;;
536589537;20;9;2024;08:00;1;77;77132;2;1;1;6;RD 934;;
536589538;13;2;2024;20:00;5;94;94028;2;3;2;6;Rue Juliette Savar;;
536589539;14;2;2024;13:50;1;94;94077;2;1;1;3;Chemin du Grand Godet;;
536589540;13;2;2024;19:30;5;93;93063;2;2;2;6;Avenue Berlioz / Boulevard Edouard Branly;;
536589541;20;9;2024;20:50;5;69;69266;2;2;1;2;Cours Emile Zola;;
536589542;3;1;2024;06:00;3;91;91064;1;1;2;7;RN 118;;
536589543;13;2;2024;19:10;5;93;93032;2;2;2;6;Rue Vaillant Couturier / Rue du Chemin de Fer;;
536589544;12;2;2024;18:10;4;93;93027;2;1;1;6;Rue du Moulin Neuf;;
536589545;20;9;2024;19:00;1;69;69286;2;9;1;6;Avenue Victor Hugo;;
536589546;2;1;2024;23:31;3;92;92050;1;1;1;6;A86;;
536589547;14;2;2024;10:50;1;93;93005;2;1;8;6;Rue du 11 Novembre;;
536589548;2;1;2024;20:30;5;92;92036;1;1;3;7;RN315 Y;;
536589549;21;9;2024;00:30;5;69;69276;2;1;1;1;40 Route de Vienne;;
536589550;14;2;2024;18:10;1;92;92064;2;1;1;3;MARCEL DASSAULT;;
536589551;2;1;2024;18:30;3;78;78217;1;1;2;3;A13;;
536589552;2;1;2024;13:17;1;78;78297;1;1;2;2;RN12;;
536589553;14;2;2024;17:15;1;92;92051;2;1;1;1;CHARCOT (RUE);;
536589554;20;9;2024;11:40;1;69;69029;2;1;1;2;Avenue Pierre Mendès France;;
536589555;28;3;2024;11:07;1;07;07078;2;6;1;3;D519;;
536589556;2;1;2024;12:05;1;78;78545;1;1;3;2;A12 Y;;
536589557;1;1;2024;21:15;3;78;78321;1;1;3;6;RN12 INT;;
536589558;14;2;2024;17:00;2;92;92036;2;3;1;4;GENERAL DE GAULLE (AVENUE) (PAIRS);;
536589559;19;9;2024;16:50;1;69;69029;2;3;1;1;Rue Lionel Terray;;
536589560;2;1;2024;21:30;3;95;95212;1;1;2;6;N104;;
536589561;28;3;2024;07:53;1;07;07010;2;1;1;4;Avenue de Backnang;;
536589562;20;9;2024;22:03;5;67;67218;2;8;1;6;STRASBOURG (AVENUE DE);;
536589563;13;2;2024;23:29;5;92;92036;2;3;1;3;SORTIE A 86;;
536589564;2;1;2024;22:00;3;92;92036;1;1;3;5;AUTOROUTE A86;;
536589565;23;3;2024;08:07;2;40;40046;2;4;7;6;Rue du Hapchot;;
536589566;25;3;2024;10:47;1;85;85291;1;1;1;6;RD88;;
536589567;2;1;2024;19:30;3;94;94079;1;1;2;2;A4;;
536589568;11;2;2024;17:35;2;92;92035;2;9;2;3;National ( boulevard );;
536589569;20;9;2024;14:30;1;67;67482;2;1;1;3;RHIN NAPOLEON (RUE DU);;
536589570;2;1;2024;12:00;1;974;97411;2;6;1;6;JAURES (BLD 1 JEAN);;
536589571;14;2;2024;00:11;5;92;92026;2;1;1;7;PRÉSIDENT PAUL DOUMER (QUAI DU);;
536589572;21;3;2024;09:00;1;85;85008;1;3;1;3;D108;;
536589573;20;9;2024;15:10;1;64;64102;2;1;1;3;MAI 1945 (AVENUE DU 8);;
536589574;14;8;2024;14:23;1;75;75101;2;2;1;6;BOULEVARD DE SEBASTOPOL;;
536589575;15;2;2024;06:00;2;38;38157;1;1;1;6;D502;;
536589576;2;1;2024;07:10;5;69;69388;2;3;2;3;Avenue Général Frère;;
536589577;27;3;2024;07:30;2;27;27146;1;1;1;7;Route de Cormeilles;;
536589578;14;8;2024;14:23;1;75;75104;2;2;1;1;QUAI DE GESVRES;;
536589579;15;2;2024;07:15;1;42;42069;1;1;1;6;D18;;
536589580;20;9;2024;09:00;1;63;63032;2;2;1;3;Allée du Parc / Avenue de l'Europe;;
536589581;14;2;2024;10:36;1;65;65272;2;1;1;7;Chemin de la Côte Vieille;;
536589582;28;3;2024;12:40;1;01;01290;1;1;1;5;D4;;
536589583;2;1;2024;15:04;1;2B;2B120;2;9;1;6;IMPERIALE (Route) D464;;
536589584;15;8;2024;14:10;1;75;75119;2;2;1;6;AVENUE JEAN JAURES;;
536589585;18;9;2024;14:20;1;62;62510;2;1;1;3;Rue François Courtin;;
536589586;27;3;2024;16:33;1;83;83023;1;1;1;6;A8;;
536589587;1;1;2024;07:55;1;971;97101;1;1;2;2;RN1 ROCADE DE CHAUVEL;;
536589588;15;8;2024;10:47;1;75;75118;2;1;1;3;AVENUE DE SAINT OUEN;;
536589589;15;2;2024;03:21;3;51;51409;1;1;2;6;D977;;
536589590;28;3;2024;07:40;1;2B;2B148;1;1;1;6;RT 11;;
536589591;2;1;2024;19:50;5;95;95555;2;1;2;6;D109;;
536589592;27;3;2024;11:45;1;88;88078;2;1;2;6;21 Rue Poincaré;;
536589593;14;2;2024;20:45;3;56;56244;1;1;1;3;N166;;
536589594;15;8;2024;14:45;1;75;75113;2;2;1;3;RUE VERGNIAUD;;
536589595;20;9;2024;09:55;1;59;59350;2;2;1;3;Rue Gutenberg (Lille);;
536589596;2;1;2024;19:20;5;95;95063;2;9;3;6;EDOUARD VAILLANT (RUE);;
536589597;15;8;2024;14:55;1;75;75112;2;1;1;1;AVENUE DE NOGENT;;
536589598;27;3;2024;16:30;1;88;88261;2;4;1;1;Rue Maurice Mougeot;;
536589599;2;1;2024;20:10;5;91;91027;2;3;2;3;18 AVRIL 1944 (AVENUE DU);;
536589600;2;3;2024;17:05;1;38;38565;2;1;1;7;Avenue du 11 Novembre;;
536589601;15;8;2024;08:00;1;75;75112;2;1;1;7;BOULEVARD PONIATOWSKI;;
536589602;15;2;2024;06:25;2;2B;2B346;1;1;1;2;Vescovato;;
536589603;2;1;2024;08:45;2;91;91027;2;1;2;6;FRANCOIS MITTERRAND (AVENUE);;
536589604;2;1;2024;09:01;1;87;87048;1;1;2;6;RD 11;;
536589605;19;9;2024;11:20;1;59;59271;2;2;1;3;PAPIN DENIS;;
536589606;14;2;2024;18:00;3;11;11351;1;1;1;3;Route départementale 611 PK 24+800;;
536589607;27;3;2024;22:30;5;01;01062;1;1;8;6;Chemin du Ferrand;;
536589608;15;8;2024;20:00;1;75;75103;2;3;1;7;BOULEVARD DES FILLES DU CALVAIRE;;
536589609;3;5;2024;09:00;1;94;94003;2;1;1;3;Avenue Aristide Briand;;
536589610;1;1;2024;17:05;1;82;82033;1;4;1;1;Route Quercy-Gascogne;;
536589611;14;2;2024;17:20;1;12;12264;2;1;1;6;30 Rue des Caussenus;;
536589612;20;9;2024;15:05;1;56;56260;2;1;1;7;Avenue René de Kerviler;;
536589613;28;3;2024;08:25;1;69;69122;2;3;1;6;Chemin des Ecoliers;;
536589614;3;5;2024;09:15;1;94;94041;2;3;1;3;Avenue Maurice Thorez / Rue Pierre et Marie Curie;;
536589615;2;1;2024;19:05;5;78;78498;2;3;2;6;VILLIERS RUE DE;;
536589616;1;10;2024;08:45;1;75;75103;2;2;1;2;RUE BEAUBOURG;;
536589617;26;3;2024;15:50;1;14;14488;2;7;2;6;17 Place Albert Lemarignier;;
536589618;15;2;2024;07:00;3;42;42260;1;3;1;3;Route de Saint Thurin;;
536589619;3;5;2024;07:00;1;94;94073;2;6;1;3;Avenue de Fontainebleau / Avenue du Général de Gaulle;;
536589620;1;1;2024;01:35;5;77;77152;2;1;1;6;GAILLARD(RUE DU CHATEAU);;
536589621;27;3;2024;16:18;1;59;59315;1;1;1;3;Chemin des Potiers;;
536589622;20;9;2024;13:05;1;56;56121;2;2;1;3;Rue de Kermélo;;
536589623;3;5;2024;21:20;5;94;94028;2;1;1;6;Rue Henri Koch;;
536589624;14;2;2024;17:45;2;42;42235;1;1;1;7;D104;;
536589625;15;8;2024;02:20;5;94;94041;2;3;1;2;Rue d’Estienne d’Orves;;
536589626;2;1;2024;17:55;5;77;77307;1;6;2;6;RTE DE PROVINS;;
536589627;2;5;2024;18:15;1;94;94028;2;1;3;6;Route de Choisy;;
536589628;24;3;2024;14:15;1;54;54027;1;1;2;6;Autoroute A 31;;
536589629;15;8;2024;12:00;1;94;94078;2;3;1;3;Avenue Winston Churchill;;
536589630;19;9;2024;21:17;4;56;56162;1;1;1;6;Kerbérel;;
536589631;2;1;2024;12:10;1;77;77058;2;1;3;1;EUROPE (AVENUE DE L' );;
536589632;27;3;2024;02:10;3;91;91549;1;1;1;2;RN 104;;
536589633;2;5;2024;08:00;1;94;94011;2;6;8;3;Avenue de Boissy / Avenue du Bicentenaire 1789 1989;;
536589634;1;1;2024;18:00;5;77;77458;1;9;2;3;RUE DE MONTARGIS;;
536589635;15;8;2024;21:05;2;94;94065;1;1;1;5;N186B;;
536589636;2;5;2024;23:25;5;94;94019;2;4;8;6;Rue du Général de Gaulle / Rue du Pont;;
536589637;26;3;2024;20:20;5;95;95252;1;9;3;3;A115;;
536589638;14;2;2024;17:20;1;46;46284;1;1;1;5;2485 croix blanche;;
536589639;20;9;2024;13:35;1;54;54395;2;2;1;3;Rue du Manege;;
536589640;2;1;2024;08:20;2;76;76540;2;4;3;6;Rue de la Mare aux Planches;;
536589641;14;2;2024;23:50;4;39;39299;2;1;1;6;6 Rue Corne d'Aury;;
536589642;2;5;2024;09:20;1;94;94060;2;1;1;1;Rue de Picardie;;
536589643;15;8;2024;15:22;1;93;93073;2;1;1;1;Avenue Pierre Colongo;;
536589644;27;3;2024;16:50;1;77;77294;1;1;1;2;A104;;
536589645;20;9;2024;17:15;1;54;54382;2;1;1;3;rue Jean Jaurès;;
536589646;2;1;2024;08:30;1;76;76351;2;3;2;3;GRAVILLE (BD DE);;
536589647;13;2;2024;17:00;2;25;25532;2;2;1;6;Rue de la Mairie;;
536589648;24;1;2024;10:00;1;11;11262;2;6;1;3;38 Avenue Pierre Semard;;
536589649;3;5;2024;18:55;1;93;93078;2;6;1;2;Boulevard Robert Ballanger / Avenue Georges Clémenceau;;
536589650;1;1;2024;12:20;1;57;57283;2;1;1;6;METZ (RUE DE);;
536589651;15;8;2024;20:15;2;93;93064;2;2;1;3;Boulevard d'Alsace-lorraine / Rue Jacques Offenbach;;
536589652;2;1;2024;16:30;1;51;51454;2;1;2;6;BONAPARTE (AVENUE DU GENERAL);;
536589653;9;2;2024;18:15;1;44;44069;1;1;1;5;48 Route des Marais;;
536589654;1;1;2024;20:28;5;49;49007;2;1;2;6;LETANDUERE;;
536589655;13;9;2024;11:10;1;52;52448;2;9;1;6;LACHATS (RUE DES);;
536589656;27;1;2024;20:30;3;22;22282;1;1;1;7;Boulevard de l'Arguenon;;
536589657;13;2;2024;19:00;3;44;44087;1;1;1;1;34bis Route de saint meme le tenu;;
536589658;2;1;2024;17:10;5;45;45298;2;1;2;6;65 Rue des Hautes Levées;;
536589659;1;5;2024;14:00;1;93;93070;2;1;1;7;Rue du Landy;;
536589660;15;8;2024;09:00;1;93;93064;2;1;1;6;Rue de Lisbonne;;
536589661;2;1;2024;08:05;5;45;45004;2;1;2;6;D2107 PR 1 + 840;;
536589662;26;3;2024;18:55;3;974;97416;2;1;1;2;AUBEPINES(ALLEE DES);;
536589663;19;9;2024;17:35;1;49;49007;2;1;1;3;BEAUREPAIRE;;
536589664;14;2;2024;22:30;3;66;66148;1;1;1;1;D914;;
536589665;15;8;2024;01:00;5;92;92048;2;1;1;6;TRIVAUX (AVENUE DE) N° 9;;
536589666;15;2;2024;13:10;1;83;83142;1;1;1;6;RD 955 - STE ANNE;;
536589667;20;9;2024;23:30;5;44;44162;2;7;1;3;Place Océane;;
536589668;2;5;2024;14:00;1;93;93032;2;2;2;1;Rue Paul Vaillant Couturier / Avenue des Marronniers;;
536589669;2;1;2024;06:48;5;45;45068;2;3;2;1;33 Rue Kléber;;
536589670;26;3;2024;17:25;1;974;97416;1;1;1;3;LIGNE PARADIS(ROUTE DE LA);;
536589671;13;2;2024;17:45;1;18;18082;1;1;1;7;L’Hopital;;
536589672;15;8;2024;17:00;1;09;09062;1;1;1;1;D4;;
536589673;3;5;2024;13:50;1;93;93057;2;1;1;1;Avenue du Quatorze Juillet;;
536589674;20;9;2024;19:10;1;42;42183;2;4;1;3;GAMBETTA (RUE);;
536589675;1;1;2024;15:45;1;42;42207;1;9;1;1;Allée Jean le Rond d'Alembert;;
536589676;15;2;2024;08:45;1;85;85018;1;1;1;7;la petite maladrie;;
536589677;26;3;2024;16:40;1;69;69387;2;3;2;3;Rue Lortet;;
536589678;25;10;2024;20:30;5;75;75115;2;2;9;1;RUE DE LA CONVENTION;;
536589679;2;1;2024;13:30;1;42;42275;2;1;2;6;Rue de l'Artisanat;;
536589680;14;2;2024;14:30;1;28;28120;1;1;1;6;D4;;
536589681;3;5;2024;12:00;1;93;93008;2;3;1;3;Rue de la République / Rue Albert Einstein;;
536589682;14;8;2024;21:00;2;35;35176;1;1;1;3;La Perrais;;
536589683;26;3;2024;10:15;1;69;69388;2;3;2;6;Avenue Paul Santy;;
536589684;19;9;2024;17:25;1;39;39198;2;2;1;3;20 Boulevard du President Wilson;;
536589685;25;10;2024;02:05;5;75;75115;2;3;1;1;RUE DE VAUGIRARD;;
536589686;3;5;2024;17:25;1;92;92064;2;1;1;6;PASTEUR;;
536589687;16;8;2024;05:40;3;12;12300;1;6;5;6;Mas de Souyri;;
536589688;14;2;2024;21:45;3;28;28052;1;1;2;6;D26.1;;
536589689;11;7;2024;07:20;1;14;14366;2;1;1;6;140 Avenue du 6 Juin;;
536589690;2;1;2024;16:00;1;37;37261;2;3;2;3;MAGINOT (AV. ANDRE);;
536589691;25;10;2024;15:10;1;75;75114;2;3;8;6;BOULEVARD DU MONTPARNASSE;;
536589692;11;7;2024;14:15;1;13;13103;2;1;1;1;Boulevard Nostradamus;;
536589693;19;9;2024;08:15;1;37;37122;2;6;1;3;CHINON (BOULEVARD DE);;
536589694;24;10;2024;13:15;1;75;75114;2;4;1;6;RUE VERCINGETORIX;;
536589695;15;2;2024;01:35;3;13;13091;1;1;1;1;D7N;;
536589696;2;1;2024;14:25;1;37;37214;1;1;2;6;METTRAY (CHEMIN DE);;
536589697;3;5;2024;08:50;1;92;92064;2;3;1;3;CAMP CANADIEN;;
536589698;11;7;2024;19:00;1;13;13208;2;9;1;3;MENDES FRANCE (AVENUE);;
536589699;16;8;2024;12:27;1;06;06149;2;3;1;6;boulevard riba roussa;;
536589700;5;6;2024;16:10;1;27;27504;2;9;1;3;Rue du Bout Loriot;;
536589701;9;1;2024;11:45;1;51;51562;1;1;1;6;A34, Aire de TAISSY (Péage de Taissy), sens METZ/PARIS;;
536589702;20;9;2024;08:10;1;35;35238;2;6;1;3;CHATEAU (AVENUE FRANCOIS);;
536589703;2;1;2024;12:30;1;37;37233;2;1;2;6;Rue de la Morinerie;;
536589704;25;10;2024;05:45;5;75;75112;2;2;8;3;RUE JOSEPH KESSEL;;
536589705;3;5;2024;13:00;1;92;92049;2;1;1;1;MARNE AVENUE DE LA;;
536589706;9;6;2024;03:45;3;87;87127;1;1;1;6;D19;;
536589707;11;7;2024;08:40;1;13;13215;2;3;1;6;BLD DE LETZ;;
536589708;26;3;2024;15:48;1;972;97209;2;1;1;4;RD 41 (ROCADE);;
536589709;13;2;2024;20:30;5;95;95351;2;1;2;6;GARE (AVENUE DE LA);;
536589710;14;8;2024;17:30;1;06;06060;1;1;1;1;Route de l'Aire Saint-Michel;;
536589712;9;6;2024;17:25;1;37;37167;2;1;1;7;AVENUE DES VALLÉES (ZA POLAXIS);;
536589713;3;5;2024;06:05;1;92;92040;2;1;1;2;STALINGRAD (QUAI DE);;
536589714;25;10;2024;09:30;1;75;75102;2;2;1;6;RUE DU QUATRE SEPTEMBRE;;
536589715;26;3;2024;18:45;5;69;69381;2;1;1;2;Tunnel de la Croix-Rousse;;
536589717;14;2;2024;18:30;3;83;83016;1;3;1;3;DN8;;
536589718;11;7;2024;16:10;1;13;13063;2;2;1;3;QUENOUILLE RUE DE LA;;
536589719;9;6;2024;17:40;1;88;88445;1;1;1;1;Rue du Pair;;
536589720;16;8;2024;14:00;1;81;81003;1;3;1;4;départementale 999;;
536589721;25;10;2024;08:15;1;94;94081;2;1;1;6;84 Avenue Jean Jaurès;;
536589723;3;5;2024;14:25;1;92;92025;2;1;1;2;STALINGRAD (AV DE);;
536589724;2;1;2024;10:30;1;32;32013;1;1;8;7;R N 21;;
536589725;25;3;2024;12:05;1;971;97120;1;6;1;3;GERTY ARCHIMEDE (RESIDENCE);;
536589726;15;8;2024;11:15;1;05;05027;1;1;1;7;D902;;
536589727;13;2;2024;07:50;2;71;71235;1;2;1;3;Rue de Chaponnière;;
536589728;25;10;2024;11:10;1;94;94058;2;1;1;3;Avenue Montaigne;;
536589729;11;7;2024;08:15;1;13;13001;2;1;1;2;GALICE (RTE);;
536589730;9;6;2024;15:30;1;45;45247;1;1;1;6;A77 PR 28 + 200;;
536589731;2;5;2024;01:30;5;92;92007;2;1;2;6;PLUCHET (RUE ALPHONSE);;
536589732;16;8;2024;00:40;3;974;97412;1;1;1;6;12 Rue Marcel Pagnol;;
536589734;2;1;2024;19:25;5;31;31483;2;1;1;1;FRANCOIS MITTERAND ( AVENUE);;
536589735;14;2;2024;10:53;1;67;67112;1;3;1;1;Rue de la Gare;;
536589736;25;10;2024;09:58;1;94;94041;2;1;1;6;Rue Maurice Gunsbourg;;
536589737;2;5;2024;18:20;1;92;92007;2;3;2;6;LATERAL (CHEMIN);;
536589738;7;7;2024;10:42;1;08;08409;2;1;1;7;CHANZY (BOULEVARD);;
536589739;15;8;2024;14:30;1;972;97201;2;1;1;7;Cite Grenade;;
536589740;10;6;2024;06:30;2;01;01004;1;1;1;5;D1075;;
536589741;24;3;2024;23:05;3;971;97101;1;1;1;4;PERRIN;;
536589742;25;10;2024;15:25;1;94;94038;2;1;1;6;6 Avenue Aristide Briand;;
536589744;3;5;2024;13:00;1;92;92004;2;1;1;6;VOLTAIRE ( BD 16 A FIN );;
536589745;16;8;2024;00:28;4;63;63446;2;1;1;7;Route de la Côte Rousse;;
536589746;6;6;2024;16:17;1;45;45269;1;1;1;2;A10 PR 107 + 616;;
536589747;29;11;2024;19:20;4;29;29232;2;6;1;6;Route de Brest;;
536589748;2;5;2024;14:50;1;92;92014;2;1;8;7;BIEVRE (RUE DE LA);;
536589749;14;2;2024;16:50;1;69;69228;2;1;1;6;1292 Route de Villette;;
536589750;2;1;2024;15:00;1;14;14301;2;1;3;6;8 Rue de l'Église;;
536589751;9;7;2024;20:49;2;06;06088;2;3;1;6;11 Avenue Antonia Augusta;;
536589752;26;3;2024;19:01;2;95;95277;2;9;1;3;PIERRE SALVI (AVENUE);;
536589753;1;12;2024;06:15;5;15;15014;2;1;1;6;Rue Henri Delmont;;
536589755;14;2;2024;09:45;1;69;69072;1;1;1;6;Autoroute 89;;
536589756;9;6;2024;12:00;1;971;97118;1;1;2;3;Route de la Traversee;;
536589757;16;8;2024;10:00;1;86;86165;2;3;1;3;Avenue de l'Europe;;
536589758;27;4;2024;00:40;5;12;12301;2;1;2;6;Faubourg du Grès;;
536589759;1;12;2024;22:40;5;13;13210;2;1;1;1;PONT DE VIVAUX (BOULEVARD);;
536589760;25;10;2024;14:20;1;94;94073;2;9;1;3;Avenue de Versailles;;
536589761;2;1;2024;02:45;5;13;13210;2;1;1;1;RABATAU (BOULEVARD);;
536589762;11;7;2024;11:15;1;06;06069;2;1;1;6;135 Route de Draguignan;;
536589763;11;2;2024;23:00;3;67;67152;1;9;1;6;M83;;
536589764;15;8;2024;23:30;5;974;97410;2;1;1;6;chemin de l'abondance;;
536589765;8;6;2024;16:10;1;77;77177;2;1;1;7;6 Rue de la Brie;;
536589766;1;12;2024;20:15;5;13;13211;2;1;1;1;SAINT MARCEL (BOULEVARD DE );;
536589767;4;5;2024;08:00;1;38;38378;1;1;1;6;D4;;
536589768;26;3;2024;08:15;1;91;91377;2;6;2;3;RUE APPERT;;
536589769;24;10;2024;17:00;1;94;94028;2;1;1;6;Rue René Arcos;;
536589770;1;1;2024;06:30;5;13;13028;2;1;1;3;RIPERT (AVENUE EMILE);;
536589771;10;6;2024;18:40;1;30;30055;2;1;1;6;649 Route des Fumades;;
536589772;16;8;2024;06:30;2;60;60069;1;1;1;6;D922;;
536589774;1;12;2024;08:00;1;13;13211;2;1;1;2;SAINT MARCEL (BOULEVARD DE );;
536589775;10;7;2024;18:00;1;03;03185;2;3;1;3;Avenue Jean Nègre;;
536589776;12;2;2024;10:53;1;78;78297;1;1;1;4;RN12;;
536589778;25;10;2024;07:23;3;94;94077;2;1;1;1;Avenue le Foll;;
536589779;2;5;2024;17:05;1;06;06088;2;6;2;2;432 Boulevard du Mercantour;;
536589780;1;12;2024;07:30;2;13;13215;2;1;1;6;CAP PINEDE (Avenue);;
536589781;20;9;2024;17:30;1;29;29039;1;1;1;7;Rue de Melgven;;
536589782;14;8;2024;14:40;1;22;22032;2;3;1;3;Rue de Dinan;;
536589783;25;3;2024;12:25;1;89;89387;2;3;1;3;MAUPEOU (BOULEVARD);;
536589784;8;6;2024;00:45;3;83;83071;1;9;1;1;Ancien Chemin de Hyeres;;
536589785;11;7;2024;16:45;1;01;01053;2;3;1;3;CHARMETTES ( RUE DES );;
536589786;30;11;2024;13:40;1;13;13004;2;1;1;1;AV VICTOR HUGO;;
536589787;25;10;2024;11:40;1;94;94071;2;6;1;3;Rue de Paris;;
536589788;2;1;2024;18:55;3;07;07281;1;1;2;7;C.D.533;;
536589789;20;9;2024;18:50;1;29;29019;2;1;1;2;avenue Georges Pompidou;;
536589790;21;3;2024;15:15;1;89;89024;2;1;1;6;PREUILLY (RUE DE);;
536589791;3;5;2024;14:00;1;59;59278;2;6;1;2;Rue du General de Gaulle;;
536589792;10;6;2024;07:50;1;25;25469;2;2;1;1;Grande Rue;;
536589793;1;12;2024;19:10;3;09;09225;1;1;1;1;MIREPOIX ROUTE DE;;
536589794;14;8;2024;19:30;1;50;50512;1;5;1;3;La Croix Genest;;
536589795;12;2;2024;09:15;1;78;78322;1;1;1;4;RN12 EXT;;
536589796;2;1;2024;17:20;4;06;06069;2;1;1;3;Route de Cannes;;
536589797;11;7;2024;09:40;1;75;75117;2;1;1;2;BD PERIPHERIQUE EXTERIEUR;;
536589798;3;5;2024;22:30;3;30;30262;1;1;1;6;D982;;
536589799;25;10;2024;17:25;1;94;94081;2;1;1;6;Avenue de la République;;
536589800;20;9;2024;12:37;1;27;27229;2;1;1;2;JACQUARD (RUE);;
536589801;18;2;2024;19:40;5;83;83137;2;6;1;3;JUIN (AVE ALPHONSE);;
536589802;30;11;2024;16:45;2;06;06088;2;1;1;6;20 Rue Delille;;
536589803;10;6;2024;06:15;2;88;88095;2;3;1;6;rue de lorraine;;
536589804;25;10;2024;19:00;5;93;93053;2;1;1;6;REPUBLIQUE (BLD DE LA) N°;;
536589805;4;5;2024;00:10;3;83;83097;1;1;1;7;1011 Route de Trets;;
536589806;12;2;2024;08:15;1;78;78545;1;1;1;2;A12 Y;;
536589807;2;1;2024;15:10;1;06;06027;2;1;1;2;10 Avenue de Cannes;;
536589808;26;3;2024;17:15;1;78;78551;2;9;2;6;MERMOZ (JEAN);;
536589809;9;6;2024;18:00;1;55;55369;1;1;1;7;D116;;
536589810;11;7;2024;07:50;1;75;75118;2;1;1;3;BD PERIPHERIQUE INTERIEUR;;
536589811;1;12;2024;21:10;4;06;06069;2;1;1;1;21 Chemin de Sainte Brigitte;;
536589812;3;5;2024;19:45;1;76;76136;2;1;1;6;Route de Luneray;;
536589813;13;2;2024;21:45;3;93;93027;1;1;2;6;A86;;
536589814;16;8;2024;11:00;1;77;77065;2;4;1;1;D372;;
536589815;24;10;2024;13:00;1;93;93027;2;2;1;1;PASTEUR (BOULEVARD) DE 40 A +;;
536589816;9;6;2024;02:20;3;57;57443;1;6;1;6;N52;;
536589817;3;5;2024;13:45;1;2A;2A032;2;1;1;1;Route de Bottacina - Lieu-dit CARAGNE;;
536589818;21;3;2024;18:23;1;78;78029;2;3;1;1;SOURCES (RUE DES);;
536589819;1;12;2024;18:25;5;06;06069;2;1;1;1;74 Avenue Pierre Sémard;;
536589820;10;7;2024;23:05;3;75;75116;2;1;1;2;BD PERIPHERIQUE EXTERIEUR;;
536589821;13;2;2024;14:30;1;95;95252;1;1;1;2;A15;;
536589822;21;9;2024;01:20;5;25;25056;2;1;1;3;DOLE RUE DE (inf 82);;
536589823;1;1;2024;16:20;1;03;03185;2;2;1;3;Avenue Marx Dormoy;;
536589824;10;6;2024;09:40;1;03;03113;1;1;7;1;D995;;
536589825;16;8;2024;16:42;1;56;56161;1;1;2;3;Mont Salut;;
536589826;2;5;2024;18:30;1;65;65330;2;1;1;3;D56;;
536589827;26;3;2024;20:20;5;77;77284;2;1;2;6;LAFAYETTE (PLACE);;
536589828;30;11;2024;01:10;5;75;75118;2;1;1;2;BD PERIPHERIQUE INTERIEUR;;
536589829;25;10;2024;01:15;5;93;93057;2;2;1;3;VAILLANT (AL. EDOUARD);;
536589830;2;1;2024;17:45;5;75;75117;2;1;2;3;PORTE DE CHAMPERRET;;
536589831;13;2;2024;08:45;1;95;95527;1;1;1;3;N104;;
536589832;8;6;2024;01:05;3;63;63213;1;1;1;1;Route de Vichy;;
536589833;11;7;2024;09:30;1;75;75118;2;1;1;5;RUE CAULAINCOURT;;
536589834;15;8;2024;18:30;2;82;82144;1;1;1;7;Route de Saint-Romain;;