Num_Acc;jour;mois;an;hrmn;lum;dep;com;agg;int;atm;col;adr;lat;long
536589835;25;10;2024;15:40;1;93;93005;2;1;1;1;RAOUL DUFY (AVENUE);;
536589836;1;12;2024;13:21;1;75;75119;2;7;1;3;PLACE DU COLONEL FABIEN;;
536589837;18;9;2024;16:15;1;24;24557;1;2;1;5;LES GOURDOUX (LIEU DIT);;
536589838;14;2;2024;19:00;3;94;94018;1;1;1;3;A4;;
536589839;4;5;2024;17:05;1;61;61146;1;3;1;3;RD21;;
536589840;2;1;2024;13:40;1;75;75120;2;3;2;3;BOULEVARD DE CHARONNE;;
536589841;26;3;2024;20:05;3;77;77186;1;1;2;1;RD116 PanONF à rte Buttes aux aires;;
536589842;15;8;2024;12:15;1;63;63314;1;1;1;7;D996;;
536589843;25;10;2024;16:20;1;92;92078;2;1;1;7;VERDUN (AVENUE) (N° PAIRS 40 A 90);;
536589844;8;6;2024;15:45;1;73;73069;1;3;8;3;D27 Route des berres;;
536589845;10;7;2024;18:00;1;75;75116;2;2;1;3;AVENUE FOCH;;
536589846;26;3;2024;11:45;1;74;74012;2;1;1;6;EUROPE (AVENUE DE L');;
536589847;4;5;2024;11:20;1;49;49041;1;1;2;7;D85;;
536589848;14;2;2024;08:15;1;93;93051;1;1;2;3;A4;;
536589849;1;12;2024;12:30;1;75;75115;2;2;1;3;RUE DE LA CONVENTION;;
536589850;16;8;2024;16:38;1;61;61463;1;1;2;6;D18 PR6+640;;
536589851;9;6;2024;22:10;3;42;42151;1;1;2;6;Route de Montverdun;;
536589852;2;1;2024;08:40;1;75;75120;2;4;2;6;AVENUE GAMBETTA;;
536589853;25;10;2024;00:10;5;92;92073;2;1;1;6;SELLIER (BOULEVARD HENRI);;
536589854;19;9;2024;09:40;1;23;23096;2;9;1;3;LAURE (AVENUE DE );;
536589855;3;5;2024;16:30;1;46;46147;1;1;1;6;Départementale 8;;
536589856;11;7;2024;19:55;1;75;75115;2;2;1;6;BOULEVARD VICTOR;;
536589857;15;8;2024;11:15;1;49;49358;1;1;1;7;Route départementale 145;;
536589858;25;10;2024;17:40;1;92;92077;2;1;2;7;VERSAILLES (RUE DE);;
536589859;13;2;2024;16:50;1;974;97416;1;1;2;2;RN1 (ROUTE NATIONALE);;
536589860;1;12;2024;01:55;5;75;75113;2;4;1;6;RUE DE TOLBIAC;;
536589861;2;1;2024;08:55;1;75;75116;2;3;2;3;PLACE DE LA PORTE DE PASSY;;
536589862;7;6;2024;19:45;1;17;17429;1;2;1;3;D125;;
536589863;25;3;2024;16:40;1;71;71306;2;1;1;4;ALOUETTES (AVENUE DES);;
536589864;20;9;2024;07:57;1;19;19031;1;1;1;1;MICHELET (AVENUE EDMOND);;
536589865;25;10;2024;02:10;3;92;92062;2;1;1;1;GENERAL DE GAULLE (AV) DU 44 AU 106;;
536589867;4;5;2024;14:51;1;02;02160;1;2;1;1;D946;;
536589868;9;7;2024;19:40;1;75;75115;2;4;1;3;BOULEVARD DU MONTPARNASSE;;
536589869;30;11;2024;20:30;5;75;75113;2;1;1;3;BOULEVARD KELLERMANN;;
536589870;12;2;2024;07:50;1;974;97411;2;6;1;3;JAURES (BOULEVARD JEAN);;
536589871;2;1;2024;08:30;1;75;75115;2;3;2;3;RUE DE VOUILLE;;
536589872;19;9;2024;05:57;5;19;19031;2;1;1;3;LURCAT (AVENUE JEAN);;
536589874;26;3;2024;17:45;1;69;69256;2;2;1;3;Rue des Droits de l'Homme;;
536589875;4;5;2024;11:15;1;02;02761;2;1;2;6;D623;;
536589876;24;10;2024;15:45;1;92;92051;2;3;1;3;GENERAL LECLERC (BOULEVARD DU N° 29 A 65;;
536589877;9;6;2024;17:30;1;50;50492;2;1;1;7;L'Euriere;;
536589878;10;7;2024;21:59;5;75;75114;2;2;1;7;RUE D ALESIA;;
536589879;13;2;2024;09:00;1;974;97411;2;1;1;3;HOARAU (VALLON);;
536589880;1;12;2024;13:35;1;75;75111;2;3;1;6;RUE DE LA PRESENTATION;;
536589882;2;1;2024;08:13;1;75;75110;2;2;2;6;RUE LA FAYETTE;;
536589883;19;9;2024;13:32;1;15;15014;2;1;1;6;RN 122;;
536589884;26;3;2024;21:30;5;69;69271;2;3;3;6;60 Rue de la République;;
536589885;25;10;2024;19:45;5;92;92025;2;2;2;3;GABRIEL PERI (RUE);;
536589886;13;2;2024;07:20;1;974;97411;2;1;1;6;MONTHYON (RUE);;
536589887;4;5;2024;15:17;1;01;01320;2;1;1;6;68 Voie des Rontaz;;
536589888;9;6;2024;22:00;5;59;59555;2;1;1;1;1 Rue du Cheval Blanc;;
536589889;1;12;2024;10:05;1;75;75110;2;4;1;6;BOULEVARD DE MAGENTA;;
536589890;2;1;2024;20:23;5;75;75109;2;2;2;6;RUE AUBER;;
536589891;16;8;2024;15:50;1;38;38022;1;3;1;3;39 Route du Bugey;;
536589892;11;7;2024;07:20;1;75;75113;2;3;1;2;AVENUE D IVRY;;
536589893;17;9;2024;12:37;1;14;14118;2;3;1;3;10 Boulevard Yves Guillou;;
536589894;24;10;2024;22:52;3;92;92060;2;1;1;3;CHARLES DE GAULLE (AVENUE) RD75 A PARTIR;;
536589895;25;3;2024;16:30;1;69;69271;1;2;1;1;Boulevard Charles de Gaulle;;
536589896;9;6;2024;13:30;1;13;13214;1;1;1;2;A507 sens Marseille - Aubagne;;
536589897;3;5;2024;15:30;1;14;14389;1;2;1;3;Rue d'Aunay;;
536589898;12;2;2024;18:25;1;974;97411;2;2;1;3;CHAUDRON  (BLD 1 DU);;
536589899;15;8;2024;15:10;1;02;02565;2;1;1;6;8 Rue des Fées;;
536589900;20;9;2024;14:30;1;13;13211;2;1;1;1;SABLIERE (ROUTE DE LA);;
536589901;30;11;2024;21:00;5;75;75109;2;4;1;3;RUE DE MAUBEUGE;;
536589902;2;1;2024;09:55;1;75;75108;2;4;2;6;AVENUE DE FRIEDLAND;;
536589903;25;10;2024;19:22;5;92;92012;2;1;2;6;SILLY (RUE DE) 89/FIN - 90/FIN;;
536589904;25;3;2024;15:45;1;69;69259;2;1;1;3;Boulevard Marcel Sembat;;
536589905;12;2;2024;08:30;1;974;97411;2;1;1;6;AVE MARIA (RUE DE L');;
536589906;11;7;2024;17:45;1;75;75110;2;3;1;1;BOULEVARD DE STRASBOURG;;
536589907;3;5;2024;14:45;1;14;14098;2;1;1;1;3 Rue de la Liberté;;
536589908;4;6;2024;10:00;1;13;13215;1;1;1;2;A7-Sens Marseille vers Lyon;;
536589909;10;8;2024;11:35;1;84;84046;1;1;1;3;D19;;
536589911;25;10;2024;18:55;5;92;92002;2;1;2;3;ARISTIDE BRIAND (AVENUE);;
536589912;11;7;2024;22:15;5;75;75107;2;3;1;6;QUAI D ORSAY;;
536589913;1;12;2024;19:20;4;75;75108;2;2;1;3;RUE MARBEUF;;
536589914;26;3;2024;16:50;1;69;69091;2;2;2;6;Rue Julian Grimau;;
536589915;8;6;2024;00:34;3;13;13215;1;1;1;2;A7-Sens Lyon vers Marseille;;
536589916;12;2;2024;19:00;5;973;97302;2;3;1;1;MONTABO (ROUTE DE) 1;;
536589917;2;1;2024;00:01;5;94;94074;2;9;2;3;Rue Théodule Jourdain / Voie Bus;;
536589919;20;9;2024;12:15;1;11;11069;1;1;1;4;ROCADE NORD - RD 6113;;
536589920;13;2;2024;08:50;1;69;69387;2;1;1;6;17 Avenue Jean Jaurès;;
536589921;15;8;2024;20:00;1;01;01269;2;3;1;5;rue paul pain levé;;
536589922;3;5;2024;17:40;1;10;10294;1;2;1;3;D81;;
536589923;2;1;2024;18:15;5;94;94076;2;1;6;6;96 Rue de Verdun;;
536589924;25;3;2024;17:45;1;67;67218;2;1;7;6;RHIN (ROUTE DU);;
536589925;1;12;2024;12:30;1;75;75115;2;3;1;3;AVENUE FELIX FAURE;;
536589926;11;7;2024;17:15;1;75;75107;2;3;1;3;RUE DE GRENELLE;;
536589927;7;6;2024;18:10;1;13;13216;1;1;1;2;A507 sens Aubagne- Marseille;;
536589928;19;9;2024;18:40;1;10;10387;2;3;1;3;Avenue Marie de Champagne;;
536589929;13;2;2024;04:39;5;972;97213;1;1;1;6;FERME PERRINE (CHEMIN DE LA);;
536589930;25;10;2024;17:50;1;71;71152;1;3;8;2;7567 Route de Luzy;;
536589932;25;3;2024;13:50;1;67;67482;2;1;1;6;BRUXELLES (RUE DE);;
536589933;10;7;2024;20:30;1;94;94081;2;1;1;2;Avenue Lemerle Vetter;;
536589934;5;6;2024;21:10;2;69;69275;1;1;1;2;Rocade Est;;
536589935;1;1;2024;22:15;5;94;94041;2;5;3;6;Rue Molière / Rue Lénine;;
536589936;19;9;2024;14:15;1;10;10333;2;9;1;6;Avenue Charles de Refuge;;
536589937;3;5;2024;21:00;1;53;53062;1;1;1;7;Mon Désir - PK 5+300;;
536589938;30;11;2024;09:15;1;75;75107;2;3;1;4;QUAI D ORSAY;;
536589939;25;10;2024;16:30;1;42;42069;2;4;2;3;Rue Jacques Offenbach;;
536589940;13;2;2024;19:00;5;69;69389;2;9;1;3;74 Rue de Saint-Cyr;;
536589941;26;3;2024;08:38;1;63;63113;2;6;2;3;JULIEN (AVENUE);;
536589942;2;1;2024;13:00;1;94;94073;2;1;2;6;Avenue du Luxembourg;;
536589943;7;6;2024;16:35;1;67;67482;1;1;1;2;M353;;
536589944;9;7;2024;13:10;1;94;94068;2;1;1;6;Avenue Michelet;;
536589945;15;8;2024;12:15;1;06;06103;1;1;1;6;Route de Saint Martin Vesubie;;
536589946;1;12;2024;21:30;5;75;75103;2;2;1;7;RUE DE TURBIGO;;
536589947;4;5;2024;13:00;1;21;21663;2;1;2;1;Rue Marcellin Berthelot;;
536589948;25;10;2024;18:45;2;31;31253;2;1;1;1;Route du Lherm;;
536589950;2;1;2024;07:10;5;94;94046;2;3;3;6;Boulevard Gallieni / Rue Jean Jaurès;;
536589952;20;9;2024;22:30;5;06;06088;2;3;1;3;29 Rue Barla;;
536589953;13;2;2024;17:00;1;69;69382;2;2;1;2;Pont Wilson;;
536589954;15;8;2024;06:45;3;06;06080;1;1;2;6;M2205;;
536589955;1;5;2024;07:30;2;37;37250;1;1;2;7;L?Ocliniere;;
536589956;6;7;2024;00:30;5;94;94015;2;1;1;2;Boulevard Pasteur;;
536589957;30;1;2024;15:40;5;69;69382;1;1;9;7;60 Rue Denuzière;;
536589958;1;1;2024;09:30;1;94;94017;2;1;1;2;Avenue de la République;;
536589959;1;12;2024;15:50;2;75;75101;2;3;1;3;RUE DE CASTIGLIONE;;
536589960;16;8;2024;19:14;1;60;60509;2;1;1;6;Rue Fould Stern;;
536589961;9;6;2024;19:45;1;91;91339;1;9;1;2;RN 104;;
536589962;4;5;2024;12:00;1;67;67388;1;1;1;7;D28;;
536589963;20;9;2024;20:15;5;75;75120;2;1;1;3;BD PERIPHERIQUE EXTERIEUR;;
536589964;26;3;2024;18:31;1;60;60175;1;1;2;4;RD 201_SORTIE 201_ACCES BD S.ALLENDE;;
536589965;15;8;2024;20:30;2;18;18171;1;1;1;7;Chemin de la Gonne;;
536589966;13;2;2024;18:15;2;971;97120;2;1;1;6;FREBAULT;;
536589967;10;7;2024;17:40;1;94;94065;1;1;1;3;Avenue de Fontainebleau;;
536589968;30;11;2024;17:30;5;75;75104;2;3;1;6;RUE SAINT ANTOINE;;
536589969;2;1;2024;18:15;5;93;93073;2;3;2;6;Avenue Gilbert Berger / Rue Pierre Lescot;;
536589970;9;6;2024;16:20;1;91;91468;1;1;1;2;AUTOROUTE A6;;
536589971;20;9;2024;18:00;1;75;75112;2;1;1;3;BD PERIPHERIQUE INTERIEUR;;
536589972;3;5;2024;21:40;3;42;42173;1;1;1;1;A89;;
536589973;23;10;2024;14:00;1;974;97414;2;2;1;6;Chemin des Zinnias;;
536589974;12;2;2024;19:05;5;971;97120;2;1;1;6;NELSON MANDELA;;
536589975;1;12;2024;09:00;1;94;94075;2;1;1;6;99 Av du Mal de Lattre de Tassigny;;
536589976;26;3;2024;21:35;5;60;60057;2;9;2;3;Rue Pierre Jacoby;;
536589977;9;6;2024;06:30;2;91;91228;1;1;1;6;AUTOROUTE A6;;
536589978;10;7;2024;21:20;2;94;94021;2;1;1;2;Rue du Huit Mai 1945;;
536589979;4;5;2024;02:20;5;971;97103;2;1;1;6;RN2 velodrome;;
536589980;2;1;2024;22:00;3;93;93066;2;1;8;2;Boulevard Ornano;;
536589981;19;9;2024;21:55;5;75;75113;2;1;1;2;BD PERIPHERIQUE INTERIEUR;;
536589982;12;8;2024;14:30;1;40;40261;1;1;1;1;D17;;
536589983;1;12;2024;06:50;5;95;95527;1;1;1;1;ARPENTEUR (RTE DE L');;
536589984;12;2;2024;15:40;1;91;91027;2;2;1;6;FRANCOIS MITTERRAND (AVENUE);;
536589985;25;10;2024;21:44;3;44;44113;2;1;1;1;Route d'Abbaretz;;
536589986;9;6;2024;18:11;1;95;95488;1;1;1;2;A15;;
536589987;4;5;2024;00:59;3;27;27258;1;1;1;7;A13 PK 164+300 vers CAEN;;
536589988;10;7;2024;14:00;1;94;94033;2;1;1;6;Allée Albert Camus;;
536589989;11;8;2024;10:15;1;24;24050;1;1;1;7;Route de la Borrèze;;
536589990;19;9;2024;19:30;1;75;75117;2;1;1;3;BD PERIPHERIQUE INTERIEUR;;
536589991;25;3;2024;15:20;1;59;59507;2;1;1;3;LESQUIN RUE DE;;
536589992;2;1;2024;19:00;3;93;93077;2;2;2;3;Boulevard d'Aulnay / Rue Jean Fallay;;
536589993;30;11;2024;21:30;5;93;93079;2;1;1;3;SAINT LEU (ROUTE);;
536589994;9;6;2024;17:00;1;93;93027;1;1;1;2;A1;;
536589995;11;7;2024;05:10;5;94;94028;2;1;1;6;Rue Saint-simon;;
536589996;12;2;2024;16:30;1;86;86066;2;3;1;6;Quai du Château;;
536589997;25;10;2024;19:00;1;62;62763;2;2;1;3;D8;;
536589998;3;5;2024;18:30;3;987;98740;1;1;1;2;Avatoru PK6+100;;
536589999;1;4;2024;21:30;5;56;56121;2;1;2;7;BOIS-DU-CHATEAU (RUE  DU );;
536590000;16;8;2024;15:50;1;27;27384;1;1;3;1;route départementale 22;;
536590001;20;9;2024;16:00;1;75;75105;2;2;1;6;RUE MONGE;;
536590002;2;1;2024;17:00;5;93;93053;2;3;2;3;Rue Anatole France / Rue du Parc;;
536590003;30;11;2024;21:42;5;93;93048;2;6;9;3;PARIS (RUE DE);;
536590004;9;6;2024;15:30;1;93;93078;1;1;1;2;A104;;
536590005;25;10;2024;20:10;3;62;62075;2;1;2;1;D240;;
536590006;12;2;2024;20:33;5;84;84007;2;6;1;2;SOUSPIROUS (Avenue des ) - MONTFAVET;;
536590007;11;7;2024;15:45;1;94;94015;2;3;1;1;Avenue du Général Leclerc;;
536590008;14;8;2024;14:35;1;28;28033;2;2;1;1;57 Rue Marceau;;
536590009;2;1;2024;14:30;1;93;93027;1;1;2;6;A86;;
536590010;19;9;2024;23:55;5;75;75105;2;3;1;3;RUE SAINT JACQUES;;
536590011;23;3;2024;17:15;1;56;56098;1;1;1;4;Pendreff;;
536590012;23;10;2024;16:20;1;56;56179;2;1;1;7;Voie Verte de Quéven à Pont-Scorff;;
536590013;9;6;2024;11:45;1;93;93064;1;1;1;2;A86;;
536590014;30;11;2024;23:20;5;93;93046;2;9;1;2;ARISTIDE BRIAND AVENUE;;
536590015;16;8;2024;08:30;3;28;28079;1;1;1;6;D30;;
536590016;11;7;2024;10:00;1;93;93078;2;6;1;6;Avenue Vauban / A104;;
536590017;13;2;2024;22:05;5;83;83137;2;9;1;1;BARON (RUE MARC);;
536590018;23;3;2024;10:22;1;56;56185;1;1;1;6;Kerdual;;
536590019;8;6;2024;21:20;1;95;95572;1;1;1;6;N184;;
536590020;9;10;2024;08:21;3;56;56094;1;1;3;3;Lieu Dit Mane Trimen;;
536590021;3;5;2024;16:09;1;05;05070;1;1;1;1;D1075;;
536590022;1;1;2024;18:30;5;93;93007;2;2;1;3;Avenue Danielle Casanova / Avenue Mathilde Emilie;;
536590023;15;8;2024;19:04;1;37;37048;1;1;1;7;La Babiniere;;
536590024;13;2;2024;21:20;5;83;83137;2;1;1;6;RAYNOUARD (BD);;
536590025;10;7;2024;16:55;1;93;93070;2;1;1;6;ALBERT-DHALENNE (RUE);;
536590026;1;12;2024;00:50;5;93;93063;2;1;5;3;METZ AVENUE DE;;
536590027;18;9;2024;19:55;5;75;75120;2;3;1;1;RUE EUGENE REISZ;;
536590028;24;10;2024;17:45;1;76;76188;2;9;1;7;Route de la Sabliere;;
536590029;2;5;2024;20:05;2;13;13089;1;1;2;6;D7n;;
536590030;9;6;2024;15:50;1;94;94033;1;1;1;3;A86;;
536590031;1;12;2024;17:10;5;93;93008;2;1;1;6;BONS ENFANTS (RUE DES);;
536590032;22;3;2024;16:40;1;56;56098;2;6;1;4;Lann Sévelin;;
536590033;12;2;2024;11:10;1;83;83137;2;3;1;6;15EME CORPS (AVE DU);;
536590034;2;1;2024;10:00;1;92;92050;2;2;3;3;BOUVETS BOULEVARD DES;;
536590036;11;7;2024;14:57;1;93;93055;2;1;1;6;JEAN LOLIVE (AVENUE)(137/FIN ET 134/FIN);;
536590037;25;10;2024;19:40;5;2B;2B148;1;9;1;1;D107a;;
536590038;20;9;2024;18:00;1;75;75116;2;3;2;3;AVENUE DE NEUILLY;;
536590039;9;6;2024;07:00;1;94;94052;1;1;2;6;A86;;
536590040;3;5;2024;18:30;1;21;21295;2;6;1;6;12 Rue Vignes Romaines;;
536590041;2;2;2024;08:50;1;83;83050;2;1;7;6;PREMIERE ARMEE(AVENUE DE LA);;
536590042;30;11;2024;22:00;5;93;93007;2;1;1;3;GAMBETTA (AVENUE);;
536590043;26;3;2024;10:10;1;54;54528;2;6;8;6;Rue de la République;;
536590044;25;10;2024;22:45;5;81;81145;2;1;3;6;7 Rue des Rives;;
536590045;10;7;2024;22:45;2;93;93031;2;1;2;6;Place Charles Munch;;
536590046;2;1;2024;20:10;5;92;92049;2;1;2;3;PERI RUE GABRIEL N°37 A 99;;
536590047;8;6;2024;19:44;1;77;77121;1;1;1;6;A104;;
536590048;1;12;2024;00:30;5;92;92075;2;1;1;6;LARMEROUX (RUE);;
536590049;13;2;2024;11:15;1;81;81004;2;1;1;6;FINLANDE (DE);;
536590050;11;4;2024;08:00;1;38;38425;1;9;1;3;Montée de Louze;;
536590051;20;9;2024;01:49;5;75;75116;2;2;1;3;RUE DU RANELAGH;;
536590052;15;8;2024;22:30;3;60;60010;1;1;1;2;A 16;;
536590053;3;1;2024;04:09;3;01;01443;1;1;1;1;D1083;;
536590054;26;3;2024;21:26;5;49;49007;2;1;1;3;CARNOT;;
536590055;26;10;2024;10:20;1;89;89325;1;3;1;3;D965;;
536590056;4;5;2024;10:00;1;01;01424;1;1;2;6;D82;;
536590057;10;7;2024;00:16;5;93;93014;2;3;1;3;Allée de Bellevue / Rue des Prés;;
536590058;13;2;2024;12:30;1;81;81004;2;9;1;3;JULIA (CAPITAINE);;
536590059;8;6;2024;19:08;1;94;94028;1;1;1;5;A86;;
536590060;30;11;2024;05:08;5;92;92040;2;2;1;3;DIDEROT;;
536590061;16;8;2024;16:45;1;13;13038;2;3;1;1;Avenue des Moulins;;
536590062;19;9;2024;22:10;5;75;75108;2;3;1;1;RUE BEAUJON;;
536590063;2;1;2024;16:25;1;05;05085;2;1;2;6;N94;;
536590064;30;4;2024;14:15;1;29;29103;1;1;1;6;route du Quinquis-Lec'h;;
536590065;11;7;2024;07:20;1;92;92073;2;1;1;7;ROOSVELT (AVENUE FRANKLIN);;
536590066;26;3;2024;19:05;1;49;49007;2;1;1;4;Boulevard Charles Barangé;;
536590067;24;10;2024;07:55;2;61;61043;2;2;1;5;D955;;
536590068;31;5;2024;08:40;1;44;44109;2;1;1;6;7 Boulevard Badin Chevaye;;
536590069;1;12;2024;12:30;1;92;92024;2;1;1;6;CLAUDE DEBUSSY (AVENUE);;
536590070;16;8;2024;16:30;1;30;30169;1;1;1;6;A9, aire de milhaud;;
536590071;13;2;2024;20:52;5;78;78440;2;3;2;3;SEINE (RUE DE);;
536590072;1;1;2024;18:00;1;974;97405;2;1;1;7;Chemin Laguerre;;
536590073;30;4;2024;18:50;1;59;59212;1;9;1;6;146 Rue du Trou Bayard;;
536590074;26;10;2024;14:45;1;61;61281;1;1;1;6;12 La Halboudière;;
536590075;19;9;2024;01:10;5;75;75116;2;2;1;2;BOULEVARD SUCHET;;
536590076;11;7;2024;12:50;1;92;92051;2;2;1;3;BINEAU (BOULEVARD, N°133 A 217 ET 134 A;;
536590077;25;3;2024;15:30;1;47;47031;1;1;1;1;RD17;;
536590078;16;8;2024;10:50;1;27;27518;1;1;2;7;A131;;
536590079;1;12;2024;10:07;1;92;92032;2;3;8;6;FOCH MARECHAL (AVENUE DU);;
536590080;13;2;2024;04:05;3;77;77077;1;1;2;2;D405;;
536590081;31;5;2024;08:30;1;44;44143;2;8;1;3;Rue de la Trocardière;;
536590082;3;5;2024;11:34;1;13;13117;1;1;1;3;A7-Sens Lyon vers Marseille;;
536590083;10;7;2024;13:15;1;92;92025;2;1;1;6;COLBERT  1A 53   2 A 40 (RUE);;
536590084;20;9;2024;16:50;1;75;75115;2;3;1;6;RUE SAINT CHARLES;;
536590085;22;10;2024;17:00;1;49;49215;1;3;1;5;D761;;
536590086;12;6;2024;19:45;5;976;97608;2;1;1;3;Route des Badamiers;;
536590087;25;3;2024;15:45;1;44;44069;2;2;1;3;Boulevard Louis Antoine de Bougainville;;
536590088;1;12;2024;07:10;5;92;92032;2;1;1;6;FAUVETTES (RUE DES);;
536590089;2;5;2024;18:30;1;83;83090;1;1;1;2;A50;;
536590090;30;5;2024;15:20;1;44;44109;2;1;1;3;2 Rue Guillet de la Brosse;;
536590091;13;2;2024;09:40;1;77;77243;2;2;1;3;BRANLY (RUE);;
536590092;20;4;2024;00:30;5;974;97418;2;6;2;7;Ruelle Fuchsias;;
536590093;20;9;2024;13:55;1;75;75115;2;2;1;6;RUE DE LA CONVENTION;;
536590094;25;10;2024;20:00;3;49;49223;1;1;2;2;Route de Soulaines;;
536590095;2;12;2024;15:27;1;01;01004;2;1;1;3;Avenue de la Libération;;
536590096;3;1;2024;17:05;2;41;41103;1;1;1;1;Le Petit Plessis;;
536590097;26;3;2024;12:30;1;43;43157;2;3;1;3;ESTAUNIE (RUE EDOUARD);;
536590098;11;7;2024;09:30;1;92;92019;2;2;1;4;DIVISION LECLERC (AVENUE DE LA);;
536590099;30;5;2024;07:15;2;44;44109;2;1;8;3;2 Place Saint Pierre;;
536590100;25;10;2024;21:55;5;34;34154;2;1;1;6;Rue du Levant;;
536590101;15;8;2024;11:20;1;971;97116;1;1;1;3;N5;;
536590102;2;5;2024;17:00;1;83;83090;1;1;2;4;A50;;
536590103;19;9;2024;12:35;1;75;75115;2;2;1;3;RUE DU THEATRE;;
536590104;29;11;2024;16:43;1;18;18022;1;1;1;1;Route de Pierrefitte Es Bois;;
536590105;2;1;2024;16:50;1;56;56184;1;1;1;3;Serguin;;
536590106;12;7;2024;09:20;1;54;54071;1;1;9;6;D23;;
536590107;29;5;2024;17:30;1;44;44109;2;1;1;3;Boulevard Léon Jouhaux;;
536590108;26;3;2024;17:15;1;37;37233;2;1;2;2;CACHIN (RUE MARCEL);;
536590109;13;2;2024;20:00;5;76;76540;2;7;2;3;Place Carnot;;
536590110;15;8;2024;19:55;3;971;97117;1;1;1;1;D115;;
536590111;30;11;2024;20:30;3;972;97210;1;1;1;7;Morne Acajou;;
536590112;26;10;2024;11:45;1;29;29174;2;6;1;2;Route de Kerrouant;;
536590113;1;1;2024;17:52;3;12;12270;1;1;2;7;ex RN88 Saint Amans de Varès;;
536590114;21;2;2024;13:45;1;62;62525;2;9;2;6;AVENUE LEON BLUM;;
536590115;19;9;2024;12:20;1;75;75115;2;3;1;6;AVENUE DE LA MOTTE PICQUET;;
536590116;2;5;2024;14:30;1;83;83137;1;1;2;4;A57;;
536590117;13;2;2024;13:45;1;76;76351;2;2;2;6;GENERAL ARCHINARD (AVENUE);;
536590118;29;11;2024;14:54;1;28;28024;2;1;1;6;Rue des Pierres Missigault;;
536590120;25;10;2024;02:00;3;14;14403;1;1;8;6;Route de Paris;;
536590122;10;7;2024;18:40;1;51;51065;1;6;1;2;RN4;;
536590123;2;1;2024;18:10;3;42;42197;2;3;1;2;D1089;;
536590124;19;9;2024;08:40;1;75;75115;2;2;1;6;RUE SAINT CHARLES;;
536590126;7;6;2024;16:45;1;987;98736;1;6;1;3;CHARLES DE GAULLE (AV);;
536590127;13;2;2024;07:40;2;76;76351;2;4;1;6;PABLO PICASSO (AVENUE);;
536590128;25;10;2024;14:30;1;36;36154;2;3;2;3;Rue du Chemin Vert;;
536590130;15;8;2024;07:50;1;77;77471;1;1;1;1;RD 410;;
536590131;1;12;2024;18:15;3;54;54067;1;2;2;1;D643;;
536590133;20;9;2024;12:25;1;75;75114;2;3;1;7;BOULEVARD JOURDAN;;
536590134;3;1;2024;13:30;1;02;02355;1;3;2;3;D1044;;
536590135;11;7;2024;15:00;1;42;42120;2;2;1;6;160 Rue des Vernes;;
536590136;15;8;2024;01:07;3;95;95023;1;1;1;6;D927;;
536590137;25;10;2024;12:45;1;88;88158;1;1;1;7;N57;;
536590138;12;2;2024;18:20;1;76;76305;2;1;1;2;D 6382;;
536590139;7;6;2024;14:00;1;974;97416;1;1;1;2;RN1;;
536590141;2;5;2024;16:49;1;59;59123;1;1;1;6;AUTOROUTE A1;;
536590142;7;6;2024;14:40;1;974;97416;1;1;1;6;DELISLES (ROUTE HUBERT) CD3;;
536590143;11;7;2024;11:15;1;42;42166;1;9;1;2;Route Bleue;;
536590144;2;12;2024;10:00;1;84;84039;1;2;1;3;Chemin des Cantons;;
536590145;16;8;2024;13:20;1;2B;2B010;1;1;1;1;route territoriale 30;;
536590146;20;9;2024;18:15;1;75;75111;2;7;2;2;PLACE LEON BLUM;;
536590147;3;1;2024;17:40;3;26;26165;1;1;1;4;Route du val de drome;;
536590148;9;2;2024;10:50;1;72;72181;2;9;2;3;ROUMANIE (RUE DE);;
536590149;26;10;2024;16:00;1;91;91045;1;2;1;3;D191;;
536590150;26;3;2024;09:15;1;31;31149;2;6;2;3;ARMURIE (CHEMIN DE L');;
536590151;3;5;2024;15:49;1;91;91689;1;1;1;2;AUTOROUTE A6A;;
536590152;11;7;2024;18:30;1;81;81133;1;1;1;7;D71;;
536590153;1;12;2024;20:45;3;76;76271;1;1;9;6;Route du Bolhard;;
536590154;8;6;2024;18:11;3;974;97409;2;1;1;6;LAGOURGUE(CHEMIN);;
536590155;13;2;2024;18:53;5;71;71270;2;1;1;6;Rue de la République;;
536590156;15;8;2024;16:30;1;66;66175;1;1;1;1;RD 618;;
536590157;3;1;2024;09:00;1;26;26124;1;1;1;1;Route Nationale 7;;
536590158;26;10;2024;12:35;1;06;06150;1;1;3;6;A8 - PK 211.300 - CHAUSSÉE SUD;;
536590159;26;3;2024;08:45;1;28;28085;2;9;2;3;TROIS PONTS  (RUE DES);;
536590160;20;9;2024;11:45;1;75;75110;2;4;1;3;RUE DU FAUBOURG SAINT MARTIN;;
536590161;3;5;2024;08:55;1;91;91161;1;1;1;3;AUTOROUTE A6;;
536590163;16;8;2024;16:15;1;30;30270;2;1;1;1;Route d'Auzas;;
536590164;7;6;2024;22:45;5;973;97302;2;3;1;3;ARAGO (FRANCOIS);;
536590165;26;3;2024;16:50;1;25;25580;2;4;1;3;GRAVIERS (RUE DES);;
536590166;19;9;2024;23:20;5;75;75108;2;1;1;2;PONT DE L ALMA;;
536590167;11;7;2024;18:45;1;51;51476;2;2;1;5;RD 977;;
536590168;13;2;2024;20:06;5;69;69256;2;2;1;3;Avenue Charles de Gaulle;;
536590169;2;1;2024;12:35;1;07;07198;1;1;2;5;D86;;