Num_Acc;jour;mois;an;hrmn;lum;dep;com;agg;int;atm;col;adr;lat;long
536590170;1;12;2024;11:25;1;65;65291;2;3;1;1;D13;;
536590171;26;10;2024;00:20;3;84;84039;1;1;1;4;PK 178 - AUTOROUTE A7 SENS 1;;
536590172;3;5;2024;09:30;1;78;78640;1;1;1;3;N118;;
536590173;26;3;2024;11:25;1;22;22215;2;1;1;6;GRANDE METAIRIE (RUE DE LA);;
536590174;16;8;2024;16:40;1;84;84063;1;1;1;6;N86;;
536590175;7;6;2024;14:00;1;973;97302;2;3;1;3;CABASSOU (ROUTE DE);;
536590176;11;7;2024;08:21;1;42;42103;2;6;1;6;Route de Farnay;;
536590177;1;12;2024;01:00;3;69;69066;1;1;9;6;Route de la Buche;;
536590178;12;2;2024;10:50;1;69;69271;2;2;1;3;Rue Ampère;;
536590179;20;9;2024;07:55;1;75;75107;2;2;1;3;RUE DE SOLFERINO;;
536590180;16;8;2024;19:15;1;06;06092;2;1;1;6;237 Avenue de l’Hotel de Ville;;
536590181;25;10;2024;17:30;1;69;69007;2;1;1;3;Rue du Stade;;
536590182;11;7;2024;22:00;3;60;60224;1;1;1;6;departementale 20;;
536590183;3;1;2024;08:20;2;27;27354;1;2;2;3;D24;;
536590184;25;3;2024;17:10;1;21;21355;2;1;1;3;DIJON (DE) (ROUTE);;
536590185;7;6;2024;21:30;3;973;97302;2;2;2;3;MERE THERESA (rue);;
536590186;2;5;2024;19:52;1;92;92050;1;1;2;4;A86;;
536590187;2;12;2024;07:40;2;63;63414;1;1;2;1;D906;;
536590188;20;9;2024;00:30;5;75;75107;2;1;1;6;AVENUE BOSQUET;;
536590189;12;7;2024;05:30;3;62;62584;2;1;3;6;D937;;
536590190;16;8;2024;11:44;1;05;05070;1;9;1;6;Avenue de Provence;;
536590191;12;2;2024;19:49;5;64;64445;2;3;1;3;ATTIGNY D';;
536590192;3;1;2024;01:20;3;31;31254;2;1;1;6;D916;;
536590193;26;10;2024;05:30;2;988;98815;1;1;8;6;Cengeite (Tribu);;
536590194;1;12;2024;15:45;1;86;86149;1;1;1;6;D52;;
536590195;25;3;2024;14:15;1;13;13103;2;3;1;3;AVENUE DE LATTRE DE TASSIGNY-RD 17-;;
536590196;3;5;2024;17:30;1;95;95488;1;1;1;3;A15;;
536590197;2;7;2024;09:13;1;56;56067;2;6;1;6;Giratoire de la place de la mairie;;
536590198;8;6;2024;01:40;5;69;69382;2;9;1;2;Quai Jean Moulin;;
536590199;19;9;2024;13:00;1;94;94068;2;3;1;6;Quai de la Pie;;
536590200;26;10;2024;01:13;5;977;97701;2;1;1;3;Morne Dépoudre - Saint Jean;;
536590201;15;8;2024;16:00;1;13;13082;2;1;1;3;D15 intersection Chemin de la Baume;;
536590202;13;2;2024;11:30;1;64;64122;2;6;1;3;"""KENNEDY (AVENUE DU PRESIDENT J,F)""";;
536590203;26;3;2024;19:15;2;13;13213;2;1;2;6;POILUS (AVENUE DES);;
536590205;3;1;2024;14:50;1;55;55237;1;1;3;3;Haudiomont A4 PK 260+900;;
536590206;3;5;2024;15:30;1;93;93027;1;1;1;2;A86;;
536590207;24;10;2024;22:50;5;77;77486;1;1;1;6;D1004;;
536590209;12;7;2024;16:17;1;77;77452;1;2;1;1;intersection D03 - D77B;;
536590210;12;6;2024;07:00;2;13;13014;1;9;1;2;D21;;
536590211;1;12;2024;10:30;1;29;29184;1;1;1;7;D769;;
536590212;20;9;2024;18:45;1;94;94016;2;6;2;3;Rue Gabriel Péri;;
536590213;3;5;2024;16:55;1;94;94069;1;1;1;2;A4;;
536590214;7;6;2024;17:10;1;2B;2B037;1;1;1;5;TOUTES RUES;;
536590215;2;1;2024;06:35;3;77;77235;1;1;6;6;2 route de changis;;
536590216;26;10;2024;17:10;1;91;91226;2;1;1;1;Rue des Frères Kennedy;;
536590217;25;3;2024;19:50;5;13;13204;2;3;1;3;DE ROUX (BD ET IMPASSE);;
536590219;1;5;2024;22:40;3;93;93051;1;1;3;7;A4;;
536590220;1;12;2024;15:05;1;13;13036;2;1;1;2;rue du 11 novembre;;
536590221;3;1;2024;13:45;1;77;77474;1;9;2;6;Route Départementale 89;;
536590222;13;2;2024;08:00;1;63;63113;2;5;1;3;Kennedy /Pompidou;;
536590223;20;9;2024;10:25;1;94;94073;2;1;1;2;2-4 Av du Mal de Lattre de Tassigny;;
536590224;8;6;2024;16:10;1;95;95268;2;1;1;6;D125;;
536590225;16;8;2024;08:10;1;21;21371;2;3;1;2;Rue Bizot;;
536590226;24;10;2024;16:25;1;13;13119;2;3;1;3;Avenue de Cassis;;
536590227;25;3;2024;14:10;1;13;13209;1;1;6;6;COL DE LA GINESTE D559;;
536590228;11;7;2024;13:58;1;31;31541;2;1;7;1;Chemin du Bac;;
536590229;2;5;2024;07:30;1;973;97302;2;1;3;3;MANDELA  (BOULEVARD);;
536590230;8;6;2024;13:00;1;95;95127;2;1;1;6;OISE (BOULEVARD DE L');;
536590231;1;12;2024;19:25;5;01;01265;2;1;1;2;Rue du jura;;
536590232;19;9;2024;17:17;1;94;94060;2;1;1;2;Rue du Général de Gaulle;;
536590233;12;2;2024;17:37;1;63;63113;2;1;1;1;BINGEN (BD JACQUES);;
536590234;2;1;2024;18:15;5;77;77171;2;6;2;6;70 Avenue Joffre;;
536590235;12;8;2024;17:34;1;88;88196;1;1;1;3;Route de la Bresse;;
536590236;25;10;2024;10:00;1;57;57589;2;1;7;6;2 Rue Pasteur;;
536590237;25;3;2024;11:00;1;06;06123;2;1;1;3;Avenue du Ponant;;
536590238;1;5;2024;08:50;1;973;97302;2;1;1;3;BARTHELEMY (RENE);;
536590239;2;12;2024;14:30;1;58;58184;2;1;1;6;D977bis;;
536590240;7;6;2024;16:55;1;91;91216;2;6;1;7;PAVILLON (RUE);;
536590241;14;8;2024;13:00;1;73;73051;1;1;1;3;15 Avenue lac du bourget;;
536590242;2;1;2024;18:13;3;77;77521;1;1;8;6;N36;;
536590243;12;7;2024;10:35;1;2B;2B207;1;1;1;4;Caragiuti;;
536590244;13;2;2024;08:30;1;59;59508;2;3;1;3;Rue Henri Barbusse;;
536590245;26;3;2024;09:40;1;75;75112;2;1;2;3;BD PERIPHERIQUE EXTERIEUR;;
536590246;8;6;2024;17:30;1;91;91114;2;1;1;6;RUE DE VILLECRESNES;;
536590247;25;10;2024;21:57;3;29;29104;1;1;1;6;Kerdiles;;
536590248;2;5;2024;12:55;1;69;69388;1;1;1;3;5 Rue de Montagny;;
536590249;20;9;2024;20:30;2;93;93071;2;2;1;5;AULNAY (RUE D');;
536590251;2;1;2024;07:55;3;77;77493;1;1;2;2;D99;;
536590252;11;7;2024;08:20;1;82;82117;1;1;1;6;Le Bois de Celle;;
536590253;12;2;2024;16:35;1;59;59279;2;1;7;6;NOLLET (RUE MARTHE);;
536590254;25;3;2024;19:30;5;75;75120;2;1;1;2;BD PERIPHERIQUE INTERIEUR;;
536590255;2;5;2024;10:30;1;69;69034;2;1;2;6;19 Avenue Général de Gaulle;;
536590256;3;1;2024;14:55;1;55;55509;1;1;2;7;RD 643;;
536590257;7;6;2024;13:20;1;91;91432;2;2;1;3;AV BLAISE PASCAL;;
536590258;25;10;2024;19:10;3;27;27401;1;3;2;3;D543;;
536590259;15;8;2024;23:30;3;02;02495;2;1;1;6;5 Rue de l?Abbatiale;;
536590260;20;9;2024;18:40;1;93;93027;2;8;2;3;17 octobre 1961;;
536590261;26;3;2024;07:30;1;75;75120;2;3;2;2;AVENUE DE LA PORTE DE VINCENNES;;
536590263;12;2;2024;07:40;1;59;59599;2;1;1;6;Avenue de la Fin de la Guerre;;
536590264;2;5;2024;16:15;1;2B;2B033;2;1;2;2;GIRAUD - BD GENERAL;;
536590265;14;8;2024;21:00;3;93;93027;1;1;1;7;AUTOROUTE A1;;
536590266;3;1;2024;13:45;1;73;73179;1;2;1;3;Route de l'école du tremblay;;
536590267;6;6;2024;15:00;1;83;83123;2;6;1;2;BAD SACKINGEN (ROND POINT);;
536590268;25;10;2024;15:05;1;13;13215;1;1;1;2;A7-Sens Lyon vers Marseille;;
536590269;20;9;2024;18:10;1;93;93050;2;3;2;3;HUIT MAI 1945;;
536590270;12;2;2024;07:30;2;59;59008;1;1;1;1;JAURES PROLONGE (RUE JEAN);;
536590271;25;3;2024;17:15;1;75;75117;2;3;1;1;BOULEVARD DU BOIS LE PRETRE;;
536590272;12;7;2024;18:00;1;71;71261;1;2;1;3;La Grelay RD933;;
536590273;6;5;2024;18:30;1;83;83118;2;1;1;7;AVENUE DE VALESCURE;;
536590274;19;5;2024;10:45;1;45;45169;2;1;1;3;132 Route d'Orleans;;
536590275;1;5;2024;15:27;1;2B;2B120;2;1;3;2;11 - RT;;
536590276;24;10;2024;18:20;2;13;13214;1;1;1;7;A507 sens Marseille - Aubagne;;
536590277;3;1;2024;15:10;1;42;42022;2;6;1;2;Avenue de Saint-Marcellin;;
536590278;13;2;2024;09:00;1;59;59122;2;1;7;6;LANDRECIES (RUE DES);;
536590279;19;9;2024;16:20;1;93;93030;1;1;1;2;DEUXIEME D.B (AVENUE DE LA);;
536590280;22;1;2024;07:20;2;28;28085;2;1;1;6;SOURS (RUE DE);;
536590281;26;3;2024;01:30;5;75;75117;2;2;1;2;BOULEVARD DES BATIGNOLLES;;
536590282;2;5;2024;17:40;1;95;95607;2;1;3;2;D407;;
536590283;11;7;2024;17:50;1;71;71010;1;3;1;3;D680;;
536590284;12;2;2024;13:30;1;54;54395;2;3;1;3;Rue Raymond Poincaré;;
536590285;1;1;2024;16:50;1;38;38507;2;2;1;3;Route de Lyon;;
536590286;1;5;2024;21:25;3;89;89387;2;1;3;7;GENERAL DE GAULLE (RUE DU);;
536590287;14;8;2024;08:00;1;987;98735;2;2;1;1;TEPANO JAUSSEN (RUE);;
536590288;23;10;2024;04:38;3;42;42237;1;1;8;5;N88;;
536590289;20;9;2024;00:01;5;93;93057;2;2;1;1;MONTYON (AL.) 1 A 74;;
536590291;26;3;2024;14:50;1;75;75116;2;3;2;3;BOULEVARD LANNES;;
536590292;10;7;2024;14:40;1;89;89136;1;1;1;3;D606;;
536590293;20;9;2024;09:55;1;92;92078;2;1;1;6;MOULIN CAGE (QUAI);;
536590294;14;8;2024;12:50;1;974;97416;2;1;1;3;ISAUTIER (AVENUE CHARLES);;
536590295;12;2;2024;10:10;1;54;54395;2;1;1;2;Rue Stanislas;;
536590296;8;6;2024;20:45;1;77;77122;1;1;1;7;CD 50;;
536590297;3;1;2024;18:10;3;86;86294;1;1;2;1;RN149;;
536590298;30;4;2024;18:20;1;87;87085;2;2;2;3;LATTRE-DE-TASSIGNY (AVENUE DU MARECHAL);;
536590299;24;10;2024;15:40;1;57;57474;1;1;1;2;Autoroute A31;;
536590300;26;3;2024;18:55;5;75;75115;2;3;2;6;RUE DE L EGLISE;;
536590302;11;7;2024;23:00;4;63;63040;2;1;1;7;Rue des Fossés;;
536590303;2;1;2024;08:15;2;85;85071;1;1;2;6;RD32;;
536590304;13;2;2024;16:00;1;54;54149;2;1;1;6;Route Nationale;;
536590306;20;9;2024;00:35;3;92;92072;2;4;1;7;GRANDE RUE;;
536590307;2;5;2024;14:50;1;83;83126;2;1;2;3;RENOIR (AV AUGUSTE);;
536590308;8;6;2024;05:00;2;77;77449;2;1;1;3;RD 231;;
536590309;14;8;2024;08:20;1;974;97411;2;2;1;3;AUBER (RUE JULES);;
536590310;9;7;2024;08:30;1;55;55573;2;1;1;7;Rue de Strasbourg;;
536590311;24;3;2024;18:45;1;75;75115;2;3;1;2;RUE LECOURBE;;
536590312;28;11;2024;08:25;1;60;60471;2;3;1;6;Avenue Jean Jaurès;;
536590313;7;6;2024;13:35;1;77;77333;2;1;7;6;AV JEAN MOULIN;;
536590314;12;2;2024;18:55;5;51;51454;2;1;2;3;GUTENBERG (RUE);;
536590315;2;5;2024;11:35;1;81;81004;2;6;2;6;THOMAS (AV ALBERT);;
536590316;24;10;2024;16:20;1;59;59343;1;1;1;2;AUTOROUTE A1;;
536590317;20;9;2024;07:00;2;92;92036;2;1;1;2;GRESILLONS (QUAI DES);;
536590318;2;1;2024;18:45;5;85;85003;2;3;3;3;11 Rue georges clemenceau;;
536590319;14;8;2024;07:50;1;974;97411;2;2;1;6;RIVIERE DES PLUIES (ROUTE DE LA);;
536590320;12;7;2024;18:35;1;49;49214;1;6;1;1;Route de Laval;;
536590321;1;5;2024;17:55;1;80;80021;2;1;1;6;RENE GOBLET (PLACE);;
536590322;8;6;2024;18:35;1;72;72181;2;2;1;3;JAURES JEAN (AV) N° IMP 35 A 179;;
536590323;30;1;2024;17:15;1;50;50129;2;1;1;4;EST (BOULEVARD DE L');;
536590324;9;8;2024;11:15;1;974;97411;1;1;1;7;RN2/043;;
536590325;26;3;2024;19:30;5;75;75114;2;2;2;2;BOULEVARD ROMAIN ROLLAND;;
536590326;20;11;2024;20:00;5;45;45233;1;9;1;3;D26 PR 12 + 861;;
536590327;25;10;2024;11:05;1;91;91136;1;1;1;4;AUTOROUTE A10;;
536590328;19;9;2024;12:30;1;92;92025;2;2;1;3;GABRIEL PERI (RUE);;
536590329;11;7;2024;14:15;1;49;49283;1;1;1;1;D961;;
536590330;3;1;2024;14:00;1;62;62505;1;1;4;6;A16;;
536590331;7;6;2024;17:10;1;72;72181;1;1;1;2;LATTRE DE TASSIGNY MARECHAL DE (BD);;
536590332;26;3;2024;17:20;1;75;75114;2;3;2;6;AVENUE DU GENERAL LECLERC;;
536590333;8;2;2024;20:35;5;49;49099;2;9;1;4;RONTARDIERE (BOULEVARD DE LA);;
536590334;25;10;2024;09:00;1;91;91086;1;1;1;3;RN 104;;
536590335;1;12;2024;05:35;5;64;64329;2;2;1;6;RD 817 angle avenue d'ossau;;
536590336;20;9;2024;10:55;1;92;92012;2;1;1;3;DENFERT ROCHEREAU (RUE);;
536590337;14;8;2024;13:20;1;972;97213;1;1;1;5;AUTOROUTE A1;;
536590338;1;1;2024;04:10;3;38;38184;1;9;1;2;A43   15.971 A 18.875;;
536590339;8;7;2024;07:50;1;42;42208;1;4;1;1;M6;;
536590340;13;2;2024;18:15;1;49;49099;2;9;1;7;LORRAINE (RUE DE);;
536590341;30;4;2024;14:20;1;76;76351;2;6;1;3;FLORIMOND LAURENT (RUE);;
536590342;25;10;2024;04:30;3;92;92076;1;1;1;6;A13;;
536590344;7;6;2024;16:30;1;69;69092;2;3;1;3;Avenue Laurent Bonnevay;;
536590345;26;3;2024;11:00;1;75;75113;2;3;1;3;QUAI D AUSTERLITZ;;
536590346;14;8;2024;19:10;1;95;95539;2;1;1;6;PARC CHAPELLE SAINT-NICOLAS (RUE DE LA);;
536590347;1;1;2024;23:30;3;91;91064;1;1;3;2;RN 118;;
536590348;20;9;2024;08:45;1;92;92012;2;2;1;3;SAUSSIERE (RUE DE LA);;
536590349;1;12;2024;11:20;1;53;53273;1;1;1;7;D109;;
536590350;25;10;2024;19:00;3;93;93053;1;1;1;3;AUTOROUTE A3;;
536590351;12;7;2024;17:45;1;68;68235;1;1;7;1;lieu-dit thurwald - D1B;;
536590352;2;5;2024;07:50;1;71;71270;2;3;2;6;Rue Commandant Jean de Bellecombe;;
536590354;2;1;2024;08:56;2;93;93027;1;1;2;6;A86;;
536590355;15;8;2024;00:01;5;91;91286;2;1;1;6;CORBEIL (ROUTE DE);;
536590356;7;6;2024;16:20;1;64;64483;1;3;1;3;IRACHABAL (CHEMIN);;
536590357;2;12;2024;06:46;3;24;24547;2;1;1;6;Route de brive;;
536590358;26;3;2024;09:45;1;75;75112;2;3;2;3;RUE DE REUILLY;;
536590359;21;9;2024;00:30;3;41;41204;1;1;1;1;D951;;
536590360;25;10;2024;16:40;1;94;94018;1;1;1;2;A4;;
536590361;3;5;2024;02:10;5;69;69259;1;1;2;6;Boulevard Pinel;;
536590362;1;1;2024;19:20;3;93;93053;1;1;1;6;A3;;
536590363;11;7;2024;10:50;1;31;31582;2;1;1;3;167 Rue de la République;;
536590364;8;6;2024;08:50;1;64;64445;2;1;1;6;JEAN GENEZE;;
536590365;1;12;2024;04:50;3;17;17180;1;1;5;7;D226;;
536590366;14;8;2024;09:50;1;91;91589;2;2;1;3;RUE DE LA VOIE VERTE;;
536590367;1;1;2024;11:22;1;93;93063;1;1;1;6;AUTOROUTE A3;;
536590368;2;5;2024;23:26;5;69;69290;2;9;2;6;Route de Toussieu;;
536590369;25;10;2024;15:00;1;77;77373;1;1;1;2;RN104;;
536590370;4;2;2024;17:15;1;42;42218;2;1;1;5;Boulevard Louis Neltner;;
536590371;20;9;2024;20:05;5;06;06161;2;2;1;3;239 Boulevard des Italiens;;
536590372;1;12;2024;23:20;3;23;23112;1;1;2;6;D951;;
536590373;25;3;2024;14:14;1;75;75111;2;3;1;3;RUE DU FAUBOURG SAINT ANTOINE;;
536590374;2;5;2024;15:45;1;67;67482;2;1;2;7;MARTIN SCHONGAUER (RUE);;
536590375;11;7;2024;17:50;1;38;38073;2;2;1;1;Route du Grand Armet;;
536590376;7;6;2024;11:40;1;63;63300;2;9;1;3;AVERROES (RUE) / parking Lycée Bonte;;
536590377;1;1;2024;18:30;3;94;94069;1;1;1;2;A4;;
536590378;7;2;2024;13:25;1;42;42095;2;4;1;3;Rue Dorian;;
536590380;26;3;2024;14:00;1;75;75108;2;4;2;3;AVENUE GEORGE V;;
536590381;2;12;2024;13:05;1;53;53062;2;1;1;6;RD962 PR011+400;;
536590382;3;7;2024;15:45;1;32;32013;1;4;1;3;LANDON (CHEMIN DE);;
536590383;7;6;2024;19:20;1;60;60057;2;1;1;6;Rue Hector Berlioz;;
536590384;13;8;2024;07:57;1;87;87085;1;1;1;4;AUTOROUTE A20;;
536590386;2;5;2024;17:25;1;66;66136;1;1;8;4;R D 900;;
536590387;1;1;2024;12:45;1;974;97416;1;1;3;2;RN1 (ROUTE NATIONALE);;
536590388;20;9;2024;21:00;3;28;28358;1;1;3;6;rd906;;
536590389;13;2;2024;08:45;1;41;41018;2;1;1;1;SAINT LUBIN (ROUTE);;
536590390;2;12;2024;10:05;1;38;38310;1;1;1;6;A49, voie nord pk 016+800;;
536590391;26;3;2024;00:20;5;75;75115;2;2;1;6;BOULEVARD PASTEUR;;
536590392;14;8;2024;03:00;5;83;83129;2;1;1;6;DE GAULLE (PROMENADE CHARLES);;
536590393;11;7;2024;14:30;1;14;14092;2;1;1;2;8 Rue Guillaume le Conquérant;;
536590394;1;1;2024;19:45;5;974;97411;2;1;1;2;RAMBAUD (LEOPOLD);;
536590395;5;6;2024;04:40;2;59;59467;1;1;1;6;BAVAY (RTE DE);;
536590396;13;6;2024;16:41;1;32;32013;1;9;1;4;CONDOM (ROUTE DE);;
536590397;21;9;2024;16:30;1;57;57732;2;1;7;6;2 Rue du Presbytère;;
536590398;2;12;2024;10:00;1;63;63311;1;1;2;2;A71 PR 356+900 direction PARIS;;
536590399;13;2;2024;18:15;1;37;37122;2;1;8;3;SAULES (RUE DES);;
536590400;1;5;2024;18:00;1;62;62108;2;2;1;3;Rue des Grandes Garennes;;
536590401;1;1;2024;11:00;1;971;97113;1;1;1;7;SECTION GRANDE RAVINE;;
536590402;20;9;2024;07:10;2;51;51029;1;1;1;7;D9;;
536590403;26;3;2024;11:15;1;75;75104;2;3;2;6;RUE DE RIVOLI;;
536590404;10;6;2024;15:50;1;32;32013;2;1;1;7;HOMERE;;
536590405;11;7;2024;17:50;1;09;09032;1;1;1;1;N20;;
536590406;13;2;2024;10:00;1;37;37122;2;1;1;7;CHINON (BOULEVARD DE);;
536590407;14;8;2024;10:45;1;83;83069;2;1;1;3;AVENUE RITONDALE LEOPOLD;;
536590408;8;6;2024;15:30;1;56;56098;2;2;1;3;Rue François Guillevin;;
536590409;2;12;2024;12:10;1;38;38048;1;1;1;1;CD36;;
536590410;30;4;2024;17:40;1;57;57597;2;1;1;7;GRAND'RUE;;
536590411;1;1;2024;15:35;1;91;91514;2;1;1;2;BOISSY-SAINT-LEGER (RUE DE);;
536590412;6;6;2024;15:50;1;32;32013;2;9;1;3;HUIT MAI;;
536590413;21;9;2024;16:00;1;56;56211;1;4;1;3;La Secouette;;
536590414;26;3;2024;09:25;1;75;75104;2;3;2;3;BOULEVARD BOURDON;;
536590415;1;12;2024;18:00;1;971;97103;2;1;1;6;rue louis andréa;;
536590416;1;5;2024;10:00;1;54;54036;2;1;1;7;Rue de la Libération;;
536590417;8;7;2024;15:10;1;16;16292;2;6;1;2;Boulevard Duportal;;
536590418;13;2;2024;12:35;1;35;35238;2;9;8;3;ANTRAIN (D') DE 43 ET 80 A FIN;;
536590419;8;6;2024;13:10;1;56;56121;2;6;1;1;Rue René Lote;;
536590420;14;8;2024;14:30;1;80;80021;2;1;1;3;AMONT (PORT D');;
536590421;3;6;2024;17:52;1;32;32013;2;9;1;7;Allée des Arts;;
536590422;1;1;2024;20:10;5;91;91326;2;1;2;1;MONTTESSUY (RUE);;
536590423;21;9;2024;03:45;3;2B;2B319;2;1;1;7;lieu dit figaretto;;
536590425;25;3;2024;16:00;1;75;75101;2;3;1;7;PONT AU CHANGE;;
536590426;2;5;2024;18:45;1;51;51454;2;3;2;6;VILLAGEOISE (RUE);;
536590427;14;8;2024;19:30;1;77;77447;1;1;1;7;C.D 82;;
536590428;7;6;2024;16:20;1;54;54528;2;1;7;6;Avenue du Colonel Péchot;;
536590429;4;5;2024;15:40;1;32;32013;2;1;1;7;FERMAT (RUE);;
536590430;11;7;2024;17:15;1;07;07095;1;1;3;1;D 238;;
536590431;13;2;2024;10:45;1;35;35051;2;3;1;3;RIGOURDIERE (RUE DE LA);;
536590432;21;9;2024;16:15;1;32;32160;1;1;2;6;RN124 point kilomètrique 008+400 sens toulouse auch;;
536590433;1;1;2024;11:40;1;91;91326;2;9;1;3;MONTTESSUY (RUE);;
536590434;25;3;2024;09:30;1;94;94081;2;1;1;6;7 Avenue Youri Gagarine;;
536590435;11;7;2024;14:15;1;53;53096;2;1;1;7;2 Place de l'Eglise;;
536590436;29;11;2024;20:30;5;974;97403;2;1;1;3;CD26;;
536590437;2;5;2024;18:00;1;51;51055;2;3;2;3;GUERIN (RUE CAMILLE);;
536590438;14;8;2024;09:25;1;77;77243;2;1;1;7;METZ  (RUE DE  );;
536590439;20;9;2024;18:30;3;63;63238;1;9;1;6;Le puy maladroit - Les Vaissieres;;
536590440;24;4;2024;12:40;1;32;32013;2;1;1;2;HOCHE (AVENUE);;
536590441;13;2;2024;07:55;2;35;35238;2;1;1;1;DESGREES (BD PAUL HUTIN);;
536590442;25;11;2024;20:50;3;78;78034;1;1;3;6;Route de Montfort;;
536590443;7;6;2024;17:00;1;54;54547;2;1;1;4;Boulevard Louis Barthou;;
536590444;11;7;2024;14:00;1;53;53042;1;1;1;1;La Cour;;
536590445;2;1;2024;01:30;5;69;69282;2;1;1;6;Place du 11 Novembre 1918;;
536590446;20;9;2024;17:50;1;63;63003;2;1;1;6;Avenue de Lyon;;
536590447;1;12;2024;20:50;3;05;05118;1;1;1;6;Route Departementale 942;;
536590448;2;5;2024;12:00;1;51;51454;2;2;2;3;BOYER (Rue Gaston);;
536590449;13;8;2024;16:45;1;66;66136;2;3;2;1;Avenue du Palais-des-Expositions;;
536590450;25;3;2024;23:10;5;94;94041;2;2;1;3;Boulevard Paul Vaillant Couturier / Rue Lénine;;
536590451;23;4;2024;20:37;2;32;32013;2;6;8;6;ONZE NOVEMBRE;;
536590452;12;2;2024;15:00;1;35;35115;2;4;1;3;REPUBLIQUE (PLACE);;
536590453;8;6;2024;03:35;5;54;54578;1;3;1;6;Avenue Paul Muller;;
536590454;29;3;2024;12:00;1;32;32295;2;1;1;6;Impasse des Houssereres;;
536590455;9;7;2024;23:45;3;40;40243;1;1;1;1;lieu dit Pioc;;
536590456;1;1;2024;18:15;5;59;59183;2;1;1;6;ECLUSE DE BERGUES;;
536590457;26;3;2024;18:45;1;93;93064;2;1;1;7;GRAVIERS (RUE DES);;
536590458;30;11;2024;15:35;1;13;13076;1;1;1;3;D26;;
536590459;20;9;2024;17:15;1;63;63040;1;3;1;3;d997;;
536590460;12;2;2024;13:35;1;35;35115;2;1;1;6;COINTAT (BD MICHEL);;
536590461;14;8;2024;09:55;1;64;64189;2;6;2;3;EVADES (CARREFOUR DES);;
536590462;1;5;2024;19:05;1;50;50129;2;2;1;3;LEBAS (RUE JEAN);;
536590463;1;1;2024;18:00;5;51;51573;2;1;1;7;APPERT (RUE NICOLAS);;
536590464;2;12;2024;09:30;1;89;89003;1;1;8;2;A6;;
536590465;10;7;2024;17:32;1;04;04160;2;7;1;6;Place de la Libération;;
536590466;26;3;2024;12:10;1;93;93050;2;3;2;6;Avenue Paul Doumer/ Rue de l'Ermitage;;
536590467;7;6;2024;18:30;1;50;50218;2;1;1;5;VILLEDIEU (ROUTE DE);;
536590468;12;2;2024;14:10;1;34;34108;2;1;8;6;81ème R.I. (RUE DU);;
536590469;24;10;2024;21:10;5;988;98818;2;1;1;2;BENEBIG (RUE AUGUSTE);;
536590470;13;8;2024;18:05;1;64;64129;2;6;1;7;MARNIERES DES;;
536590471;20;9;2024;22:15;3;49;49345;2;1;1;1;Chemin du Grand Bonnezeaux;;
536590472;11;7;2024;23:20;3;27;27198;1;6;8;6;Le Nuisement - Manthelon;;
536590473;2;5;2024;07:50;1;49;49007;2;2;1;3;ROI RENE BOULEVARD;;
536590474;8;6;2024;16:05;1;45;45285;2;1;1;6;Avenue Pierre Mendès France;;
536590475;1;12;2024;15:40;1;57;57474;2;1;1;6;338bis Rue de Metz;;
536590476;13;2;2024;10:20;1;34;34172;2;1;1;3;MENDES FRANCE (AVENUE PRESIDENT PIERRE;;
536590477;1;1;2024;18:00;3;35;35281;1;1;3;4;PORTE DE ST NAZAIRE;;
536590478;14;8;2024;18:30;1;64;64102;2;4;1;7;ARANS (CHEMIN D');;
536590479;24;10;2024;12:30;1;974;97411;2;1;1;2;AMARYLLIS (DES);;
536590480;2;3;2024;11:45;1;93;93064;2;1;3;5;Rue Galilée;;
536590481;20;9;2024;10:15;1;12;12039;1;3;1;6;RD119;;
536590482;1;12;2024;11:50;1;03;03243;1;1;1;6;Dafit GAEC- Élevage d'animaux, route de la gondière;;
536590483;7;6;2024;16:55;1;44;44184;2;3;1;3;274 Rue de Trignac;;
536590484;2;5;2024;09:30;1;49;49246;1;6;1;3;EUROPE AVENUE;;
536590485;1;1;2024;15:20;1;35;35238;2;1;1;6;PREVALAYE (QUAI DE LA);;
536590486;24;10;2024;06:20;1;974;97411;2;3;1;6;JAURES (BOULEVARD JEAN);;
536590487;20;9;2024;21:45;3;42;42059;1;1;1;6;Route de Chevrières;;
536590488;12;2;2024;14:33;1;34;34129;2;1;2;4;BOIRARGUES (AVENUE DE);;
536590489;11;7;2024;16:30;1;28;28422;1;2;8;3;D17;;
536590490;14;8;2024;08:00;2;64;64102;2;1;2;5;PAUL PRAS (AVENUE);;
536590491;23;3;2024;22:27;5;92;92063;2;3;1;3;DIX-HUIT JUIN 1940 (AVENUE DU) EST;;
536590493;30;11;2024;18:35;5;38;38298;2;2;1;3;Place Paul Morand;;
536590494;23;10;2024;11:30;1;974;97409;2;1;1;2;ROCADE SUD(RUE);;
536590495;7;6;2024;16:05;1;42;42187;2;2;1;1;Boulevard Bernard Palissy;;
536590496;11;7;2024;17:00;1;52;52003;1;1;1;7;D110;;
536590498;2;5;2024;06:09;2;49;49007;2;6;1;3;DE LATTRE DE TASSIGNY;;
536590499;1;1;2024;07:40;5;35;35238;2;5;1;3;SAINT-JEAN BAPTISTE DE LA SALLE;;
536590500;25;3;2024;17:30;1;92;92063;2;1;1;2;DOUMER (AVENUE PAUL) EST;;
536590502;14;4;2024;08:00;2;64;64102;2;1;2;5;PAUL PRAS (AVENUE);;
536590503;11;7;2024;14:15;1;987;98752;1;1;1;1;PK 44+600 coté mer;;