Num_Acc;jour;mois;an;hrmn;lum;dep;com;agg;int;atm;col;adr;lat;long
536590504;23;10;2024;16:50;1;974;97407;1;1;1;2;ROUTE NATIONALE N° 1;;
536590505;2;12;2024;07:15;3;01;01424;2;3;1;3;Rue du Port;;
536590506;8;6;2024;21:35;2;41;41295;1;1;1;3;D951;;
536590507;20;9;2024;13:20;1;25;25519;1;1;1;7;D437;;
536590508;2;5;2024;13:30;1;38;38053;2;1;2;3;SCOTTO (VINCENT);;
536590509;11;8;2024;15:50;1;62;62587;2;1;7;6;Boulevard Jean Moulin;;
536590510;1;1;2024;04:40;5;34;34172;2;1;1;2;FABRE DE MORLHON (BOULEVARD JACQUES);;
536590511;29;10;2024;16:30;1;69;69072;1;6;1;7;Route Départementale 306;;
536590512;25;3;2024;18:44;2;92;92050;2;1;1;2;CHAMPS PIERREUX AVENUE DES;;
536590513;24;10;2024;17:11;1;973;97309;2;1;1;2;HAMEAU DES ENCENS (RUE DU) Cité St Marti;;
536590514;8;6;2024;12:20;1;38;38151;2;1;1;6;Cours Jean Jaurès;;
536590515;10;8;2024;15:50;1;62;62497;2;1;7;6;Rue Emile Basly;;
536590516;10;2;2024;16:25;1;31;31555;1;1;2;3;24 EMPALOT  (PERIPH OUEST A620);;
536590519;14;8;2024;23:00;5;60;60057;2;1;1;6;PIERRE MENDES FRANCE (AVENUE);;
536590520;1;5;2024;06:50;2;34;34172;2;2;2;6;MOULARES (CHEMIN DE;;
536590521;20;9;2024;17:45;2;25;25133;2;2;1;3;Route de Besançon;;
536590522;24;10;2024;13:03;1;973;97302;2;1;1;3;ROUGET DE L ' ISLE;;
536590523;1;12;2024;14:24;1;17;17273;1;1;1;1;CD732;;
536590524;26;3;2024;23:10;5;92;92025;2;2;2;3;PAUL BERT (RUE);;
536590525;13;2;2024;19:10;5;30;30007;2;1;1;3;KILMARNOCK (QUAI);;
536590526;8;6;2024;16:00;1;38;38053;2;2;1;2;ZOLA (AV EMILE);;
536590527;1;5;2024;02:40;5;34;34172;2;1;2;7;SAINT LAZARE (AVENUE DE);;
536590528;26;3;2024;19:44;5;92;92012;2;1;3;7;SEVRES (RUE DE) 1/55 - 2/40;;
536590530;13;2;2024;08:53;1;29;29232;2;1;2;6;Avenue du Reseau Johnny;;
536590531;2;12;2024;13:45;1;85;85300;1;1;1;2;RD 948;;
536590532;12;7;2024;06:05;2;69;69102;1;1;1;6;Autoroute 89;;
536590533;23;10;2024;19:19;5;973;97302;2;3;1;3;CONSTANT CHLORE(RUE);;
536590534;2;5;2024;13:30;1;31;31555;2;1;1;6;SUISSE (BD DE) DU 7AU 162;;
536590535;19;9;2024;09:00;1;44;44163;1;1;1;3;le Jarrier d’Ancenis;;
536590536;8;6;2024;02:33;4;37;37261;2;6;1;2;MARECHAL JUIN (BD);;
536590537;23;10;2024;06:50;1;973;97302;1;6;2;7;ROUTE NATIONALE 1;;
536590538;26;3;2024;13:00;1;92;92012;2;9;2;3;GEORGES GORSE (QUAI);;
536590539;1;1;2024;01:05;5;31;31555;2;1;1;1;RTE D ALBI;;
536590540;21;9;2024;05:15;3;29;29158;1;1;1;6;Rue du Loch;;
536590541;2;12;2024;08:29;1;44;44094;1;2;1;3;Route de Saint-Mars-du-Désert;;
536590542;2;5;2024;18:00;1;29;29232;2;3;1;1;Rue Paul Borrossi;;
536590543;12;2;2024;08:05;1;26;26362;1;2;1;4;Chemin de Porte Maure;;
536590544;11;7;2024;14:45;1;86;86083;1;1;1;2;A10;;
536590545;14;8;2024;19:20;1;59;59512;2;2;1;1;Boulevard de Mulhouse;;
536590546;23;10;2024;06:15;2;973;97302;2;1;2;2;ROUTE NATIONALE 1;;
536590547;26;3;2024;08:00;1;92;92014;2;3;2;3;GALOIS (AVENUE);;
536590548;20;9;2024;16:45;1;38;38263;1;1;1;7;Route de Chatain;;
536590549;8;6;2024;15:35;1;35;35238;2;3;1;3;ROBERDIERE (DE LA);;
536590550;1;1;2024;12:15;1;18;18033;2;3;1;7;106 Rue de Mazières;;
536590551;2;12;2024;08:20;2;50;50564;1;1;2;5;Route de l?Orme;;
536590552;2;5;2024;11:15;1;29;29232;2;1;1;3;Route de Brest;;
536590553;13;8;2024;01:00;5;57;57240;2;1;1;6;NATIONALE (RUE);;
536590554;13;2;2024;09:50;1;26;26058;2;3;1;3;Rue Hubert Chapon;;
536590555;24;10;2024;11:58;1;69;69386;2;2;1;3;Rue Bugeaud;;
536590556;11;7;2024;17:00;1;974;97418;2;1;1;1;pont neuf;;
536590557;27;3;2024;00:00;5;974;97415;2;1;1;6;Rue Montrouge (bellemene);;
536590558;30;11;2024;20:50;3;14;14206;2;1;1;7;51 Rue Saint-Hilaire;;
536590559;2;5;2024;09:20;1;26;26198;2;1;1;6;Avenue du Teil;;
536590560;8;6;2024;15:50;1;35;35238;2;3;1;3;BREST (DE);;
536590561;1;1;2024;19:38;5;17;17306;2;3;2;1;MAINE ARNAUD (DU) (AVENUE);;
536590562;14;8;2024;17:20;1;56;56260;2;1;1;3;Rue Alain Gerbault;;
536590563;12;7;2024;01:00;3;973;97305;1;1;2;7;N1;;
536590564;12;2;2024;16:55;1;19;19031;2;3;1;3;"""MOULIN (BOULEVARD JEAN) COTE """"LES CEDR";;
536590565;2;12;2024;08:10;2;14;14728;2;1;1;7;Avenue de la Drôme;;
536590566;26;3;2024;18:45;2;01;01085;1;2;3;3;D7;;
536590567;1;1;2024;06:30;5;13;13075;2;1;1;1;FRÉDÉRIC CHEVILLON (AVENUE);;
536590568;8;6;2024;11:15;1;34;34108;2;6;8;3;MONTPELLIER (ROUTE DE);;
536590569;14;8;2024;04:44;4;56;56121;2;6;1;6;Cours Louis de Chazelles;;
536590570;20;9;2024;18:30;2;72;72103;1;2;1;3;Lieu dit Les bois;;
536590571;2;5;2024;16:41;1;24;24037;2;2;2;3;POZZI (RUE DU PROFESSEUR);;
536590572;13;2;2024;07:56;1;15;15014;1;1;9;6;RD 117;;
536590573;24;10;2024;07:15;1;972;97213;1;1;1;4;AUTOROUTE A1;;
536590574;11;7;2024;13:45;1;978;97801;2;1;1;1;R DE SANDY GROUND;;
536590575;30;11;2024;21:50;3;29;29046;1;1;2;2;Chemin de Menez Kerguesten;;
536590576;11;7;2024;13:10;1;29;29234;2;1;3;7;rue de Rosbigot;;
536590577;25;3;2024;07:50;1;67;67559;2;4;1;1;RD 935;;
536590578;2;5;2024;10:50;1;22;22106;2;1;1;3;HAUTS CHEMINS (RUE DES);;
536590579;13;8;2024;13:21;1;56;56121;2;1;1;3;Rue François Toullec;;
536590580;8;6;2024;23:20;5;34;34172;2;1;1;6;PRES D'ARENES (ROND-POINT DES);;
536590581;13;2;2024;12:45;1;13;13205;2;2;1;2;CAMAS (RUE DU);;
536590582;21;9;2024;02:50;5;72;72320;2;1;1;3;Rue de Villeneuve;;
536590583;24;10;2024;15:15;1;69;69034;2;5;1;1;Chemin de Crépieux;;
536590584;1;1;2024;20:30;5;06;06004;2;3;1;2;2631 Chemin de Saint Claude;;
536590585;13;8;2024;13:10;1;56;56098;2;1;1;6;Rue Rouget de l'Isle;;
536590586;9;7;2024;02:50;3;78;78513;1;1;1;6;Route Nationale 12;;
536590587;2;12;2024;16:00;2;22;22389;2;1;7;5;Avenue Georges Pompidou;;
536590588;2;5;2024;21:36;1;18;18033;2;1;1;3;59 Avenue du Général Charles de Gaulle;;
536590589;25;3;2024;12:30;1;06;06149;2;1;1;3;10 Route de Laghet;;
536590590;20;9;2024;19:15;1;72;72381;1;1;1;1;Lieu Dit Le Champ Du Chataignier;;
536590591;13;2;2024;13:42;1;13;13214;2;3;1;3;BESSONS (CHEMIN DES);;
536590592;24;10;2024;16:15;1;69;69389;2;3;1;6;Rue de Montribloud;;
536590593;8;6;2024;11:50;1;34;34172;2;1;1;7;LAVERUNE (ROUTE DE;;
536590594;8;7;2024;02:45;3;34;34176;1;1;1;7;D24;;
536590595;1;12;2024;16:52;1;13;13015;1;1;1;6;A51-Sens Marseille vers Aix en Provence;;
536590596;14;8;2024;15:10;1;50;50147;2;1;1;6;REPUBLIQUE;;
536590597;24;10;2024;12:50;1;91;91174;2;1;1;2;QUAI MAURICE RIQUIEZ;;
536590598;1;1;2024;03:45;5;06;06155;1;1;1;1;SAINT BERNARD CH.;;
536590600;21;9;2024;08:00;1;14;14726;1;3;2;3;15 Route de Vire;;
536590601;13;2;2024;10:10;1;12;12145;1;1;5;1;CAVALERIE (COTE DE LA );;
536590602;30;11;2024;17:00;3;13;13215;1;1;1;4;A7-Sens Lyon vers Marseille;;
536590603;11;7;2024;16:30;1;83;83063;1;1;1;3;4965 Route de Grimaud;;
536590604;12;8;2024;13:10;1;50;50129;2;1;1;2;AXE NORD SUD;;
536590605;7;6;2024;16:50;1;34;34172;2;1;1;2;RECAMBALE (AVENUE DE LA);;
536590606;24;10;2024;08:00;2;91;91223;2;1;1;3;SABLIERE (RUE DE LA)   ZI;;
536590607;12;2;2024;18:44;3;10;10362;1;1;8;6;ROCADE OUEST (RD 610);;
536590608;27;4;2024;16:55;1;15;15014;2;1;1;6;Place du square;;
536590609;1;1;2024;18:30;5;75;75120;2;2;1;3;RUE DU COMMANDANT L HERMINIER;;
536590610;29;11;2024;09:01;1;13;13106;1;1;1;3;A7-Sens Lyon vers Marseille;;
536590611;14;8;2024;19:24;1;49;49267;1;1;1;7;A87N;;
536590612;27;3;2024;17:05;1;10;10340;2;2;1;3;31 Rue du Printemps;;
536590613;9;6;2024;00:40;5;29;29232;2;1;1;6;LOCMARIA ALLEE DE;;
536590614;12;7;2024;10:00;1;83;83107;2;1;1;1;Route Nd7;;
536590615;12;2;2024;15:42;1;10;10387;2;1;1;6;Avenue Pasteur;;
536590616;1;1;2024;18:20;5;75;75118;2;1;1;6;RUE CAULAINCOURT;;
536590617;26;3;2024;17:20;1;71;71204;1;1;2;6;A6 sens Paris/Lyon PK 326+600;;
536590618;20;9;2024;07:44;2;14;14626;1;3;1;3;68 Route de Saint-Cyr-du-Ronceray;;
536590619;2;5;2024;15:00;1;13;13211;2;1;2;3;ELLEON (AVENUE);;
536590620;23;10;2024;11:50;1;88;88160;2;3;1;3;DOGNEVILLE (Q. DE);;
536590621;8;6;2024;13:05;1;27;27229;2;1;1;7;VAL ITON (RUE DU);;
536590622;14;8;2024;18:22;1;49;49007;2;1;1;2;DUNANT BOULEVARD;;
536590623;30;11;2024;21:18;3;13;13106;1;1;1;2;A7-Sens Marseille vers Lyon;;
536590624;27;3;2024;00:20;3;76;76177;1;1;1;6;Route de Cleres;;
536590625;21;9;2024;01:00;3;50;50490;1;1;1;6;RD 650 Le vieux Presbytère;;
536590626;12;2;2024;14:00;1;10;10387;2;4;1;6;Place Marechal Foch;;
536590627;2;5;2024;07:05;1;13;13203;2;1;2;3;PLOMBIERES (BOULEVARD DES);;
536590628;1;1;2024;14:00;1;75;75114;2;2;1;2;BOULEVARD ROMAIN ROLLAND;;
536590629;30;11;2024;05:15;3;13;13071;1;1;1;3;A55 - Sens Marseille vers Martigues;;
536590630;8;6;2024;22:45;5;22;22106;2;3;1;3;CHAMPS RENAUD (RUE DES);;
536590631;11;7;2024;11:00;1;05;05122;2;1;1;4;N94;;
536590632;21;9;2024;10:15;1;90;90052;2;1;1;6;Faubourg de Belfort;;
536590633;2;5;2024;08:00;1;13;13211;2;9;2;6;CENTRAL (BOULEVARD);;
536590634;13;2;2024;18:50;3;09;09122;1;1;1;6;D17;;
536590635;23;10;2024;17:49;1;87;87085;2;2;1;3;SABLARD (AVENUE DE);;
536590636;29;11;2024;19:11;3;13;13028;1;1;1;7;A50;;
536590637;14;8;2024;14:15;1;47;47001;2;1;2;4;BRU (AV. DU DR JEAN);;
536590638;1;1;2024;01:40;5;75;75110;2;3;1;2;QUAI DE VALMY;;
536590639;25;3;2024;08:30;1;42;42097;2;3;7;1;M1082;;
536590640;10;7;2024;17:50;1;13;13081;1;1;1;3;route départementale 113;;
536590641;20;9;2024;20:40;3;36;36070;1;1;1;6;Route du Lac;;
536590642;2;5;2024;03:08;5;13;13211;2;1;2;6;LT COL PIOLLET (ROND POINT);;
536590643;23;10;2024;13:23;1;87;87085;2;6;1;3;NEXON (RUE DE);;
536590644;29;11;2024;08:25;2;67;67152;1;1;5;2;Autoroute A.35;;
536590645;14;8;2024;22:40;5;44;44143;2;9;1;3;38 Rue Lechat;;
536590646;25;3;2024;16:15;1;86;86082;1;1;1;3;N10;;
536590647;20;9;2024;14:25;1;07;07230;1;1;1;7;Col de l'Escrinet (Col de montagne);;
536590648;12;7;2024;16:40;1;13;13004;1;1;1;1;d36;;
536590649;13;2;2024;23:50;5;06;06088;2;2;1;3;Boulevard François Grosso;;
536590650;2;5;2024;01:20;3;13;13047;1;1;8;1;RD 1569;;
536590651;23;10;2024;07:15;5;83;83069;2;1;8;3;OLBIA  (VOIE);;
536590653;1;1;2024;04:04;4;75;75108;2;2;1;3;RUE DU BOCCADOR;;
536590655;2;5;2024;09:00;1;11;11069;2;1;2;6;28 Route Minervoise;;
536590656;12;2;2024;06:15;5;06;06088;2;1;1;6;141 Boulevard de l'Ariane;;
536590657;20;9;2024;18:48;2;27;27090;2;1;1;6;D313;;
536590658;24;10;2024;08:20;1;82;82121;1;1;1;7;chemin de la tauge;;
536590659;9;6;2024;01:40;5;13;13103;2;1;1;6;AVENUE JUIN - DU 18 ... 1940;;
536590660;14;8;2024;19:15;1;38;38185;2;3;1;3;RUE RAYMOND BANK;;
536590661;11;7;2024;14:29;1;25;25465;2;1;1;3;1 Grande Rue;;
536590662;25;3;2024;15:20;1;68;68004;1;1;1;2;D419;;
536590663;1;1;2024;06:50;5;75;75101;2;2;1;6;BOULEVARD DE SEBASTOPOL;;
536590664;5;6;2024;05:20;2;13;13103;2;1;1;1;BOULEVARD DU ROY RENE;;
536590665;1;12;2024;19:05;3;91;91689;1;1;1;2;AUTOROUTE A10;;
536590666;13;2;2024;07:23;1;06;06027;2;1;1;3;Avenue de Nice;;
536590667;26;3;2024;23:45;5;25;25058;2;1;1;6;10 Route de Lyon;;
536590668;21;6;2024;21:40;3;52;52050;1;1;8;6;Biesles;;
536590669;21;9;2024;10:00;1;30;30346;1;3;1;3;D981;;
536590670;24;10;2024;08:15;1;81;81065;2;3;1;2;1 Avenue Charles De Gaulle;;
536590671;1;5;2024;20:27;1;10;10333;2;2;1;3;Avenue du President Wilson;;
536590672;14;8;2024;11:38;1;37;37208;2;6;1;2;LAC (AVENUE DU);;
536590673;1;1;2024;20:00;5;94;94078;2;3;2;3;Rue de Paris / Rue Emile Zola;;
536590674;8;6;2024;21:30;2;13;13209;1;1;1;7;COL DE LA GINESTE D559;;
536590675;12;2;2024;11:59;1;05;05061;2;1;1;3;TRAUNSTEIN (AVENUE DE);;
536590676;12;7;2024;21:00;2;51;51429;1;1;2;7;D675;;
536590677;26;3;2024;14:30;1;29;29111;1;1;1;1;Trofagan;;
536590678;30;11;2024;17:43;3;94;94038;1;1;2;4;A6B;;
536590680;21;9;2024;15:20;1;88;88165;2;3;1;1;Rue de l'Abbaye;;
536590681;12;2;2024;13:05;1;01;01053;2;9;1;6;FERRY ( BOULEVARD JULES);;
536590682;7;6;2024;16:45;1;13;13208;2;1;1;3;LOUIS REGE (RUE);;
536590683;1;5;2024;15:55;1;10;10387;2;9;1;3;MARNE (RUE);;
536590684;9;7;2024;18:19;1;88;88398;1;9;1;6;col de mont repos;;
536590685;1;1;2024;02:47;5;94;94078;2;3;1;2;Rue de Paris / Rue Thimonnier;;
536590686;24;10;2024;08:30;1;78;78029;2;6;1;4;COOPERATION (RUE DE LA);;
536590687;13;2;2024;20:20;5;75;75119;2;1;1;7;BD PERIPHERIQUE INTERIEUR;;
536590688;12;7;2024;00:55;3;42;42324;1;1;2;7;Chemin des Chambons;;
536590689;14;8;2024;13:50;1;36;36044;2;9;1;3;Avenue de Blois;;
536590690;1;12;2024;20:45;5;93;93066;1;1;1;2;AUTOROUTE A1;;
536590691;7;6;2024;17:00;1;13;13028;2;9;1;2;SUBILIA (AVENUE ERNEST );;
536590692;2;5;2024;08:32;1;75;75120;2;3;1;6;RUE DES PYRENEES;;
536590693;20;9;2024;13:15;1;987;98734;1;1;3;1;RT1 - PK 35;;
536590694;27;3;2024;18:00;1;31;31361;1;2;1;2;"131 Route de TOULOUSE ""La Grange Brulée""";;
536590695;1;1;2024;21:25;5;94;94043;2;2;3;6;Rue Séverine / Rue de Verdun;;
536590696;24;10;2024;16:05;1;77;77108;2;1;7;3;D34a;;
536590697;13;2;2024;10:45;1;75;75118;2;1;1;2;BD PERIPHERIQUE EXTERIEUR;;
536590698;3;6;2024;16:09;1;10;10387;2;9;1;6;Boulevard Jules Guesde;;
536590699;11;7;2024;11:20;1;07;07324;2;1;1;3;avenue foch;;
536590700;27;3;2024;09:40;1;31;31584;1;1;1;6;D32;;
536590701;2;5;2024;21:15;2;75;75119;2;1;2;6;AVENUE DE FLANDRE;;
536590702;1;12;2024;18:40;3;93;93048;1;1;1;2;AUTOROUTE A86;;
536590703;1;1;2024;18:55;5;93;93062;2;2;1;6;Avenue de la Résistance / Allee Valere Lefebvre;;
536590704;15;8;2024;00:01;5;35;35238;2;3;1;3;VERN (DE);;
536590705;23;10;2024;08:00;1;77;77288;2;1;1;6;ARISTIDE BRIAND  (BOULEVARD);;
536590706;12;2;2024;15:27;1;75;75115;2;1;1;2;QUAI D ISSY LES MOULINEAUX;;
536590707;25;3;2024;16:40;1;58;58095;2;1;1;2;Route de Moulins;;
536590708;12;7;2024;14:28;1;01;01301;2;6;1;2;Route de Bourg-en-bresse;;
536590709;8;6;2024;00:15;3;09;09207;2;4;1;1;RD 117;;
536590710;2;5;2024;21:37;5;75;75116;2;2;1;2;AVENUE PAUL DOUMER;;
536590711;1;12;2024;07:45;2;95;95018;1;1;1;2;A15;;
536590712;23;10;2024;15:40;1;77;77288;2;1;1;6;D415;;
536590713;2;3;2024;16:30;1;14;14318;1;1;1;7;Rue de Banville;;
536590714;14;8;2024;12:00;1;34;34172;2;2;1;3;RABELAIS (BOULEVARD);;
536590715;13;2;2024;14:26;1;75;75110;2;3;1;3;BOULEVARD DE STRASBOURG;;
536590716;11;7;2024;17:00;1;69;69021;1;4;1;3;Route Departementale 389;;
536590717;1;1;2024;07:15;5;93;93077;2;1;1;5;Rue de Neuilly;;
536590718;8;6;2024;19:30;1;06;06030;2;2;1;3;DUNKERQUE (RUE DE);;
536590719;1;12;2024;00:50;5;93;93027;1;1;1;2;AUTOROUTE A86;;
536590720;26;3;2024;18:00;1;09;09148;1;1;2;6;D134;;
536590721;15;8;2024;00:10;3;22;22278;1;1;1;7;ECLUSES (CHEM. DE L');;
536590722;2;5;2024;01:20;5;75;75109;2;5;2;3;RUE VICTOR MASSE;;
536590723;11;2;2024;03:30;5;75;75118;2;1;2;6;RUE DE CLIGNANCOURT;;
536590724;11;7;2024;18:25;1;69;69287;2;1;8;3;28 Route de Meyzieu;;
536590725;1;12;2024;01:20;3;94;94028;1;1;1;2;A86;;
536590726;1;1;2024;21:20;5;92;92050;2;6;2;3;BOULE PLACE DE LA;;
536590727;8;6;2024;01:35;5;75;75120;2;1;1;6;BD PERIPHERIQUE INTERIEUR;;
536590728;4;8;2024;19:20;1;14;14167;2;1;1;6;3 Rue Pierre Mendès France;;
536590729;2;5;2024;17:30;1;75;75108;2;3;2;6;RUE DE ROME;;
536590730;23;10;2024;08:33;1;77;77058;2;9;1;5;ANTOINE GIROUST (BOULEVARD );;
536590731;13;2;2024;20:05;5;75;75120;2;2;2;3;RUE DES PYRENEES;;
536590732;13;7;2024;02:20;3;55;55072;1;1;2;7;D908;;
536590733;10;7;2024;19:55;1;69;69204;2;1;1;2;74 Chemin de la Mouche;;
536590734;26;3;2024;17:10;2;21;21399;1;2;3;3;D981;;
536590735;7;6;2024;19:30;1;75;75117;2;1;1;2;PORTE MAILLOT;;
536590737;26;9;2024;18:00;1;43;43041;1;1;2;6;R.N 88;;
536590738;24;10;2024;08:00;2;76;76005;2;1;1;1;Rue François Mitterrand;;
536590739;1;1;2024;20:25;3;92;92040;2;1;2;4;GAMBETTA (BOULEVARD);;
536590740;27;3;2024;16:40;1;40;40131;1;1;1;3;D626 route de Cazaubon;;
536590741;14;8;2024;19:46;1;13;13210;2;2;1;2;RABATAU (BOULEVARD);;
536590742;13;2;2024;17:12;2;75;75115;2;4;1;3;RUE DE L ARMORIQUE;;
536590743;2;5;2024;15:00;1;75;75108;2;5;1;2;RUE DE COURCELLES;;
536590744;10;9;2024;17:45;1;43;43153;1;1;1;6;N88;;
536590745;23;10;2024;17:45;1;76;76351;2;1;1;1;JEAN JAURES (AVENUE);;
536590747;7;6;2024;13:03;1;75;75112;2;1;1;2;QUAI DE BERCY;;
536590748;26;3;2024;20:10;2;40;40320;1;1;1;6;D651;;
536590749;14;8;2024;13:40;1;13;13214;2;9;1;3;AVENUE RAIMU;;
536590750;2;1;2024;13:30;1;81;81145;1;2;1;3;D999;;
536590751;13;2;2024;19:05;2;75;75111;2;3;2;6;BOULEVARD VOLTAIRE;;
536590752;8;9;2024;16:55;1;43;43111;1;1;3;7;RN88 - La Sauvetat;;
536590753;2;5;2024;16:10;1;75;75107;2;2;2;3;AVENUE DU MARECHAL GALLIENI;;
536590754;24;10;2024;16:05;1;72;72181;2;2;1;3;JAURES JEAN (AV) N° PAIRS 60 ET >;;
536590755;7;6;2024;06:45;1;75;75120;2;1;1;2;BOULEVARD PERIPHERIQUE;;
536590756;11;7;2024;13:55;1;13;13214;1;1;1;2;A7-Sens Marseille vers Lyon;;
536590757;21;9;2024;16:30;1;21;21473;1;1;1;2;M968;;
536590758;19;3;2024;18:20;2;28;28116;2;6;1;3;D920.1;;
536590759;4;9;2024;17:00;1;43;43205;1;1;2;1;D500;;
536590760;2;1;2024;18:00;5;2A;2A272;2;1;1;3;RT40;;
536590761;13;2;2024;16:15;1;75;75110;2;2;8;6;QUAI DE JEMMAPES;;
536590762;2;5;2024;14:50;1;94;94041;2;1;1;2;Avenue Pierre Sémard;;
536590763;22;10;2024;13:15;1;67;67482;2;1;8;6;MONTAGNE VERTE (RUE DE LA);;
536590764;26;7;2024;22:55;5;28;28088;2;1;2;6;26 Rue du Griffon;;
536590765;11;7;2024;11:00;1;13;13070;1;1;1;6;A50-Sens Marseille vers Aubagne;;
536590766;14;8;2024;09:26;1;13;13216;2;6;1;3;LITTORAL (CHEMIN DU);;
536590767;1;1;2024;04:10;3;51;51224;1;1;1;7;N4;;
536590768;13;2;2024;19:10;5;75;75109;2;3;2;7;BOULEVARD HAUSSMANN;;
536590769;27;3;2024;09:10;1;03;03243;1;1;1;6;A 71 PK 319+750 Sens 2;;
536590770;1;3;2024;18:15;1;77;77153;1;1;1;2;n2;;
536590771;2;5;2024;08:20;1;94;94073;2;1;1;6;Avenue de Versailles;;
536590772;7;6;2024;23:05;5;75;75106;2;2;1;3;BOULEVARD SAINT MICHEL;;
536590773;14;8;2024;04:00;5;13;13204;2;1;1;3;MARÉCHAL JUIN (BOULEVARD);;
536590774;11;7;2024;14:50;1;91;91339;1;1;1;2;RN 104;;
536590775;27;3;2024;09:20;1;38;38140;1;1;2;2;A41s PK013+600;;
536590776;24;10;2024;19:05;5;64;64445;2;1;1;6;ALFRED DE MUSSET;;
536590777;13;2;2024;08:50;1;75;75109;2;2;1;6;RUE LA FAYETTE;;
536590778;1;1;2024;12:45;1;01;01434;1;1;1;1;D22b;;
536590779;1;5;2024;23:52;5;94;94003;2;3;2;6;Avenue Gabriel Péri / Rue de l'Etoile;;
536590780;22;7;2024;16:07;1;28;28024;1;1;1;4;D910;;
536590781;20;9;2024;21:50;3;78;78246;1;1;8;1;D983;;
536590782;11;7;2024;01:43;3;94;94037;1;1;1;6;A6A;;
536590783;7;6;2024;15:45;1;75;75118;2;7;1;3;BOULEVARD ORNANO;;
536590784;13;8;2024;19:40;1;13;13207;2;1;1;3;CORDERIE (BOULEVARD DE LA);;
536590785;2;5;2024;05:00;5;94;94033;2;1;8;6;Avenue du Maréchal Joffre;;
536590786;24;10;2024;15:45;1;64;64129;2;9;1;6;SAINT JOHN PERSE;;
536590787;13;2;2024;11:00;1;75;75107;2;2;1;3;RUE DE GRENELLE;;
536590788;1;1;2024;21:17;3;34;34032;1;1;1;2;A75;;
536590789;27;3;2024;18:20;1;84;84003;2;3;1;3;Boulevard Camille Pelletan;;
536590790;8;6;2024;01:50;5;75;75117;2;1;1;7;BOULEVARD PEREIRE;;
536590791;20;7;2024;18:15;1;28;28348;1;3;1;3;D11.1;;
536590792;13;2;2024;12:15;1;75;75104;2;3;1;7;RUE BEAUBOURG;;
536590793;27;3;2024;00:50;3;08;08058;1;1;2;7;A304;;
536590794;20;9;2024;18:45;1;38;38468;1;1;1;3;Route Nationale 7;;
536590795;8;8;2024;18:55;1;12;12176;1;1;1;1;RD 224;;
536590796;11;7;2024;17:55;1;95;95277;1;1;1;2;A1;;
536590797;2;5;2024;18:45;1;94;94004;2;2;2;6;Avenue du Général Leclerc / Rue de Valenton;;
536590798;1;1;2024;12:25;1;38;38301;1;2;1;7;D1075;;
536590799;7;6;2024;18:30;1;75;75115;2;1;1;6;AVENUE ALBERT BARTHOLOME;;
536590800;16;7;2024;11:40;1;28;28006;1;6;1;2;D923;;
536590801;23;10;2024;18:40;3;63;63224;1;1;1;2;RD2029;;
536590802;27;3;2024;07:30;1;03;03243;1;1;8;1;route de sazeret;;
536590803;14;8;2024;10:00;1;11;11262;2;1;1;6;Quai de l'Escoute;;
536590804;1;1;2024;02:00;3;89;89027;1;1;8;6;D660;;
536590805;13;2;2024;09:30;1;75;75104;2;3;1;1;PLACE DU CHATELET;;
536590806;18;9;2024;18:30;1;44;44201;1;1;1;3;Truzeau;;
536590807;11;7;2024;17:00;1;93;93010;1;1;1;2;AUTOROUTE A3;;
536590808;2;5;2024;16:50;1;94;94002;2;2;3;6;Rue Paul Vaillant Couturier / Rue du Mal de Lattre de Tassigny;;
536590809;15;7;2024;15:30;1;28;28164;1;1;1;3;A10 PK057+000;;
536590810;8;6;2024;15:00;1;75;75114;2;3;1;3;BOULEVARD BRUNE;;
536590811;24;10;2024;08:05;1;63;63113;2;2;1;6;BINGEN (BD JACQUES);;
536590812;24;3;2024;19:45;2;42;42272;2;1;1;6;Route de Maclas;;
536590813;14;8;2024;22:30;5;06;06069;2;1;2;1;18 Chemin des Capucins;;
536590814;10;2;2024;16:25;1;94;94042;2;2;1;1;Avenue du Général Galliéni / Avenue du Président Wilson;;
536590815;11;7;2024;17:30;1;93;93008;1;1;1;2;AUTOROUTE A86;;
536590816;1;1;2024;10:25;1;56;56193;1;6;6;3;Giratoire de Mané Branroch;;
536590817;19;9;2024;18:15;2;44;44026;1;3;1;3;Route de Rabinard;;
536590818;14;7;2024;20:00;1;28;28322;2;1;1;1;61 Route de Verneuil;;
536590819;2;5;2024;05:30;2;93;93064;2;3;1;7;Rue du 4e Zouave / Rue d'Estienne d'Orves;;
536590820;13;8;2024;15:45;1;06;06030;2;1;1;3;52 Boulevard Paul Doumer;;
536590821;23;10;2024;07:50;3;62;62239;2;9;8;6;Rue de Laubanie;;
536590822;8;6;2024;02:20;3;75;75107;2;2;1;6;QUAI D ORSAY;;
536590823;13;2;2024;20:20;5;94;94041;2;3;2;6;Avenue de Verdun / Rue de Châteaudun;;
536590824;11;7;2024;14:30;1;93;93027;1;1;1;7;AUTOROUTE A86;;
536590825;23;10;2024;17:15;1;62;62457;2;1;1;7;D86;;
536590826;2;1;2024;11:26;1;77;77032;2;1;3;6;Route Nationale 4;;
536590827;14;8;2024;18:15;1;75;75120;2;1;1;1;BOULEVARD DAVOUT;;
536590828;16;6;2024;21:20;2;28;28140;2;6;8;6;Route de Gallardon;;